datetime_utc,T2M,T2MDEW,T2MWET,QV2M,RH2M,PRECTOTCORR,PS,WS10M,WD10M,WS50M,WD50M,wind_shear,temp_dewpoint_diff,has_precipitation
2024-09-01 00:00:00,27.7,24.5,26.1,19.24,82.65,0.2,100.49,7.94,229.3,9.82,229.3,1.88,3.1999999999999993,1
2024-09-01 01:00:00,27.59,24.4,26.0,19.14,82.7,0.21,100.42,7.9,230.2,9.81,230.2,1.9100000000000001,3.1900000000000013,1
2024-09-01 02:00:00,27.5,24.34,25.92,19.09,82.89,0.22,100.38,7.77,233.3,9.68,233.2,1.9100000000000001,3.16,1
2024-09-01 03:00:00,27.43,24.33,25.88,19.08,83.19,0.18,100.38,7.54,236.9,9.47,236.7,1.9300000000000006,3.1000000000000014,1
2024-09-01 04:00:00,27.39,24.36,25.88,19.1,83.51,0.2,100.44,7.19,238.6,9.1,238.1,1.9099999999999993,3.030000000000001,1
2024-09-01 05:00:00,27.39,24.4,25.9,19.13,83.7,0.12,100.51,6.85,239.1,8.72,238.6,1.870000000000001,2.990000000000002,1
2024-09-01 06:00:00,27.91,24.45,26.18,19.18,81.48,0.11,100.59,7.04,238.5,8.4,238.8,1.3600000000000003,3.460000000000001,1
2024-09-01 07:00:00,28.68,24.31,26.49,18.99,77.21,0.12,100.67,7.7,241.6,9.09,242.8,1.3899999999999997,4.370000000000001,1
2024-09-01 08:00:00,29.32,24.12,26.72,18.79,73.65,0.12,100.7,7.88,244.6,9.14,245.8,1.2600000000000007,5.199999999999999,1
2024-09-01 09:00:00,30.07,23.97,27.02,18.63,69.93,0.12,100.68,8.09,246.5,9.29,247.7,1.1999999999999993,6.100000000000001,1
2024-09-01 10:00:00,30.84,23.8,27.32,18.46,66.27,0.12,100.62,8.3,248.1,9.49,249.3,1.1899999999999995,7.039999999999999,1
2024-09-01 11:00:00,31.46,23.64,27.55,18.31,63.41,0.12,100.53,8.56,249.3,9.82,250.4,1.2599999999999998,7.82,1
2024-09-01 12:00:00,31.78,23.53,27.66,18.21,61.86,0.1,100.42,8.8,249.0,10.13,250.0,1.33,8.25,0
2024-09-01 13:00:00,31.85,23.47,27.66,18.16,61.39,0.04,100.32,8.93,247.3,10.34,248.2,1.4100000000000001,8.380000000000003,0
2024-09-01 14:00:00,31.69,23.37,27.53,18.06,61.58,0.04,100.27,8.8,244.2,10.24,245.1,1.4399999999999995,8.32,0
2024-09-01 15:00:00,31.2,23.37,27.29,18.07,63.34,0.02,100.26,8.44,238.9,9.91,239.8,1.4700000000000006,7.829999999999998,0
2024-09-01 16:00:00,30.45,23.63,27.04,18.34,67.11,0.02,100.29,8.16,231.0,9.72,232.0,1.5600000000000005,6.82,0
2024-09-01 17:00:00,29.58,24.21,26.9,18.98,73.02,0.02,100.34,7.91,222.1,9.59,222.9,1.6799999999999997,5.369999999999997,0
2024-09-01 18:00:00,28.92,24.83,26.88,19.68,78.65,0.01,100.39,7.96,217.6,9.7,218.1,1.7399999999999993,4.090000000000003,0
2024-09-01 19:00:00,28.61,25.19,26.9,20.08,81.73,0.01,100.44,8.11,218.9,9.83,219.1,1.7200000000000006,3.419999999999998,0
2024-09-01 20:00:00,28.48,25.32,26.9,20.22,82.97,0.02,100.5,7.94,223.2,9.71,223.2,1.7700000000000005,3.16,0
2024-09-01 21:00:00,28.4,25.22,26.81,20.09,82.87,0.02,100.56,7.74,228.5,9.5,228.3,1.7599999999999998,3.1799999999999997,0
2024-09-01 22:00:00,28.28,25.09,26.69,19.91,82.72,0.05,100.57,7.61,233.5,9.39,233.1,1.7800000000000002,3.1900000000000013,0
2024-09-01 23:00:00,28.13,24.98,26.55,19.79,82.92,0.04,100.53,7.62,238.2,9.4,238.1,1.7800000000000002,3.1499999999999986,0
2024-09-02 00:00:00,28.0,24.88,26.44,19.7,83.12,0.03,100.47,7.63,242.4,9.42,242.4,1.79,3.120000000000001,0
2024-09-02 01:00:00,27.89,24.83,26.36,19.64,83.36,0.02,100.41,7.54,245.8,9.34,245.8,1.7999999999999998,3.0600000000000023,0
2024-09-02 02:00:00,27.8,24.78,26.29,19.6,83.6,0.01,100.38,7.37,248.1,9.2,248.2,1.8299999999999992,3.0199999999999996,0
2024-09-02 03:00:00,27.75,24.77,26.26,19.58,83.76,0.01,100.39,7.13,249.4,8.96,249.6,1.830000000000001,2.9800000000000004,0
2024-09-02 04:00:00,27.73,24.78,26.26,19.59,83.93,0.01,100.42,6.84,250.0,8.69,250.1,1.8499999999999996,2.9499999999999993,0
2024-09-02 05:00:00,27.73,24.84,26.29,19.64,84.19,0.01,100.47,6.62,249.4,8.46,249.5,1.8400000000000007,2.8900000000000006,0
2024-09-02 06:00:00,28.2,24.9,26.55,19.7,82.23,0.0,100.55,6.65,248.6,7.96,249.0,1.3099999999999996,3.3000000000000007,0
2024-09-02 07:00:00,28.99,24.65,26.82,19.4,77.43,0.01,100.65,6.97,252.0,8.17,252.9,1.2000000000000002,4.34,0
2024-09-02 08:00:00,29.8,24.17,26.98,18.85,71.86,0.01,100.68,6.93,255.9,7.95,256.8,1.0200000000000005,5.629999999999999,0
2024-09-02 09:00:00,30.76,23.72,27.24,18.37,66.3,0.01,100.68,6.84,259.0,7.76,259.9,0.9199999999999999,7.040000000000003,0
2024-09-02 10:00:00,31.6,23.29,27.44,17.91,61.61,0.01,100.64,6.81,261.3,7.7,262.2,0.8900000000000006,8.310000000000002,0
2024-09-02 11:00:00,32.17,22.95,27.56,17.56,58.45,0.33,100.55,6.92,262.4,7.84,263.0,0.9199999999999999,9.220000000000002,1
2024-09-02 12:00:00,32.44,22.72,27.58,17.35,56.83,0.34,100.45,7.06,260.7,8.02,261.3,0.96,9.719999999999999,1
2024-09-02 13:00:00,32.53,22.65,27.59,17.27,56.24,0.64,100.36,7.09,256.6,8.1,257.2,1.0099999999999998,9.880000000000003,1
2024-09-02 14:00:00,32.33,22.69,27.51,17.34,57.07,0.86,100.31,7.12,249.0,8.17,249.8,1.0499999999999998,9.639999999999997,1
2024-09-02 15:00:00,31.83,22.9,27.37,17.56,59.44,1.32,100.31,7.31,239.5,8.5,240.3,1.1900000000000004,8.93,1
2024-09-02 16:00:00,30.96,23.47,27.21,18.17,64.63,2.76,100.35,7.66,229.1,9.09,230.0,1.4299999999999997,7.490000000000002,1
2024-09-02 17:00:00,29.88,24.41,27.14,19.22,72.72,4.94,100.42,7.7,220.0,9.4,220.7,1.7000000000000002,5.469999999999999,1
2024-09-02 18:00:00,29.13,25.29,27.21,20.2,79.82,5.88,100.5,7.87,215.9,9.76,216.4,1.8899999999999997,3.84,1
2024-09-02 19:00:00,28.81,25.73,27.27,20.72,83.45,9.17,100.58,8.2,215.8,10.11,216.1,1.9100000000000001,3.0799999999999983,1
2024-09-02 20:00:00,28.64,25.89,27.27,20.91,85.09,9.89,100.65,8.37,219.7,10.34,219.9,1.9700000000000006,2.75,1
2024-09-02 21:00:00,28.53,25.86,27.2,20.84,85.4,11.61,100.7,8.54,224.9,10.59,225.0,2.0500000000000007,2.6700000000000017,1
2024-09-02 22:00:00,28.4,25.67,27.04,20.61,85.1,12.05,100.69,8.64,229.4,10.72,229.4,2.08,2.729999999999997,1
2024-09-02 23:00:00,28.24,25.54,26.89,20.46,85.21,11.89,100.61,8.81,232.7,10.92,232.7,2.1099999999999994,2.6999999999999993,1
2024-09-03 00:00:00,28.06,25.43,26.74,20.35,85.56,10.63,100.5,8.91,235.2,11.07,235.2,2.16,2.629999999999999,1
2024-09-03 01:00:00,27.94,25.31,26.62,20.23,85.59,7.61,100.43,8.92,236.6,11.14,236.7,2.2200000000000006,2.6300000000000026,1
2024-09-03 02:00:00,27.84,25.24,26.54,20.14,85.69,3.79,100.4,8.75,238.9,10.96,239.0,2.210000000000001,2.6000000000000014,1
2024-09-03 03:00:00,27.78,25.2,26.49,20.08,85.75,1.85,100.41,8.41,240.4,10.56,240.5,2.1500000000000004,2.580000000000002,1
2024-09-03 04:00:00,27.76,25.19,26.48,20.06,85.8,1.26,100.46,7.97,241.0,10.08,241.0,2.1100000000000003,2.5700000000000003,1
2024-09-03 05:00:00,27.75,25.21,26.48,20.07,85.95,1.0,100.53,7.76,241.0,9.83,241.1,2.0700000000000003,2.539999999999999,1
2024-09-03 06:00:00,28.04,25.25,26.64,20.11,84.76,1.41,100.62,7.75,241.0,9.52,241.1,1.7699999999999996,2.789999999999999,1
2024-09-03 07:00:00,28.61,25.23,26.92,20.05,81.85,1.81,100.73,8.01,242.1,9.66,242.5,1.6500000000000004,3.379999999999999,1
2024-09-03 08:00:00,29.17,24.96,27.07,19.72,78.01,1.41,100.81,8.52,243.1,10.15,243.7,1.6300000000000008,4.210000000000001,1
2024-09-03 09:00:00,29.63,24.67,27.15,19.39,74.72,1.09,100.83,8.66,243.8,10.22,244.5,1.5600000000000005,4.959999999999997,1
2024-09-03 10:00:00,29.96,24.52,27.24,19.25,72.77,0.71,100.8,8.75,245.4,10.26,246.1,1.5099999999999998,5.440000000000001,1
2024-09-03 11:00:00,30.02,24.49,27.26,19.22,72.36,0.02,100.72,8.83,247.4,10.34,248.1,1.5099999999999998,5.530000000000001,0
2024-09-03 12:00:00,29.98,24.51,27.24,19.27,72.64,0.03,100.62,8.95,248.9,10.49,249.6,1.540000000000001,5.469999999999999,0
2024-09-03 13:00:00,29.88,24.59,27.24,19.36,73.33,0.04,100.54,9.03,248.8,10.61,249.5,1.58,5.289999999999999,0
2024-09-03 14:00:00,29.84,24.65,27.25,19.43,73.73,0.04,100.5,8.84,246.5,10.43,247.3,1.5899999999999999,5.190000000000001,0
2024-09-03 15:00:00,29.7,24.72,27.21,19.51,74.63,0.03,100.5,8.44,242.9,10.01,243.6,1.5700000000000003,4.98,0
2024-09-03 16:00:00,29.37,24.87,27.12,19.69,76.78,0.02,100.53,8.06,239.7,9.69,240.4,1.629999999999999,4.5,0
2024-09-03 17:00:00,28.9,25.12,27.01,19.98,80.08,0.02,100.57,7.53,236.3,9.28,236.6,1.7499999999999991,3.7799999999999976,0
2024-09-03 18:00:00,28.54,25.42,26.98,20.31,83.17,0.02,100.65,6.93,230.7,8.7,230.7,1.7699999999999996,3.1199999999999974,0
2024-09-03 19:00:00,28.36,25.54,26.95,20.44,84.66,0.04,100.75,6.69,226.0,8.44,226.2,1.7499999999999991,2.8200000000000003,0
2024-09-03 20:00:00,28.24,25.39,26.82,20.24,84.46,0.05,100.79,7.14,228.2,9.0,228.6,1.8600000000000003,2.849999999999998,0
2024-09-03 21:00:00,28.1,25.27,26.68,20.08,84.51,0.07,100.83,6.82,230.2,8.67,230.1,1.8499999999999996,2.830000000000002,0
2024-09-03 22:00:00,27.95,25.2,26.58,20.0,84.92,0.12,100.83,6.24,228.8,8.0,228.4,1.7599999999999998,2.75,1
2024-09-03 23:00:00,27.82,25.12,26.47,19.92,85.17,0.17,100.76,6.47,228.7,8.22,228.5,1.7500000000000009,2.6999999999999993,1
2024-09-04 00:00:00,27.69,25.03,26.36,19.82,85.31,0.19,100.66,6.88,230.5,8.67,230.5,1.79,2.66,1
2024-09-04 01:00:00,27.61,24.92,26.26,19.72,85.2,0.2,100.57,7.02,234.0,8.85,233.8,1.83,2.6899999999999977,1
2024-09-04 02:00:00,27.53,24.8,26.17,19.59,85.01,0.17,100.53,7.05,238.3,8.93,237.9,1.88,2.7300000000000004,1
2024-09-04 03:00:00,27.48,24.72,26.1,19.49,84.84,0.14,100.54,7.02,242.4,8.98,242.0,1.9600000000000009,2.7600000000000016,1
2024-09-04 04:00:00,27.53,24.63,26.08,19.37,84.13,0.14,100.61,7.14,246.1,9.15,246.0,2.0100000000000007,2.900000000000002,1
2024-09-04 05:00:00,27.58,24.53,26.06,19.24,83.39,0.17,100.67,7.02,247.7,9.0,247.7,1.9800000000000004,3.049999999999997,1
2024-09-04 06:00:00,28.02,24.5,26.26,19.19,81.13,0.17,100.75,7.2,247.1,8.73,247.4,1.5300000000000002,3.5199999999999996,1
2024-09-04 07:00:00,28.64,24.37,26.51,19.03,77.67,0.13,100.83,7.62,246.9,9.06,247.6,1.4400000000000004,4.27,1
2024-09-04 08:00:00,29.24,24.22,26.73,18.88,74.45,0.47,100.85,7.79,246.8,9.09,247.7,1.2999999999999998,5.02,1
2024-09-04 09:00:00,29.76,24.19,26.98,18.85,72.12,0.41,100.82,7.8,246.1,9.01,247.1,1.21,5.57,1
2024-09-04 10:00:00,30.07,24.25,27.16,18.95,71.19,0.46,100.78,7.68,245.6,8.84,246.5,1.1600000000000001,5.82,1
2024-09-04 11:00:00,30.19,24.4,27.3,19.13,71.3,0.48,100.69,7.64,245.5,8.77,246.3,1.13,5.790000000000003,1
2024-09-04 12:00:00,30.19,24.49,27.34,19.26,71.7,0.63,100.57,7.7,244.7,8.85,245.4,1.1499999999999995,5.700000000000003,1
2024-09-04 13:00:00,30.18,24.54,27.36,19.34,71.96,0.66,100.48,7.7,242.0,8.88,242.8,1.1800000000000006,5.640000000000001,1
2024-09-04 14:00:00,30.11,24.58,27.35,19.39,72.39,0.57,100.41,7.54,238.8,8.73,239.7,1.1900000000000004,5.530000000000001,1
2024-09-04 15:00:00,29.87,24.67,27.27,19.49,73.76,0.38,100.41,7.32,233.6,8.55,234.5,1.2300000000000004,5.199999999999999,1
2024-09-04 16:00:00,29.44,24.91,27.17,19.77,76.71,0.27,100.44,7.2,226.4,8.56,227.3,1.3600000000000003,4.530000000000001,1
2024-09-04 17:00:00,28.88,25.29,27.08,20.2,80.97,0.15,100.49,6.81,219.7,8.36,220.4,1.5499999999999998,3.59,1
2024-09-04 18:00:00,28.51,25.65,27.08,20.62,84.47,0.1,100.54,6.63,215.5,8.29,215.9,1.6599999999999993,2.860000000000003,0
2024-09-04 19:00:00,28.33,25.9,27.12,20.91,86.59,0.09,100.59,6.69,213.8,8.33,213.8,1.6399999999999997,2.4299999999999997,0
2024-09-04 20:00:00,28.22,25.95,27.08,20.96,87.38,0.15,100.63,6.99,213.9,8.69,213.8,1.6999999999999993,2.2699999999999996,1
2024-09-04 21:00:00,28.12,25.96,27.04,20.97,87.95,0.29,100.65,7.28,216.1,9.02,216.1,1.7399999999999993,2.16,1
2024-09-04 22:00:00,28.01,25.91,26.96,20.93,88.32,0.46,100.62,7.52,220.5,9.29,220.5,1.7699999999999996,2.1000000000000014,1
2024-09-04 23:00:00,27.93,25.86,26.89,20.88,88.46,0.65,100.54,7.66,226.4,9.46,226.2,1.8000000000000007,2.0700000000000003,1
2024-09-05 00:00:00,27.88,25.82,26.85,20.83,88.44,0.89,100.46,7.75,232.5,9.64,232.4,1.8900000000000006,2.0599999999999987,1
2024-09-05 01:00:00,27.86,25.78,26.82,20.8,88.35,0.97,100.39,8.02,238.2,9.95,238.3,1.9299999999999997,2.0799999999999983,1
2024-09-05 02:00:00,27.8,25.73,26.76,20.75,88.42,0.87,100.36,7.8,242.4,9.68,242.5,1.88,2.0700000000000003,1
2024-09-05 03:00:00,27.74,25.62,26.68,20.61,88.15,0.76,100.37,7.46,246.2,9.31,246.3,1.8500000000000005,2.1199999999999974,1
2024-09-05 04:00:00,27.71,25.49,26.6,20.44,87.61,0.56,100.4,7.02,248.4,8.84,248.5,1.8200000000000003,2.2200000000000024,1
2024-09-05 05:00:00,27.68,25.37,26.52,20.27,87.11,0.46,100.47,6.54,249.4,8.35,249.4,1.8099999999999996,2.3099999999999987,1
2024-09-05 06:00:00,28.0,25.32,26.66,20.2,85.28,0.4,100.56,6.34,249.7,7.72,249.8,1.38,2.6799999999999997,1
2024-09-05 07:00:00,28.58,25.19,26.89,20.02,81.81,0.38,100.66,6.46,250.6,7.63,251.3,1.17,3.389999999999997,1
2024-09-05 08:00:00,29.19,24.83,27.01,19.6,77.36,0.32,100.7,6.56,254.1,7.59,254.8,1.0300000000000002,4.360000000000003,1
2024-09-05 09:00:00,29.86,24.53,27.2,19.25,73.1,0.22,100.68,6.48,256.9,7.38,257.6,0.8999999999999995,5.329999999999998,1
2024-09-05 10:00:00,30.49,24.26,27.38,18.95,69.39,0.13,100.62,6.24,258.7,7.06,259.5,0.8199999999999994,6.229999999999997,1
2024-09-05 11:00:00,30.97,23.99,27.48,18.68,66.49,0.01,100.51,5.87,258.2,6.61,259.0,0.7400000000000002,6.98,0
2024-09-05 12:00:00,31.29,23.75,27.52,18.44,64.39,0.01,100.4,5.45,254.5,6.13,255.4,0.6799999999999997,7.539999999999999,0
2024-09-05 13:00:00,31.3,23.59,27.45,18.27,63.7,0.0,100.3,5.13,248.4,5.8,249.5,0.6699999999999999,7.710000000000001,0
2024-09-05 14:00:00,31.06,23.52,27.29,18.21,64.33,0.01,100.24,5.2,240.6,5.94,241.7,0.7400000000000002,7.539999999999999,0
2024-09-05 15:00:00,30.69,23.65,27.17,18.36,66.24,0.01,100.24,5.64,231.5,6.54,232.4,0.9000000000000004,7.040000000000003,0
2024-09-05 16:00:00,30.11,24.09,27.1,18.85,70.3,0.01,100.27,6.16,223.2,7.32,224.1,1.1600000000000001,6.02,0
2024-09-05 17:00:00,29.29,24.79,27.04,19.64,76.8,0.02,100.34,6.36,215.9,7.92,216.7,1.5599999999999996,4.5,0
2024-09-05 18:00:00,28.75,25.37,27.06,20.32,82.0,0.02,100.4,6.71,211.7,8.44,212.4,1.7299999999999995,3.379999999999999,0
2024-09-05 19:00:00,28.53,25.74,27.14,20.75,84.83,0.03,100.46,7.16,213.0,8.89,213.5,1.7300000000000004,2.7900000000000027,0
2024-09-05 20:00:00,28.44,26.0,27.22,21.07,86.61,0.04,100.5,7.44,215.1,9.16,215.6,1.7199999999999998,2.4400000000000013,0
2024-09-05 21:00:00,28.39,26.08,27.24,21.15,87.22,0.05,100.54,7.61,217.2,9.44,217.7,1.8299999999999992,2.3100000000000023,0
2024-09-05 22:00:00,28.37,25.95,27.16,20.98,86.62,0.05,100.53,8.0,222.2,9.91,222.7,1.9100000000000001,2.4200000000000017,0
2024-09-05 23:00:00,28.29,25.81,27.05,20.83,86.35,0.05,100.46,8.35,227.4,10.33,227.7,1.9800000000000004,2.4800000000000004,0
2024-09-06 00:00:00,28.22,25.67,26.94,20.66,85.93,0.05,100.38,8.51,230.7,10.5,230.8,1.9900000000000002,2.549999999999997,0
2024-09-06 01:00:00,28.17,25.55,26.86,20.53,85.61,0.05,100.33,8.43,232.8,10.43,232.8,2.0,2.620000000000001,0
2024-09-06 02:00:00,28.12,25.46,26.79,20.43,85.43,0.05,100.31,8.44,236.6,10.48,236.6,2.040000000000001,2.66,0
2024-09-06 03:00:00,28.05,25.38,26.71,20.33,85.39,0.04,100.34,8.43,240.6,10.45,240.7,2.0199999999999996,2.6700000000000017,0
2024-09-06 04:00:00,28.0,25.34,26.67,20.25,85.35,0.03,100.4,8.19,241.9,10.19,242.2,2.0,2.66,0
2024-09-06 05:00:00,27.99,25.31,26.65,20.2,85.27,0.03,100.49,7.86,240.9,9.8,241.2,1.9400000000000004,2.6799999999999997,0
2024-09-06 06:00:00,28.26,25.31,26.79,20.2,84.02,0.03,100.58,7.74,239.4,9.38,239.9,1.6400000000000006,2.950000000000003,0
2024-09-06 07:00:00,28.85,25.23,27.04,20.08,80.77,0.03,100.65,8.04,239.8,9.63,240.6,1.5900000000000016,3.620000000000001,0
2024-09-06 08:00:00,29.49,24.98,27.23,19.79,76.77,0.03,100.7,8.3,242.6,9.75,243.4,1.4499999999999993,4.509999999999998,0
2024-09-06 09:00:00,30.05,24.76,27.4,19.54,73.4,0.03,100.69,8.43,245.5,9.81,246.2,1.3800000000000008,5.289999999999999,0
2024-09-06 10:00:00,30.52,24.62,27.57,19.37,70.8,0.03,100.64,8.45,249.1,9.81,249.7,1.3600000000000012,5.899999999999999,0
2024-09-06 11:00:00,30.73,24.54,27.63,19.3,69.65,0.02,100.56,8.35,252.1,9.66,252.6,1.3100000000000005,6.190000000000001,0
2024-09-06 12:00:00,30.85,24.48,27.66,19.25,68.93,0.03,100.46,8.08,253.5,9.35,254.1,1.2699999999999996,6.370000000000001,0
2024-09-06 13:00:00,30.76,24.44,27.6,19.22,69.12,0.02,100.37,7.81,252.4,9.04,253.1,1.2299999999999995,6.32,0
2024-09-06 14:00:00,30.53,24.43,27.48,19.22,69.99,0.01,100.32,7.31,249.0,8.52,249.9,1.21,6.100000000000001,0
2024-09-06 15:00:00,30.31,24.46,27.39,19.25,70.99,0.02,100.33,6.64,243.0,7.79,244.3,1.1500000000000004,5.849999999999998,0
2024-09-06 16:00:00,29.88,24.62,27.25,19.43,73.46,0.03,100.35,6.23,232.8,7.41,233.9,1.1799999999999997,5.259999999999998,0
2024-09-06 17:00:00,29.21,25.0,27.11,19.87,78.1,0.03,100.41,6.01,220.6,7.41,221.5,1.4000000000000004,4.210000000000001,0
2024-09-06 18:00:00,28.71,25.4,27.06,20.34,82.32,0.03,100.47,6.16,212.3,7.67,212.9,1.5099999999999998,3.3100000000000023,0
2024-09-06 19:00:00,28.45,25.71,27.08,20.72,85.17,0.03,100.54,6.47,209.5,7.96,209.9,1.4900000000000002,2.7399999999999984,0
2024-09-06 20:00:00,28.3,25.99,27.14,21.04,87.27,0.03,100.59,6.76,212.3,8.32,212.7,1.5600000000000005,2.3100000000000023,0
2024-09-06 21:00:00,28.24,26.06,27.15,21.12,87.93,0.03,100.62,7.25,219.5,8.96,219.7,1.7100000000000009,2.1799999999999997,0
2024-09-06 22:00:00,28.19,25.97,27.08,21.01,87.71,0.03,100.6,7.67,226.3,9.46,226.5,1.790000000000001,2.2200000000000024,0
2024-09-06 23:00:00,28.11,25.85,26.98,20.86,87.46,0.03,100.54,7.88,232.3,9.7,232.5,1.8199999999999994,2.259999999999998,0
2024-09-07 00:00:00,28.01,25.74,26.88,20.74,87.4,0.04,100.47,7.89,237.7,9.71,237.8,1.8200000000000012,2.270000000000003,0
2024-09-07 01:00:00,27.92,25.65,26.79,20.64,87.39,0.04,100.4,7.77,242.3,9.57,242.4,1.8000000000000007,2.270000000000003,0
2024-09-07 02:00:00,27.87,25.56,26.71,20.52,87.11,0.04,100.37,7.68,246.4,9.5,246.5,1.8200000000000003,2.3100000000000023,0
2024-09-07 03:00:00,27.83,25.42,26.62,20.37,86.69,0.04,100.38,7.62,250.6,9.45,250.7,1.8299999999999992,2.4099999999999966,0
2024-09-07 04:00:00,27.83,25.31,26.57,20.22,86.1,0.04,100.43,7.3,253.7,9.12,253.6,1.8199999999999994,2.5199999999999996,0
2024-09-07 05:00:00,27.83,25.22,26.52,20.09,85.62,0.03,100.51,6.8,254.0,8.57,253.7,1.7700000000000005,2.6099999999999994,0
2024-09-07 06:00:00,28.09,25.18,26.64,20.03,84.17,0.03,100.6,6.53,251.7,7.86,251.8,1.33,2.91,0
2024-09-07 07:00:00,28.59,25.08,26.84,19.88,81.23,0.03,100.71,6.59,250.3,7.8,251.2,1.21,3.5100000000000016,0
2024-09-07 08:00:00,29.03,24.83,26.93,19.58,78.06,0.02,100.78,6.52,250.6,7.54,251.6,1.0200000000000005,4.200000000000003,0
2024-09-07 09:00:00,29.44,24.62,27.03,19.34,75.32,0.02,100.79,6.35,249.8,7.27,250.7,0.9199999999999999,4.82,0
2024-09-07 10:00:00,29.81,24.48,27.14,19.18,73.11,0.03,100.76,6.3,247.8,7.15,248.6,0.8500000000000005,5.329999999999998,0
2024-09-07 11:00:00,30.07,24.37,27.22,19.09,71.64,0.06,100.68,6.28,245.0,7.1,245.8,0.8199999999999994,5.699999999999999,0
2024-09-07 12:00:00,30.2,24.28,27.24,19.0,70.7,0.05,100.58,6.32,241.2,7.18,242.0,0.8599999999999994,5.919999999999998,0
2024-09-07 13:00:00,30.26,24.21,27.24,18.95,70.2,0.03,100.47,6.49,236.3,7.42,237.1,0.9299999999999997,6.050000000000001,0
2024-09-07 14:00:00,30.24,24.22,27.23,18.98,70.35,0.02,100.41,6.65,232.1,7.67,232.9,1.0199999999999996,6.02,0
2024-09-07 15:00:00,30.07,24.35,27.21,19.12,71.56,0.02,100.41,6.73,227.8,7.89,228.6,1.1599999999999993,5.719999999999999,0
2024-09-07 16:00:00,29.68,24.64,27.16,19.44,74.42,0.02,100.45,6.7,222.9,8.01,223.7,1.3099999999999996,5.039999999999999,0
2024-09-07 17:00:00,29.02,25.09,27.06,19.95,79.37,0.03,100.53,6.32,216.3,7.92,217.1,1.5999999999999996,3.9299999999999997,0
2024-09-07 18:00:00,28.56,25.47,27.01,20.4,83.4,0.03,100.61,6.48,211.0,8.2,211.7,1.7199999999999989,3.09,0
2024-09-07 19:00:00,28.37,25.69,27.03,20.64,85.38,0.04,100.7,6.98,210.5,8.7,210.8,1.7199999999999989,2.6799999999999997,0
2024-09-07 20:00:00,28.24,25.8,27.02,20.75,86.53,0.05,100.76,7.37,212.2,9.16,212.7,1.79,2.4399999999999977,0
2024-09-07 21:00:00,28.18,25.82,27.0,20.78,86.98,0.04,100.79,7.77,218.5,9.62,218.8,1.8499999999999996,2.3599999999999994,0
2024-09-07 22:00:00,28.11,25.76,26.93,20.72,87.06,0.04,100.76,8.17,226.5,10.1,226.8,1.9299999999999997,2.349999999999998,0
2024-09-07 23:00:00,28.04,25.68,26.86,20.62,86.95,0.05,100.7,8.44,233.2,10.37,233.2,1.9299999999999997,2.3599999999999994,0
2024-09-08 00:00:00,27.97,25.6,26.78,20.52,86.82,0.05,100.62,8.61,239.2,10.72,239.4,2.110000000000001,2.3699999999999974,0
2024-09-08 01:00:00,27.97,25.46,26.71,20.39,86.22,0.05,100.55,9.04,244.7,11.13,245.1,2.0900000000000016,2.509999999999998,0
2024-09-08 02:00:00,27.86,25.4,26.63,20.31,86.42,0.04,100.54,8.76,247.9,10.85,248.4,2.09,2.460000000000001,0
2024-09-08 03:00:00,27.82,25.27,26.55,20.14,85.93,0.05,100.56,8.42,249.3,10.46,250.0,2.040000000000001,2.5500000000000007,0
2024-09-08 04:00:00,27.74,25.19,26.46,20.04,85.96,0.05,100.62,7.87,249.6,9.85,250.3,1.9799999999999995,2.549999999999997,0
2024-09-08 05:00:00,27.69,25.15,26.42,19.97,85.96,0.21,100.68,7.33,249.6,9.16,250.2,1.83,2.5400000000000027,1
2024-09-08 06:00:00,27.89,25.17,26.53,19.98,85.07,0.17,100.75,7.05,247.9,8.49,248.3,1.4400000000000004,2.719999999999999,1
2024-09-08 07:00:00,28.41,25.1,26.75,19.88,82.18,0.16,100.82,7.32,247.0,8.7,247.9,1.379999999999999,3.3099999999999987,1
2024-09-08 08:00:00,28.96,24.89,26.93,19.65,78.72,0.16,100.85,7.72,247.1,9.03,247.8,1.3099999999999996,4.07,1
2024-09-08 09:00:00,29.43,24.75,27.09,19.49,75.97,0.16,100.83,8.14,246.4,9.49,247.1,1.3499999999999996,4.68,1
2024-09-08 10:00:00,29.84,24.64,27.24,19.38,73.74,0.14,100.76,8.57,246.3,9.95,247.0,1.379999999999999,5.199999999999999,1
2024-09-08 11:00:00,30.05,24.59,27.32,19.35,72.68,0.14,100.67,8.86,246.4,10.29,247.1,1.4299999999999997,5.460000000000001,1
2024-09-08 12:00:00,30.13,24.56,27.35,19.33,72.2,0.12,100.58,8.96,246.2,10.43,246.8,1.4699999999999989,5.57,1
2024-09-08 13:00:00,30.04,24.6,27.32,19.39,72.74,0.13,100.49,8.82,244.5,10.3,245.3,1.4800000000000004,5.439999999999998,1
2024-09-08 14:00:00,29.85,24.67,27.26,19.48,73.84,0.13,100.44,8.46,241.9,9.92,242.7,1.459999999999999,5.18,1
2024-09-08 15:00:00,29.6,24.79,27.19,19.62,75.43,0.17,100.43,7.99,238.5,9.44,239.4,1.4499999999999993,4.810000000000002,1
2024-09-08 16:00:00,29.27,25.0,27.14,19.84,77.75,0.2,100.46,7.52,234.0,8.98,234.8,1.4600000000000009,4.27,1
2024-09-08 17:00:00,28.82,25.29,27.05,20.19,81.24,0.25,100.51,6.91,227.4,8.53,228.0,1.6199999999999992,3.530000000000001,1
2024-09-08 18:00:00,28.47,25.53,27.0,20.47,84.1,0.29,100.59,6.8,222.3,8.53,222.7,1.7299999999999995,2.9399999999999977,1
2024-09-08 19:00:00,28.31,25.66,26.98,20.61,85.53,0.32,100.67,7.11,220.0,8.9,220.4,1.79,2.6499999999999986,1
2024-09-08 20:00:00,28.22,25.57,26.89,20.49,85.53,0.36,100.72,7.76,223.0,9.64,223.4,1.8800000000000008,2.6499999999999986,1
2024-09-08 21:00:00,28.15,25.5,26.83,20.38,85.42,0.31,100.73,8.29,227.6,10.27,228.0,1.9800000000000004,2.6499999999999986,1
2024-09-08 22:00:00,28.05,25.41,26.73,20.29,85.52,0.22,100.69,8.53,231.5,10.55,231.8,2.0200000000000014,2.6400000000000006,1
2024-09-08 23:00:00,27.92,25.39,26.65,20.28,86.06,0.17,100.62,8.63,234.4,10.66,234.6,2.0299999999999994,2.530000000000001,1
2024-09-09 00:00:00,27.77,25.36,26.57,20.26,86.67,0.15,100.54,8.6,236.1,10.64,236.4,2.040000000000001,2.41,1
2024-09-09 01:00:00,27.69,25.26,26.48,20.15,86.55,0.11,100.48,8.62,237.9,10.63,238.3,2.0100000000000016,2.4299999999999997,1
2024-09-09 02:00:00,27.6,25.15,26.38,20.04,86.51,0.1,100.44,8.5,238.7,10.48,239.1,1.9800000000000004,2.450000000000003,0
2024-09-09 03:00:00,27.52,25.05,26.29,19.9,86.33,0.12,100.46,8.22,238.4,10.18,238.7,1.959999999999999,2.469999999999999,1
2024-09-09 04:00:00,27.46,24.94,26.2,19.76,86.08,0.08,100.52,7.84,237.0,9.76,237.3,1.92,2.5199999999999996,0
2024-09-09 05:00:00,27.4,24.87,26.14,19.65,85.97,0.06,100.59,7.54,235.9,9.42,236.1,1.88,2.5299999999999976,0
2024-09-09 06:00:00,27.7,24.85,26.27,19.62,84.41,0.05,100.66,7.62,235.9,9.16,236.3,1.54,2.849999999999998,0
2024-09-09 07:00:00,28.28,24.71,26.5,19.45,80.95,0.04,100.71,8.11,237.9,9.63,238.7,1.5200000000000014,3.5700000000000003,0
2024-09-09 08:00:00,28.93,24.5,26.71,19.21,77.01,0.03,100.73,8.5,238.8,9.95,239.4,1.4499999999999993,4.43,0
2024-09-09 09:00:00,29.67,24.41,27.04,19.12,73.42,0.05,100.69,8.75,238.9,10.19,239.5,1.4399999999999995,5.260000000000002,0
2024-09-09 10:00:00,30.43,24.22,27.32,18.94,69.6,0.04,100.63,8.92,240.2,10.33,240.7,1.4100000000000001,6.210000000000001,0
2024-09-09 11:00:00,30.91,24.14,27.52,18.87,67.41,0.07,100.54,9.08,241.4,10.51,241.8,1.4299999999999997,6.77,0
2024-09-09 12:00:00,31.11,24.16,27.63,18.93,66.78,0.11,100.43,9.24,241.9,10.72,242.2,1.4800000000000004,6.949999999999999,1
2024-09-09 13:00:00,31.0,24.29,27.64,19.09,67.69,0.12,100.33,9.41,240.7,10.96,241.1,1.5500000000000007,6.710000000000001,1
2024-09-09 14:00:00,30.56,24.43,27.49,19.25,69.94,0.11,100.26,9.37,238.3,10.97,238.8,1.6000000000000014,6.129999999999999,1
2024-09-09 15:00:00,30.07,24.57,27.32,19.41,72.52,0.11,100.26,9.16,234.7,10.82,235.4,1.6600000000000001,5.5,1
2024-09-09 16:00:00,29.57,24.79,27.18,19.65,75.56,0.14,100.28,8.86,230.2,10.56,231.0,1.700000000000001,4.780000000000001,1
2024-09-09 17:00:00,29.02,25.09,27.06,19.99,79.37,0.16,100.33,8.34,225.2,10.11,226.0,1.7699999999999996,3.9299999999999997,1
2024-09-09 18:00:00,28.63,25.4,27.02,20.35,82.69,0.16,100.4,8.06,221.7,9.93,222.3,1.8699999999999992,3.2300000000000004,1
2024-09-09 19:00:00,28.46,25.55,27.01,20.51,84.22,0.15,100.48,8.23,221.2,10.13,221.9,1.9000000000000004,2.91,1
2024-09-09 20:00:00,28.3,25.59,26.95,20.55,85.23,0.15,100.55,8.19,222.7,10.08,223.0,1.8900000000000006,2.710000000000001,1
2024-09-09 21:00:00,28.19,25.55,26.87,20.49,85.55,0.13,100.57,8.38,226.5,10.33,226.9,1.9499999999999993,2.6400000000000006,1
2024-09-09 22:00:00,28.09,25.51,26.8,20.43,85.78,0.12,100.54,8.61,230.6,10.61,230.8,2.0,2.5799999999999983,1
2024-09-09 23:00:00,27.96,25.49,26.73,20.42,86.34,0.14,100.49,8.67,233.2,10.67,233.3,2.0,2.4700000000000024,1
2024-09-10 00:00:00,27.86,25.43,26.64,20.38,86.63,0.14,100.43,8.66,235.0,10.68,235.2,2.0199999999999996,2.4299999999999997,1
2024-09-10 01:00:00,27.77,25.36,26.57,20.29,86.66,0.15,100.38,8.61,236.7,10.63,236.9,2.0200000000000014,2.41,1
2024-09-10 02:00:00,27.71,25.26,26.49,20.18,86.47,0.16,100.35,8.37,237.1,10.35,237.3,1.9800000000000004,2.4499999999999993,1
2024-09-10 03:00:00,27.68,25.17,26.42,20.05,86.09,0.19,100.37,8.09,236.9,10.1,237.2,2.01,2.509999999999998,1
2024-09-10 04:00:00,27.62,25.11,26.36,19.97,86.09,0.18,100.41,7.58,235.6,9.49,235.7,1.9100000000000001,2.5100000000000016,1
2024-09-10 05:00:00,27.58,25.08,26.33,19.92,86.13,0.13,100.48,7.19,233.9,9.06,233.9,1.87,2.5,1
2024-09-10 06:00:00,27.99,25.1,26.54,19.92,84.17,0.11,100.57,7.26,232.7,8.71,233.1,1.450000000000001,2.889999999999997,1
2024-09-10 07:00:00,28.75,24.93,26.84,19.72,79.8,0.08,100.65,7.96,235.3,9.42,236.1,1.46,3.8200000000000003,0
2024-09-10 08:00:00,29.58,24.59,27.09,19.33,74.61,0.09,100.7,8.49,237.8,9.94,238.5,1.4499999999999993,4.989999999999998,0
2024-09-10 09:00:00,30.39,24.32,27.36,19.04,70.15,0.08,100.68,9.04,239.4,10.56,239.9,1.5200000000000014,6.07,0
2024-09-10 10:00:00,30.97,24.21,27.59,18.93,67.45,0.08,100.63,9.5,240.4,11.1,240.9,1.5999999999999996,6.759999999999998,0
2024-09-10 11:00:00,31.35,24.24,27.79,18.99,66.15,0.08,100.53,9.8,241.1,11.48,241.5,1.6799999999999997,7.110000000000003,0
2024-09-10 12:00:00,31.49,24.27,27.88,19.04,65.72,0.12,100.42,10.02,240.5,11.76,241.0,1.7400000000000002,7.219999999999999,1
2024-09-10 13:00:00,31.44,24.27,27.86,19.07,65.93,0.12,100.3,10.16,238.6,11.97,239.2,1.8100000000000005,7.170000000000002,1
2024-09-10 14:00:00,31.22,24.28,27.75,19.09,66.79,0.11,100.23,10.24,235.8,12.09,236.5,1.8499999999999996,6.939999999999998,1
2024-09-10 15:00:00,30.77,24.34,27.56,19.17,68.79,0.09,100.21,10.19,232.6,12.11,233.4,1.92,6.43,0
2024-09-10 16:00:00,30.13,24.57,27.35,19.41,72.26,0.06,100.25,9.87,229.2,11.8,229.9,1.9300000000000015,5.559999999999999,0
2024-09-10 17:00:00,29.29,24.98,27.13,19.88,77.72,0.06,100.33,9.23,225.2,11.17,225.9,1.9399999999999995,4.309999999999999,0
2024-09-10 18:00:00,28.74,25.42,27.08,20.38,82.28,0.04,100.4,8.9,222.4,10.86,222.9,1.959999999999999,3.3199999999999967,0
2024-09-10 19:00:00,28.51,25.68,27.1,20.67,84.64,0.03,100.5,8.8,221.2,10.78,221.8,1.9799999999999986,2.830000000000002,0
2024-09-10 20:00:00,28.37,25.78,27.08,20.78,85.86,0.04,100.59,8.4,221.1,10.32,221.7,1.92,2.59,0
2024-09-10 21:00:00,28.29,25.75,27.02,20.71,86.02,0.03,100.65,8.09,223.3,9.99,223.7,1.9000000000000004,2.539999999999999,0
2024-09-10 22:00:00,28.19,25.63,26.91,20.57,85.94,0.05,100.64,7.98,227.3,9.89,227.6,1.9100000000000001,2.5600000000000023,0
2024-09-10 23:00:00,28.08,25.57,26.83,20.5,86.16,0.08,100.6,7.78,230.7,9.7,230.9,1.919999999999999,2.509999999999998,0
2024-09-11 00:00:00,27.98,25.49,26.73,20.42,86.28,0.09,100.54,7.4,233.3,9.28,233.5,1.879999999999999,2.490000000000002,0
2024-09-11 01:00:00,27.88,25.43,26.65,20.37,86.51,0.13,100.47,7.25,235.3,9.08,235.5,1.83,2.4499999999999993,1
2024-09-11 02:00:00,27.78,25.42,26.6,20.34,86.86,0.11,100.43,7.04,235.7,8.87,235.8,1.8299999999999992,2.3599999999999994,1
2024-09-11 03:00:00,27.65,25.41,26.53,20.33,87.49,0.12,100.45,6.67,234.5,8.49,234.7,1.8200000000000003,2.2399999999999984,1
2024-09-11 04:00:00,27.57,25.42,26.49,20.34,87.99,0.14,100.49,6.5,233.3,8.3,233.6,1.8000000000000007,2.1499999999999986,1
2024-09-11 05:00:00,27.51,25.42,26.46,20.34,88.35,0.13,100.55,6.47,232.4,8.31,232.7,1.8400000000000007,2.09,1
2024-09-11 06:00:00,28.15,25.42,26.79,20.3,85.01,0.12,100.63,7.15,231.7,8.59,232.6,1.4399999999999995,2.729999999999997,1
2024-09-11 07:00:00,29.07,25.17,27.12,20.01,79.51,0.1,100.7,7.88,233.2,9.26,234.3,1.38,3.8999999999999986,0
2024-09-11 08:00:00,29.82,24.91,27.36,19.71,75.04,0.34,100.73,8.42,235.1,9.84,235.9,1.42,4.91,1
2024-09-11 09:00:00,30.42,24.65,27.54,19.43,71.48,0.43,100.72,8.98,236.6,10.48,237.3,1.5,5.770000000000003,1
2024-09-11 10:00:00,30.88,24.36,27.62,19.11,68.46,0.48,100.67,9.41,237.4,10.98,238.1,1.5700000000000003,6.52,1
2024-09-11 11:00:00,31.28,24.12,27.7,18.89,66.1,0.85,100.58,9.64,237.6,11.23,238.1,1.5899999999999999,7.16,1
2024-09-11 12:00:00,31.43,24.12,27.77,18.9,65.52,0.94,100.5,9.64,236.6,11.24,237.1,1.5999999999999996,7.309999999999999,1
2024-09-11 13:00:00,31.36,24.07,27.71,18.85,65.57,1.09,100.44,9.7,234.8,11.33,235.4,1.6300000000000008,7.289999999999999,1
2024-09-11 14:00:00,31.06,24.14,27.6,18.91,66.89,1.2,100.42,9.71,232.6,11.37,233.3,1.6599999999999984,6.919999999999998,1
2024-09-11 15:00:00,30.61,24.26,27.43,19.07,69.22,0.96,100.43,9.62,229.1,11.31,229.9,1.6900000000000013,6.349999999999998,1
2024-09-11 16:00:00,29.9,24.49,27.2,19.31,73.02,0.77,100.49,9.51,224.8,11.29,225.6,1.7799999999999994,5.41,1
2024-09-11 17:00:00,29.07,24.89,26.98,19.72,78.28,0.59,100.57,9.19,220.6,11.13,221.2,1.9400000000000013,4.18,1
2024-09-11 18:00:00,28.52,25.29,26.9,20.16,82.65,0.47,100.65,9.05,219.2,11.06,219.9,2.01,3.2300000000000004,1
2024-09-11 19:00:00,28.33,25.41,26.87,20.29,84.16,0.3,100.72,9.2,222.3,11.26,222.9,2.0600000000000005,2.919999999999998,1
2024-09-11 20:00:00,28.25,25.3,26.77,20.15,84.02,0.17,100.77,9.26,227.5,11.38,228.0,2.120000000000001,2.9499999999999993,1
2024-09-11 21:00:00,28.22,24.96,26.59,19.72,82.41,0.12,100.79,9.23,232.5,11.4,232.8,2.17,3.259999999999998,1
2024-09-11 22:00:00,28.15,24.5,26.33,19.18,80.5,0.08,100.78,9.08,235.4,11.23,235.6,2.1500000000000004,3.6499999999999986,0
2024-09-11 23:00:00,28.0,24.02,26.01,18.65,78.95,0.08,100.73,8.95,237.8,11.08,237.9,2.130000000000001,3.9800000000000004,0
2024-09-12 00:00:00,27.84,23.64,25.74,18.23,77.85,0.05,100.66,8.82,239.3,10.94,239.4,2.119999999999999,4.199999999999999,0
2024-09-12 01:00:00,27.68,23.45,25.57,18.04,77.75,0.04,100.62,8.65,240.4,10.78,240.4,2.129999999999999,4.23,0
2024-09-12 02:00:00,27.51,23.38,25.45,17.97,78.21,0.03,100.61,8.26,241.9,10.3,242.0,2.040000000000001,4.130000000000003,0
2024-09-12 03:00:00,27.37,23.3,25.33,17.87,78.43,0.01,100.62,7.96,243.3,10.0,243.3,2.04,4.07,0
2024-09-12 04:00:00,27.29,23.24,25.26,17.8,78.52,0.0,100.65,7.76,244.2,9.8,244.2,2.040000000000001,4.050000000000001,0
2024-09-12 05:00:00,27.27,23.24,25.26,17.78,78.57,0.0,100.72,7.5,244.1,9.53,243.9,2.0299999999999994,4.030000000000001,0
2024-09-12 06:00:00,27.88,23.24,25.56,17.78,75.88,0.0,100.8,7.87,243.3,9.5,243.6,1.63,4.640000000000001,0
2024-09-12 07:00:00,28.81,22.92,25.86,17.43,70.53,0.01,100.86,8.91,246.3,10.57,246.6,1.6600000000000001,5.889999999999997,0
2024-09-12 08:00:00,29.56,22.62,26.09,17.12,66.38,0.0,100.9,9.23,249.2,10.8,249.5,1.5700000000000003,6.939999999999998,0
2024-09-12 09:00:00,30.31,22.28,26.3,16.79,62.36,0.0,100.89,9.18,250.7,10.66,251.0,1.4800000000000004,8.029999999999998,0
2024-09-12 10:00:00,31.08,21.87,26.48,16.4,58.27,0.0,100.82,8.86,250.2,10.24,250.4,1.3800000000000008,9.209999999999997,0
2024-09-12 11:00:00,31.66,21.55,26.6,16.1,55.3,0.0,100.72,8.58,247.9,9.87,248.0,1.2899999999999991,10.11,0
2024-09-12 12:00:00,32.01,21.42,26.71,16.01,53.86,0.0,100.61,8.63,245.3,9.94,245.5,1.3099999999999987,10.589999999999996,0
2024-09-12 13:00:00,32.03,21.49,26.76,16.1,54.05,0.0,100.52,8.89,243.3,10.28,243.7,1.3899999999999988,10.540000000000003,0
2024-09-12 14:00:00,31.72,21.7,26.71,16.31,55.69,0.0,100.48,8.93,241.1,10.41,241.8,1.4800000000000004,10.02,0
2024-09-12 15:00:00,31.21,22.07,26.64,16.69,58.64,0.0,100.46,8.7,236.9,10.21,237.9,1.5100000000000016,9.14,0
2024-09-12 16:00:00,30.47,22.6,26.53,17.24,63.18,0.01,100.49,8.37,231.0,9.88,232.1,1.5100000000000016,7.869999999999997,0
2024-09-12 17:00:00,29.48,23.37,26.42,18.04,69.98,0.01,100.55,7.65,222.8,9.29,223.8,1.6399999999999988,6.109999999999999,0
2024-09-12 18:00:00,28.81,24.19,26.5,18.91,76.26,0.02,100.61,7.22,215.6,8.87,216.6,1.6499999999999995,4.619999999999997,0
2024-09-12 19:00:00,28.61,24.66,26.63,19.42,79.25,0.02,100.66,7.57,213.7,9.39,214.7,1.8200000000000003,3.9499999999999993,0
2024-09-12 20:00:00,28.46,24.99,26.73,19.81,81.57,0.05,100.71,7.78,212.6,9.59,213.6,1.8099999999999996,3.4700000000000024,0
2024-09-12 21:00:00,28.26,25.23,26.74,20.09,83.72,0.09,100.76,7.69,211.5,9.53,212.8,1.839999999999999,3.030000000000001,0
2024-09-12 22:00:00,28.14,25.25,26.7,20.08,84.24,0.12,100.74,7.8,215.7,9.64,216.6,1.8400000000000007,2.8900000000000006,1
2024-09-12 23:00:00,27.94,25.35,26.64,20.21,85.72,0.17,100.68,7.6,218.5,9.28,218.8,1.6799999999999997,2.59,1
2024-09-13 00:00:00,27.71,25.39,26.55,20.28,87.11,0.19,100.6,7.32,220.2,8.95,220.2,1.629999999999999,2.3200000000000003,1
2024-09-13 01:00:00,27.61,25.38,26.49,20.26,87.47,0.22,100.53,7.4,223.4,9.03,223.3,1.629999999999999,2.2300000000000004,1
2024-09-13 02:00:00,27.59,25.33,26.46,20.23,87.42,0.21,100.5,7.56,227.1,9.29,227.3,1.7299999999999995,2.2600000000000016,1
2024-09-13 03:00:00,27.6,25.24,26.42,20.12,86.92,0.14,100.52,7.46,229.5,9.28,229.6,1.8199999999999994,2.360000000000003,1
2024-09-13 04:00:00,27.62,25.13,26.38,19.98,86.26,0.13,100.57,7.35,231.1,9.2,231.4,1.8499999999999996,2.490000000000002,1
2024-09-13 05:00:00,27.63,25.05,26.34,19.87,85.8,0.04,100.63,7.2,232.1,9.01,232.5,1.8099999999999996,2.5799999999999983,0
2024-09-13 06:00:00,28.14,24.98,26.56,19.77,82.91,0.03,100.68,7.5,233.5,8.98,234.2,1.4800000000000004,3.16,0
2024-09-13 07:00:00,29.0,24.69,26.85,19.43,77.57,0.02,100.73,7.69,235.5,8.94,236.2,1.2499999999999991,4.309999999999999,0
2024-09-13 08:00:00,29.92,24.35,27.13,19.04,72.12,0.04,100.75,7.61,237.8,8.72,238.4,1.1100000000000003,5.57,0
2024-09-13 09:00:00,30.69,24.09,27.39,18.79,68.1,0.02,100.73,7.61,240.3,8.69,240.7,1.0799999999999992,6.600000000000001,0
2024-09-13 10:00:00,31.32,23.97,27.64,18.68,65.29,0.02,100.68,7.67,242.8,8.75,243.0,1.08,7.350000000000001,0
2024-09-13 11:00:00,31.69,23.87,27.78,18.61,63.64,0.01,100.6,7.72,244.6,8.79,244.8,1.0699999999999994,7.82,0
2024-09-13 12:00:00,31.78,23.79,27.79,18.53,62.99,0.01,100.51,7.74,244.9,8.84,245.2,1.0999999999999996,7.990000000000002,0
2024-09-13 13:00:00,31.57,23.85,27.71,18.6,63.93,0.01,100.43,7.7,243.3,8.82,243.7,1.12,7.719999999999999,0
2024-09-13 14:00:00,31.2,24.04,27.62,18.82,66.03,0.02,100.39,7.5,240.0,8.59,240.5,1.0899999999999999,7.16,0
2024-09-13 15:00:00,30.66,24.27,27.46,19.09,69.05,0.04,100.37,7.21,234.7,8.28,235.4,1.0699999999999994,6.390000000000001,0
2024-09-13 16:00:00,29.91,24.59,27.25,19.45,73.44,0.06,100.39,6.98,227.1,8.09,228.1,1.1099999999999994,5.32,0
2024-09-13 17:00:00,29.03,25.03,27.03,19.94,79.2,0.1,100.42,6.73,218.6,8.02,219.7,1.2899999999999991,4.0,0
2024-09-13 18:00:00,28.46,25.52,26.99,20.49,84.14,0.17,100.48,6.54,211.3,7.94,212.3,1.4000000000000004,2.9400000000000013,1
2024-09-13 19:00:00,28.28,25.76,27.02,20.78,86.28,0.28,100.56,6.67,207.1,8.09,207.7,1.42,2.5199999999999996,1
2024-09-13 20:00:00,28.24,25.89,27.07,20.9,87.03,0.35,100.62,6.98,206.7,8.42,207.2,1.4399999999999995,2.349999999999998,1
2024-09-13 21:00:00,28.24,25.97,27.1,21.0,87.47,0.38,100.66,7.15,209.9,8.68,210.5,1.5299999999999994,2.2699999999999996,1
2024-09-13 22:00:00,28.18,26.04,27.11,21.1,88.17,0.37,100.63,7.32,215.0,8.9,215.4,1.58,2.1400000000000006,1
2024-09-13 23:00:00,28.09,26.1,27.1,21.18,88.9,0.34,100.56,7.42,221.0,9.01,221.2,1.5899999999999999,1.9899999999999984,1
2024-09-14 00:00:00,28.04,26.11,27.07,21.2,89.15,0.3,100.46,7.61,226.6,9.3,226.8,1.6900000000000004,1.9299999999999997,1
2024-09-14 01:00:00,28.01,26.01,27.01,21.09,88.79,0.28,100.39,7.77,232.4,9.5,232.7,1.7300000000000004,2.0,1
2024-09-14 02:00:00,27.98,25.87,26.92,20.92,88.21,0.22,100.36,7.85,236.4,9.6,236.7,1.75,2.1099999999999994,1
2024-09-14 03:00:00,27.92,25.71,26.82,20.72,87.7,0.18,100.37,7.75,239.1,9.5,239.4,1.75,2.210000000000001,1
2024-09-14 04:00:00,27.87,25.6,26.73,20.57,87.36,0.15,100.42,7.58,240.5,9.31,240.7,1.7300000000000004,2.2699999999999996,1
2024-09-14 05:00:00,27.83,25.52,26.68,20.47,87.22,0.12,100.5,7.29,241.9,9.0,242.0,1.71,2.3099999999999987,1
2024-09-14 06:00:00,28.17,25.48,26.82,20.39,85.25,0.09,100.59,7.34,242.9,8.77,243.4,1.4299999999999997,2.6900000000000013,0
2024-09-14 07:00:00,28.74,25.22,26.98,20.06,81.21,0.09,100.66,7.71,245.9,9.1,246.8,1.3899999999999997,3.5199999999999996,0
2024-09-14 08:00:00,29.43,24.83,27.13,19.61,76.34,0.08,100.71,7.61,249.8,8.83,250.6,1.2199999999999998,4.600000000000001,0
2024-09-14 09:00:00,30.18,24.43,27.3,19.15,71.43,0.09,100.71,7.41,253.2,8.49,253.9,1.08,5.75,0
2024-09-14 10:00:00,30.75,24.06,27.4,18.75,67.69,0.07,100.68,7.18,255.2,8.19,255.8,1.0099999999999998,6.690000000000001,0
2024-09-14 11:00:00,31.13,23.74,27.43,18.42,65.04,0.07,100.6,7.04,253.6,8.01,254.3,0.9699999999999998,7.390000000000001,0
2024-09-14 12:00:00,31.36,23.5,27.43,18.17,63.26,0.06,100.49,7.0,248.6,7.98,249.4,0.9800000000000004,7.859999999999999,0
2024-09-14 13:00:00,31.35,23.43,27.39,18.11,63.03,0.06,100.4,7.02,241.9,8.01,242.7,0.9900000000000002,7.920000000000002,0
2024-09-14 14:00:00,31.13,23.52,27.33,18.24,64.24,0.05,100.34,7.08,233.9,8.11,234.8,1.0299999999999994,7.609999999999999,0
2024-09-14 15:00:00,30.65,23.8,27.23,18.55,67.13,0.07,100.33,7.31,225.8,8.44,226.8,1.13,6.849999999999998,0
2024-09-14 16:00:00,29.98,24.24,27.11,19.04,71.59,0.09,100.36,7.67,219.2,9.0,220.2,1.33,5.740000000000002,0
2024-09-14 17:00:00,29.2,24.79,26.99,19.65,77.29,0.11,100.41,7.62,214.1,9.17,215.1,1.5499999999999998,4.41,1
2024-09-14 18:00:00,28.75,25.27,27.01,20.19,81.54,0.14,100.49,7.52,211.2,9.14,212.1,1.620000000000001,3.4800000000000004,1
2024-09-14 19:00:00,28.58,25.58,27.08,20.54,83.81,0.16,100.54,7.63,211.2,9.27,211.9,1.6399999999999997,3.0,1
2024-09-14 20:00:00,28.47,25.77,27.12,20.77,85.33,0.17,100.6,7.65,212.4,9.32,213.0,1.67,2.6999999999999993,1
2024-09-14 21:00:00,28.35,25.87,27.11,20.87,86.37,0.2,100.65,7.67,216.0,9.36,216.5,1.6899999999999995,2.4800000000000004,1
2024-09-14 22:00:00,28.23,25.84,27.04,20.83,86.8,0.23,100.63,7.81,222.4,9.52,222.7,1.71,2.3900000000000006,1
2024-09-14 23:00:00,28.13,25.73,26.93,20.71,86.76,0.22,100.57,8.0,229.2,9.74,229.3,1.7400000000000002,2.3999999999999986,1
2024-09-15 00:00:00,28.05,25.6,26.82,20.56,86.46,0.19,100.48,8.1,235.6,9.89,235.6,1.790000000000001,2.4499999999999993,1
2024-09-15 01:00:00,28.01,25.45,26.73,20.38,85.85,0.15,100.41,8.26,241.7,10.12,241.8,1.8599999999999994,2.5600000000000023,1
2024-09-15 02:00:00,27.98,25.24,26.61,20.14,84.97,0.14,100.37,8.29,247.3,10.22,247.5,1.9300000000000015,2.740000000000002,1
2024-09-15 03:00:00,27.94,25.04,26.49,19.89,84.13,0.11,100.38,8.04,251.5,9.95,251.7,1.9100000000000001,2.900000000000002,1
2024-09-15 04:00:00,27.88,24.86,26.37,19.68,83.58,0.1,100.42,7.6,254.2,9.49,254.2,1.8900000000000006,3.0199999999999996,0
2024-09-15 05:00:00,27.81,24.74,26.27,19.52,83.3,0.09,100.48,7.16,255.2,9.03,255.2,1.8699999999999992,3.0700000000000003,0
2024-09-15 06:00:00,28.26,24.65,26.46,19.41,80.75,0.08,100.56,7.09,257.1,8.5,257.4,1.4100000000000001,3.610000000000003,0
2024-09-15 07:00:00,29.05,24.35,26.7,19.05,75.79,0.09,100.64,7.38,261.7,8.65,262.4,1.2700000000000005,4.699999999999999,0
2024-09-15 08:00:00,29.89,23.94,26.92,18.6,70.55,0.06,100.68,7.4,265.4,8.52,266.2,1.1199999999999992,5.949999999999999,0
2024-09-15 09:00:00,30.8,23.58,27.19,18.23,65.65,0.05,100.68,7.35,267.4,8.34,268.1,0.9900000000000002,7.220000000000002,0
2024-09-15 10:00:00,31.62,23.26,27.44,17.91,61.54,0.04,100.64,7.21,267.7,8.12,268.2,0.9099999999999993,8.36,0
2024-09-15 11:00:00,32.24,23.03,27.64,17.68,58.62,0.03,100.56,6.97,265.6,7.84,266.0,0.8700000000000001,9.21,0
2024-09-15 12:00:00,32.63,22.86,27.74,17.5,56.71,0.03,100.46,6.65,261.1,7.49,261.8,0.8399999999999999,9.770000000000003,0
2024-09-15 13:00:00,32.72,22.83,27.77,17.48,56.31,0.02,100.36,6.44,253.8,7.27,254.8,0.8299999999999992,9.89,0
2024-09-15 14:00:00,32.5,22.9,27.7,17.57,57.27,0.02,100.31,6.36,243.4,7.19,244.6,0.8300000000000001,9.600000000000001,0
2024-09-15 15:00:00,31.99,23.08,27.54,17.79,59.66,0.02,100.29,6.57,231.6,7.47,232.8,0.8999999999999995,8.91,0
2024-09-15 16:00:00,31.11,23.54,27.32,18.3,64.51,0.04,100.31,7.12,221.1,8.21,222.2,1.0900000000000007,7.57,0
2024-09-15 17:00:00,29.89,24.28,27.09,19.11,72.23,0.04,100.37,7.52,213.9,8.98,215.0,1.4600000000000009,5.609999999999999,0
2024-09-15 18:00:00,29.06,25.08,27.07,19.97,79.2,0.05,100.44,7.73,211.3,9.34,212.4,1.6099999999999994,3.9800000000000004,0
2024-09-15 19:00:00,28.82,25.51,27.17,20.47,82.35,0.05,100.52,7.77,212.9,9.41,213.8,1.6400000000000006,3.3099999999999987,0
2024-09-15 20:00:00,28.8,25.7,27.25,20.68,83.34,0.06,100.59,7.76,216.5,9.49,217.3,1.7300000000000004,3.1000000000000014,0
2024-09-15 21:00:00,28.72,25.77,27.24,20.76,84.08,0.06,100.63,7.75,221.2,9.49,221.6,1.7400000000000002,2.9499999999999993,0
2024-09-15 22:00:00,28.57,25.79,27.18,20.78,84.9,0.06,100.63,7.87,227.6,9.61,227.9,1.7399999999999993,2.780000000000001,0
2024-09-15 23:00:00,28.38,25.74,27.06,20.72,85.54,0.08,100.57,7.94,234.0,9.63,234.1,1.6900000000000004,2.6400000000000006,0
2024-09-16 00:00:00,28.25,25.66,26.95,20.63,85.75,0.07,100.48,7.76,239.7,9.43,239.8,1.67,2.59,0
2024-09-16 01:00:00,28.15,25.52,26.84,20.49,85.61,0.08,100.41,7.57,244.6,9.26,244.7,1.6899999999999995,2.629999999999999,0
2024-09-16 02:00:00,28.05,25.4,26.73,20.33,85.42,0.05,100.38,7.3,247.4,8.98,247.4,1.6800000000000006,2.650000000000002,0
2024-09-16 03:00:00,27.94,25.27,26.61,20.18,85.35,0.05,100.39,6.93,248.1,8.61,248.0,1.6799999999999997,2.6700000000000017,0
2024-09-16 04:00:00,27.85,25.17,26.51,20.04,85.26,0.04,100.44,6.58,248.2,8.25,248.2,1.67,2.6799999999999997,0
2024-09-16 05:00:00,27.76,25.08,26.42,19.93,85.31,0.03,100.52,6.19,248.4,7.82,248.2,1.63,2.6800000000000033,0
2024-09-16 06:00:00,28.15,25.04,26.6,19.85,83.13,0.03,100.61,6.27,248.8,7.46,249.4,1.1900000000000004,3.1099999999999994,0
2024-09-16 07:00:00,28.92,24.72,26.82,19.47,78.06,0.03,100.69,6.62,252.8,7.66,253.9,1.04,4.200000000000003,0
2024-09-16 08:00:00,29.82,24.35,27.08,19.05,72.57,0.03,100.74,6.65,255.1,7.54,256.1,0.8899999999999997,5.469999999999999,0
2024-09-16 09:00:00,30.7,24.07,27.39,18.76,67.95,0.03,100.73,6.66,255.8,7.46,256.7,0.7999999999999998,6.629999999999999,0
2024-09-16 10:00:00,31.37,23.89,27.63,18.59,64.79,0.02,100.68,6.74,255.3,7.49,256.0,0.75,7.48,0
2024-09-16 11:00:00,31.8,23.72,27.76,18.42,62.6,0.02,100.58,6.81,252.9,7.57,253.5,0.7600000000000007,8.080000000000002,0
2024-09-16 12:00:00,32.11,23.59,27.85,18.3,61.05,0.02,100.47,6.79,249.0,7.57,249.5,0.7800000000000002,8.52,0
2024-09-16 13:00:00,32.19,23.59,27.89,18.31,60.75,0.02,100.39,6.71,243.6,7.49,244.4,0.7800000000000002,8.599999999999998,0
2024-09-16 14:00:00,31.96,23.62,27.79,18.38,61.75,0.02,100.34,6.58,236.3,7.37,237.3,0.79,8.34,0
2024-09-16 15:00:00,31.44,23.74,27.59,18.53,64.11,0.03,100.34,6.6,227.1,7.43,228.2,0.8300000000000001,7.700000000000003,0
2024-09-16 16:00:00,30.6,24.03,27.32,18.86,68.46,0.03,100.37,6.88,217.2,7.86,218.3,0.9800000000000004,6.57,0
2024-09-16 17:00:00,29.57,24.61,27.09,19.49,75.07,0.05,100.44,7.18,208.5,8.54,209.6,1.3599999999999994,4.960000000000001,0
2024-09-16 18:00:00,28.91,25.24,27.07,20.17,80.72,0.06,100.5,7.65,203.3,9.17,204.2,1.5199999999999996,3.6700000000000017,0
2024-09-16 19:00:00,28.67,25.57,27.12,20.53,83.35,0.08,100.56,8.02,202.8,9.61,203.6,1.5899999999999999,3.1000000000000014,0
2024-09-16 20:00:00,28.61,25.76,27.18,20.75,84.57,0.09,100.61,8.25,207.2,9.92,208.0,1.67,2.849999999999998,0
2024-09-16 21:00:00,28.55,25.88,27.21,20.9,85.49,0.07,100.64,8.55,214.6,10.35,215.5,1.799999999999999,2.6700000000000017,0
2024-09-16 22:00:00,28.45,25.9,27.18,20.91,86.01,0.07,100.62,8.95,223.5,10.86,224.1,1.9100000000000001,2.5500000000000007,0
2024-09-16 23:00:00,28.32,25.86,27.09,20.87,86.45,0.06,100.57,9.07,230.1,10.98,230.7,1.9100000000000001,2.460000000000001,0
2024-09-17 00:00:00,28.2,25.79,26.99,20.8,86.71,0.06,100.5,8.87,236.1,10.75,236.5,1.8800000000000008,2.41,0
2024-09-17 01:00:00,28.15,25.64,26.9,20.63,86.22,0.06,100.45,8.6,242.2,10.47,242.6,1.870000000000001,2.509999999999998,0
2024-09-17 02:00:00,28.11,25.51,26.81,20.47,85.74,0.05,100.43,8.11,247.1,9.93,247.4,1.8200000000000003,2.599999999999998,0
2024-09-17 03:00:00,28.09,25.37,26.73,20.3,85.15,0.05,100.44,7.6,251.3,9.36,251.5,1.7599999999999998,2.719999999999999,0
2024-09-17 04:00:00,28.05,25.25,26.65,20.13,84.67,0.04,100.48,6.99,254.9,8.73,255.1,1.7400000000000002,2.8000000000000007,0
2024-09-17 05:00:00,28.02,25.12,26.57,19.97,84.21,0.04,100.54,6.4,258.6,8.1,258.7,1.6999999999999993,2.8999999999999986,0
2024-09-17 06:00:00,28.52,25.0,26.76,19.81,81.21,0.04,100.61,6.46,263.0,7.71,263.4,1.25,3.5199999999999996,0
2024-09-17 07:00:00,29.33,24.65,26.99,19.39,75.91,0.04,100.68,6.5,268.5,7.51,269.5,1.0099999999999998,4.68,0
2024-09-17 08:00:00,30.19,24.22,27.2,18.9,70.46,0.03,100.7,6.31,273.5,7.15,274.7,0.8400000000000007,5.970000000000002,0
2024-09-17 09:00:00,30.99,23.84,27.42,18.49,65.86,0.02,100.69,6.14,276.9,6.87,278.0,0.7300000000000004,7.149999999999999,0
2024-09-17 10:00:00,31.61,23.49,27.55,18.12,62.28,0.02,100.63,5.89,276.5,6.53,277.5,0.6400000000000006,8.120000000000001,0
2024-09-17 11:00:00,32.1,23.14,27.62,17.76,59.33,0.08,100.53,5.6,271.8,6.19,272.8,0.5900000000000007,8.96,0
2024-09-17 12:00:00,32.41,22.85,27.63,17.48,57.33,0.06,100.42,5.39,263.5,5.95,264.6,0.5600000000000005,9.559999999999995,0
2024-09-17 13:00:00,32.47,22.74,27.6,17.39,56.79,0.04,100.32,5.37,252.5,5.94,253.8,0.5700000000000003,9.73,0
2024-09-17 14:00:00,32.21,22.76,27.49,17.45,57.79,0.03,100.26,5.63,239.9,6.23,241.3,0.6000000000000005,9.45,0
2024-09-17 15:00:00,31.56,22.89,27.23,17.64,60.59,0.02,100.25,6.11,228.1,6.83,229.3,0.7199999999999998,8.669999999999998,0
2024-09-17 16:00:00,30.68,23.27,26.98,18.05,65.19,0.03,100.27,6.7,217.0,7.66,217.9,0.96,7.41,0
2024-09-17 17:00:00,29.6,24.07,26.83,18.89,72.58,0.04,100.33,7.12,207.0,8.55,208.0,1.4300000000000006,5.530000000000001,0
2024-09-17 18:00:00,28.87,24.91,26.89,19.81,79.41,0.04,100.4,7.58,200.6,9.21,201.4,1.6300000000000008,3.960000000000001,0
2024-09-17 19:00:00,28.61,25.45,27.03,20.42,83.11,0.04,100.46,7.86,199.5,9.49,200.2,1.63,3.16,0
2024-09-17 20:00:00,28.46,25.79,27.12,20.83,85.54,0.06,100.51,7.79,202.1,9.4,202.8,1.6100000000000003,2.6700000000000017,0
2024-09-17 21:00:00,28.37,25.91,27.14,20.96,86.52,0.07,100.51,7.83,208.6,9.47,209.3,1.6400000000000006,2.460000000000001,0
2024-09-17 22:00:00,28.26,25.87,27.07,20.91,86.84,0.09,100.48,8.06,216.7,9.74,217.1,1.6799999999999997,2.3900000000000006,0
2024-09-17 23:00:00,28.14,25.78,26.96,20.8,86.96,0.13,100.43,8.15,222.5,9.87,222.7,1.7199999999999989,2.3599999999999994,1
2024-09-18 00:00:00,28.04,25.62,26.83,20.6,86.59,0.12,100.37,8.13,228.2,9.84,228.2,1.709999999999999,2.419999999999998,1
2024-09-18 01:00:00,27.94,25.47,26.7,20.44,86.38,0.15,100.33,8.11,233.5,9.91,233.6,1.8000000000000007,2.4700000000000024,1
2024-09-18 02:00:00,27.9,25.3,26.6,20.23,85.69,0.13,100.31,8.3,238.6,10.15,238.9,1.8499999999999996,2.599999999999998,1
2024-09-18 03:00:00,27.88,25.16,26.52,20.06,85.08,0.11,100.31,8.11,241.4,9.93,241.6,1.8200000000000003,2.719999999999999,1
2024-09-18 04:00:00,27.87,25.07,26.47,19.94,84.64,0.11,100.33,7.92,243.1,9.79,243.4,1.8699999999999992,2.8000000000000007,1
2024-09-18 05:00:00,27.89,25.0,26.45,19.86,84.26,0.12,100.39,7.69,244.6,9.53,244.9,1.839999999999999,2.8900000000000006,1
2024-09-18 06:00:00,28.25,24.97,26.61,19.81,82.36,0.11,100.46,7.79,245.6,9.44,246.1,1.6499999999999995,3.280000000000001,1
2024-09-18 07:00:00,28.85,24.79,26.82,19.58,78.68,0.1,100.52,8.02,247.4,9.47,248.2,1.450000000000001,4.060000000000002,0
2024-09-18 08:00:00,29.45,24.57,27.01,19.34,75.11,0.07,100.57,7.79,248.7,9.03,249.5,1.2399999999999993,4.879999999999999,0
2024-09-18 09:00:00,30.0,24.36,27.18,19.1,71.89,0.06,100.57,7.51,250.1,8.6,250.8,1.0899999999999999,5.640000000000001,0
2024-09-18 10:00:00,30.62,24.16,27.39,18.88,68.56,0.04,100.54,7.33,251.0,8.29,251.7,0.9599999999999991,6.460000000000001,0
2024-09-18 11:00:00,31.19,23.92,27.55,18.62,65.41,0.01,100.45,7.1,250.9,7.97,251.7,0.8700000000000001,7.27,0
2024-09-18 12:00:00,31.65,23.67,27.66,18.37,62.81,0.01,100.34,6.9,248.6,7.71,249.4,0.8099999999999996,7.979999999999997,0
2024-09-18 13:00:00,31.86,23.5,27.68,18.21,61.47,0.01,100.24,6.77,243.8,7.56,244.7,0.79,8.36,0
2024-09-18 14:00:00,31.72,23.49,27.6,18.22,61.96,0.01,100.18,6.79,236.7,7.62,237.7,0.8300000000000001,8.23,0
2024-09-18 15:00:00,31.31,23.56,27.43,18.31,63.72,0.02,100.17,6.99,227.7,7.91,228.7,0.9199999999999999,7.75,0
2024-09-18 16:00:00,30.61,23.79,27.2,18.59,67.33,0.02,100.19,7.33,218.1,8.43,218.9,1.0999999999999996,6.82,0
2024-09-18 17:00:00,29.55,24.35,26.95,19.18,73.84,0.07,100.25,7.49,209.4,9.0,210.4,1.5099999999999998,5.199999999999999,0
2024-09-18 18:00:00,28.79,24.91,26.85,19.79,79.64,0.07,100.33,7.74,203.9,9.43,204.7,1.6899999999999995,3.879999999999999,0
2024-09-18 19:00:00,28.44,25.24,26.84,20.17,82.88,0.12,100.4,8.04,202.2,9.77,202.8,1.7300000000000004,3.200000000000003,1
2024-09-18 20:00:00,28.27,25.44,26.86,20.39,84.65,0.13,100.46,8.24,204.8,10.05,205.6,1.8100000000000005,2.8299999999999983,1
2024-09-18 21:00:00,28.23,25.56,26.89,20.54,85.48,0.08,100.49,8.47,211.6,10.36,212.3,1.8899999999999988,2.6700000000000017,0
2024-09-18 22:00:00,28.21,25.58,26.9,20.56,85.65,0.09,100.47,8.76,218.8,10.74,219.3,1.9800000000000004,2.6300000000000026,0
2024-09-18 23:00:00,28.19,25.54,26.86,20.51,85.51,0.06,100.43,8.97,225.2,11.01,225.6,2.039999999999999,2.650000000000002,0
2024-09-19 00:00:00,28.17,25.45,26.81,20.4,85.1,0.04,100.36,8.92,231.0,10.93,231.3,2.01,2.7200000000000024,0
2024-09-19 01:00:00,28.09,25.36,26.73,20.31,85.07,0.04,100.3,8.6,236.1,10.57,236.2,1.9700000000000006,2.7300000000000004,0
2024-09-19 02:00:00,28.04,25.23,26.63,20.16,84.68,0.03,100.28,8.18,239.5,10.12,239.7,1.9399999999999995,2.8099999999999987,0
2024-09-19 03:00:00,27.96,25.05,26.51,19.94,84.19,0.02,100.31,7.81,242.4,9.76,242.6,1.9500000000000002,2.91,0
2024-09-19 04:00:00,27.87,24.89,26.38,19.72,83.75,0.02,100.37,7.39,244.6,9.32,244.7,1.9300000000000006,2.9800000000000004,0
2024-09-19 05:00:00,27.81,24.78,26.3,19.58,83.51,0.01,100.44,7.0,245.2,8.88,245.2,1.8800000000000008,3.0299999999999976,0
2024-09-19 06:00:00,28.23,24.7,26.46,19.47,81.11,0.01,100.53,7.0,244.3,8.45,244.6,1.4499999999999993,3.530000000000001,0
2024-09-19 07:00:00,28.96,24.38,26.67,19.08,76.27,0.01,100.6,7.37,244.0,8.64,244.5,1.2700000000000005,4.580000000000002,0
2024-09-19 08:00:00,29.73,24.09,26.91,18.77,71.82,0.0,100.65,7.48,244.9,8.6,245.3,1.1199999999999992,5.640000000000001,0
2024-09-19 09:00:00,30.52,23.81,27.17,18.47,67.54,0.01,100.63,7.74,247.2,8.82,247.5,1.08,6.710000000000001,0
2024-09-19 10:00:00,31.26,23.5,27.38,18.17,63.68,0.01,100.58,7.92,249.1,8.97,249.4,1.0500000000000007,7.760000000000002,0
2024-09-19 11:00:00,31.71,23.22,27.46,17.89,61.06,0.01,100.47,7.98,249.8,9.06,250.0,1.08,8.490000000000002,0
2024-09-19 12:00:00,31.94,22.95,27.45,17.62,59.3,0.01,100.36,7.85,249.3,8.91,249.6,1.0600000000000005,8.990000000000002,0
2024-09-19 13:00:00,31.94,22.84,27.39,17.53,58.95,0.03,100.28,7.49,247.4,8.53,247.9,1.0399999999999991,9.100000000000001,0
2024-09-19 14:00:00,31.67,22.91,27.29,17.59,60.04,0.01,100.23,7.08,243.1,8.08,243.9,1.0,8.760000000000002,0
2024-09-19 15:00:00,31.16,23.13,27.14,17.85,62.7,0.01,100.22,6.84,236.0,7.84,237.0,1.0,8.030000000000001,0
2024-09-19 16:00:00,30.39,23.57,26.98,18.31,67.2,0.02,100.24,6.77,226.9,7.82,228.1,1.0500000000000007,6.82,0
2024-09-19 17:00:00,29.42,24.21,26.82,18.99,73.7,0.04,100.3,6.7,217.5,8.06,218.8,1.3600000000000003,5.210000000000001,0
2024-09-19 18:00:00,28.74,24.83,26.79,19.68,79.47,0.08,100.38,6.88,211.4,8.41,212.6,1.5300000000000002,3.91,0
2024-09-19 19:00:00,28.47,25.22,26.84,20.13,82.6,0.1,100.44,7.12,210.4,8.65,211.2,1.5300000000000002,3.25,0
2024-09-19 20:00:00,28.37,25.48,26.92,20.42,84.3,0.08,100.48,7.21,210.2,8.78,210.7,1.5699999999999994,2.8900000000000006,0
2024-09-19 21:00:00,28.31,25.6,26.95,20.56,85.19,0.08,100.51,7.23,210.9,8.87,211.3,1.6399999999999988,2.7099999999999973,0
2024-09-19 22:00:00,28.21,25.57,26.89,20.54,85.59,0.1,100.5,7.47,215.3,9.16,215.6,1.6900000000000004,2.6400000000000006,0
2024-09-19 23:00:00,28.08,25.45,26.77,20.39,85.56,0.07,100.43,7.92,221.6,9.68,221.7,1.7599999999999998,2.629999999999999,0
2024-09-20 00:00:00,27.99,25.3,26.64,20.23,85.27,0.07,100.35,8.13,227.2,9.93,227.2,1.799999999999999,2.6899999999999977,0
2024-09-20 01:00:00,27.95,25.13,26.54,20.03,84.58,0.06,100.28,8.1,232.9,9.91,232.8,1.8100000000000005,2.8200000000000003,0
2024-09-20 02:00:00,27.93,24.97,26.45,19.84,83.86,0.04,100.25,7.87,238.0,9.68,237.9,1.8099999999999996,2.960000000000001,0
2024-09-20 03:00:00,27.86,24.84,26.35,19.68,83.54,0.03,100.26,7.57,242.0,9.35,241.8,1.7799999999999994,3.0199999999999996,0
2024-09-20 04:00:00,27.79,24.73,26.26,19.54,83.33,0.02,100.31,7.2,244.8,8.95,244.5,1.7499999999999991,3.0599999999999987,0
2024-09-20 05:00:00,27.71,24.63,26.17,19.42,83.28,0.01,100.38,6.85,246.7,8.58,246.5,1.7300000000000004,3.080000000000002,0
2024-09-20 06:00:00,28.11,24.56,26.33,19.32,81.01,0.01,100.47,7.06,248.0,8.47,248.2,1.410000000000001,3.5500000000000007,0
2024-09-20 07:00:00,28.77,24.32,26.55,19.03,76.87,0.01,100.54,7.35,248.9,8.6,249.3,1.25,4.449999999999999,0
2024-09-20 08:00:00,29.52,24.03,26.78,18.71,72.43,0.01,100.6,7.31,248.7,8.39,249.0,1.080000000000001,5.489999999999998,0
2024-09-20 09:00:00,30.26,23.81,27.04,18.47,68.53,0.01,100.59,7.41,248.3,8.43,248.6,1.0199999999999996,6.450000000000003,0
2024-09-20 10:00:00,30.83,23.59,27.21,18.26,65.55,0.01,100.53,7.55,248.2,8.56,248.6,1.0100000000000007,7.239999999999998,0
2024-09-20 11:00:00,31.22,23.39,27.3,18.05,63.32,0.01,100.44,7.67,247.9,8.7,248.3,1.0299999999999994,7.829999999999998,0
2024-09-20 12:00:00,31.5,23.24,27.37,17.91,61.78,0.01,100.34,7.67,246.6,8.69,247.0,1.0199999999999996,8.260000000000002,0
2024-09-20 13:00:00,31.54,23.17,27.35,17.86,61.42,0.01,100.26,7.63,243.6,8.66,244.1,1.0300000000000002,8.369999999999997,0
2024-09-20 14:00:00,31.27,23.15,27.21,17.85,62.31,0.01,100.23,7.59,239.4,8.64,239.9,1.0500000000000007,8.120000000000001,0
2024-09-20 15:00:00,30.72,23.2,26.96,17.91,64.51,0.01,100.22,7.64,233.9,8.75,234.5,1.1100000000000003,7.52,0
2024-09-20 16:00:00,29.88,23.48,26.68,18.21,68.82,0.01,100.25,7.75,227.4,9.02,228.1,1.2699999999999996,6.399999999999999,0
2024-09-20 17:00:00,28.96,24.01,26.49,18.77,74.82,0.01,100.3,7.6,220.5,9.13,221.4,1.5300000000000011,4.949999999999999,0
2024-09-20 18:00:00,28.37,24.58,26.48,19.38,79.98,0.02,100.39,7.39,214.0,9.02,214.7,1.63,3.7900000000000027,0
2024-09-20 19:00:00,28.12,24.87,26.49,19.7,82.54,0.03,100.47,7.54,211.0,9.19,211.7,1.6499999999999995,3.25,0
2024-09-20 20:00:00,28.04,24.93,26.48,19.75,83.19,0.04,100.53,7.86,213.1,9.58,213.7,1.7199999999999998,3.1099999999999994,0
2024-09-20 21:00:00,28.02,24.84,26.43,19.62,82.76,0.01,100.55,8.15,218.2,9.97,218.8,1.8200000000000003,3.1799999999999997,0
2024-09-20 22:00:00,28.01,24.67,26.34,19.43,81.99,0.01,100.53,8.36,223.8,10.27,224.3,1.9100000000000001,3.34,0
2024-09-20 23:00:00,27.95,24.55,26.25,19.31,81.72,0.0,100.46,8.52,229.3,10.49,229.7,1.9700000000000006,3.3999999999999986,0
2024-09-21 00:00:00,27.87,24.48,26.17,19.23,81.7,0.0,100.37,8.67,234.4,10.68,234.8,2.01,3.3900000000000006,0
2024-09-21 01:00:00,27.78,24.38,26.08,19.14,81.7,0.0,100.31,8.76,239.0,10.79,239.3,2.0299999999999994,3.400000000000002,0
2024-09-21 02:00:00,27.7,24.31,26.01,19.07,81.76,0.0,100.28,8.9,243.1,11.03,243.4,2.129999999999999,3.3900000000000006,0
2024-09-21 03:00:00,27.73,24.21,25.97,18.97,81.2,0.0,100.29,9.23,247.1,11.43,247.4,2.1999999999999993,3.5199999999999996,0
2024-09-21 04:00:00,27.71,24.21,25.96,18.94,81.21,0.0,100.35,8.91,251.0,11.03,251.3,2.119999999999999,3.5,0
2024-09-21 05:00:00,27.7,24.23,25.96,18.96,81.42,0.0,100.43,8.4,254.5,10.45,254.9,2.049999999999999,3.469999999999999,0
2024-09-21 06:00:00,28.17,24.25,26.21,18.95,79.25,0.0,100.53,8.39,258.4,10.12,259.0,1.7299999999999986,3.9200000000000017,0
2024-09-21 07:00:00,28.86,24.11,26.48,18.78,75.54,0.0,100.63,8.42,262.6,9.89,263.3,1.4700000000000006,4.75,0
2024-09-21 08:00:00,29.52,23.86,26.69,18.5,71.68,0.01,100.69,8.11,265.3,9.38,265.9,1.2700000000000014,5.66,0
2024-09-21 09:00:00,30.2,23.54,26.87,18.16,67.68,0.0,100.68,7.68,265.8,8.77,266.4,1.0899999999999999,6.66,0
2024-09-21 10:00:00,30.97,23.17,27.07,17.78,63.39,0.0,100.62,7.28,264.5,8.24,265.1,0.96,7.799999999999997,0
2024-09-21 11:00:00,31.72,22.81,27.26,17.42,59.47,0.11,100.52,7.02,262.5,7.9,263.1,0.8800000000000008,8.91,1
2024-09-21 12:00:00,32.18,22.54,27.36,17.14,56.95,0.14,100.4,6.85,260.2,7.7,261.0,0.8500000000000005,9.64,1
2024-09-21 13:00:00,32.34,22.32,27.33,16.93,55.71,0.11,100.31,6.63,256.7,7.48,257.7,0.8500000000000005,10.020000000000003,1
2024-09-21 14:00:00,32.2,22.21,27.21,16.82,55.76,0.08,100.26,6.31,252.3,7.14,253.5,0.8300000000000001,9.990000000000002,0
2024-09-21 15:00:00,31.79,22.22,27.0,16.83,57.09,0.04,100.25,6.0,245.8,6.81,247.3,0.8099999999999996,9.57,0
2024-09-21 16:00:00,31.03,22.4,26.72,17.04,60.36,0.01,100.28,5.91,236.0,6.78,237.5,0.8700000000000001,8.630000000000003,0
2024-09-21 17:00:00,29.81,23.07,26.44,17.74,67.39,0.02,100.33,5.9,223.9,7.19,226.0,1.29,6.739999999999998,0
2024-09-21 18:00:00,28.86,23.96,26.41,18.7,75.05,0.03,100.39,6.24,215.7,7.71,217.3,1.4699999999999998,4.899999999999999,0
2024-09-21 19:00:00,28.44,24.67,26.55,19.49,80.16,0.09,100.46,6.36,213.4,7.77,214.4,1.4099999999999993,3.7699999999999996,0
2024-09-21 20:00:00,28.32,25.24,26.78,20.13,83.39,0.09,100.52,6.21,214.0,7.61,214.5,1.4000000000000004,3.080000000000002,0
2024-09-21 21:00:00,28.34,25.6,26.97,20.55,85.03,0.18,100.55,6.29,215.6,7.75,216.0,1.46,2.7399999999999984,1
2024-09-21 22:00:00,28.32,25.74,27.03,20.72,85.8,0.26,100.52,6.7,221.1,8.26,221.1,1.5599999999999996,2.580000000000002,1
2024-09-21 23:00:00,28.27,25.61,26.94,20.58,85.43,0.32,100.46,7.2,228.7,8.89,228.5,1.6900000000000004,2.66,1
2024-09-22 00:00:00,28.17,25.34,26.76,20.26,84.54,0.35,100.38,7.6,235.6,9.39,235.3,1.790000000000001,2.830000000000002,1
2024-09-22 01:00:00,28.05,25.1,26.57,19.97,83.88,0.39,100.32,7.75,240.8,9.58,240.5,1.83,2.9499999999999993,1
2024-09-22 02:00:00,27.92,24.88,26.4,19.73,83.49,0.33,100.3,7.68,244.6,9.5,244.4,1.8200000000000003,3.0400000000000027,1
2024-09-22 03:00:00,27.8,24.73,26.26,19.55,83.32,0.25,100.3,7.4,247.2,9.2,247.0,1.799999999999999,3.0700000000000003,1
2024-09-22 04:00:00,27.67,24.6,26.13,19.39,83.31,0.16,100.34,6.81,249.6,8.63,249.3,1.8200000000000012,3.0700000000000003,1
2024-09-22 05:00:00,27.55,24.52,26.04,19.29,83.52,0.12,100.4,6.2,252.1,8.01,251.7,1.8099999999999996,3.030000000000001,1
2024-09-22 06:00:00,28.09,24.5,26.3,19.23,80.75,0.06,100.49,6.36,254.0,7.57,254.4,1.21,3.59,0
2024-09-22 07:00:00,28.99,24.25,26.62,18.95,75.59,0.05,100.55,6.78,257.3,7.85,258.4,1.0699999999999994,4.739999999999998,0
2024-09-22 08:00:00,29.72,23.85,26.78,18.52,70.88,0.06,100.6,6.72,258.6,7.64,259.7,0.9199999999999999,5.869999999999997,0
2024-09-22 09:00:00,30.28,23.49,26.89,18.12,67.17,0.05,100.59,6.62,257.3,7.46,258.3,0.8399999999999999,6.790000000000003,0
2024-09-22 10:00:00,30.89,23.18,27.04,17.81,63.73,0.02,100.54,6.6,254.3,7.37,255.2,0.7700000000000005,7.710000000000001,0
2024-09-22 11:00:00,31.66,22.87,27.26,17.49,59.86,0.03,100.44,6.6,249.5,7.35,250.4,0.75,8.79,0
2024-09-22 12:00:00,32.14,22.62,27.38,17.27,57.46,0.02,100.32,6.7,244.2,7.47,245.0,0.7699999999999996,9.52,0
2024-09-22 13:00:00,32.21,22.49,27.35,17.14,56.75,0.01,100.22,6.99,238.6,7.82,239.4,0.8300000000000001,9.720000000000002,0
2024-09-22 14:00:00,31.84,22.42,27.13,17.1,57.79,0.0,100.17,7.42,232.7,8.38,233.5,0.9600000000000009,9.419999999999998,0
2024-09-22 15:00:00,31.05,22.59,26.82,17.3,61.13,0.0,100.16,7.92,226.5,9.08,227.4,1.1600000000000001,8.46,0
2024-09-22 16:00:00,30.09,23.12,26.61,17.85,66.63,0.02,100.19,8.29,220.3,9.69,221.2,1.4000000000000004,6.969999999999999,0
2024-09-22 17:00:00,29.16,23.91,26.53,18.68,73.58,0.08,100.26,8.4,215.6,10.08,216.4,1.6799999999999997,5.25,0
2024-09-22 18:00:00,28.63,24.63,26.63,19.47,79.1,0.21,100.33,8.45,213.9,10.27,214.6,1.8200000000000003,4.0,1
2024-09-22 19:00:00,28.43,24.99,26.71,19.87,81.7,0.29,100.4,8.72,216.5,10.65,217.0,1.9299999999999997,3.4400000000000013,1
2024-09-22 20:00:00,28.32,25.05,26.68,19.92,82.47,0.41,100.45,8.84,221.8,10.85,222.2,2.01,3.2699999999999996,1
2024-09-22 21:00:00,28.19,24.97,26.58,19.81,82.66,0.55,100.47,8.84,227.2,10.87,227.5,2.0299999999999994,3.2200000000000024,1
2024-09-22 22:00:00,28.1,24.93,26.51,19.75,82.82,0.67,100.44,8.76,231.6,10.8,231.7,2.040000000000001,3.1700000000000017,1
2024-09-22 23:00:00,27.98,24.94,26.46,19.79,83.52,0.61,100.38,8.78,234.6,10.85,234.8,2.0700000000000003,3.039999999999999,1
2024-09-23 00:00:00,27.91,24.93,26.42,19.79,83.79,0.82,100.3,8.97,237.2,11.1,237.5,2.129999999999999,2.9800000000000004,1
2024-09-23 01:00:00,27.84,24.95,26.4,19.82,84.2,0.99,100.23,9.02,239.6,11.13,239.8,2.110000000000001,2.8900000000000006,1
2024-09-23 02:00:00,27.79,24.99,26.39,19.88,84.68,0.93,100.2,8.84,240.9,10.95,241.2,2.1099999999999994,2.8000000000000007,1
2024-09-23 03:00:00,27.8,24.95,26.38,19.84,84.48,0.9,100.23,8.64,241.1,10.74,241.5,2.0999999999999996,2.8500000000000014,1
2024-09-23 04:00:00,27.82,24.93,26.38,19.79,84.21,0.77,100.27,8.35,240.8,10.44,241.2,2.09,2.8900000000000006,1
2024-09-23 05:00:00,27.83,24.92,26.38,19.78,84.19,0.53,100.35,8.08,241.1,10.13,241.4,2.0500000000000007,2.9099999999999966,1
2024-09-23 06:00:00,28.33,24.9,26.62,19.72,81.59,0.54,100.43,8.37,241.3,10.11,241.8,1.7400000000000002,3.4299999999999997,1
2024-09-23 07:00:00,29.18,24.65,26.92,19.43,76.58,0.7,100.49,8.82,242.9,10.41,243.6,1.5899999999999999,4.530000000000001,1
2024-09-23 08:00:00,30.02,24.4,27.21,19.15,71.95,0.64,100.52,8.94,245.4,10.41,246.0,1.4700000000000006,5.620000000000001,1
2024-09-23 09:00:00,30.79,24.18,27.48,18.91,68.0,0.66,100.53,8.98,248.4,10.35,249.1,1.3699999999999992,6.609999999999999,1
2024-09-23 10:00:00,31.5,23.93,27.71,18.62,64.29,0.74,100.48,8.89,250.7,10.22,251.3,1.33,7.57,1
2024-09-23 11:00:00,32.02,23.63,27.83,18.31,61.34,0.03,100.39,8.76,250.9,10.07,251.5,1.3100000000000005,8.390000000000004,0
2024-09-23 12:00:00,32.33,23.41,27.87,18.11,59.56,0.03,100.29,8.58,248.5,9.89,249.3,1.3100000000000005,8.919999999999998,0
2024-09-23 13:00:00,32.19,23.38,27.79,18.1,59.95,0.03,100.21,8.37,244.3,9.7,245.4,1.33,8.809999999999999,0
2024-09-23 14:00:00,31.53,23.55,27.54,18.29,62.84,0.03,100.14,8.18,238.4,9.59,239.6,1.4100000000000001,7.98,0
2024-09-23 15:00:00,30.79,24.0,27.39,18.81,67.38,0.03,100.13,8.27,229.6,9.8,230.8,1.5300000000000011,6.789999999999999,0
2024-09-23 16:00:00,30.06,24.57,27.32,19.45,72.64,0.05,100.16,8.67,221.2,10.3,222.4,1.6300000000000008,5.489999999999998,0
2024-09-23 17:00:00,29.4,25.0,27.2,19.93,77.34,0.04,100.23,8.87,216.1,10.66,217.0,1.790000000000001,4.399999999999999,0
2024-09-23 18:00:00,29.0,25.35,27.17,20.33,80.78,0.04,100.31,8.75,214.7,10.7,215.5,1.9499999999999993,3.6499999999999986,0
2024-09-23 19:00:00,28.95,25.48,27.21,20.46,81.59,0.05,100.38,9.04,217.5,11.12,218.4,2.08,3.469999999999999,0
2024-09-23 20:00:00,28.95,25.47,27.21,20.43,81.51,0.06,100.43,9.18,221.7,11.33,222.5,2.1500000000000004,3.4800000000000004,0
2024-09-23 21:00:00,28.88,25.39,27.14,20.31,81.38,0.07,100.45,9.26,225.6,11.46,226.2,2.200000000000001,3.4899999999999984,0
2024-09-23 22:00:00,28.74,25.24,26.99,20.14,81.35,0.1,100.44,9.44,229.9,11.65,230.4,2.210000000000001,3.5,0
2024-09-23 23:00:00,28.59,25.14,26.87,20.03,81.59,0.09,100.4,9.37,234.6,11.55,235.2,2.1800000000000015,3.4499999999999993,0
2024-09-24 00:00:00,28.42,25.07,26.74,19.96,82.05,0.08,100.32,9.34,239.2,11.45,239.6,2.1099999999999994,3.3500000000000014,0
2024-09-24 01:00:00,28.26,25.01,26.64,19.9,82.5,0.06,100.24,9.36,242.4,11.47,242.7,2.110000000000001,3.25,0
2024-09-24 02:00:00,28.16,24.97,26.56,19.85,82.75,0.04,100.21,9.17,244.0,11.28,244.4,2.1099999999999994,3.1900000000000013,0
2024-09-24 03:00:00,28.11,24.89,26.5,19.76,82.63,0.02,100.22,9.03,244.1,11.1,244.4,2.0700000000000003,3.219999999999999,0
2024-09-24 04:00:00,28.09,24.82,26.46,19.68,82.42,0.0,100.25,8.83,244.1,10.88,244.5,2.0500000000000007,3.2699999999999996,0
2024-09-24 05:00:00,28.1,24.79,26.44,19.63,82.22,0.01,100.31,8.52,244.0,10.52,244.3,2.0,3.3100000000000023,0
2024-09-24 06:00:00,28.45,24.76,26.61,19.59,80.45,0.03,100.38,8.44,243.5,10.22,244.0,1.7800000000000011,3.6899999999999977,0
2024-09-24 07:00:00,29.13,24.57,26.85,19.35,76.47,0.06,100.46,8.64,244.0,10.22,244.6,1.58,4.559999999999999,0
2024-09-24 08:00:00,29.88,24.26,27.07,19.0,71.96,0.24,100.5,8.69,243.2,10.12,243.8,1.4299999999999997,5.619999999999997,1
2024-09-24 09:00:00,30.63,23.98,27.3,18.69,67.82,0.16,100.5,8.92,241.8,10.3,242.3,1.3800000000000008,6.649999999999999,1
2024-09-24 10:00:00,31.23,23.76,27.49,18.46,64.71,0.1,100.45,9.1,240.5,10.49,240.8,1.3900000000000006,7.469999999999999,0
2024-09-24 11:00:00,31.78,23.61,27.7,18.31,62.17,1.16,100.37,9.32,239.0,10.75,239.3,1.4299999999999997,8.170000000000002,1
2024-09-24 12:00:00,32.05,23.48,27.76,18.2,60.8,0.59,100.26,9.7,236.8,11.23,237.0,1.5300000000000011,8.569999999999997,1
2024-09-24 13:00:00,31.99,23.45,27.72,18.19,60.91,0.14,100.17,10.09,233.2,11.73,233.6,1.6400000000000006,8.54,1
2024-09-24 14:00:00,31.61,23.62,27.61,18.39,62.87,0.05,100.11,10.2,229.8,11.91,230.3,1.7100000000000009,7.989999999999998,0
2024-09-24 15:00:00,30.98,23.94,27.46,18.75,66.42,0.05,100.09,10.21,226.6,11.98,227.2,1.7699999999999996,7.039999999999999,0
2024-09-24 16:00:00,30.19,24.3,27.24,19.14,70.94,0.07,100.13,10.21,223.6,12.11,224.3,1.8999999999999986,5.890000000000001,0
2024-09-24 17:00:00,29.29,24.73,27.01,19.62,76.6,0.29,100.18,10.0,220.6,12.08,221.2,2.08,4.559999999999999,1
2024-09-24 18:00:00,28.76,25.16,26.96,20.1,80.96,0.41,100.27,9.76,218.1,11.91,218.8,2.1500000000000004,3.6000000000000014,1
2024-09-24 19:00:00,28.57,25.37,26.97,20.33,82.85,0.45,100.35,9.74,219.1,11.89,219.8,2.1500000000000004,3.1999999999999993,1
2024-09-24 20:00:00,28.48,25.44,26.96,20.39,83.57,0.41,100.39,9.71,223.2,11.87,223.9,2.1599999999999984,3.039999999999999,1
2024-09-24 21:00:00,28.45,25.43,26.94,20.38,83.69,0.35,100.42,9.53,228.2,11.68,228.7,2.1500000000000004,3.0199999999999996,1
2024-09-24 22:00:00,28.44,25.4,26.92,20.33,83.52,0.44,100.4,9.28,232.6,11.41,232.9,2.130000000000001,3.0400000000000027,1
2024-09-24 23:00:00,28.41,25.32,26.86,20.25,83.31,0.51,100.37,8.89,235.4,10.99,235.7,2.0999999999999996,3.09,1
2024-09-25 00:00:00,28.35,25.22,26.78,20.13,83.07,0.57,100.31,8.57,237.2,10.59,237.4,2.0199999999999996,3.1300000000000026,1
2024-09-25 01:00:00,28.28,25.1,26.69,20.01,82.85,0.59,100.23,8.25,238.7,10.25,238.9,2.0,3.1799999999999997,1
2024-09-25 02:00:00,28.18,25.04,26.61,19.94,83.02,0.58,100.19,7.85,238.6,9.83,238.9,1.9800000000000004,3.1400000000000006,1
2024-09-25 03:00:00,28.06,25.01,26.54,19.9,83.44,0.51,100.21,7.44,238.1,9.39,238.4,1.9500000000000002,3.049999999999997,1
2024-09-25 04:00:00,27.94,25.01,26.48,19.9,84.07,0.48,100.25,6.93,238.2,8.8,238.2,1.870000000000001,2.9299999999999997,1
2024-09-25 05:00:00,27.87,25.02,26.45,19.88,84.41,0.46,100.35,6.42,238.8,8.27,238.7,1.8499999999999996,2.8500000000000014,1
2024-09-25 06:00:00,28.4,25.06,26.73,19.91,82.05,0.46,100.45,6.66,239.6,8.0,239.8,1.3399999999999999,3.34,1
2024-09-25 07:00:00,29.21,24.82,27.02,19.63,77.25,0.44,100.52,7.35,241.9,8.66,242.5,1.3100000000000005,4.390000000000001,1
2024-09-25 08:00:00,29.87,24.49,27.18,19.25,72.98,0.3,100.57,7.58,243.9,8.8,244.5,1.2200000000000006,5.380000000000003,1
2024-09-25 09:00:00,30.43,24.22,27.32,18.95,69.59,0.2,100.57,7.71,245.5,8.91,246.0,1.2000000000000002,6.210000000000001,1
2024-09-25 10:00:00,30.89,23.94,27.42,18.64,66.66,0.19,100.52,7.65,245.6,8.82,246.1,1.17,6.949999999999999,1
2024-09-25 11:00:00,31.34,23.67,27.51,18.36,63.95,0.01,100.44,7.38,243.9,8.49,244.5,1.1100000000000003,7.669999999999998,0
2024-09-25 12:00:00,31.76,23.41,27.58,18.11,61.55,0.01,100.34,7.02,240.2,8.05,240.8,1.0300000000000011,8.350000000000001,0
2024-09-25 13:00:00,31.7,23.3,27.5,18.02,61.39,0.01,100.23,7.02,234.7,8.09,235.4,1.0700000000000003,8.399999999999999,0
2024-09-25 14:00:00,31.23,23.42,27.32,18.18,63.54,0.02,100.14,7.44,229.0,8.66,229.7,1.2199999999999998,7.809999999999999,0
2024-09-25 15:00:00,30.75,23.79,27.27,18.6,66.78,0.03,100.12,7.65,220.5,8.94,221.4,1.2899999999999991,6.960000000000001,0
2024-09-25 16:00:00,30.26,24.2,27.23,19.07,70.41,0.05,100.15,7.71,210.7,9.04,211.6,1.3299999999999992,6.060000000000002,0
2024-09-25 17:00:00,29.47,24.67,27.07,19.59,75.71,0.06,100.2,7.58,203.7,9.16,204.7,1.58,4.799999999999997,0
2024-09-25 18:00:00,28.89,25.17,27.03,20.13,80.49,0.07,100.28,7.54,201.2,9.15,201.9,1.6100000000000003,3.719999999999999,0
2024-09-25 19:00:00,28.62,25.55,27.08,20.56,83.54,0.09,100.35,7.58,203.1,9.14,203.8,1.5600000000000005,3.0700000000000003,0
2024-09-25 20:00:00,28.47,25.81,27.14,20.86,85.54,0.11,100.42,7.55,209.4,9.12,209.9,1.5699999999999994,2.66,1
2024-09-25 21:00:00,28.45,25.89,27.17,20.94,85.99,0.1,100.46,7.49,217.2,9.06,217.4,1.5700000000000003,2.5599999999999987,0
2024-09-25 22:00:00,28.4,25.89,27.15,20.93,86.2,0.1,100.45,7.38,223.5,8.92,223.5,1.54,2.509999999999998,0
2024-09-25 23:00:00,28.35,25.73,27.04,20.74,85.62,0.07,100.39,7.49,231.0,9.07,231.0,1.58,2.620000000000001,0
2024-09-26 00:00:00,28.3,25.5,26.9,20.47,84.69,0.05,100.3,7.67,238.7,9.3,238.6,1.6300000000000008,2.8000000000000007,0
2024-09-26 01:00:00,28.24,25.31,26.77,20.26,84.06,0.04,100.22,7.7,244.3,9.35,244.3,1.6499999999999995,2.9299999999999997,0
2024-09-26 02:00:00,28.14,25.17,26.65,20.1,83.86,0.02,100.18,7.19,246.7,8.83,246.6,1.6399999999999997,2.969999999999999,0
2024-09-26 03:00:00,28.05,25.03,26.54,19.93,83.6,0.02,100.19,6.36,246.5,7.93,246.1,1.5699999999999994,3.0199999999999996,0
2024-09-26 04:00:00,27.94,24.94,26.44,19.8,83.64,0.02,100.24,5.65,244.7,7.22,243.9,1.5699999999999994,3.0,0
2024-09-26 05:00:00,27.87,24.87,26.37,19.71,83.69,0.02,100.34,5.0,241.8,6.57,240.7,1.5700000000000003,3.0,0
2024-09-26 06:00:00,28.35,24.83,26.59,19.64,81.19,0.02,100.46,5.08,240.3,6.04,240.7,0.96,3.520000000000003,0
2024-09-26 07:00:00,29.13,24.61,26.87,19.36,76.57,0.02,100.54,5.29,245.3,6.05,246.4,0.7599999999999998,4.52,0
2024-09-26 08:00:00,29.92,24.3,27.11,19.01,71.89,0.03,100.58,5.21,249.8,5.83,250.9,0.6200000000000001,5.620000000000001,0
2024-09-26 09:00:00,30.81,24.01,27.41,18.7,67.21,0.03,100.57,5.28,253.3,5.83,254.2,0.5499999999999998,6.799999999999997,0
2024-09-26 10:00:00,31.53,23.74,27.64,18.43,63.55,0.03,100.5,5.12,255.4,5.64,256.0,0.5199999999999996,7.790000000000003,0
2024-09-26 11:00:00,31.98,23.49,27.73,18.18,61.06,0.69,100.41,4.93,255.5,5.39,255.8,0.45999999999999996,8.490000000000002,1
2024-09-26 12:00:00,32.16,23.27,27.71,17.96,59.65,0.64,100.3,4.93,252.2,5.4,252.0,0.47000000000000064,8.889999999999997,1
2024-09-26 13:00:00,32.19,23.11,27.65,17.8,58.97,0.55,100.2,4.95,247.4,5.45,247.2,0.5,9.079999999999998,1
2024-09-26 14:00:00,31.92,23.01,27.46,17.71,59.55,0.54,100.16,4.83,243.5,5.34,243.4,0.5099999999999998,8.91,1
2024-09-26 15:00:00,31.43,23.01,27.22,17.72,61.27,0.6,100.17,4.58,236.1,5.12,236.2,0.54,8.419999999999998,1
2024-09-26 16:00:00,30.79,23.26,27.02,17.97,64.47,0.84,100.23,4.39,223.6,5.06,224.2,0.6699999999999999,7.529999999999998,1
2024-09-26 17:00:00,29.81,24.04,26.92,18.8,71.35,1.01,100.29,4.16,209.4,5.49,211.9,1.33,5.77,1
2024-09-26 18:00:00,29.17,24.58,26.88,19.4,76.42,1.1,100.37,4.54,199.8,6.07,202.3,1.5300000000000002,4.590000000000003,1
2024-09-26 19:00:00,28.84,24.98,26.91,19.85,79.73,0.81,100.44,4.89,194.1,6.44,196.0,1.5500000000000007,3.8599999999999994,1
2024-09-26 20:00:00,28.57,25.29,26.93,20.19,82.41,0.85,100.5,5.3,190.3,6.76,191.4,1.46,3.280000000000001,1
2024-09-26 21:00:00,28.35,25.52,26.93,20.46,84.6,0.87,100.53,5.41,188.7,6.8,189.6,1.3899999999999997,2.830000000000002,1
2024-09-26 22:00:00,28.19,25.65,26.92,20.63,86.1,0.88,100.54,5.27,188.9,6.6,189.3,1.33,2.5400000000000027,1
2024-09-26 23:00:00,28.07,25.72,26.89,20.72,87.03,1.0,100.49,5.18,193.0,6.46,193.2,1.2800000000000002,2.3500000000000014,1
2024-09-27 00:00:00,27.96,25.74,26.85,20.76,87.69,1.43,100.41,5.15,202.2,6.42,202.2,1.2699999999999996,2.2200000000000024,1
2024-09-27 01:00:00,27.83,25.74,26.79,20.76,88.27,2.35,100.32,5.03,216.2,6.33,215.8,1.2999999999999998,2.09,1
2024-09-27 02:00:00,27.74,25.67,26.7,20.7,88.44,2.44,100.26,4.59,230.1,5.91,228.2,1.3200000000000003,2.0699999999999967,1
2024-09-27 03:00:00,27.66,25.56,26.61,20.56,88.26,2.42,100.26,3.74,244.3,5.01,239.1,1.2699999999999996,2.1000000000000014,1
2024-09-27 04:00:00,27.6,25.39,26.49,20.34,87.68,2.61,100.32,2.83,260.8,3.79,251.4,0.96,2.210000000000001,1
2024-09-27 05:00:00,27.6,25.25,26.42,20.14,86.91,2.03,100.41,2.02,277.7,2.7,262.6,0.6800000000000002,2.3500000000000014,1
2024-09-27 06:00:00,28.16,25.22,26.69,20.08,83.96,1.72,100.52,1.44,280.8,1.73,271.7,0.29000000000000004,2.9400000000000013,1
2024-09-27 07:00:00,28.85,24.99,26.92,19.78,79.55,2.0,100.62,1.54,296.6,1.81,297.3,0.27,3.860000000000003,1
2024-09-27 08:00:00,29.71,24.32,27.02,18.99,72.77,2.29,100.7,2.38,316.7,2.68,317.6,0.30000000000000027,5.390000000000001,1
2024-09-27 09:00:00,30.62,23.66,27.14,18.27,66.5,1.96,100.72,3.04,326.3,3.35,327.1,0.31000000000000005,6.960000000000001,1
2024-09-27 10:00:00,31.25,23.19,27.22,17.77,62.4,1.97,100.7,3.33,329.5,3.62,330.4,0.29000000000000004,8.059999999999999,1
2024-09-27 11:00:00,31.56,22.85,27.2,17.41,60.03,8.54,100.62,3.42,329.8,3.71,330.8,0.29000000000000004,8.709999999999997,1
2024-09-27 12:00:00,31.66,22.48,27.07,17.02,58.31,7.79,100.52,3.22,324.5,3.48,325.5,0.2599999999999998,9.18,1
2024-09-27 13:00:00,31.64,22.09,26.87,16.64,57.03,5.73,100.42,2.84,315.1,3.06,316.6,0.2200000000000002,9.55,1
2024-09-27 14:00:00,31.38,21.71,26.55,16.25,56.51,4.65,100.37,2.29,304.7,2.48,306.6,0.18999999999999995,9.669999999999998,1
2024-09-27 15:00:00,31.05,21.46,26.26,16.0,56.7,3.5,100.36,1.62,288.3,1.76,291.6,0.1399999999999999,9.59,1
2024-09-27 16:00:00,30.63,21.53,26.08,16.06,58.31,3.08,100.4,1.23,250.5,1.31,255.4,0.08000000000000007,9.099999999999998,1
2024-09-27 17:00:00,29.81,23.09,26.45,17.71,67.36,1.81,100.46,1.52,208.8,1.79,219.6,0.27,6.719999999999999,1
2024-09-27 18:00:00,29.27,23.91,26.59,18.57,72.88,1.79,100.53,2.16,197.8,2.6,205.8,0.43999999999999995,5.359999999999999,1
2024-09-27 19:00:00,28.99,24.15,26.57,18.82,75.1,1.83,100.59,2.67,193.0,3.21,198.9,0.54,4.84,1
2024-09-27 20:00:00,28.67,24.31,26.49,18.99,77.23,2.33,100.65,3.05,192.5,3.71,196.3,0.6600000000000001,4.360000000000003,1
2024-09-27 21:00:00,28.25,24.49,26.37,19.2,80.01,4.39,100.66,3.31,194.3,4.09,196.4,0.7799999999999998,3.7600000000000016,1
2024-09-27 22:00:00,27.85,24.76,26.3,19.52,83.24,8.96,100.65,3.41,199.0,4.31,199.8,0.8999999999999995,3.09,1
2024-09-27 23:00:00,27.49,24.91,26.2,19.71,85.79,12.87,100.6,3.33,204.6,4.36,204.7,1.0300000000000002,2.5799999999999983,1
2024-09-28 00:00:00,27.19,24.99,26.09,19.8,87.65,12.16,100.54,3.15,209.2,4.28,209.3,1.1300000000000003,2.200000000000003,1
2024-09-28 01:00:00,26.99,25.03,26.01,19.86,88.89,7.54,100.47,2.9,212.8,4.03,212.7,1.1300000000000003,1.9599999999999973,1
2024-09-28 02:00:00,26.84,24.99,25.92,19.82,89.47,4.5,100.44,2.5,214.9,3.53,215.1,1.0299999999999998,1.8500000000000014,1
2024-09-28 03:00:00,26.73,24.84,25.79,19.65,89.29,2.73,100.44,2.03,217.0,2.87,217.1,0.8400000000000003,1.8900000000000006,1
2024-09-28 04:00:00,26.65,24.63,25.64,19.4,88.62,2.02,100.49,1.54,217.1,2.13,216.6,0.5899999999999999,2.0199999999999996,1
2024-09-28 05:00:00,26.65,24.4,25.53,19.11,87.37,2.28,100.56,0.9,213.2,1.26,213.1,0.36,2.25,1
2024-09-28 06:00:00,27.47,24.52,25.99,19.23,83.85,1.8,100.64,0.14,188.1,0.24,204.4,0.09999999999999998,2.9499999999999993,1
2024-09-28 07:00:00,28.71,23.69,26.2,18.3,74.33,1.38,100.71,1.01,49.4,1.1,52.0,0.09000000000000008,5.02,1
2024-09-28 08:00:00,30.09,23.12,26.61,17.66,66.3,1.08,100.76,1.87,52.8,2.03,55.2,0.1599999999999997,6.969999999999999,1
2024-09-28 09:00:00,31.27,22.8,27.04,17.32,60.81,0.73,100.76,2.38,50.6,2.59,53.2,0.20999999999999996,8.469999999999999,1
2024-09-28 10:00:00,32.16,22.59,27.38,17.11,57.08,0.46,100.7,2.72,45.7,3.0,48.7,0.2799999999999998,9.569999999999997,1
2024-09-28 11:00:00,32.85,22.37,27.61,16.92,54.25,0.28,100.59,3.06,40.5,3.39,43.9,0.33000000000000007,10.48,1
2024-09-28 12:00:00,33.31,22.25,27.78,16.85,52.59,0.24,100.47,3.37,37.7,3.76,41.0,0.3899999999999997,11.060000000000002,1
2024-09-28 13:00:00,33.46,22.2,27.83,16.84,52.06,0.35,100.36,3.63,39.1,4.1,42.1,0.46999999999999975,11.260000000000002,1
2024-09-28 14:00:00,33.29,22.16,27.72,16.82,52.47,0.46,100.31,3.84,42.6,4.43,44.8,0.5899999999999999,11.129999999999999,1
2024-09-28 15:00:00,32.7,22.15,27.43,16.82,54.23,0.44,100.3,4.11,47.8,4.86,49.0,0.75,10.550000000000004,1
2024-09-28 16:00:00,31.97,22.29,27.13,16.94,56.93,0.55,100.35,4.49,53.1,5.53,54.0,1.04,9.68,1
2024-09-28 17:00:00,30.87,22.85,26.86,17.47,62.54,0.57,100.44,4.75,56.8,6.29,58.1,1.54,8.02,1
2024-09-28 18:00:00,29.99,23.49,26.74,18.11,68.22,0.43,100.55,5.36,62.7,6.9,63.8,1.54,6.5,1
2024-09-28 19:00:00,29.38,24.05,26.71,18.72,73.1,0.55,100.67,5.78,69.7,7.24,70.6,1.46,5.329999999999998,1
2024-09-28 20:00:00,28.89,24.54,26.71,19.25,77.37,0.47,100.75,5.92,75.6,7.33,76.4,1.4100000000000001,4.350000000000001,1
2024-09-28 21:00:00,28.45,24.89,26.67,19.65,81.02,0.42,100.78,5.87,79.6,7.26,80.0,1.3899999999999997,3.5599999999999987,1
2024-09-28 22:00:00,28.12,25.14,26.63,19.95,83.81,0.45,100.75,5.49,81.1,6.81,81.0,1.3199999999999994,2.9800000000000004,1
2024-09-28 23:00:00,27.88,25.32,26.6,20.18,85.89,0.53,100.67,5.0,79.5,6.26,79.1,1.2599999999999998,2.5599999999999987,1
2024-09-29 00:00:00,27.71,25.45,26.58,20.35,87.39,0.62,100.58,4.48,75.0,5.67,74.3,1.1899999999999995,2.2600000000000016,1
2024-09-29 01:00:00,27.65,25.56,26.61,20.5,88.26,0.82,100.49,4.23,68.8,5.4,68.4,1.17,2.09,1
2024-09-29 02:00:00,27.67,25.69,26.68,20.68,88.89,1.0,100.45,4.16,66.5,5.28,66.9,1.12,1.9800000000000004,1
2024-09-29 03:00:00,27.64,25.81,26.73,20.83,89.68,1.18,100.46,4.01,67.9,5.2,69.1,1.1900000000000004,1.8300000000000018,1
2024-09-29 04:00:00,27.57,25.89,26.73,20.91,90.44,1.17,100.51,4.01,72.9,5.29,75.2,1.2800000000000002,1.6799999999999997,1
2024-09-29 05:00:00,27.53,25.89,26.71,20.9,90.69,1.43,100.6,4.08,81.4,5.41,84.3,1.33,1.6400000000000006,1
2024-09-29 06:00:00,27.98,25.71,26.85,20.65,87.38,1.59,100.7,4.74,95.3,5.6,97.4,0.8599999999999994,2.2699999999999996,1
2024-09-29 07:00:00,28.82,24.99,26.9,19.77,79.79,1.93,100.79,5.41,109.8,6.22,110.7,0.8099999999999996,3.830000000000002,1
2024-09-29 08:00:00,29.7,24.29,26.99,18.97,72.84,1.97,100.85,5.44,114.9,6.16,115.3,0.7199999999999998,5.41,1
2024-09-29 09:00:00,30.73,23.79,27.26,18.4,66.62,1.82,100.84,5.23,114.2,5.92,114.4,0.6899999999999995,6.940000000000001,1
2024-09-29 10:00:00,31.6,23.36,27.48,17.92,61.72,2.06,100.76,4.93,112.4,5.62,112.7,0.6900000000000004,8.240000000000002,1
2024-09-29 11:00:00,32.16,22.99,27.57,17.55,58.51,5.44,100.65,4.67,109.9,5.37,110.6,0.7000000000000002,9.169999999999998,1
2024-09-29 12:00:00,32.46,22.87,27.67,17.45,57.14,3.59,100.53,4.38,105.6,5.15,106.9,0.7700000000000005,9.59,1
2024-09-29 13:00:00,32.61,22.83,27.72,17.44,56.56,2.42,100.43,4.13,100.9,4.95,102.5,0.8200000000000003,9.780000000000001,1
2024-09-29 14:00:00,32.6,22.94,27.77,17.57,56.98,1.52,100.37,3.87,98.3,4.74,100.1,0.8700000000000001,9.66,1
2024-09-29 15:00:00,32.43,23.17,27.8,17.83,58.37,0.86,100.37,3.69,98.9,4.63,100.2,0.94,9.259999999999998,1
2024-09-29 16:00:00,31.92,23.36,27.64,18.04,60.8,0.88,100.41,3.56,99.0,4.62,100.0,1.06,8.560000000000002,1
2024-09-29 17:00:00,30.84,23.76,27.3,18.43,66.08,1.08,100.49,3.02,96.5,4.64,96.8,1.6199999999999997,7.079999999999998,1
2024-09-29 18:00:00,29.99,24.11,27.05,18.78,70.75,2.04,100.6,3.37,95.5,4.98,96.1,1.6100000000000003,5.879999999999999,1
2024-09-29 19:00:00,29.39,24.43,26.91,19.13,74.66,2.33,100.69,3.81,98.9,5.17,99.4,1.3599999999999999,4.960000000000001,1
2024-09-29 20:00:00,28.88,24.8,26.84,19.56,78.66,3.36,100.77,4.04,102.3,5.31,102.5,1.2699999999999996,4.079999999999998,1
2024-09-29 21:00:00,28.47,24.99,26.73,19.77,81.43,5.35,100.8,4.14,106.3,5.4,106.6,1.2600000000000007,3.4800000000000004,1
2024-09-29 22:00:00,28.07,25.08,26.58,19.88,83.79,7.17,100.78,4.13,112.0,5.41,112.2,1.2800000000000002,2.990000000000002,1
2024-09-29 23:00:00,27.69,25.14,26.42,19.95,85.91,9.23,100.72,4.07,116.8,5.32,116.7,1.25,2.5500000000000007,1
2024-09-30 00:00:00,27.35,25.15,26.25,19.98,87.7,10.2,100.64,3.98,120.5,5.17,120.4,1.19,2.200000000000003,1
2024-09-30 01:00:00,27.09,25.13,26.11,19.97,88.94,10.68,100.57,3.99,121.9,5.16,121.9,1.17,1.9600000000000009,1
2024-09-30 02:00:00,26.89,25.06,25.98,19.89,89.61,9.8,100.54,3.85,121.8,5.04,122.0,1.19,1.8300000000000018,1
2024-09-30 03:00:00,26.71,24.94,25.83,19.75,89.94,7.33,100.56,3.45,120.1,4.72,120.4,1.2699999999999996,1.7699999999999996,1
2024-09-30 04:00:00,26.55,24.81,25.68,19.58,90.07,6.92,100.61,3.07,118.1,4.38,118.7,1.31,1.740000000000002,1
2024-09-30 05:00:00,26.44,24.68,25.56,19.41,89.95,5.26,100.69,2.84,115.4,4.11,116.1,1.2700000000000005,1.7600000000000016,1
2024-09-30 06:00:00,26.95,24.67,25.81,19.37,87.19,3.68,100.78,3.32,112.7,3.86,113.2,0.54,2.2799999999999976,1
2024-09-30 07:00:00,27.74,24.29,26.01,18.92,81.4,4.96,100.86,3.5,109.2,3.92,109.4,0.41999999999999993,3.4499999999999993,1
2024-09-30 08:00:00,29.08,23.66,26.37,18.22,72.58,5.57,100.91,3.59,104.3,3.97,104.1,0.38000000000000034,5.419999999999998,1
2024-09-30 09:00:00,30.32,23.13,26.73,17.64,65.45,7.63,100.9,3.55,98.3,3.95,98.3,0.40000000000000036,7.190000000000001,1
2024-09-30 10:00:00,31.28,22.7,26.99,17.21,60.42,10.17,100.81,3.41,89.3,3.84,90.1,0.4299999999999997,8.580000000000002,1
2024-09-30 11:00:00,31.9,22.34,27.12,16.83,56.99,7.96,100.69,3.34,77.9,3.77,79.8,0.43000000000000016,9.559999999999999,1
2024-09-30 12:00:00,32.21,22.21,27.21,16.73,55.61,7.68,100.58,3.41,68.7,3.83,71.3,0.41999999999999993,10.0,1
2024-09-30 13:00:00,32.2,22.34,27.27,16.87,56.04,5.64,100.48,3.53,64.5,3.98,67.1,0.4500000000000002,9.860000000000003,1
2024-09-30 14:00:00,31.86,22.43,27.14,16.99,57.5,3.75,100.43,3.57,64.7,4.07,66.7,0.5000000000000004,9.43,1
2024-09-30 15:00:00,31.58,22.55,27.07,17.12,58.86,2.68,100.42,3.7,67.8,4.25,69.5,0.5499999999999998,9.029999999999998,1
2024-09-30 16:00:00,31.07,22.73,26.9,17.3,61.24,1.88,100.45,3.79,72.8,4.52,74.5,0.7299999999999995,8.34,1
2024-09-30 17:00:00,30.15,23.32,26.74,17.92,66.87,0.98,100.5,3.54,76.3,4.99,79.3,1.4500000000000002,6.829999999999998,1
2024-09-30 18:00:00,29.47,23.66,26.56,18.27,70.92,0.61,100.57,4.01,83.4,5.63,85.6,1.62,5.809999999999999,1
2024-09-30 19:00:00,28.98,23.98,26.48,18.62,74.4,0.59,100.65,4.57,90.9,6.02,92.2,1.4499999999999993,5.0,1
2024-09-30 20:00:00,28.49,24.38,26.43,19.07,78.42,0.6,100.71,4.9,96.2,6.29,97.2,1.3899999999999997,4.109999999999999,1
2024-09-30 21:00:00,28.06,24.64,26.35,19.37,81.67,0.56,100.73,5.07,100.6,6.42,101.5,1.3499999999999996,3.419999999999998,1
2024-09-30 22:00:00,27.65,24.82,26.24,19.58,84.52,0.87,100.7,5.0,104.7,6.3,105.6,1.2999999999999998,2.8299999999999983,1
2024-09-30 23:00:00,27.3,24.91,26.1,19.69,86.7,1.16,100.65,4.79,109.3,6.04,110.1,1.25,2.3900000000000006,1
2024-10-01 00:00:00,27.05,24.95,26.0,19.75,88.18,1.09,100.57,4.55,113.6,5.76,114.5,1.21,2.1000000000000014,1
2024-10-01 01:00:00,26.9,24.92,25.91,19.74,88.86,1.5,100.51,4.35,118.1,5.55,119.1,1.2000000000000002,1.9799999999999969,1
2024-10-01 02:00:00,26.8,24.87,25.83,19.69,89.14,1.67,100.49,4.08,122.3,5.26,123.4,1.1799999999999997,1.9299999999999997,1
2024-10-01 03:00:00,26.69,24.82,25.76,19.62,89.4,1.79,100.49,3.88,127.5,5.08,128.8,1.2000000000000002,1.870000000000001,1
2024-10-01 04:00:00,26.59,24.74,25.67,19.52,89.52,2.28,100.53,3.69,133.0,4.95,134.3,1.2600000000000002,1.8500000000000014,1
2024-10-01 05:00:00,26.5,24.67,25.58,19.42,89.59,2.38,100.58,3.46,139.7,4.74,141.1,1.2800000000000002,1.8299999999999983,1
2024-10-01 06:00:00,26.97,24.59,25.78,19.32,86.76,1.9,100.65,3.75,146.6,4.32,147.2,0.5700000000000003,2.379999999999999,1
2024-10-01 07:00:00,28.0,24.14,26.07,18.79,79.51,1.03,100.71,3.71,151.7,4.17,152.5,0.45999999999999996,3.8599999999999994,1
2024-10-01 08:00:00,29.5,23.34,26.42,17.92,69.57,0.81,100.74,3.54,159.8,3.93,160.4,0.3900000000000001,6.16,1
2024-10-01 09:00:00,30.96,22.77,26.87,17.34,61.93,0.73,100.72,3.05,172.9,3.38,172.3,0.33000000000000007,8.190000000000001,1
2024-10-01 10:00:00,31.98,22.53,27.26,17.14,57.73,0.51,100.63,2.56,191.5,2.85,188.5,0.29000000000000004,9.45,1
2024-10-01 11:00:00,32.63,22.55,27.59,17.19,55.74,1.05,100.51,2.34,212.8,2.54,207.0,0.20000000000000018,10.080000000000002,1
2024-10-01 12:00:00,32.98,22.49,27.73,17.18,54.56,0.73,100.39,2.53,232.7,2.61,226.4,0.08000000000000007,10.489999999999998,1
2024-10-01 13:00:00,33.04,22.64,27.84,17.36,54.9,0.73,100.31,3.07,245.2,3.14,240.0,0.07000000000000028,10.399999999999999,1
2024-10-01 14:00:00,32.72,22.84,27.78,17.59,56.61,1.0,100.28,3.68,250.1,3.78,246.1,0.09999999999999964,9.879999999999999,1
2024-10-01 15:00:00,32.09,23.16,27.62,17.9,59.69,1.02,100.29,4.15,251.9,4.36,249.4,0.20999999999999996,8.930000000000003,1
2024-10-01 16:00:00,31.23,23.55,27.39,18.28,64.03,1.76,100.36,4.41,252.2,4.81,251.6,0.39999999999999947,7.68,1
2024-10-01 17:00:00,30.21,24.25,27.23,19.0,70.57,2.18,100.45,4.03,250.0,4.92,252.9,0.8899999999999997,5.960000000000001,1
2024-10-01 18:00:00,29.54,24.88,27.21,19.69,76.05,2.79,100.56,3.58,247.2,4.58,251.5,1.0,4.66,1
2024-10-01 19:00:00,29.21,25.22,27.21,20.05,78.99,5.19,100.65,3.07,244.1,3.95,249.1,0.8800000000000003,3.990000000000002,1
2024-10-01 20:00:00,28.95,25.46,27.21,20.34,81.39,6.71,100.72,2.56,240.5,3.31,246.3,0.75,3.4899999999999984,1
2024-10-01 21:00:00,28.73,25.56,27.14,20.46,82.94,9.66,100.75,2.15,235.8,2.7,240.7,0.5500000000000003,3.1700000000000017,1
2024-10-01 22:00:00,28.53,25.41,26.97,20.26,83.08,15.23,100.74,2.06,228.7,2.39,230.3,0.33000000000000007,3.120000000000001,1
2024-10-01 23:00:00,28.3,25.43,26.86,20.3,84.32,20.54,100.68,2.14,222.0,2.5,223.5,0.3599999999999999,2.870000000000001,1
2024-10-02 00:00:00,28.07,25.51,26.79,20.42,85.89,24.75,100.61,2.43,220.5,2.99,223.1,0.56,2.5599999999999987,1
2024-10-02 01:00:00,27.9,25.6,26.75,20.54,87.19,28.83,100.54,2.87,218.8,3.76,222.3,0.8899999999999997,2.299999999999997,1
2024-10-02 02:00:00,27.74,25.6,26.67,20.55,88.02,26.86,100.51,3.42,215.7,4.57,219.0,1.1500000000000004,2.139999999999997,1
2024-10-02 03:00:00,27.64,25.62,26.63,20.56,88.58,22.04,100.51,3.95,211.4,5.23,213.8,1.2800000000000002,2.0199999999999996,1
2024-10-02 04:00:00,27.53,25.63,26.58,20.59,89.32,16.89,100.55,4.22,206.3,5.59,208.3,1.37,1.9000000000000021,1
2024-10-02 05:00:00,27.48,25.62,26.55,20.56,89.51,12.1,100.62,4.43,202.0,5.85,203.6,1.42,1.8599999999999994,1
2024-10-02 06:00:00,27.65,25.64,26.65,20.56,88.7,8.43,100.7,4.72,198.8,5.76,199.6,1.04,2.009999999999998,1
2024-10-02 07:00:00,28.1,25.59,26.85,20.48,86.14,6.63,100.79,4.87,195.8,5.62,196.2,0.75,2.5100000000000016,1
2024-10-02 08:00:00,28.83,25.23,27.03,20.04,80.85,7.59,100.83,5.28,196.1,6.05,196.2,0.7699999999999996,3.599999999999998,1
2024-10-02 09:00:00,29.59,24.76,27.18,19.5,75.32,5.71,100.84,5.66,200.3,6.46,200.0,0.7999999999999998,4.829999999999998,1
2024-10-02 10:00:00,30.23,24.47,27.35,19.2,71.45,4.01,100.76,5.97,206.4,6.81,205.9,0.8399999999999999,5.760000000000002,1
2024-10-02 11:00:00,30.81,24.33,27.57,19.06,68.55,0.74,100.66,6.39,212.5,7.27,211.5,0.8799999999999999,6.48,1
2024-10-02 12:00:00,31.11,24.26,27.68,19.01,67.14,0.75,100.56,6.98,216.7,7.96,215.5,0.9799999999999995,6.849999999999998,1
2024-10-02 13:00:00,31.11,24.18,27.64,18.95,66.88,0.69,100.47,7.46,218.9,8.54,217.6,1.0799999999999992,6.93,1
2024-10-02 14:00:00,30.92,24.2,27.56,18.95,67.58,0.77,100.43,7.6,220.2,8.73,219.1,1.1300000000000008,6.720000000000002,1
2024-10-02 15:00:00,30.52,24.26,27.39,19.02,69.4,0.67,100.44,7.42,221.7,8.56,220.9,1.1400000000000006,6.259999999999998,1
2024-10-02 16:00:00,29.91,24.37,27.14,19.13,72.32,0.68,100.51,6.95,221.8,8.12,221.4,1.169999999999999,5.539999999999999,1
2024-10-02 17:00:00,29.18,24.59,26.89,19.34,76.32,0.83,100.61,6.17,220.4,7.59,220.8,1.42,4.59,1
2024-10-02 18:00:00,28.75,24.85,26.8,19.62,79.45,1.09,100.71,5.59,218.8,7.07,219.6,1.4800000000000004,3.8999999999999986,1
2024-10-02 19:00:00,28.51,25.01,26.76,19.8,81.36,1.3,100.79,5.46,217.0,6.96,217.8,1.5,3.5,1
2024-10-02 20:00:00,28.27,25.13,26.7,19.93,83.08,1.34,100.84,5.57,215.6,7.13,216.3,1.5599999999999996,3.1400000000000006,1
2024-10-02 21:00:00,28.07,25.23,26.65,20.04,84.51,1.76,100.85,5.8,214.7,7.37,215.0,1.5700000000000003,2.84,1
2024-10-02 22:00:00,27.93,25.3,26.61,20.14,85.59,1.78,100.81,5.97,212.3,7.51,212.4,1.54,2.629999999999999,1
2024-10-02 23:00:00,27.79,25.33,26.56,20.19,86.43,1.41,100.73,5.99,212.3,7.53,212.5,1.54,2.460000000000001,1
2024-10-03 00:00:00,27.72,25.34,26.53,20.22,86.83,1.58,100.63,6.12,215.5,7.68,215.8,1.5599999999999996,2.379999999999999,1
2024-10-03 01:00:00,27.69,25.33,26.51,20.23,86.95,1.64,100.54,6.28,219.2,7.89,219.6,1.6099999999999994,2.360000000000003,1
2024-10-03 02:00:00,27.68,25.3,26.49,20.2,86.84,1.43,100.51,6.3,220.8,7.95,220.9,1.6500000000000004,2.379999999999999,1
2024-10-03 03:00:00,27.65,25.27,26.46,20.17,86.87,1.25,100.51,6.33,220.5,8.01,220.6,1.6799999999999997,2.379999999999999,1
2024-10-03 04:00:00,27.62,25.27,26.45,20.14,86.92,1.14,100.54,6.35,219.1,8.09,219.3,1.7400000000000002,2.3500000000000014,1
2024-10-03 05:00:00,27.61,25.25,26.43,20.1,86.87,0.56,100.62,6.42,218.2,8.17,218.4,1.75,2.3599999999999994,1
2024-10-03 06:00:00,28.06,25.21,26.64,20.05,84.48,0.66,100.7,6.8,217.8,8.16,218.1,1.3600000000000003,2.849999999999998,1
2024-10-03 07:00:00,28.83,24.96,26.9,19.74,79.64,0.67,100.81,7.29,219.3,8.57,219.6,1.2800000000000002,3.8699999999999974,1
2024-10-03 08:00:00,29.57,24.72,27.14,19.46,75.28,0.73,100.87,7.3,222.6,8.43,222.9,1.13,4.850000000000001,1
2024-10-03 09:00:00,30.25,24.62,27.43,19.35,71.98,0.64,100.85,7.44,226.7,8.54,226.9,1.0999999999999988,5.629999999999999,1
2024-10-03 10:00:00,30.83,24.53,27.68,19.27,69.29,0.61,100.76,7.67,231.5,8.76,231.4,1.0899999999999999,6.299999999999997,1
2024-10-03 11:00:00,31.19,24.46,27.83,19.23,67.66,0.53,100.64,7.93,235.2,9.03,235.1,1.0999999999999996,6.73,1
2024-10-03 12:00:00,31.42,24.41,27.91,19.21,66.63,0.5,100.52,8.14,237.1,9.26,236.9,1.1199999999999992,7.010000000000002,1
2024-10-03 13:00:00,31.43,24.34,27.89,19.14,66.29,0.45,100.43,8.25,237.1,9.4,237.0,1.1500000000000004,7.09,1
2024-10-03 14:00:00,31.2,24.27,27.74,19.09,66.95,0.51,100.37,8.16,236.0,9.33,236.0,1.17,6.93,1
2024-10-03 15:00:00,30.76,24.27,27.52,19.08,68.62,0.55,100.37,7.95,233.7,9.12,233.8,1.169999999999999,6.490000000000002,1
2024-10-03 16:00:00,30.1,24.33,27.21,19.15,71.55,0.82,100.42,7.6,230.8,8.88,231.0,1.2800000000000011,5.770000000000003,1
2024-10-03 17:00:00,29.34,24.59,26.97,19.4,75.77,0.95,100.5,6.85,226.3,8.33,226.8,1.4800000000000004,4.75,1
2024-10-03 18:00:00,28.9,24.91,26.9,19.73,79.11,1.02,100.6,6.32,220.3,7.83,220.9,1.5099999999999998,3.9899999999999984,1
2024-10-03 19:00:00,28.73,25.07,26.9,19.91,80.68,1.19,100.68,6.29,216.3,7.79,216.8,1.5,3.66,1
2024-10-03 20:00:00,28.55,25.15,26.85,19.98,81.85,1.16,100.74,6.38,214.0,7.88,214.4,1.5,3.400000000000002,1
2024-10-03 21:00:00,28.35,25.18,26.76,20.01,82.94,1.04,100.75,6.47,212.8,8.01,213.0,1.54,3.1700000000000017,1
2024-10-03 22:00:00,28.15,25.19,26.67,20.02,83.93,0.96,100.72,6.64,211.8,8.21,212.0,1.5700000000000012,2.9599999999999973,1
2024-10-03 23:00:00,27.98,25.18,26.58,20.01,84.68,0.81,100.67,6.73,210.3,8.27,210.3,1.5399999999999991,2.8000000000000007,1
2024-10-04 00:00:00,27.86,25.12,26.49,19.96,85.03,0.58,100.62,6.7,207.7,8.17,207.6,1.4699999999999998,2.7399999999999984,1
2024-10-04 01:00:00,27.71,25.01,26.36,19.83,85.18,0.35,100.58,6.44,205.2,7.87,205.1,1.4299999999999997,2.6999999999999993,1
2024-10-04 02:00:00,27.56,24.88,26.22,19.68,85.26,0.29,100.55,5.99,206.3,7.42,206.2,1.4299999999999997,2.6799999999999997,1
2024-10-04 03:00:00,27.43,24.77,26.1,19.56,85.38,0.39,100.53,5.7,209.3,7.15,209.3,1.4500000000000002,2.66,1
2024-10-04 04:00:00,27.35,24.71,26.03,19.49,85.51,0.4,100.57,5.51,210.8,6.99,210.6,1.4800000000000004,2.6400000000000006,1
2024-10-04 05:00:00,27.3,24.68,25.99,19.43,85.56,0.47,100.64,5.23,211.3,6.72,211.1,1.4899999999999993,2.620000000000001,1
2024-10-04 06:00:00,27.86,24.6,26.23,19.33,82.45,0.52,100.72,5.49,213.8,6.45,214.5,0.96,3.259999999999998,1
2024-10-04 07:00:00,28.88,24.36,26.62,19.03,76.57,0.5,100.79,5.92,220.1,6.8,220.8,0.8799999999999999,4.52,1
2024-10-04 08:00:00,29.81,24.09,26.95,18.75,71.53,2.25,100.82,5.98,225.4,6.77,225.7,0.7899999999999991,5.719999999999999,1
2024-10-04 09:00:00,30.72,24.05,27.38,18.72,67.79,2.54,100.82,6.16,229.7,6.91,229.7,0.75,6.669999999999998,1
2024-10-04 10:00:00,31.43,24.0,27.71,18.69,64.97,2.71,100.76,6.42,233.5,7.16,233.0,0.7400000000000002,7.43,1
2024-10-04 11:00:00,31.72,24.03,27.88,18.75,64.04,10.79,100.66,6.75,236.1,7.49,235.4,0.7400000000000002,7.689999999999998,1
2024-10-04 12:00:00,31.62,24.09,27.86,18.83,64.61,9.04,100.55,7.05,238.2,7.82,237.4,0.7700000000000005,7.530000000000001,1
2024-10-04 13:00:00,31.28,24.22,27.75,19.01,66.44,8.22,100.47,7.26,238.6,8.07,238.1,0.8100000000000005,7.060000000000002,1
2024-10-04 14:00:00,30.78,24.31,27.55,19.11,68.68,6.33,100.42,7.29,237.6,8.17,237.1,0.8799999999999999,6.470000000000002,1
2024-10-04 15:00:00,30.25,24.39,27.32,19.2,71.12,5.97,100.42,7.19,235.6,8.14,235.4,0.9500000000000002,5.859999999999999,1
2024-10-04 16:00:00,29.64,24.53,27.09,19.33,74.18,6.24,100.46,6.98,232.3,8.05,232.4,1.0700000000000003,5.109999999999999,1
2024-10-04 17:00:00,28.91,24.81,26.86,19.65,78.7,8.22,100.54,6.42,227.3,7.74,227.9,1.3200000000000003,4.100000000000001,1
2024-10-04 18:00:00,28.53,25.22,26.88,20.1,82.35,8.01,100.63,6.08,223.1,7.53,224.0,1.4500000000000002,3.3100000000000023,1
2024-10-04 19:00:00,28.37,25.49,26.93,20.4,84.4,9.56,100.7,6.08,221.1,7.51,221.9,1.4299999999999997,2.8800000000000026,1
2024-10-04 20:00:00,28.22,25.67,26.94,20.61,86.05,10.32,100.75,6.17,219.9,7.62,220.4,1.4500000000000002,2.549999999999997,1
2024-10-04 21:00:00,28.07,25.78,26.93,20.73,87.3,10.78,100.75,6.23,219.2,7.73,219.6,1.5,2.289999999999999,1
2024-10-04 22:00:00,27.95,25.8,26.88,20.77,88.06,10.98,100.72,6.37,220.0,7.99,220.4,1.62,2.1499999999999986,1
2024-10-04 23:00:00,27.88,25.76,26.82,20.73,88.2,11.09,100.66,6.62,223.2,8.34,223.6,1.7199999999999998,2.1199999999999974,1
2024-10-05 00:00:00,27.8,25.73,26.76,20.72,88.5,10.19,100.59,6.75,225.8,8.52,226.2,1.7699999999999996,2.0700000000000003,1
2024-10-05 01:00:00,27.73,25.7,26.71,20.68,88.65,9.17,100.54,6.83,229.5,8.64,229.7,1.8100000000000005,2.030000000000001,1
2024-10-05 02:00:00,27.64,25.66,26.65,20.63,88.89,9.13,100.53,6.74,235.3,8.61,235.3,1.8699999999999992,1.9800000000000004,1
2024-10-05 03:00:00,27.61,25.59,26.6,20.53,88.64,6.95,100.54,6.67,242.0,8.54,241.7,1.8699999999999992,2.0199999999999996,1
2024-10-05 04:00:00,27.58,25.45,26.52,20.36,88.1,7.14,100.58,6.14,247.4,7.98,246.7,1.8400000000000007,2.129999999999999,1
2024-10-05 05:00:00,27.5,25.3,26.4,20.15,87.67,6.42,100.65,5.29,251.3,7.11,250.3,1.8200000000000003,2.1999999999999993,1
2024-10-05 06:00:00,27.92,25.27,26.6,20.11,85.46,6.1,100.74,4.92,252.0,6.0,251.5,1.08,2.650000000000002,1
2024-10-05 07:00:00,28.55,25.05,26.8,19.82,81.27,6.42,100.81,5.01,254.1,5.83,254.4,0.8200000000000003,3.5,1
2024-10-05 08:00:00,29.26,24.61,26.93,19.31,76.04,5.19,100.85,5.14,255.8,5.83,256.0,0.6900000000000004,4.650000000000002,1
2024-10-05 09:00:00,29.83,24.2,27.02,18.86,71.89,5.24,100.85,5.16,256.2,5.8,256.3,0.6399999999999997,5.629999999999999,1
2024-10-05 10:00:00,30.13,23.92,27.02,18.57,69.54,4.76,100.78,5.1,255.0,5.72,255.0,0.6200000000000001,6.209999999999997,1
2024-10-05 11:00:00,30.31,23.71,27.01,18.39,68.1,3.58,100.68,5.06,254.6,5.66,254.5,0.6000000000000005,6.599999999999998,1
2024-10-05 12:00:00,30.42,23.56,26.99,18.26,67.12,3.26,100.57,5.04,254.5,5.61,254.3,0.5700000000000003,6.860000000000003,1
2024-10-05 13:00:00,30.43,23.5,26.96,18.19,66.78,2.82,100.49,4.89,254.5,5.42,254.1,0.5300000000000002,6.93,1
2024-10-05 14:00:00,30.28,23.51,26.9,18.2,67.36,2.91,100.44,4.57,253.6,5.05,253.4,0.47999999999999954,6.77,1
2024-10-05 15:00:00,30.0,23.55,26.77,18.24,68.61,3.11,100.46,4.2,249.7,4.65,249.5,0.4500000000000002,6.449999999999999,1
2024-10-05 16:00:00,29.51,23.76,26.64,18.47,71.48,2.91,100.51,3.86,241.5,4.38,241.9,0.52,5.75,1
2024-10-05 17:00:00,28.67,24.47,26.57,19.21,78.06,2.87,100.57,3.27,230.5,4.44,233.7,1.1700000000000004,4.200000000000003,1
2024-10-05 18:00:00,28.2,25.03,26.62,19.85,82.92,3.27,100.64,3.29,223.9,4.72,228.0,1.4299999999999997,3.169999999999998,1
2024-10-05 19:00:00,28.06,25.34,26.7,20.21,85.14,5.23,100.7,3.51,219.9,4.98,223.5,1.4700000000000006,2.719999999999999,1
2024-10-05 20:00:00,27.98,25.54,26.76,20.43,86.5,7.74,100.74,3.77,216.0,5.28,218.5,1.5100000000000002,2.4400000000000013,1
2024-10-05 21:00:00,27.86,25.61,26.73,20.52,87.49,9.69,100.75,4.18,211.9,5.74,213.5,1.5600000000000005,2.25,1
2024-10-05 22:00:00,27.73,25.65,26.69,20.58,88.39,10.96,100.73,4.64,209.7,6.23,210.4,1.5900000000000007,2.080000000000002,1
2024-10-05 23:00:00,27.6,25.65,26.62,20.59,89.06,14.44,100.67,5.04,209.0,6.59,209.2,1.5499999999999998,1.9500000000000028,1
2024-10-06 00:00:00,27.44,25.61,26.52,20.54,89.61,16.05,100.59,5.34,210.0,6.89,210.1,1.5499999999999998,1.8300000000000018,1
2024-10-06 01:00:00,27.34,25.52,26.43,20.44,89.65,16.56,100.53,5.66,212.5,7.26,212.7,1.5999999999999996,1.8200000000000003,1
2024-10-06 02:00:00,27.24,25.34,26.29,20.24,89.26,15.19,100.48,5.7,215.6,7.32,215.9,1.62,1.8999999999999986,1
2024-10-06 03:00:00,27.15,25.21,26.18,20.08,89.03,16.28,100.49,5.61,218.7,7.28,218.9,1.67,1.9399999999999977,1
2024-10-06 04:00:00,27.05,25.1,26.07,19.94,88.99,18.27,100.54,5.36,220.6,7.06,220.6,1.6999999999999993,1.9499999999999993,1
2024-10-06 05:00:00,26.99,24.99,25.99,19.79,88.71,17.46,100.62,5.16,223.5,6.87,223.4,1.71,2.0,1
2024-10-06 06:00:00,27.16,24.95,26.05,19.73,87.64,15.11,100.71,5.1,226.4,6.48,226.1,1.3800000000000008,2.210000000000001,1
2024-10-06 07:00:00,27.53,24.94,26.24,19.71,85.74,13.49,100.78,5.25,229.2,6.15,229.4,0.9000000000000004,2.59,1
2024-10-06 08:00:00,28.06,24.71,26.39,19.43,82.0,10.83,100.82,5.45,231.9,6.26,232.4,0.8099999999999996,3.349999999999998,1
2024-10-06 09:00:00,28.64,24.39,26.52,19.05,77.75,8.84,100.83,5.5,234.3,6.2,234.7,0.7000000000000002,4.25,1
2024-10-06 10:00:00,28.94,24.16,26.55,18.81,75.42,6.72,100.78,5.47,237.5,6.1,237.7,0.6299999999999999,4.780000000000001,1
2024-10-06 11:00:00,29.14,23.93,26.54,18.58,73.59,1.29,100.69,5.47,240.2,6.07,240.1,0.6000000000000005,5.210000000000001,1
2024-10-06 12:00:00,29.21,23.7,26.46,18.36,72.37,1.14,100.61,5.48,241.9,6.05,241.7,0.5699999999999994,5.510000000000002,1
2024-10-06 13:00:00,29.16,23.54,26.35,18.18,71.83,1.12,100.54,5.46,242.0,6.04,241.7,0.5800000000000001,5.620000000000001,1
2024-10-06 14:00:00,29.09,23.41,26.25,18.06,71.62,1.14,100.5,5.35,240.8,5.93,240.5,0.5800000000000001,5.68,1
2024-10-06 15:00:00,28.98,23.33,26.15,17.99,71.8,1.28,100.5,5.15,238.3,5.75,238.1,0.5999999999999996,5.650000000000002,1
2024-10-06 16:00:00,28.69,23.39,26.04,18.04,73.25,1.27,100.54,4.95,234.9,5.64,235.0,0.6899999999999995,5.300000000000001,1
2024-10-06 17:00:00,27.99,23.76,25.88,18.42,77.92,1.28,100.6,4.28,230.5,5.59,232.3,1.3099999999999996,4.229999999999997,1
2024-10-06 18:00:00,27.61,24.14,25.88,18.81,81.4,1.11,100.68,4.05,226.3,5.61,228.8,1.5600000000000005,3.469999999999999,1
2024-10-06 19:00:00,27.55,24.37,25.96,19.05,82.77,0.96,100.74,4.06,222.0,5.59,224.2,1.5300000000000002,3.1799999999999997,1
2024-10-06 20:00:00,27.48,24.51,25.99,19.19,83.76,0.99,100.79,4.07,218.3,5.59,220.1,1.5199999999999996,2.969999999999999,1
2024-10-06 21:00:00,27.37,24.56,25.96,19.25,84.58,1.05,100.82,4.08,214.6,5.63,215.7,1.5499999999999998,2.8100000000000023,1
2024-10-06 22:00:00,27.24,24.58,25.91,19.27,85.29,1.2,100.79,4.16,210.9,5.71,211.2,1.5499999999999998,2.66,1
2024-10-06 23:00:00,27.1,24.57,25.83,19.27,85.94,1.22,100.73,4.28,208.5,5.81,208.2,1.5299999999999994,2.530000000000001,1
2024-10-07 00:00:00,26.94,24.55,25.74,19.25,86.61,1.24,100.67,4.28,207.9,5.75,207.1,1.4699999999999998,2.3900000000000006,1
2024-10-07 01:00:00,26.76,24.5,25.63,19.22,87.36,1.42,100.62,4.0,209.0,5.42,207.9,1.42,2.2600000000000016,1
2024-10-07 02:00:00,26.59,24.46,25.53,19.18,88.04,1.39,100.6,3.55,209.0,4.89,207.5,1.3399999999999999,2.129999999999999,1
2024-10-07 03:00:00,26.44,24.44,25.44,19.14,88.65,1.32,100.62,3.09,206.5,4.34,204.8,1.25,2.0,1
2024-10-07 04:00:00,26.31,24.39,25.35,19.08,89.08,1.51,100.65,2.78,201.1,3.94,199.3,1.1600000000000001,1.9199999999999982,1
2024-10-07 05:00:00,26.18,24.35,25.26,19.03,89.59,1.96,100.7,2.62,193.0,3.73,191.4,1.1099999999999999,1.8299999999999983,1
2024-10-07 06:00:00,26.7,24.41,25.55,19.07,87.13,2.19,100.78,3.13,184.0,3.58,184.5,0.4500000000000002,2.289999999999999,1
2024-10-07 07:00:00,27.61,24.23,25.92,18.86,81.76,2.38,100.85,3.33,182.4,3.65,183.1,0.31999999999999984,3.379999999999999,1
2024-10-07 08:00:00,28.53,23.87,26.2,18.45,75.86,2.67,100.9,3.46,181.3,3.79,181.4,0.33000000000000007,4.66,1
2024-10-07 09:00:00,29.19,23.51,26.35,18.07,71.55,3.06,100.92,3.56,184.0,3.92,183.7,0.3599999999999999,5.68,1
2024-10-07 10:00:00,29.58,23.42,26.5,17.99,69.62,3.39,100.87,3.75,192.3,4.14,191.4,0.3899999999999997,6.159999999999997,1
2024-10-07 11:00:00,29.67,23.59,26.63,18.19,69.95,14.77,100.78,4.11,202.8,4.55,201.7,0.4399999999999995,6.080000000000002,1
2024-10-07 12:00:00,29.51,23.99,26.75,18.65,72.3,13.64,100.68,4.73,212.3,5.26,211.4,0.5299999999999994,5.520000000000003,1
2024-10-07 13:00:00,29.13,24.37,26.75,19.1,75.62,13.96,100.62,5.62,219.9,6.29,219.4,0.6699999999999999,4.759999999999998,1
2024-10-07 14:00:00,28.59,24.59,26.59,19.34,78.97,13.71,100.6,6.7,222.6,7.62,222.5,0.9199999999999999,4.0,1
2024-10-07 15:00:00,28.0,24.54,26.27,19.27,81.44,13.28,100.61,7.35,221.7,8.53,222.0,1.1799999999999997,3.460000000000001,1
2024-10-07 16:00:00,27.5,24.37,25.93,19.05,82.95,11.53,100.66,7.19,220.2,8.48,220.7,1.29,3.129999999999999,1
2024-10-07 17:00:00,27.13,24.29,25.71,18.95,84.38,9.86,100.73,6.5,218.3,8.05,219.2,1.5500000000000007,2.84,1
2024-10-07 18:00:00,26.97,24.29,25.63,18.94,85.19,11.04,100.79,5.9,215.4,7.57,216.4,1.67,2.6799999999999997,1
2024-10-07 19:00:00,26.9,24.37,25.64,19.01,85.92,14.59,100.88,5.44,212.5,7.16,213.0,1.7199999999999998,2.5299999999999976,1
2024-10-07 20:00:00,26.85,24.44,25.64,19.08,86.54,19.8,100.93,5.26,211.2,7.01,211.4,1.75,2.41,1
2024-10-07 21:00:00,26.75,24.48,25.61,19.13,87.3,26.3,100.96,5.27,213.1,7.03,213.0,1.7600000000000007,2.2699999999999996,1
2024-10-07 22:00:00,26.67,24.51,25.59,19.16,87.83,28.49,100.95,5.34,216.2,7.11,215.9,1.7700000000000005,2.16,1
2024-10-07 23:00:00,26.56,24.52,25.54,19.19,88.5,24.03,100.9,5.45,219.3,7.23,218.8,1.7800000000000002,2.039999999999999,1
2024-10-08 00:00:00,26.44,24.52,25.48,19.2,89.11,19.67,100.83,5.54,222.2,7.32,221.8,1.7800000000000002,1.9200000000000017,1
2024-10-08 01:00:00,26.36,24.52,25.44,19.21,89.53,11.93,100.78,5.52,224.7,7.3,224.4,1.7800000000000002,1.8399999999999999,1
2024-10-08 02:00:00,26.26,24.49,25.38,19.17,89.85,6.66,100.74,5.23,226.1,7.03,225.9,1.7999999999999998,1.7700000000000031,1
2024-10-08 03:00:00,26.2,24.42,25.31,19.1,89.84,5.95,100.75,4.8,226.8,6.61,226.7,1.8100000000000005,1.7799999999999976,1
2024-10-08 04:00:00,26.13,24.36,25.24,19.01,89.83,12.29,100.79,4.33,226.5,6.08,226.5,1.75,1.7699999999999996,1
2024-10-08 05:00:00,26.07,24.31,25.19,18.95,89.94,26.41,100.86,3.84,224.5,5.44,224.7,1.6000000000000005,1.7600000000000016,1
2024-10-08 06:00:00,26.57,24.46,25.52,19.11,88.13,33.93,100.95,3.69,221.6,4.64,222.1,0.9499999999999997,2.1099999999999994,1
2024-10-08 07:00:00,26.96,24.38,25.67,18.98,85.61,31.5,101.02,3.52,216.6,4.01,217.5,0.48999999999999977,2.580000000000002,1
2024-10-08 08:00:00,27.43,24.18,25.8,18.76,82.38,27.89,101.08,3.45,214.8,3.87,216.0,0.41999999999999993,3.25,1
2024-10-08 09:00:00,28.05,23.94,25.99,18.47,78.25,23.7,101.1,3.42,213.6,3.78,214.4,0.3599999999999999,4.109999999999999,1
2024-10-08 10:00:00,28.79,23.66,26.22,18.19,73.78,19.95,101.02,3.49,216.4,3.82,216.8,0.3299999999999996,5.129999999999999,1
2024-10-08 11:00:00,29.33,23.49,26.41,18.04,70.85,8.81,100.91,3.57,221.0,3.88,220.9,0.31000000000000005,5.84,1
2024-10-08 12:00:00,29.58,23.43,26.51,18.0,69.6,6.3,100.79,3.61,225.0,3.9,224.5,0.29000000000000004,6.149999999999999,1
2024-10-08 13:00:00,29.6,23.45,26.52,18.05,69.65,4.8,100.7,3.69,227.3,3.96,226.8,0.27,6.150000000000002,1
2024-10-08 14:00:00,29.35,23.49,26.42,18.1,70.81,2.92,100.65,3.54,225.3,3.81,224.9,0.27,5.860000000000003,1
2024-10-08 15:00:00,29.04,23.53,26.29,18.15,72.28,1.49,100.63,3.32,219.7,3.58,219.6,0.26000000000000023,5.509999999999998,1
2024-10-08 16:00:00,28.58,23.72,26.15,18.33,74.98,0.96,100.66,3.14,212.8,3.53,213.1,0.3899999999999997,4.859999999999999,1
2024-10-08 17:00:00,27.85,24.33,26.09,19.01,81.14,1.01,100.71,2.84,206.1,3.7,208.9,0.8600000000000003,3.520000000000003,1
2024-10-08 18:00:00,27.4,24.6,26.0,19.29,84.58,1.18,100.78,2.89,203.5,4.01,206.7,1.1199999999999997,2.799999999999997,1
2024-10-08 19:00:00,27.23,24.66,25.94,19.36,85.8,1.38,100.87,3.05,202.8,4.27,205.1,1.2199999999999998,2.5700000000000003,1
2024-10-08 20:00:00,27.11,24.72,25.91,19.42,86.72,2.0,100.93,3.26,201.4,4.59,202.7,1.33,2.3900000000000006,1
2024-10-08 21:00:00,26.97,24.77,25.87,19.46,87.62,2.6,100.94,3.56,200.9,5.0,201.3,1.44,2.1999999999999993,1
2024-10-08 22:00:00,26.86,24.78,25.82,19.49,88.3,3.11,100.91,3.84,201.6,5.35,201.6,1.5099999999999998,2.0799999999999983,1
2024-10-08 23:00:00,26.75,24.79,25.77,19.52,88.95,3.38,100.84,4.03,202.9,5.54,203.0,1.5099999999999998,1.9600000000000009,1
2024-10-09 00:00:00,26.66,24.78,25.72,19.53,89.39,3.59,100.75,4.13,205.1,5.68,205.0,1.5499999999999998,1.879999999999999,1
2024-10-09 01:00:00,26.6,24.77,25.68,19.52,89.58,3.7,100.67,4.17,208.3,5.77,207.9,1.5999999999999996,1.8300000000000018,1
2024-10-09 02:00:00,26.51,24.74,25.62,19.5,89.93,3.15,100.62,4.12,214.7,5.75,213.7,1.63,1.7700000000000031,1
2024-10-09 03:00:00,26.43,24.72,25.57,19.49,90.31,2.54,100.62,4.09,222.2,5.73,221.0,1.6400000000000006,1.7100000000000009,1
2024-10-09 04:00:00,26.4,24.7,25.55,19.46,90.35,2.11,100.65,4.07,229.9,5.72,228.3,1.6499999999999995,1.6999999999999993,1
2024-10-09 05:00:00,26.4,24.65,25.53,19.38,90.04,1.88,100.71,4.01,236.7,5.65,235.1,1.6400000000000006,1.75,1
2024-10-09 06:00:00,27.06,24.79,25.92,19.53,87.35,1.59,100.79,4.26,241.2,5.33,240.7,1.0700000000000003,2.2699999999999996,1
2024-10-09 07:00:00,27.9,24.67,26.29,19.37,82.54,1.71,100.85,4.44,246.7,5.07,247.5,0.6299999999999999,3.229999999999997,1
2024-10-09 08:00:00,28.95,24.29,26.62,18.92,75.9,2.04,100.89,4.33,249.7,4.79,250.4,0.45999999999999996,4.66,1
2024-10-09 09:00:00,29.76,24.02,26.89,18.63,71.32,2.5,100.87,4.16,249.5,4.55,249.7,0.3899999999999997,5.740000000000002,1
2024-10-09 10:00:00,30.37,23.87,27.12,18.47,68.23,3.25,100.79,4.17,249.0,4.53,248.8,0.3600000000000003,6.5,1
2024-10-09 11:00:00,30.71,23.8,27.26,18.41,66.63,7.11,100.68,4.35,248.9,4.72,248.4,0.3700000000000001,6.91,1
2024-10-09 12:00:00,30.81,23.76,27.29,18.4,66.13,6.92,100.54,4.58,248.1,4.99,247.5,0.41000000000000014,7.049999999999997,1
2024-10-09 13:00:00,30.76,23.66,27.21,18.31,65.92,6.2,100.43,4.74,246.0,5.18,245.5,0.4399999999999995,7.100000000000001,1
2024-10-09 14:00:00,30.52,23.54,27.03,18.2,66.39,4.96,100.36,4.75,243.1,5.22,242.7,0.46999999999999975,6.98,1
2024-10-09 15:00:00,30.13,23.51,26.82,18.16,67.73,3.25,100.36,4.62,239.4,5.13,239.4,0.5099999999999998,6.619999999999997,1
2024-10-09 16:00:00,29.55,23.64,26.6,18.3,70.59,2.52,100.39,4.35,234.3,4.99,234.9,0.6400000000000006,5.91,1
2024-10-09 17:00:00,28.53,24.27,26.4,18.99,77.72,2.39,100.47,3.56,226.0,4.82,229.0,1.2600000000000002,4.260000000000002,1
2024-10-09 18:00:00,27.92,24.67,26.29,19.42,82.4,1.72,100.55,3.38,217.9,4.78,221.7,1.4000000000000004,3.25,1
2024-10-09 19:00:00,27.65,24.85,26.25,19.63,84.69,1.84,100.65,3.41,210.2,4.8,213.6,1.3899999999999997,2.799999999999997,1
2024-10-09 20:00:00,27.43,24.99,26.21,19.78,86.48,2.9,100.71,3.57,204.3,5.01,206.9,1.44,2.4400000000000013,1
2024-10-09 21:00:00,27.21,25.08,26.15,19.89,88.09,4.93,100.72,3.83,201.9,5.38,203.7,1.5499999999999998,2.1300000000000026,1
2024-10-09 22:00:00,27.03,25.16,26.1,19.98,89.4,5.07,100.68,4.08,200.8,5.72,201.6,1.6399999999999997,1.870000000000001,1
2024-10-09 23:00:00,26.89,25.19,26.04,20.04,90.34,7.89,100.62,4.21,201.1,5.84,201.2,1.63,1.6999999999999993,1
2024-10-10 00:00:00,26.74,25.18,25.96,20.05,91.12,9.01,100.54,4.17,204.4,5.76,203.5,1.5899999999999999,1.5599999999999987,1
2024-10-10 01:00:00,26.66,25.17,25.91,20.05,91.47,8.83,100.46,3.99,209.4,5.56,207.7,1.5699999999999994,1.4899999999999984,1
2024-10-10 02:00:00,26.6,25.14,25.87,20.01,91.57,6.11,100.41,3.67,212.4,5.16,209.7,1.4900000000000002,1.4600000000000009,1
2024-10-10 03:00:00,26.57,25.07,25.82,19.94,91.41,3.05,100.4,3.22,212.5,4.6,208.7,1.3799999999999994,1.5,1
2024-10-10 04:00:00,26.53,25.0,25.77,19.85,91.25,1.5,100.43,2.76,210.0,3.97,205.0,1.2100000000000004,1.5300000000000011,1
2024-10-10 05:00:00,26.53,24.93,25.73,19.73,90.76,0.79,100.5,2.27,204.4,3.33,198.2,1.06,1.6000000000000014,1
2024-10-10 06:00:00,27.01,25.03,26.02,19.83,88.76,0.48,100.59,2.03,191.4,2.6,188.6,0.5700000000000003,1.9800000000000004,1
2024-10-10 07:00:00,27.54,24.99,26.26,19.79,85.92,0.48,100.65,1.61,177.2,1.82,178.7,0.20999999999999996,2.5500000000000007,1
2024-10-10 08:00:00,28.41,24.64,26.52,19.37,79.99,0.31,100.68,1.17,168.2,1.32,170.0,0.15000000000000013,3.7699999999999996,1
2024-10-10 09:00:00,29.1,23.93,26.51,18.56,73.66,0.33,100.66,0.77,162.5,0.9,162.6,0.13,5.170000000000002,1
2024-10-10 10:00:00,29.53,23.6,26.57,18.21,70.45,0.46,100.57,0.35,163.6,0.49,159.7,0.14,5.93,1
2024-10-10 11:00:00,29.78,23.24,26.51,17.86,68.05,0.49,100.47,0.24,272.4,0.18,236.3,-0.06,6.540000000000003,1
2024-10-10 12:00:00,29.81,23.18,26.49,17.8,67.65,1.43,100.37,0.78,300.2,0.68,298.1,-0.09999999999999998,6.629999999999999,1
2024-10-10 13:00:00,29.85,23.26,26.55,17.89,67.78,2.09,100.3,1.27,300.8,1.21,300.8,-0.06000000000000005,6.59,1
2024-10-10 14:00:00,29.75,23.26,26.51,17.92,68.26,1.96,100.26,1.62,299.6,1.6,300.1,-0.020000000000000018,6.489999999999998,1
2024-10-10 15:00:00,29.45,23.34,26.4,18.0,69.76,1.96,100.26,1.91,298.9,1.96,299.7,0.050000000000000044,6.109999999999999,1
2024-10-10 16:00:00,29.01,23.63,26.32,18.31,72.8,2.59,100.31,2.06,298.7,2.16,300.6,0.10000000000000009,5.380000000000003,1
2024-10-10 17:00:00,28.44,23.92,26.18,18.6,76.48,3.55,100.38,1.89,295.8,2.0,299.0,0.1100000000000001,4.52,1
2024-10-10 18:00:00,28.0,24.13,26.07,18.82,79.44,4.72,100.45,1.73,288.2,1.87,290.7,0.14000000000000012,3.870000000000001,1
2024-10-10 19:00:00,27.73,24.35,26.04,19.05,81.73,5.92,100.53,1.77,276.8,1.98,277.6,0.20999999999999996,3.379999999999999,1
2024-10-10 20:00:00,27.54,24.53,26.04,19.26,83.6,7.07,100.59,2.11,268.9,2.44,268.8,0.33000000000000007,3.009999999999998,1
2024-10-10 21:00:00,27.39,24.67,26.03,19.41,84.99,9.42,100.6,2.8,265.5,3.27,265.3,0.4700000000000002,2.719999999999999,1
2024-10-10 22:00:00,27.18,24.89,26.04,19.68,87.19,11.37,100.56,3.61,264.9,4.25,265.0,0.6400000000000001,2.289999999999999,1
2024-10-10 23:00:00,26.99,24.99,25.99,19.82,88.72,13.94,100.49,4.39,265.0,5.21,265.3,0.8200000000000003,2.0,1
2024-10-11 00:00:00,26.84,24.97,25.9,19.8,89.36,17.62,100.42,5.07,264.7,6.19,264.7,1.12,1.870000000000001,1
2024-10-11 01:00:00,26.67,24.79,25.73,19.6,89.31,21.35,100.36,5.78,261.7,7.11,261.2,1.33,1.8800000000000026,1
2024-10-11 02:00:00,26.48,24.54,25.51,19.32,89.02,23.5,100.34,6.62,259.0,8.12,258.3,1.4999999999999991,1.9400000000000013,1
2024-10-11 03:00:00,26.41,24.29,25.35,19.01,87.98,24.03,100.35,6.91,257.8,8.53,257.1,1.6199999999999992,2.120000000000001,1
2024-10-11 04:00:00,26.37,24.05,25.21,18.73,86.94,26.34,100.4,6.72,257.2,8.45,256.4,1.7299999999999995,2.3200000000000003,1
2024-10-11 05:00:00,26.36,23.86,25.11,18.5,86.02,32.19,100.5,6.36,256.6,8.15,255.8,1.79,2.5,1
2024-10-11 06:00:00,26.65,23.85,25.25,18.47,84.51,41.36,100.6,5.94,255.9,7.43,255.0,1.4899999999999993,2.799999999999997,1
2024-10-11 07:00:00,27.15,23.84,25.5,18.45,82.05,51.7,100.68,5.68,256.9,6.73,256.3,1.0500000000000007,3.3099999999999987,1
2024-10-11 08:00:00,27.89,23.52,25.71,18.07,77.01,57.84,100.73,5.62,261.0,6.52,260.3,0.8999999999999995,4.370000000000001,1
2024-10-11 09:00:00,28.71,23.16,25.93,17.7,71.92,53.85,100.71,5.5,265.2,6.21,264.2,0.71,5.550000000000001,1
2024-10-11 10:00:00,29.27,23.0,26.14,17.54,68.95,45.2,100.63,5.28,268.4,5.89,267.2,0.6099999999999994,6.27,1
2024-10-11 11:00:00,29.62,22.85,26.23,17.4,66.96,24.63,100.51,5.08,270.3,5.59,268.9,0.5099999999999998,6.77,1
2024-10-11 12:00:00,29.82,22.69,26.26,17.24,65.52,12.4,100.41,4.95,269.7,5.43,268.2,0.47999999999999954,7.129999999999999,1
2024-10-11 13:00:00,29.82,22.57,26.2,17.13,65.06,7.19,100.33,4.94,264.8,5.43,263.6,0.4899999999999993,7.25,1
2024-10-11 14:00:00,29.59,22.51,26.05,17.08,65.72,5.3,100.31,4.86,255.9,5.41,255.1,0.5499999999999998,7.079999999999998,1
2024-10-11 15:00:00,29.25,22.57,25.91,17.14,67.27,4.25,100.32,4.77,245.1,5.41,245.1,0.6400000000000006,6.68,1
2024-10-11 16:00:00,28.69,22.91,25.8,17.48,70.88,4.09,100.37,4.64,234.3,5.56,235.1,0.9199999999999999,5.780000000000001,1
2024-10-11 17:00:00,27.91,23.51,25.71,18.12,76.89,4.06,100.42,4.31,224.2,5.87,226.0,1.5600000000000005,4.399999999999999,1
2024-10-11 18:00:00,27.49,23.89,25.69,18.54,80.67,4.81,100.5,4.57,217.4,6.38,219.0,1.8099999999999996,3.599999999999998,1
2024-10-11 19:00:00,27.28,24.21,25.75,18.89,83.26,5.1,100.58,4.97,213.2,6.8,213.8,1.83,3.0700000000000003,1
2024-10-11 20:00:00,27.1,24.49,25.79,19.2,85.56,5.78,100.64,5.27,212.1,7.08,212.0,1.8100000000000005,2.610000000000003,1
2024-10-11 21:00:00,26.94,24.68,25.81,19.43,87.41,6.33,100.66,5.47,214.9,7.27,214.5,1.7999999999999998,2.2600000000000016,1
2024-10-11 22:00:00,26.83,24.8,25.82,19.56,88.54,7.12,100.64,5.64,219.7,7.44,218.9,1.8000000000000007,2.0299999999999976,1
2024-10-11 23:00:00,26.79,24.85,25.82,19.64,89.06,9.0,100.59,5.8,225.0,7.57,224.2,1.7700000000000005,1.9399999999999977,1
2024-10-12 00:00:00,26.74,24.87,25.8,19.67,89.39,9.86,100.52,5.87,230.5,7.65,229.7,1.7800000000000002,1.8699999999999974,1
2024-10-12 01:00:00,26.71,24.8,25.76,19.6,89.18,9.16,100.45,6.15,236.5,8.02,235.9,1.8699999999999992,1.9100000000000001,1
2024-10-12 02:00:00,26.64,24.72,25.68,19.52,89.16,6.84,100.42,6.19,240.9,8.05,240.5,1.8600000000000003,1.9200000000000017,1
2024-10-12 03:00:00,26.56,24.67,25.61,19.43,89.18,5.44,100.44,5.96,243.3,7.74,242.9,1.7800000000000002,1.889999999999997,1
2024-10-12 04:00:00,26.48,24.61,25.54,19.37,89.39,5.1,100.5,5.64,244.2,7.41,243.7,1.7700000000000005,1.870000000000001,1
2024-10-12 05:00:00,26.41,24.58,25.49,19.32,89.61,6.29,100.59,5.29,244.2,7.06,243.7,1.7699999999999996,1.8300000000000018,1
2024-10-12 06:00:00,26.64,24.67,25.65,19.38,88.76,9.18,100.69,5.25,243.1,6.53,242.9,1.2800000000000002,1.9699999999999989,1
2024-10-12 07:00:00,27.04,24.66,25.85,19.37,86.73,11.94,100.78,5.4,242.4,6.3,243.1,0.8999999999999995,2.379999999999999,1
2024-10-12 08:00:00,27.49,24.41,25.95,19.07,83.21,13.41,100.82,5.58,243.4,6.38,244.1,0.7999999999999998,3.0799999999999983,1
2024-10-12 09:00:00,28.13,24.22,26.17,18.86,79.29,13.09,100.81,5.75,243.6,6.44,244.2,0.6900000000000004,3.91,1
2024-10-12 10:00:00,28.56,24.14,26.35,18.79,76.99,13.34,100.74,5.82,243.7,6.48,244.2,0.6600000000000001,4.419999999999998,1
2024-10-12 11:00:00,28.82,24.11,26.46,18.76,75.64,3.84,100.64,5.73,243.5,6.33,243.8,0.5999999999999996,4.710000000000001,1
2024-10-12 12:00:00,29.02,24.07,26.55,18.73,74.58,3.48,100.54,5.58,242.6,6.12,242.9,0.54,4.949999999999999,1
2024-10-12 13:00:00,29.01,24.03,26.52,18.71,74.49,2.91,100.47,5.42,240.4,5.94,240.7,0.5200000000000005,4.98,1
2024-10-12 14:00:00,28.8,24.03,26.42,18.72,75.42,2.98,100.43,5.25,237.0,5.78,237.4,0.5300000000000002,4.77,1
2024-10-12 15:00:00,28.47,24.04,26.25,18.73,76.91,3.71,100.43,5.03,233.4,5.6,233.9,0.5699999999999994,4.43,1
2024-10-12 16:00:00,27.92,24.14,26.03,18.83,79.86,4.93,100.46,4.65,228.4,5.39,229.1,0.7399999999999993,3.780000000000001,1
2024-10-12 17:00:00,27.28,24.35,25.82,19.05,83.9,6.11,100.51,4.16,222.4,5.29,223.5,1.13,2.9299999999999997,1
2024-10-12 18:00:00,26.97,24.5,25.73,19.22,86.25,7.1,100.57,4.12,217.4,5.43,218.6,1.3099999999999996,2.469999999999999,1
2024-10-12 19:00:00,26.84,24.63,25.74,19.37,87.64,7.84,100.64,4.16,212.7,5.51,213.5,1.3499999999999996,2.210000000000001,1
2024-10-12 20:00:00,26.77,24.74,25.76,19.48,88.55,7.48,100.71,4.24,207.8,5.61,207.8,1.37,2.030000000000001,1
2024-10-12 21:00:00,26.69,24.81,25.75,19.56,89.35,6.19,100.73,4.39,204.1,5.78,203.7,1.3900000000000006,1.8800000000000026,1
2024-10-12 22:00:00,26.61,24.85,25.73,19.6,89.94,5.33,100.72,4.61,203.5,6.0,203.1,1.3899999999999997,1.759999999999998,1
2024-10-12 23:00:00,26.51,24.85,25.68,19.62,90.51,5.24,100.65,4.82,207.3,6.25,206.7,1.4299999999999997,1.6600000000000001,1
2024-10-13 00:00:00,26.46,24.83,25.65,19.62,90.69,5.38,100.56,5.12,213.3,6.6,212.6,1.4799999999999995,1.6300000000000026,1
2024-10-13 01:00:00,26.43,24.8,25.61,19.61,90.74,4.81,100.49,5.44,219.6,7.0,218.9,1.5599999999999996,1.629999999999999,1
2024-10-13 02:00:00,26.39,24.74,25.57,19.54,90.6,4.06,100.45,5.71,226.3,7.33,225.4,1.62,1.6500000000000021,1
2024-10-13 03:00:00,26.37,24.62,25.49,19.4,90.07,3.67,100.46,5.82,231.4,7.52,230.6,1.6999999999999993,1.75,1
2024-10-13 04:00:00,26.39,24.5,25.45,19.24,89.29,3.78,100.52,5.8,235.1,7.53,234.3,1.7300000000000004,1.8900000000000006,1
2024-10-13 05:00:00,26.38,24.42,25.4,19.12,88.87,3.99,100.62,5.54,237.6,7.29,236.7,1.75,1.9599999999999973,1
2024-10-13 06:00:00,26.67,24.44,25.55,19.13,87.5,3.7,100.72,5.53,239.1,6.94,238.7,1.4100000000000001,2.2300000000000004,1
2024-10-13 07:00:00,27.17,24.45,25.81,19.11,84.95,3.4,100.8,5.61,240.7,6.56,240.8,0.9499999999999993,2.7200000000000024,1
2024-10-13 08:00:00,27.81,24.15,25.98,18.79,80.51,2.97,100.85,5.68,242.7,6.55,242.8,0.8700000000000001,3.66,1
2024-10-13 09:00:00,28.53,23.92,26.23,18.51,76.06,2.19,100.83,5.63,243.4,6.33,243.4,0.7000000000000002,4.609999999999999,1
2024-10-13 10:00:00,29.02,23.86,26.44,18.46,73.68,1.61,100.77,5.58,244.3,6.19,244.1,0.6100000000000003,5.16,1
2024-10-13 11:00:00,29.18,23.84,26.51,18.47,72.96,3.85,100.65,5.53,244.5,6.11,244.2,0.5800000000000001,5.34,1
2024-10-13 12:00:00,29.17,23.83,26.5,18.47,72.93,4.46,100.55,5.41,243.8,5.99,243.4,0.5800000000000001,5.340000000000003,1
2024-10-13 13:00:00,29.04,23.84,26.44,18.49,73.51,5.01,100.48,5.26,242.3,5.87,242.1,0.6100000000000003,5.199999999999999,1
2024-10-13 14:00:00,28.76,23.81,26.29,18.48,74.64,4.4,100.44,4.99,241.2,5.62,241.4,0.6299999999999999,4.950000000000003,1
2024-10-13 15:00:00,28.4,23.81,26.11,18.46,76.13,3.83,100.44,4.49,237.7,5.13,238.1,0.6399999999999997,4.59,1
2024-10-13 16:00:00,28.0,23.93,25.96,18.59,78.5,3.83,100.49,3.9,230.9,4.68,232.0,0.7799999999999998,4.07,1
2024-10-13 17:00:00,27.43,24.23,25.83,18.91,82.59,3.61,100.54,3.27,223.9,4.51,226.6,1.2399999999999998,3.1999999999999993,1
2024-10-13 18:00:00,27.15,24.34,25.75,19.03,84.53,3.17,100.61,3.18,221.6,4.53,224.3,1.35,2.8099999999999987,1
2024-10-13 19:00:00,27.05,24.39,25.72,19.08,85.32,3.09,100.68,3.19,219.0,4.57,220.8,1.3800000000000003,2.66,1
2024-10-13 20:00:00,26.96,24.45,25.71,19.14,86.08,2.9,100.73,3.41,217.7,4.89,219.0,1.4799999999999995,2.5100000000000016,1
2024-10-13 21:00:00,26.85,24.51,25.68,19.2,86.9,2.58,100.72,3.75,218.8,5.34,219.3,1.5899999999999999,2.34,1
2024-10-13 22:00:00,26.73,24.54,25.63,19.25,87.7,3.02,100.68,4.05,221.0,5.7,221.0,1.6500000000000004,2.1900000000000013,1
2024-10-13 23:00:00,26.61,24.52,25.57,19.24,88.21,3.62,100.6,4.3,224.4,5.96,224.3,1.6600000000000001,2.09,1
2024-10-14 00:00:00,26.5,24.43,25.46,19.15,88.29,6.12,100.51,4.48,229.3,6.17,228.9,1.6899999999999995,2.0700000000000003,1
2024-10-14 01:00:00,26.39,24.3,25.35,19.02,88.21,9.35,100.45,4.66,234.7,6.39,234.4,1.7299999999999995,2.09,1
2024-10-14 02:00:00,26.29,24.2,25.24,18.91,88.2,12.63,100.42,4.68,240.0,6.46,239.5,1.7800000000000002,2.09,1
2024-10-14 03:00:00,26.18,24.14,25.16,18.83,88.42,19.39,100.43,4.57,245.6,6.38,245.0,1.8099999999999996,2.039999999999999,1
2024-10-14 04:00:00,26.08,24.11,25.1,18.79,88.8,28.44,100.49,4.5,250.1,6.33,249.7,1.83,1.9699999999999989,1
2024-10-14 05:00:00,26.01,24.12,25.07,18.78,89.2,39.03,100.57,4.48,254.8,6.34,254.6,1.8599999999999994,1.8900000000000006,1
2024-10-14 06:00:00,26.32,24.31,25.32,18.98,88.58,45.55,100.66,4.71,258.6,6.14,258.5,1.4299999999999997,2.0100000000000016,1
2024-10-14 07:00:00,26.78,24.45,25.62,19.12,86.91,43.84,100.75,5.0,262.0,5.84,262.1,0.8399999999999999,2.330000000000002,1
2024-10-14 08:00:00,27.25,24.31,25.78,18.96,83.89,33.64,100.79,5.11,264.8,5.84,264.9,0.7299999999999995,2.9400000000000013,1
2024-10-14 09:00:00,27.75,24.06,25.9,18.68,80.29,27.26,100.8,4.88,265.9,5.48,265.7,0.6000000000000005,3.6900000000000013,1
2024-10-14 10:00:00,27.97,23.89,25.93,18.5,78.46,24.86,100.73,4.69,267.8,5.23,267.6,0.54,4.079999999999998,1
2024-10-14 11:00:00,28.0,23.76,25.88,18.38,77.74,42.01,100.63,4.54,272.1,5.05,272.0,0.5099999999999998,4.239999999999998,1
2024-10-14 12:00:00,27.84,23.76,25.8,18.39,78.43,35.8,100.54,4.39,275.5,4.9,275.4,0.5100000000000007,4.079999999999998,1
2024-10-14 13:00:00,27.61,23.76,25.68,18.4,79.47,34.4,100.46,4.24,275.3,4.75,275.3,0.5099999999999998,3.849999999999998,1
2024-10-14 14:00:00,27.39,23.72,25.55,18.37,80.34,26.44,100.41,3.96,275.9,4.44,276.1,0.4800000000000004,3.6700000000000017,1
2024-10-14 15:00:00,27.07,23.68,25.38,18.31,81.62,19.43,100.44,3.32,277.4,3.75,277.5,0.43000000000000016,3.3900000000000006,1
2024-10-14 16:00:00,26.62,23.68,25.15,18.29,83.77,16.75,100.5,2.55,277.2,3.09,277.1,0.54,2.9400000000000013,1
2024-10-14 17:00:00,26.14,23.78,24.96,18.4,86.75,21.06,100.58,2.01,270.9,2.82,270.2,0.81,2.3599999999999994,1
2024-10-14 18:00:00,25.92,23.77,24.85,18.38,87.85,22.91,100.65,1.92,257.1,2.82,257.3,0.8999999999999999,2.150000000000002,1
2024-10-14 19:00:00,25.85,23.81,24.83,18.4,88.37,19.44,100.72,2.04,244.2,3.0,246.0,0.96,2.0400000000000027,1
2024-10-14 20:00:00,25.77,23.91,24.84,18.51,89.35,19.76,100.75,2.19,234.3,3.16,236.9,0.9700000000000002,1.8599999999999994,1
2024-10-14 21:00:00,25.66,23.99,24.82,18.6,90.35,23.47,100.74,2.41,226.8,3.4,229.9,0.9899999999999998,1.6700000000000017,1
2024-10-14 22:00:00,25.56,24.05,24.8,18.69,91.27,31.26,100.67,2.75,222.5,3.84,225.1,1.0899999999999999,1.509999999999998,1
2024-10-14 23:00:00,25.56,24.14,24.85,18.81,91.77,36.24,100.59,3.03,219.8,4.18,221.7,1.15,1.4199999999999982,1
2024-10-15 00:00:00,25.58,24.23,24.9,18.93,92.14,38.37,100.48,3.24,217.6,4.4,218.6,1.1600000000000001,1.3499999999999979,1
2024-10-15 01:00:00,25.62,24.32,24.97,19.06,92.47,33.72,100.4,3.46,216.1,4.68,216.3,1.2199999999999998,1.3000000000000007,1
2024-10-15 02:00:00,25.73,24.38,25.05,19.12,92.13,21.64,100.37,3.88,218.7,5.25,217.8,1.37,1.3500000000000014,1
2024-10-15 03:00:00,25.84,24.4,25.12,19.15,91.67,16.63,100.37,4.37,224.1,5.85,222.1,1.4799999999999995,1.4400000000000013,1
2024-10-15 04:00:00,25.91,24.4,25.15,19.14,91.28,10.49,100.41,4.78,228.6,6.36,225.8,1.58,1.5100000000000016,1
2024-10-15 05:00:00,25.95,24.39,25.17,19.13,91.1,8.84,100.5,5.37,232.1,7.07,229.0,1.7000000000000002,1.5599999999999987,1
2024-10-15 06:00:00,26.14,24.49,25.32,19.22,90.57,6.3,100.57,6.17,238.0,7.79,235.6,1.62,1.6500000000000021,1
2024-10-15 07:00:00,26.4,24.63,25.52,19.36,89.9,2.12,100.65,6.98,246.6,8.4,245.3,1.42,1.7699999999999996,1
2024-10-15 08:00:00,26.7,24.73,25.71,19.47,88.87,2.78,100.7,7.53,254.1,8.87,253.7,1.339999999999999,1.9699999999999989,1
2024-10-15 09:00:00,26.99,24.63,25.81,19.35,86.84,3.33,100.72,8.07,263.4,9.57,263.3,1.5,2.3599999999999994,1
2024-10-15 10:00:00,27.2,24.51,25.86,19.22,85.17,3.41,100.67,8.24,273.8,9.7,273.7,1.459999999999999,2.6899999999999977,1
2024-10-15 11:00:00,27.41,24.41,25.91,19.12,83.63,15.53,100.59,8.2,280.7,9.64,280.8,1.4400000000000013,3.0,1
2024-10-15 12:00:00,27.67,24.27,25.97,18.98,81.71,11.11,100.51,7.92,286.1,9.24,286.3,1.3200000000000003,3.400000000000002,1
2024-10-15 13:00:00,27.82,24.1,25.96,18.8,80.2,3.67,100.46,7.34,289.6,8.49,289.8,1.1500000000000004,3.719999999999999,1
2024-10-15 14:00:00,27.74,23.92,25.83,18.59,79.67,1.63,100.44,6.55,288.4,7.56,288.5,1.0099999999999998,3.8199999999999967,1
2024-10-15 15:00:00,27.57,23.8,25.68,18.45,79.86,0.64,100.44,5.58,283.5,6.51,283.4,0.9299999999999997,3.7699999999999996,1
2024-10-15 16:00:00,27.32,23.81,25.57,18.45,81.06,0.93,100.47,4.53,278.5,5.48,278.4,0.9500000000000002,3.5100000000000016,1
2024-10-15 17:00:00,26.81,23.98,25.39,18.63,84.36,1.82,100.5,3.36,274.1,4.83,273.7,1.4700000000000002,2.8299999999999983,1
2024-10-15 18:00:00,26.65,24.02,25.34,18.67,85.38,2.55,100.55,3.09,271.1,4.69,270.6,1.6000000000000005,2.629999999999999,1
2024-10-15 19:00:00,26.68,24.06,25.37,18.71,85.44,5.73,100.59,2.91,266.4,4.36,265.5,1.4500000000000002,2.620000000000001,1
2024-10-15 20:00:00,26.7,24.11,25.4,18.77,85.65,11.43,100.63,2.75,256.1,4.03,255.3,1.2800000000000002,2.59,1
2024-10-15 21:00:00,26.71,24.18,25.45,18.85,85.94,17.02,100.61,2.76,243.1,3.87,242.4,1.1100000000000003,2.530000000000001,1
2024-10-15 22:00:00,26.75,24.26,25.51,18.96,86.2,20.59,100.57,2.71,232.0,3.65,231.3,0.94,2.4899999999999984,1
2024-10-15 23:00:00,26.86,24.28,25.57,18.97,85.65,31.05,100.53,2.27,228.4,2.96,227.5,0.69,2.5799999999999983,1
2024-10-16 00:00:00,26.82,24.18,25.5,18.86,85.34,34.15,100.51,1.65,247.9,2.16,245.7,0.5100000000000002,2.6400000000000006,1
2024-10-16 01:00:00,26.57,24.34,25.46,19.05,87.4,32.97,100.43,2.47,251.6,3.36,249.1,0.8899999999999997,2.2300000000000004,1
2024-10-16 02:00:00,26.57,24.36,25.46,19.08,87.5,26.45,100.39,3.13,248.8,4.34,246.5,1.21,2.210000000000001,1
2024-10-16 03:00:00,26.56,24.27,25.42,18.99,87.16,21.04,100.41,3.26,255.5,4.5,252.8,1.2400000000000002,2.289999999999999,1
2024-10-16 04:00:00,26.55,24.16,25.35,18.84,86.59,16.63,100.47,3.11,262.4,4.18,259.8,1.0699999999999998,2.3900000000000006,1
2024-10-16 05:00:00,26.56,24.03,25.3,18.68,85.9,11.71,100.57,2.9,264.1,3.78,261.8,0.8799999999999999,2.5299999999999976,1
2024-10-16 06:00:00,27.41,24.57,25.99,19.3,84.46,5.06,100.65,3.0,261.0,3.9,259.2,0.8999999999999999,2.84,1
2024-10-16 07:00:00,28.29,24.53,26.41,19.25,80.06,8.81,100.68,3.84,259.7,4.54,259.3,0.7000000000000002,3.759999999999998,1
2024-10-16 08:00:00,28.95,24.22,26.58,18.87,75.57,7.13,100.71,4.57,259.7,5.14,259.6,0.5699999999999994,4.73,1
2024-10-16 09:00:00,29.57,23.98,26.77,18.59,71.85,2.87,100.72,5.17,259.6,5.8,259.6,0.6299999999999999,5.59,1
2024-10-16 10:00:00,29.98,23.75,26.86,18.36,69.27,0.93,100.66,5.85,260.9,6.6,260.8,0.75,6.23,1
2024-10-16 11:00:00,30.19,23.53,26.86,18.15,67.6,0.26,100.55,6.39,262.2,7.23,262.0,0.8400000000000007,6.66,1
2024-10-16 12:00:00,30.32,23.39,26.86,18.01,66.51,0.07,100.44,6.65,260.8,7.54,260.8,0.8899999999999997,6.93,0
2024-10-16 13:00:00,30.37,23.3,26.83,17.92,65.94,0.03,100.36,6.59,256.8,7.52,256.9,0.9299999999999997,7.07,0
2024-10-16 14:00:00,30.24,23.31,26.77,17.93,66.44,0.02,100.32,6.46,251.6,7.43,252.0,0.9699999999999998,6.93,0
2024-10-16 15:00:00,29.91,23.48,26.69,18.14,68.5,0.08,100.33,6.2,245.4,7.26,246.2,1.0599999999999996,6.43,0
2024-10-16 16:00:00,29.36,23.95,26.65,18.64,72.67,0.14,100.38,5.61,237.4,6.83,238.8,1.2199999999999998,5.41,1
2024-10-16 17:00:00,28.43,24.63,26.53,19.41,79.87,1.2,100.45,4.72,227.1,6.54,229.2,1.8200000000000003,3.8000000000000007,1
2024-10-16 18:00:00,27.96,25.0,26.48,19.83,83.9,3.79,100.52,4.71,219.6,6.71,221.2,2.0,2.960000000000001,1
2024-10-16 19:00:00,27.84,25.21,26.53,20.08,85.61,11.17,100.6,5.11,216.8,7.18,217.6,2.0699999999999994,2.629999999999999,1
2024-10-16 20:00:00,27.76,25.31,26.54,20.18,86.47,16.71,100.65,5.66,216.5,7.67,216.8,2.01,2.450000000000003,1
2024-10-16 21:00:00,27.64,25.3,26.47,20.15,86.96,17.2,100.65,6.08,218.6,8.04,218.6,1.959999999999999,2.34,1
2024-10-16 22:00:00,27.49,25.23,26.36,20.08,87.4,13.22,100.62,6.18,221.7,8.09,221.1,1.9100000000000001,2.259999999999998,1
2024-10-16 23:00:00,27.34,25.15,26.25,19.99,87.72,10.27,100.56,6.13,225.2,8.06,224.2,1.9300000000000006,2.1900000000000013,1
2024-10-17 00:00:00,27.26,24.99,26.12,19.82,87.33,8.41,100.48,6.24,229.5,8.27,228.5,2.0299999999999994,2.270000000000003,1
2024-10-17 01:00:00,27.19,24.88,26.04,19.69,87.06,6.45,100.42,6.33,233.5,8.43,232.4,2.0999999999999996,2.3100000000000023,1
2024-10-17 02:00:00,27.13,24.76,25.95,19.56,86.78,4.96,100.4,6.3,237.3,8.48,236.4,2.1800000000000006,2.3699999999999974,1
2024-10-17 03:00:00,27.06,24.67,25.86,19.46,86.72,2.99,100.42,6.09,240.6,8.31,239.8,2.2200000000000006,2.389999999999997,1
2024-10-17 04:00:00,27.01,24.64,25.83,19.42,86.84,2.3,100.48,5.8,242.5,8.05,241.5,2.250000000000001,2.370000000000001,1
2024-10-17 05:00:00,26.97,24.65,25.81,19.39,86.99,1.23,100.56,5.43,243.4,7.7,242.5,2.2700000000000005,2.3200000000000003,1
2024-10-17 06:00:00,27.55,24.85,26.2,19.62,85.14,1.05,100.64,5.5,243.3,7.12,242.9,1.62,2.6999999999999993,1
2024-10-17 07:00:00,28.38,24.92,26.65,19.69,81.45,1.97,100.7,5.81,243.1,6.87,243.3,1.0600000000000005,3.4599999999999973,1
2024-10-17 08:00:00,29.21,24.78,27.0,19.52,76.99,1.61,100.73,6.06,243.3,6.98,243.5,0.9200000000000008,4.43,1
2024-10-17 09:00:00,29.83,24.73,27.28,19.47,74.1,1.95,100.74,6.13,243.8,7.0,244.0,0.8700000000000001,5.099999999999998,1
2024-10-17 10:00:00,30.28,24.72,27.5,19.47,72.16,1.67,100.67,6.2,244.3,7.05,244.5,0.8499999999999996,5.560000000000002,1
2024-10-17 11:00:00,30.52,24.69,27.61,19.45,71.04,0.15,100.57,6.27,244.0,7.1,244.1,0.8300000000000001,5.829999999999998,1
2024-10-17 12:00:00,30.6,24.6,27.6,19.38,70.39,0.14,100.47,6.3,242.2,7.13,242.4,0.8300000000000001,6.0,1
2024-10-17 13:00:00,30.53,24.57,27.55,19.36,70.54,0.2,100.38,6.26,239.4,7.1,239.6,0.8399999999999999,5.960000000000001,1
2024-10-17 14:00:00,30.33,24.61,27.47,19.4,71.47,0.2,100.35,6.18,236.3,7.05,236.6,0.8700000000000001,5.719999999999999,1
2024-10-17 15:00:00,29.98,24.64,27.31,19.44,73.08,0.38,100.36,6.05,232.8,6.98,233.4,0.9300000000000006,5.34,1
2024-10-17 16:00:00,29.43,24.8,27.11,19.61,76.12,0.46,100.41,5.74,227.2,6.83,228.3,1.0899999999999999,4.629999999999999,1
2024-10-17 17:00:00,28.6,25.14,26.87,20.01,81.52,0.64,100.47,5.09,219.5,6.74,221.7,1.6500000000000004,3.460000000000001,1
2024-10-17 18:00:00,28.16,25.43,26.79,20.33,85.01,0.57,100.54,5.06,214.1,6.88,216.1,1.8200000000000003,2.7300000000000004,1
2024-10-17 19:00:00,27.97,25.61,26.79,20.56,86.97,0.62,100.6,5.27,211.2,7.07,212.3,1.8000000000000007,2.3599999999999994,1
2024-10-17 20:00:00,27.8,25.74,26.77,20.71,88.51,0.71,100.64,5.54,208.8,7.29,209.1,1.75,2.0600000000000023,1
2024-10-17 21:00:00,27.64,25.8,26.72,20.77,89.6,0.82,100.65,5.81,207.2,7.5,207.3,1.6900000000000004,1.8399999999999999,1
2024-10-17 22:00:00,27.47,25.78,26.62,20.76,90.41,0.63,100.61,5.95,208.2,7.6,208.1,1.6499999999999995,1.6899999999999977,1
2024-10-17 23:00:00,27.34,25.73,26.54,20.73,90.91,0.37,100.54,5.95,210.6,7.62,210.5,1.67,1.6099999999999994,1
2024-10-18 00:00:00,27.29,25.68,26.48,20.66,90.79,0.28,100.45,6.04,213.1,7.76,213.1,1.7199999999999998,1.6099999999999994,1
2024-10-18 01:00:00,27.22,25.6,26.41,20.58,90.74,0.26,100.36,5.88,214.3,7.64,214.0,1.7599999999999998,1.6199999999999974,1
2024-10-18 02:00:00,27.27,25.52,26.4,20.49,90.06,0.15,100.34,5.94,216.4,7.75,216.2,1.8099999999999996,1.75,1
2024-10-18 03:00:00,27.28,25.44,26.36,20.38,89.57,0.11,100.39,5.75,221.3,7.59,220.9,1.8399999999999999,1.8399999999999999,1
2024-10-18 04:00:00,27.32,25.36,26.34,20.28,89.02,0.15,100.49,5.53,229.0,7.43,228.2,1.8999999999999995,1.9600000000000009,1
2024-10-18 05:00:00,27.37,25.33,26.35,20.21,88.55,0.11,100.59,5.32,235.2,7.28,234.4,1.96,2.0400000000000027,1
2024-10-18 06:00:00,27.91,25.4,26.65,20.27,86.14,0.07,100.69,5.54,238.3,6.91,238.0,1.37,2.5100000000000016,0
2024-10-18 07:00:00,28.68,25.32,27.0,20.17,82.02,0.06,100.76,5.86,240.1,6.92,240.4,1.0599999999999996,3.3599999999999994,0
2024-10-18 08:00:00,29.33,25.14,27.24,19.94,78.14,0.04,100.8,5.93,241.4,6.85,241.7,0.9199999999999999,4.189999999999998,0
2024-10-18 09:00:00,29.8,25.03,27.42,19.81,75.56,0.09,100.8,5.79,243.7,6.6,243.9,0.8099999999999996,4.77,0
2024-10-18 10:00:00,30.09,24.92,27.51,19.7,73.85,0.07,100.73,5.69,246.0,6.46,246.2,0.7699999999999996,5.169999999999998,0
2024-10-18 11:00:00,30.32,24.78,27.55,19.56,72.31,0.08,100.64,5.61,246.3,6.35,246.4,0.7399999999999993,5.539999999999999,0
2024-10-18 12:00:00,30.42,24.62,27.52,19.39,71.21,0.07,100.54,5.56,244.6,6.27,244.8,0.71,5.800000000000001,0
2024-10-18 13:00:00,30.38,24.49,27.43,19.26,70.84,0.09,100.46,5.48,240.8,6.19,241.0,0.71,5.890000000000001,0
2024-10-18 14:00:00,30.18,24.44,27.31,19.21,71.44,0.12,100.42,5.38,236.8,6.11,237.2,0.7300000000000004,5.739999999999998,1
2024-10-18 15:00:00,29.77,24.51,27.14,19.3,73.48,0.24,100.42,5.19,232.5,5.98,233.0,0.79,5.259999999999998,1
2024-10-18 16:00:00,29.21,24.75,26.98,19.57,76.98,0.54,100.46,4.86,226.4,5.87,227.6,1.0099999999999998,4.460000000000001,1
2024-10-18 17:00:00,28.36,25.09,26.73,19.94,82.43,0.74,100.53,4.33,218.7,5.94,221.0,1.6100000000000003,3.2699999999999996,1
2024-10-18 18:00:00,27.97,25.25,26.61,20.12,85.14,0.63,100.61,4.43,212.9,6.23,215.3,1.8000000000000007,2.719999999999999,1
2024-10-18 19:00:00,27.8,25.37,26.58,20.24,86.57,0.72,100.7,4.64,210.5,6.46,212.0,1.8200000000000003,2.4299999999999997,1
2024-10-18 20:00:00,27.65,25.45,26.55,20.32,87.73,0.91,100.77,4.79,211.2,6.62,211.8,1.83,2.1999999999999993,1
2024-10-18 21:00:00,27.54,25.48,26.51,20.35,88.45,0.95,100.79,4.99,213.5,6.79,213.6,1.7999999999999998,2.0599999999999987,1
2024-10-18 22:00:00,27.46,25.48,26.47,20.35,88.85,1.45,100.78,5.15,217.1,6.94,217.0,1.79,1.9800000000000004,1
2024-10-18 23:00:00,27.42,25.43,26.42,20.31,88.85,1.62,100.74,5.21,221.3,7.0,220.9,1.79,1.990000000000002,1
2024-10-19 00:00:00,27.36,25.37,26.36,20.25,88.84,1.46,100.67,5.2,225.9,7.0,225.0,1.7999999999999998,1.9899999999999984,1
2024-10-19 01:00:00,27.31,25.35,26.33,20.23,88.96,1.78,100.61,5.2,229.1,7.02,228.1,1.8199999999999994,1.9599999999999973,1
2024-10-19 02:00:00,27.25,25.31,26.28,20.19,89.08,1.71,100.58,5.15,232.9,7.01,231.8,1.8599999999999994,1.9400000000000013,1
2024-10-19 03:00:00,27.23,25.27,26.25,20.14,88.98,1.75,100.6,5.14,236.5,7.03,235.4,1.8900000000000006,1.9600000000000009,1
2024-10-19 04:00:00,27.2,25.2,26.2,20.05,88.79,1.97,100.66,5.17,240.5,7.09,239.5,1.92,2.0,1
2024-10-19 05:00:00,27.15,25.07,26.11,19.87,88.33,1.6,100.74,5.08,245.4,7.05,244.6,1.9699999999999998,2.0799999999999983,1
2024-10-19 06:00:00,27.42,25.0,26.21,19.75,86.51,1.58,100.83,5.3,250.2,6.92,249.9,1.62,2.4200000000000017,1
2024-10-19 07:00:00,27.88,24.95,26.42,19.69,84.03,1.28,100.91,5.56,255.5,6.57,255.5,1.0100000000000007,2.9299999999999997,1
2024-10-19 08:00:00,28.34,24.68,26.51,19.36,80.49,1.0,100.95,5.91,260.6,6.87,260.5,0.96,3.66,1
2024-10-19 09:00:00,28.66,24.42,26.54,19.06,77.8,1.09,100.96,5.97,263.6,6.82,263.5,0.8500000000000005,4.239999999999998,1
2024-10-19 10:00:00,28.93,24.27,26.6,18.92,75.98,1.16,100.89,6.07,267.5,6.88,267.4,0.8099999999999996,4.66,1
2024-10-19 11:00:00,29.15,24.16,26.65,18.8,74.47,1.06,100.78,6.02,269.9,6.79,269.7,0.7700000000000005,4.989999999999998,1
2024-10-19 12:00:00,29.29,24.03,26.66,18.68,73.33,1.01,100.67,5.59,269.7,6.26,269.6,0.6699999999999999,5.259999999999998,1
2024-10-19 13:00:00,29.35,23.88,26.61,18.52,72.39,0.93,100.58,4.84,267.0,5.38,267.0,0.54,5.470000000000002,1
2024-10-19 14:00:00,29.32,23.74,26.53,18.37,71.9,0.76,100.53,3.91,261.6,4.33,261.6,0.41999999999999993,5.580000000000002,1
2024-10-19 15:00:00,29.22,23.64,26.43,18.26,71.89,0.89,100.54,3.13,252.1,3.48,252.2,0.3500000000000001,5.579999999999998,1
2024-10-19 16:00:00,28.89,23.77,26.33,18.38,73.8,0.99,100.6,2.58,240.0,3.06,240.8,0.48,5.120000000000001,1
2024-10-19 17:00:00,28.13,24.32,26.23,18.99,79.72,0.88,100.67,2.19,226.8,3.06,229.5,0.8700000000000001,3.8099999999999987,1
2024-10-19 18:00:00,27.73,24.47,26.1,19.15,82.35,1.01,100.77,2.3,217.2,3.26,220.5,0.96,3.2600000000000016,1
2024-10-19 19:00:00,27.6,24.58,26.09,19.25,83.48,0.99,100.86,2.42,210.1,3.46,213.3,1.04,3.020000000000003,1
2024-10-19 20:00:00,27.5,24.65,26.08,19.34,84.41,1.26,100.91,2.55,205.4,3.67,208.7,1.12,2.8500000000000014,1
2024-10-19 21:00:00,27.38,24.7,26.04,19.39,85.21,1.42,100.91,2.66,204.0,3.88,207.0,1.2199999999999998,2.6799999999999997,1
2024-10-19 22:00:00,27.28,24.75,26.02,19.46,85.97,1.38,100.85,2.81,205.0,4.11,207.2,1.3000000000000003,2.530000000000001,1
2024-10-19 23:00:00,27.17,24.81,25.99,19.55,86.85,1.43,100.76,2.95,206.1,4.32,207.2,1.37,2.360000000000003,1
2024-10-20 00:00:00,27.09,24.88,25.99,19.66,87.65,1.22,100.66,3.15,205.8,4.61,206.1,1.4600000000000004,2.210000000000001,1
2024-10-20 01:00:00,27.03,24.94,25.99,19.76,88.33,1.19,100.58,3.4,205.4,4.97,205.5,1.5699999999999998,2.09,1
2024-10-20 02:00:00,26.91,24.97,25.94,19.79,89.07,1.26,100.56,3.52,205.4,5.13,205.3,1.6099999999999999,1.9400000000000013,1
2024-10-20 03:00:00,26.76,24.98,25.87,19.79,89.88,1.64,100.58,3.52,207.4,5.14,207.2,1.6199999999999997,1.7800000000000011,1
2024-10-20 04:00:00,26.67,24.99,25.83,19.79,90.42,1.52,100.65,3.47,212.2,5.06,211.6,1.5899999999999994,1.6800000000000033,1
2024-10-20 05:00:00,26.63,25.02,25.83,19.79,90.73,1.55,100.75,3.35,218.4,4.85,217.3,1.4999999999999996,1.6099999999999994,1
2024-10-20 06:00:00,27.33,25.2,26.27,19.99,88.03,1.81,100.85,3.62,224.1,4.43,223.5,0.8099999999999996,2.129999999999999,1
2024-10-20 07:00:00,28.16,25.16,26.66,19.93,83.68,1.84,100.93,3.73,232.1,4.25,232.8,0.52,3.0,1
2024-10-20 08:00:00,28.85,25.0,26.92,19.73,79.63,2.16,100.97,3.65,238.3,4.06,238.5,0.4099999999999997,3.8500000000000014,1
2024-10-20 09:00:00,29.39,24.93,27.16,19.65,76.88,1.79,100.98,3.46,242.8,3.79,242.8,0.33000000000000007,4.460000000000001,1
2024-10-20 10:00:00,29.77,24.84,27.31,19.57,74.87,1.62,100.92,3.38,249.2,3.67,248.9,0.29000000000000004,4.93,1
2024-10-20 11:00:00,29.87,24.78,27.33,19.52,74.17,8.07,100.81,3.33,254.3,3.59,254.0,0.2599999999999998,5.09,1
2024-10-20 12:00:00,29.95,24.77,27.36,19.52,73.75,7.0,100.7,3.29,259.0,3.53,258.6,0.23999999999999977,5.18,1
2024-10-20 13:00:00,29.96,24.74,27.35,19.5,73.57,6.31,100.62,3.2,261.9,3.42,261.3,0.21999999999999975,5.220000000000002,1
2024-10-20 14:00:00,29.84,24.69,27.27,19.45,73.86,6.46,100.57,2.92,262.9,3.13,262.3,0.20999999999999996,5.149999999999999,1
2024-10-20 15:00:00,29.62,24.63,27.12,19.39,74.58,5.37,100.57,2.58,260.2,2.78,259.9,0.19999999999999973,4.990000000000002,1
2024-10-20 16:00:00,29.1,24.84,26.97,19.61,77.74,4.33,100.62,2.03,252.5,2.4,253.1,0.3700000000000001,4.260000000000002,1
2024-10-20 17:00:00,28.37,25.28,26.83,20.13,83.29,3.56,100.69,1.59,237.3,2.19,240.4,0.5999999999999999,3.09,1
2024-10-20 18:00:00,27.98,25.37,26.67,20.22,85.65,3.77,100.77,1.52,221.0,2.14,226.1,0.6200000000000001,2.6099999999999994,1
2024-10-20 19:00:00,27.76,25.35,26.55,20.19,86.69,4.34,100.85,1.64,207.2,2.24,212.8,0.6000000000000003,2.41,1
2024-10-20 20:00:00,27.59,25.29,26.44,20.1,87.21,5.93,100.9,1.77,196.7,2.36,201.7,0.5899999999999999,2.3000000000000007,1
2024-10-20 21:00:00,27.42,25.24,26.33,20.03,87.79,6.59,100.9,1.88,192.0,2.48,195.9,0.6000000000000001,2.1800000000000033,1
2024-10-20 22:00:00,27.24,25.19,26.21,19.98,88.47,6.9,100.87,1.99,192.2,2.66,195.5,0.6700000000000002,2.049999999999997,1
2024-10-20 23:00:00,27.07,25.12,26.1,19.91,88.99,5.71,100.81,2.05,196.8,2.75,199.6,0.7000000000000002,1.9499999999999993,1
2024-10-21 00:00:00,26.91,25.06,25.98,19.85,89.5,5.28,100.74,2.1,203.5,2.88,205.7,0.7799999999999998,1.8500000000000014,1
2024-10-21 01:00:00,26.79,25.01,25.9,19.81,89.89,4.6,100.67,2.26,209.7,3.16,211.3,0.9000000000000004,1.7799999999999976,1
2024-10-21 02:00:00,26.73,25.0,25.86,19.8,90.14,3.62,100.64,2.45,212.0,3.49,213.2,1.04,1.7300000000000004,1
2024-10-21 03:00:00,26.67,24.98,25.82,19.78,90.38,2.88,100.66,2.65,212.4,3.8,213.0,1.15,1.6900000000000013,1
2024-10-21 04:00:00,26.64,24.99,25.82,19.78,90.59,2.34,100.71,2.83,210.5,4.07,211.0,1.2400000000000002,1.6500000000000021,1
2024-10-21 05:00:00,26.62,24.99,25.8,19.77,90.72,1.91,100.78,2.95,208.3,4.24,208.3,1.29,1.6300000000000026,1
2024-10-21 06:00:00,27.07,25.24,26.15,20.05,89.66,2.17,100.87,3.24,206.0,4.25,206.0,1.0099999999999998,1.8300000000000018,1
2024-10-21 07:00:00,27.57,25.38,26.48,20.19,87.74,3.65,100.94,3.54,205.3,3.99,205.7,0.4500000000000002,2.1900000000000013,1
2024-10-21 08:00:00,28.25,25.33,26.79,20.13,84.13,5.21,101.0,3.57,209.7,4.0,210.5,0.43000000000000016,2.9200000000000017,1
2024-10-21 09:00:00,28.84,25.17,27.01,19.94,80.54,6.08,101.0,3.56,214.4,3.95,214.6,0.3900000000000001,3.669999999999998,1
2024-10-21 10:00:00,29.23,25.06,27.14,19.81,78.17,8.51,100.92,3.61,221.1,3.98,220.8,0.3700000000000001,4.170000000000002,1
2024-10-21 11:00:00,29.45,25.01,27.23,19.78,76.98,7.84,100.8,3.76,227.3,4.12,226.9,0.3600000000000003,4.439999999999998,1
2024-10-21 12:00:00,29.53,25.0,27.27,19.78,76.55,9.31,100.7,3.92,231.8,4.3,231.2,0.3799999999999999,4.530000000000001,1
2024-10-21 13:00:00,29.49,24.99,27.24,19.8,76.75,9.16,100.62,4.01,235.7,4.4,235.1,0.39000000000000057,4.5,1
2024-10-21 14:00:00,29.32,25.0,27.16,19.81,77.51,9.31,100.58,4.03,239.1,4.46,238.7,0.4299999999999997,4.32,1
2024-10-21 15:00:00,29.07,25.03,27.05,19.86,78.82,7.04,100.57,3.89,242.8,4.4,242.5,0.5100000000000002,4.039999999999999,1
2024-10-21 16:00:00,28.69,25.2,26.95,20.05,81.37,4.79,100.61,3.5,245.2,4.2,245.4,0.7000000000000002,3.490000000000002,1
2024-10-21 17:00:00,27.92,25.48,26.7,20.37,86.49,3.78,100.67,2.67,245.9,3.88,246.8,1.21,2.4400000000000013,1
2024-10-21 18:00:00,27.58,25.45,26.52,20.32,88.07,3.21,100.74,2.3,246.1,3.44,247.6,1.1400000000000001,2.129999999999999,1
2024-10-21 19:00:00,27.49,25.36,26.42,20.19,88.04,2.69,100.82,1.93,248.1,2.79,249.2,0.8600000000000001,2.129999999999999,1
2024-10-21 20:00:00,27.43,25.24,26.33,20.03,87.7,2.69,100.86,1.47,250.9,2.01,251.7,0.5399999999999998,2.1900000000000013,1
2024-10-21 21:00:00,27.42,25.15,26.29,19.93,87.32,3.26,100.87,0.96,256.1,1.28,256.0,0.32000000000000006,2.270000000000003,1
2024-10-21 22:00:00,27.37,25.07,26.22,19.83,87.13,5.64,100.85,0.43,249.4,0.6,249.4,0.16999999999999998,2.3000000000000007,1
2024-10-21 23:00:00,27.27,25.03,26.15,19.8,87.48,8.38,100.81,0.34,178.3,0.42,188.1,0.07999999999999996,2.2399999999999984,1
2024-10-22 00:00:00,27.0,25.0,26.0,19.77,88.68,9.4,100.75,0.67,159.1,0.81,164.9,0.14,2.0,1
2024-10-22 01:00:00,26.75,24.97,25.86,19.76,89.89,9.42,100.68,1.1,159.3,1.34,162.6,0.24,1.7800000000000011,1
2024-10-22 02:00:00,26.57,24.93,25.75,19.72,90.65,9.16,100.67,1.37,161.7,1.69,164.2,0.31999999999999984,1.6400000000000006,1
2024-10-22 03:00:00,26.47,24.85,25.66,19.63,90.8,8.09,100.69,1.49,170.3,1.85,172.9,0.3600000000000001,1.6199999999999974,1
2024-10-22 04:00:00,26.38,24.77,25.58,19.51,90.78,7.47,100.75,1.51,183.4,1.93,185.7,0.41999999999999993,1.6099999999999994,1
2024-10-22 05:00:00,26.33,24.72,25.52,19.44,90.78,7.23,100.81,1.65,199.1,2.17,199.9,0.52,1.6099999999999994,1
2024-10-22 06:00:00,26.83,25.08,25.96,19.86,90.09,6.33,100.88,1.86,207.1,2.5,206.9,0.6399999999999999,1.75,1
2024-10-22 07:00:00,27.48,25.21,26.35,19.99,87.33,7.53,100.93,2.32,210.9,2.56,211.3,0.2400000000000002,2.2699999999999996,1
2024-10-22 08:00:00,28.3,24.91,26.6,19.63,81.8,7.79,100.97,2.38,213.4,2.55,213.5,0.16999999999999993,3.3900000000000006,1
2024-10-22 09:00:00,28.93,24.45,26.69,19.09,76.73,7.95,100.98,2.57,216.8,2.76,216.7,0.18999999999999995,4.48,1
2024-10-22 10:00:00,29.39,24.08,26.74,18.7,73.15,10.01,100.91,2.84,224.3,3.03,224.2,0.18999999999999995,5.310000000000002,1
2024-10-22 11:00:00,29.77,23.84,26.81,18.44,70.52,4.96,100.81,3.04,227.5,3.23,227.0,0.18999999999999995,5.93,1
2024-10-22 12:00:00,29.93,23.56,26.74,18.15,68.73,5.35,100.72,3.12,225.9,3.31,225.0,0.18999999999999995,6.370000000000001,1
2024-10-22 13:00:00,29.91,23.26,26.58,17.82,67.52,5.42,100.65,3.08,223.6,3.29,222.0,0.20999999999999996,6.649999999999999,1
2024-10-22 14:00:00,29.76,22.83,26.3,17.37,66.38,5.73,100.61,2.97,219.5,3.2,218.2,0.22999999999999998,6.930000000000003,1
2024-10-22 15:00:00,29.4,22.61,26.01,17.12,66.8,5.86,100.61,2.61,214.1,2.92,213.0,0.31000000000000005,6.789999999999999,1
2024-10-22 16:00:00,29.04,22.42,25.73,16.93,67.48,5.68,100.64,1.99,210.6,2.26,210.0,0.2699999999999998,6.619999999999997,1
2024-10-22 17:00:00,28.41,22.49,25.45,17.05,70.5,5.93,100.68,1.23,217.4,1.49,219.6,0.26,5.920000000000002,1
2024-10-22 18:00:00,28.14,22.15,25.15,16.68,70.11,5.02,100.73,0.87,242.0,1.08,246.0,0.21000000000000008,5.990000000000002,1
2024-10-22 19:00:00,28.02,21.97,24.99,16.47,69.77,5.69,100.79,0.88,249.3,1.08,253.3,0.20000000000000007,6.050000000000001,1
2024-10-22 20:00:00,27.86,22.05,24.95,16.54,70.77,5.77,100.86,1.11,233.4,1.34,236.5,0.22999999999999998,5.809999999999999,1
2024-10-22 21:00:00,27.49,22.5,24.99,16.99,74.29,5.27,100.9,1.65,220.1,2.07,223.0,0.41999999999999993,4.989999999999998,1
2024-10-22 22:00:00,27.14,22.8,24.97,17.3,77.19,4.1,100.88,2.26,215.4,3.02,218.5,0.7600000000000002,4.34,1
2024-10-22 23:00:00,26.91,22.92,24.91,17.42,78.73,2.86,100.83,2.76,216.2,3.88,219.6,1.12,3.9899999999999984,1
2024-10-23 00:00:00,26.75,22.98,24.86,17.48,79.69,2.19,100.76,3.09,218.7,4.41,221.8,1.3200000000000003,3.7699999999999996,1
2024-10-23 01:00:00,26.65,23.03,24.84,17.57,80.51,2.25,100.68,3.23,222.4,4.62,225.0,1.3900000000000001,3.6199999999999974,1
2024-10-23 02:00:00,26.58,23.1,24.84,17.64,81.11,2.4,100.63,3.2,227.0,4.5,229.1,1.2999999999999998,3.479999999999997,1
2024-10-23 03:00:00,26.54,23.17,24.85,17.71,81.61,2.64,100.61,3.08,231.5,4.22,232.6,1.1399999999999997,3.3699999999999974,1
2024-10-23 04:00:00,26.52,23.27,24.9,17.82,82.23,2.6,100.64,2.93,232.9,3.91,233.2,0.98,3.25,1
2024-10-23 05:00:00,26.52,23.31,24.92,17.86,82.46,2.9,100.7,2.59,231.3,3.31,231.1,0.7200000000000002,3.210000000000001,1
2024-10-23 06:00:00,27.24,23.97,25.6,18.58,82.28,2.58,100.79,2.09,227.5,2.65,227.3,0.56,3.2699999999999996,1
2024-10-23 07:00:00,28.44,24.0,26.22,18.59,76.82,2.99,100.88,1.85,233.8,2.22,235.7,0.3700000000000001,4.440000000000001,1
2024-10-23 08:00:00,29.28,23.63,26.46,18.19,71.66,3.64,100.94,1.87,242.3,2.13,243.2,0.2599999999999998,5.650000000000002,1
2024-10-23 09:00:00,29.65,23.67,26.66,18.23,70.31,4.79,100.96,2.14,248.6,2.35,248.8,0.20999999999999996,5.979999999999997,1
2024-10-23 10:00:00,29.91,23.98,26.94,18.59,70.58,5.75,100.9,2.53,252.5,2.75,252.4,0.2200000000000002,5.93,1
2024-10-23 11:00:00,30.01,24.27,27.14,18.93,71.37,25.08,100.8,2.9,252.6,3.15,252.3,0.25,5.740000000000002,1
2024-10-23 12:00:00,29.89,24.49,27.19,19.21,72.84,27.33,100.7,3.16,250.2,3.43,250.0,0.27,5.400000000000002,1
2024-10-23 13:00:00,29.7,24.63,27.17,19.38,74.24,27.04,100.63,3.26,246.9,3.57,246.9,0.31000000000000005,5.07,1
2024-10-23 14:00:00,29.46,24.68,27.07,19.44,75.48,27.96,100.6,3.24,241.6,3.56,241.9,0.31999999999999984,4.780000000000001,1
2024-10-23 15:00:00,29.03,24.86,26.95,19.63,78.12,30.61,100.6,3.21,234.4,3.67,234.9,0.45999999999999996,4.170000000000002,1
2024-10-23 16:00:00,28.51,25.12,26.82,19.93,81.75,23.81,100.63,3.16,227.7,3.91,229.1,0.75,3.3900000000000006,1
2024-10-23 17:00:00,27.77,25.31,26.54,20.17,86.41,17.1,100.68,3.06,225.1,4.31,227.7,1.2499999999999996,2.460000000000001,1
2024-10-23 18:00:00,27.42,25.3,26.36,20.14,88.12,11.92,100.74,3.36,226.1,4.89,228.5,1.5299999999999998,2.120000000000001,1
2024-10-23 19:00:00,27.31,25.28,26.3,20.1,88.56,10.97,100.8,3.81,228.0,5.48,229.7,1.6700000000000004,2.0299999999999976,1
2024-10-23 20:00:00,27.27,25.25,26.26,20.06,88.63,9.95,100.83,4.19,229.7,5.96,230.8,1.7699999999999996,2.0199999999999996,1
2024-10-23 21:00:00,27.24,25.17,26.2,19.96,88.36,9.65,100.84,4.37,231.0,6.23,231.6,1.8600000000000003,2.0699999999999967,1
2024-10-23 22:00:00,27.22,25.03,26.12,19.8,87.74,8.63,100.82,4.38,232.2,6.25,232.4,1.87,2.1899999999999977,1
2024-10-23 23:00:00,27.17,24.87,26.02,19.62,87.17,7.3,100.78,4.39,231.6,6.29,231.7,1.9000000000000004,2.3000000000000007,1
2024-10-24 00:00:00,27.08,24.71,25.9,19.44,86.78,11.71,100.71,4.44,230.9,6.35,230.9,1.9099999999999993,2.3699999999999974,1
2024-10-24 01:00:00,26.99,24.56,25.77,19.28,86.48,12.47,100.66,4.49,230.2,6.43,230.2,1.9399999999999995,2.4299999999999997,1
2024-10-24 02:00:00,26.87,24.39,25.63,19.07,86.12,13.82,100.62,4.42,229.1,6.36,228.9,1.9400000000000004,2.4800000000000004,1
2024-10-24 03:00:00,26.75,24.2,25.48,18.86,85.79,18.48,100.62,4.31,227.2,6.23,226.7,1.9200000000000008,2.5500000000000007,1
2024-10-24 04:00:00,26.68,24.08,25.38,18.72,85.54,21.55,100.66,4.31,225.0,6.24,224.4,1.9300000000000006,2.6000000000000014,1
2024-10-24 05:00:00,26.66,24.04,25.35,18.67,85.47,19.86,100.72,4.38,225.1,6.34,224.2,1.96,2.620000000000001,1
2024-10-24 06:00:00,27.06,24.3,25.68,18.94,84.75,17.22,100.8,4.57,228.0,6.29,227.3,1.7199999999999998,2.759999999999998,1
2024-10-24 07:00:00,27.68,24.56,26.12,19.24,83.07,16.32,100.88,4.98,231.2,5.94,230.9,0.96,3.120000000000001,1
2024-10-24 08:00:00,28.44,24.73,26.58,19.42,80.26,16.94,100.94,5.52,234.6,6.45,234.7,0.9300000000000006,3.710000000000001,1
2024-10-24 09:00:00,29.03,24.69,26.86,19.38,77.42,16.12,100.96,6.03,236.5,6.98,236.4,0.9500000000000002,4.34,1
2024-10-24 10:00:00,29.29,24.83,27.06,19.55,76.87,14.48,100.9,6.46,237.3,7.46,237.2,1.0,4.460000000000001,1
2024-10-24 11:00:00,29.32,24.99,27.15,19.76,77.48,2.79,100.8,6.83,238.1,7.91,238.0,1.08,4.330000000000002,1
2024-10-24 12:00:00,29.23,25.13,27.18,19.95,78.54,2.51,100.69,7.12,238.8,8.29,238.8,1.169999999999999,4.100000000000001,1
2024-10-24 13:00:00,29.1,25.15,27.12,20.02,79.33,2.66,100.59,7.19,238.9,8.41,239.0,1.2199999999999998,3.950000000000003,1
2024-10-24 14:00:00,28.93,25.14,27.04,19.99,79.95,1.75,100.53,7.03,238.9,8.27,239.2,1.2399999999999993,3.789999999999999,1
2024-10-24 15:00:00,28.71,25.19,26.95,20.06,81.25,1.31,100.53,6.62,238.0,7.86,238.4,1.2400000000000002,3.5199999999999996,1
2024-10-24 16:00:00,28.39,25.38,26.89,20.28,83.7,1.46,100.57,5.91,234.8,7.26,235.4,1.3499999999999996,3.0100000000000016,1
2024-10-24 17:00:00,27.91,25.52,26.71,20.43,86.76,1.26,100.63,5.09,229.7,6.81,230.5,1.7199999999999998,2.3900000000000006,1
2024-10-24 18:00:00,27.69,25.58,26.64,20.49,88.21,1.2,100.72,4.83,223.9,6.65,224.6,1.8200000000000003,2.110000000000003,1
2024-10-24 19:00:00,27.58,25.64,26.61,20.55,89.12,1.16,100.81,4.67,218.0,6.5,218.3,1.83,1.9399999999999977,1
2024-10-24 20:00:00,27.48,25.67,26.57,20.56,89.75,1.33,100.89,4.54,211.8,6.34,211.5,1.7999999999999998,1.8099999999999987,1
2024-10-24 21:00:00,27.43,25.66,26.54,20.55,90.01,1.52,100.93,4.73,207.3,6.51,207.0,1.7799999999999994,1.7699999999999996,1
2024-10-24 22:00:00,27.4,25.61,26.51,20.48,89.82,1.43,100.88,5.27,210.2,7.03,210.3,1.7600000000000007,1.7899999999999991,1
2024-10-24 23:00:00,27.37,25.53,26.45,20.43,89.68,1.83,100.79,5.79,217.9,7.6,218.1,1.8099999999999996,1.8399999999999999,1
2024-10-25 00:00:00,27.3,25.5,26.4,20.4,89.81,2.18,100.67,6.19,225.1,8.08,225.0,1.8899999999999997,1.8000000000000007,1
2024-10-25 01:00:00,27.28,25.46,26.37,20.36,89.67,2.54,100.59,6.24,229.7,8.24,229.2,2.0,1.8200000000000003,1
2024-10-25 02:00:00,27.25,25.41,26.33,20.31,89.59,2.47,100.57,5.78,233.5,7.82,232.5,2.04,1.8399999999999999,1
2024-10-25 03:00:00,27.22,25.34,26.28,20.23,89.4,2.78,100.57,5.16,236.1,7.19,234.6,2.0300000000000002,1.879999999999999,1
2024-10-25 04:00:00,27.16,25.25,26.2,20.1,89.2,2.94,100.63,4.61,236.7,6.6,235.1,1.9899999999999993,1.9100000000000001,1
2024-10-25 05:00:00,27.14,25.21,26.18,20.03,89.08,2.72,100.72,4.21,235.6,6.12,234.2,1.9100000000000001,1.9299999999999997,1
2024-10-25 06:00:00,27.53,25.41,26.47,20.26,88.14,2.76,100.82,3.98,233.3,5.54,232.6,1.56,2.120000000000001,1
2024-10-25 07:00:00,28.15,25.54,26.85,20.4,85.66,2.65,100.91,4.03,231.3,4.84,231.7,0.8099999999999996,2.6099999999999994,1
2024-10-25 08:00:00,28.61,25.45,27.03,20.27,82.92,2.56,100.96,4.09,233.2,4.73,233.6,0.6400000000000006,3.16,1
2024-10-25 09:00:00,28.98,25.32,27.15,20.11,80.54,2.68,100.97,4.24,236.5,4.85,236.8,0.6099999999999994,3.66,1
2024-10-25 10:00:00,29.22,25.2,27.21,19.98,78.87,2.5,100.9,4.43,239.2,5.04,239.3,0.6100000000000003,4.02,1
2024-10-25 11:00:00,29.3,24.97,27.13,19.73,77.45,2.69,100.79,4.71,240.9,5.34,240.9,0.6299999999999999,4.330000000000002,1
2024-10-25 12:00:00,29.26,24.83,27.05,19.59,77.01,2.83,100.7,4.97,241.9,5.67,241.8,0.7000000000000002,4.430000000000003,1
2024-10-25 13:00:00,29.08,24.76,26.92,19.52,77.48,2.71,100.62,5.15,240.6,5.92,240.6,0.7699999999999996,4.319999999999997,1
2024-10-25 14:00:00,28.89,24.81,26.85,19.61,78.66,2.41,100.57,5.15,238.9,5.97,238.9,0.8199999999999994,4.080000000000002,1
2024-10-25 15:00:00,28.66,24.94,26.8,19.75,80.27,2.14,100.57,4.86,235.7,5.74,236.1,0.8799999999999999,3.719999999999999,1
2024-10-25 16:00:00,28.29,25.15,26.72,19.99,83.03,2.13,100.6,4.3,230.1,5.42,230.9,1.12,3.1400000000000006,1
2024-10-25 17:00:00,27.74,25.32,26.53,20.18,86.59,1.83,100.66,3.88,222.8,5.52,224.3,1.6399999999999997,2.419999999999998,1
2024-10-25 18:00:00,27.56,25.4,26.48,20.27,87.95,2.28,100.73,4.04,218.4,5.8,219.6,1.7599999999999998,2.16,1
2024-10-25 19:00:00,27.54,25.51,26.52,20.39,88.63,2.23,100.8,4.32,218.1,6.12,219.1,1.7999999999999998,2.0299999999999976,1
2024-10-25 20:00:00,27.54,25.63,26.58,20.53,89.27,1.93,100.85,4.72,220.9,6.52,221.1,1.7999999999999998,1.9100000000000001,1
2024-10-25 21:00:00,27.54,25.72,26.63,20.63,89.71,2.21,100.86,5.04,225.2,6.84,225.1,1.7999999999999998,1.8200000000000003,1
2024-10-25 22:00:00,27.55,25.71,26.63,20.61,89.55,2.31,100.83,5.31,229.4,7.12,229.0,1.8100000000000005,1.8399999999999999,1
2024-10-25 23:00:00,27.51,25.58,26.55,20.48,89.16,2.55,100.78,5.52,233.3,7.36,232.5,1.8400000000000007,1.9300000000000033,1
2024-10-26 00:00:00,27.42,25.45,26.43,20.32,88.88,2.54,100.72,5.73,235.6,7.63,235.1,1.8999999999999995,1.9700000000000024,1
2024-10-26 01:00:00,27.34,25.33,26.34,20.19,88.67,2.74,100.65,5.94,236.6,7.89,236.3,1.9499999999999993,2.0100000000000016,1
2024-10-26 02:00:00,27.26,25.22,26.24,20.07,88.52,2.81,100.6,5.94,237.9,7.95,237.6,2.01,2.0400000000000027,1
2024-10-26 03:00:00,27.23,25.13,26.18,19.97,88.24,2.94,100.6,5.87,239.2,7.93,239.1,2.0599999999999996,2.1000000000000014,1
2024-10-26 04:00:00,27.19,25.09,26.14,19.91,88.22,2.86,100.64,5.75,240.3,7.85,240.1,2.0999999999999996,2.1000000000000014,1
2024-10-26 05:00:00,27.17,25.09,26.13,19.89,88.3,3.03,100.72,5.56,241.6,7.71,241.5,2.1500000000000004,2.080000000000002,1
2024-10-26 06:00:00,27.48,25.22,26.35,20.03,87.39,2.94,100.8,5.69,243.6,7.46,243.5,1.7699999999999996,2.2600000000000016,1
2024-10-26 07:00:00,27.94,25.38,26.66,20.22,85.92,3.74,100.86,5.98,245.3,7.16,245.2,1.1799999999999997,2.5600000000000023,1
2024-10-26 08:00:00,28.48,25.34,26.91,20.16,83.04,3.26,100.89,6.46,246.0,7.62,246.1,1.1600000000000001,3.1400000000000006,1
2024-10-26 09:00:00,28.88,25.13,27.01,19.91,80.13,2.81,100.88,6.8,246.6,7.92,246.7,1.12,3.75,1
2024-10-26 10:00:00,29.08,25.07,27.08,19.86,78.95,2.44,100.8,6.93,247.8,8.04,247.9,1.1099999999999994,4.009999999999998,1
2024-10-26 11:00:00,29.13,25.01,27.07,19.82,78.48,1.77,100.68,7.03,249.3,8.16,249.4,1.13,4.119999999999997,1
2024-10-26 12:00:00,29.14,24.99,27.07,19.83,78.39,1.86,100.58,7.02,249.4,8.14,249.5,1.120000000000001,4.150000000000002,1
2024-10-26 13:00:00,29.1,25.03,27.07,19.88,78.7,1.67,100.49,6.83,248.2,7.95,248.4,1.12,4.07,1
2024-10-26 14:00:00,29.02,25.07,27.05,19.94,79.27,1.49,100.44,6.5,246.8,7.59,247.1,1.0899999999999999,3.9499999999999993,1
2024-10-26 15:00:00,28.89,25.17,27.03,20.05,80.3,1.56,100.45,6.03,243.9,7.08,244.5,1.0499999999999998,3.719999999999999,1
2024-10-26 16:00:00,28.63,25.37,27.0,20.28,82.49,1.54,100.5,5.41,238.5,6.53,239.2,1.12,3.259999999999998,1
2024-10-26 17:00:00,28.07,25.61,26.84,20.56,86.44,1.51,100.57,4.66,230.1,6.33,231.3,1.67,2.460000000000001,1
2024-10-26 18:00:00,27.85,25.75,26.8,20.71,88.27,1.6,100.67,4.77,223.6,6.57,224.6,1.8000000000000007,2.1000000000000014,1
2024-10-26 19:00:00,27.76,25.86,26.81,20.83,89.31,2.09,100.75,5.03,220.2,6.83,220.8,1.7999999999999998,1.9000000000000021,1
2024-10-26 20:00:00,27.66,25.94,26.8,20.91,90.22,2.08,100.79,5.21,220.0,7.04,220.2,1.83,1.7199999999999989,1
2024-10-26 21:00:00,27.59,25.97,26.78,20.95,90.76,1.92,100.79,5.44,222.2,7.27,222.2,1.8299999999999992,1.620000000000001,1
2024-10-26 22:00:00,27.5,25.96,26.73,20.94,91.16,2.0,100.75,5.57,225.7,7.4,225.3,1.83,1.5399999999999991,1
2024-10-26 23:00:00,27.43,25.91,26.67,20.9,91.3,1.86,100.69,5.8,229.8,7.63,229.7,1.83,1.5199999999999996,1
2024-10-27 00:00:00,27.36,25.81,26.58,20.8,91.18,1.92,100.62,5.92,234.2,7.73,234.1,1.8100000000000005,1.5500000000000007,1
2024-10-27 01:00:00,27.3,25.69,26.49,20.66,90.82,1.71,100.54,5.9,239.7,7.71,239.5,1.8099999999999996,1.6099999999999994,1
2024-10-27 02:00:00,27.26,25.58,26.42,20.52,90.39,1.51,100.5,5.59,243.9,7.43,243.5,1.8399999999999999,1.6800000000000033,1
2024-10-27 03:00:00,27.2,25.49,26.35,20.42,90.26,1.46,100.49,5.21,246.3,7.12,245.8,1.9100000000000001,1.7100000000000009,1
2024-10-27 04:00:00,27.18,25.39,26.29,20.29,89.84,1.52,100.54,4.84,248.2,6.79,247.3,1.9500000000000002,1.7899999999999991,1
2024-10-27 05:00:00,27.14,25.31,26.23,20.16,89.55,1.16,100.61,4.45,247.5,6.38,246.2,1.9299999999999997,1.8300000000000018,1
2024-10-27 06:00:00,27.63,25.42,26.52,20.29,87.64,1.21,100.69,4.59,245.8,6.04,245.1,1.4500000000000002,2.2099999999999973,1
2024-10-27 07:00:00,28.28,25.47,26.88,20.34,84.65,1.07,100.76,5.0,245.4,5.87,245.4,0.8700000000000001,2.8100000000000023,1
2024-10-27 08:00:00,28.8,25.41,27.1,20.26,81.85,1.26,100.81,5.32,246.3,6.13,246.4,0.8099999999999996,3.3900000000000006,1
2024-10-27 09:00:00,29.18,25.35,27.26,20.18,79.76,1.07,100.81,5.61,246.7,6.41,246.7,0.7999999999999998,3.8299999999999983,1
2024-10-27 10:00:00,29.46,25.28,27.37,20.13,78.24,1.0,100.74,5.9,246.9,6.74,246.7,0.8399999999999999,4.18,1
2024-10-27 11:00:00,29.42,25.2,27.31,20.05,78.03,0.81,100.64,6.21,245.9,7.13,245.7,0.9199999999999999,4.220000000000002,1
2024-10-27 12:00:00,29.33,25.12,27.23,19.97,78.04,0.46,100.53,6.57,243.9,7.58,243.8,1.0099999999999998,4.209999999999997,1
2024-10-27 13:00:00,29.13,25.06,27.1,19.93,78.71,0.22,100.43,6.84,242.1,7.96,242.2,1.12,4.07,1
2024-10-27 14:00:00,28.98,25.06,27.02,19.93,79.35,0.18,100.36,6.85,240.9,8.04,241.1,1.1899999999999995,3.9200000000000017,1
2024-10-27 15:00:00,28.81,25.07,26.94,19.94,80.16,0.24,100.35,6.55,239.4,7.79,239.7,1.2400000000000002,3.7399999999999984,1
2024-10-27 16:00:00,28.56,25.12,26.84,20.0,81.58,0.1,100.37,5.84,237.5,7.25,237.8,1.4100000000000001,3.4399999999999977,0
2024-10-27 17:00:00,28.18,25.17,26.67,20.06,83.7,0.19,100.42,5.02,234.8,6.79,235.1,1.7700000000000005,3.009999999999998,1
2024-10-27 18:00:00,28.02,25.19,26.61,20.06,84.54,0.27,100.49,4.55,231.4,6.39,231.7,1.8399999999999999,2.8299999999999983,1
2024-10-27 19:00:00,27.96,25.22,26.59,20.08,84.97,0.31,100.55,4.25,227.8,6.06,227.9,1.8099999999999996,2.740000000000002,1
2024-10-27 20:00:00,27.88,25.26,26.57,20.12,85.57,0.23,100.6,4.19,224.1,6.0,224.2,1.8099999999999996,2.6199999999999974,1
2024-10-27 21:00:00,27.81,25.28,26.55,20.14,86.02,0.39,100.61,4.34,221.1,6.12,220.8,1.7800000000000002,2.5299999999999976,1
2024-10-27 22:00:00,27.71,25.3,26.51,20.17,86.63,0.44,100.58,4.54,218.8,6.29,218.5,1.75,2.41,1
2024-10-27 23:00:00,27.62,25.31,26.46,20.2,87.17,0.6,100.54,4.8,218.7,6.51,218.3,1.71,2.3100000000000023,1
2024-10-28 00:00:00,27.51,25.3,26.4,20.2,87.69,0.7,100.48,5.15,221.8,6.86,221.5,1.71,2.210000000000001,1
2024-10-28 01:00:00,27.43,25.28,26.36,20.19,88.0,0.71,100.42,5.41,227.2,7.17,226.9,1.7599999999999998,2.1499999999999986,1
2024-10-28 02:00:00,27.37,25.24,26.3,20.13,88.03,0.49,100.4,5.39,233.2,7.23,232.6,1.8400000000000007,2.1300000000000026,1
2024-10-28 03:00:00,27.29,25.19,26.24,20.07,88.2,0.35,100.41,5.13,237.5,7.03,237.0,1.9000000000000004,2.099999999999998,1
2024-10-28 04:00:00,27.24,25.12,26.18,19.98,88.11,0.22,100.46,4.84,240.4,6.77,239.8,1.9299999999999997,2.1199999999999974,1
2024-10-28 05:00:00,27.17,25.06,26.11,19.89,88.15,0.06,100.54,4.44,242.6,6.38,241.8,1.9399999999999995,2.110000000000003,0
2024-10-28 06:00:00,27.65,25.13,26.39,19.94,85.99,0.03,100.63,4.41,244.8,5.83,244.3,1.42,2.5199999999999996,0
2024-10-28 07:00:00,28.43,25.0,26.71,19.79,81.62,0.01,100.7,4.57,248.0,5.34,248.1,0.7699999999999996,3.4299999999999997,0
2024-10-28 08:00:00,29.02,24.87,26.95,19.62,78.24,0.02,100.74,4.6,251.0,5.23,251.0,0.6300000000000008,4.149999999999999,0
2024-10-28 09:00:00,29.46,24.84,27.15,19.6,76.2,0.03,100.74,4.63,252.5,5.21,252.5,0.5800000000000001,4.620000000000001,0
2024-10-28 10:00:00,29.85,24.82,27.33,19.58,74.38,0.04,100.67,4.78,254.1,5.36,254.1,0.5800000000000001,5.030000000000001,0
2024-10-28 11:00:00,30.07,24.7,27.39,19.47,72.96,0.07,100.57,4.97,254.2,5.55,254.2,0.5800000000000001,5.370000000000001,0
2024-10-28 12:00:00,30.14,24.57,27.36,19.35,72.16,0.08,100.46,5.14,253.2,5.76,253.0,0.6200000000000001,5.57,0
2024-10-28 13:00:00,30.09,24.46,27.28,19.23,71.87,0.09,100.39,5.23,250.5,5.9,250.5,0.6699999999999999,5.629999999999999,0
2024-10-28 14:00:00,29.92,24.38,27.15,19.14,72.21,0.09,100.35,5.17,247.0,5.9,247.3,0.7300000000000004,5.540000000000003,0
2024-10-28 15:00:00,29.6,24.45,27.02,19.22,73.85,0.08,100.35,5.0,242.6,5.82,243.1,0.8200000000000003,5.150000000000002,0
2024-10-28 16:00:00,29.05,24.75,26.9,19.57,77.64,0.07,100.4,4.52,236.0,5.64,236.9,1.12,4.300000000000001,0
2024-10-28 17:00:00,28.32,25.1,26.71,19.97,82.68,0.12,100.46,3.91,226.8,5.56,228.6,1.6499999999999995,3.219999999999999,1
2024-10-28 18:00:00,28.0,25.29,26.64,20.18,85.16,0.21,100.52,3.81,217.3,5.53,219.6,1.7200000000000002,2.710000000000001,1
2024-10-28 19:00:00,27.84,25.47,26.65,20.38,86.87,0.33,100.59,3.85,208.4,5.55,210.5,1.6999999999999997,2.370000000000001,1
2024-10-28 20:00:00,27.68,25.58,26.63,20.5,88.23,0.41,100.64,3.95,202.2,5.65,203.9,1.7000000000000002,2.1000000000000014,1
2024-10-28 21:00:00,27.45,25.6,26.52,20.54,89.6,0.5,100.64,4.14,201.9,5.87,203.0,1.7300000000000004,1.8499999999999979,1
2024-10-28 22:00:00,27.32,25.61,26.46,20.56,90.35,0.57,100.62,4.41,205.8,6.15,206.4,1.7400000000000002,1.7100000000000009,1
2024-10-28 23:00:00,27.2,25.6,26.4,20.54,90.86,0.62,100.57,4.62,212.5,6.34,212.4,1.7199999999999998,1.5999999999999979,1
2024-10-29 00:00:00,27.11,25.52,26.32,20.46,90.92,0.59,100.5,4.77,220.7,6.49,220.2,1.7200000000000006,1.5899999999999999,1
2024-10-29 01:00:00,27.05,25.42,26.23,20.34,90.66,0.5,100.44,4.96,228.8,6.7,228.1,1.7400000000000002,1.629999999999999,1
2024-10-29 02:00:00,27.03,25.31,26.17,20.22,90.22,0.38,100.42,5.03,234.8,6.84,233.8,1.8099999999999996,1.7200000000000024,1
2024-10-29 03:00:00,27.03,25.22,26.12,20.1,89.71,0.31,100.44,5.13,240.1,7.09,239.1,1.96,1.8100000000000023,1
2024-10-29 04:00:00,27.15,25.12,26.14,19.97,88.57,0.37,100.51,5.31,245.5,7.3,244.6,1.9900000000000002,2.0299999999999976,1
2024-10-29 05:00:00,27.2,25.01,26.11,19.82,87.74,0.44,100.6,5.15,249.8,7.19,248.8,2.04,2.1899999999999977,1
2024-10-29 06:00:00,27.64,24.99,26.32,19.78,85.41,0.52,100.68,5.07,252.6,6.58,252.0,1.5099999999999998,2.650000000000002,1
2024-10-29 07:00:00,28.37,24.88,26.62,19.63,81.29,0.6,100.75,4.9,254.4,5.76,254.4,0.8599999999999994,3.490000000000002,1
2024-10-29 08:00:00,28.92,24.66,26.79,19.36,77.69,0.64,100.78,4.44,255.5,5.05,255.4,0.6099999999999994,4.260000000000002,1
2024-10-29 09:00:00,29.45,24.55,27.0,19.23,74.84,0.61,100.77,3.99,254.9,4.44,254.7,0.4500000000000002,4.899999999999999,1
2024-10-29 10:00:00,29.92,24.44,27.18,19.12,72.4,0.64,100.72,3.87,255.0,4.26,254.5,0.3899999999999997,5.48,1
2024-10-29 11:00:00,30.23,24.4,27.32,19.1,70.99,0.9,100.63,4.04,257.7,4.42,257.1,0.3799999999999999,5.830000000000002,1
2024-10-29 12:00:00,30.35,24.38,27.36,19.09,70.41,1.14,100.55,4.26,260.8,4.66,260.2,0.40000000000000036,5.970000000000002,1
2024-10-29 13:00:00,30.31,24.3,27.3,19.02,70.25,1.16,100.47,4.32,262.5,4.74,262.0,0.41999999999999993,6.009999999999998,1
2024-10-29 14:00:00,30.17,24.23,27.2,18.95,70.54,0.92,100.44,4.14,262.1,4.57,261.7,0.4300000000000006,5.940000000000001,1
2024-10-29 15:00:00,29.87,24.16,27.01,18.88,71.51,0.69,100.45,3.74,258.4,4.22,258.2,0.47999999999999954,5.710000000000001,1
2024-10-29 16:00:00,29.32,24.34,26.83,19.05,74.5,0.49,100.49,3.09,250.5,3.81,251.2,0.7200000000000002,4.98,1
2024-10-29 17:00:00,28.47,24.81,26.64,19.59,80.49,0.32,100.54,2.5,236.6,3.68,239.7,1.1800000000000002,3.66,1
2024-10-29 18:00:00,28.06,25.02,26.54,19.82,83.46,0.23,100.62,2.62,223.9,3.92,228.3,1.2999999999999998,3.039999999999999,1
2024-10-29 19:00:00,27.85,25.15,26.5,19.97,85.18,0.19,100.7,2.81,214.7,4.1,218.8,1.2899999999999996,2.700000000000003,1
2024-10-29 20:00:00,27.67,25.23,26.45,20.04,86.42,0.15,100.75,2.87,205.4,4.09,208.8,1.2199999999999998,2.4400000000000013,1
2024-10-29 21:00:00,27.49,25.26,26.38,20.1,87.59,0.13,100.75,2.88,196.7,4.04,199.7,1.1600000000000001,2.229999999999997,1
2024-10-29 22:00:00,27.31,25.31,26.31,20.17,88.78,0.14,100.7,2.91,190.1,4.07,192.5,1.1600000000000001,2.0,1
2024-10-29 23:00:00,27.11,25.36,26.23,20.25,90.12,0.17,100.63,2.97,186.8,4.14,188.8,1.1699999999999995,1.75,1
2024-10-30 00:00:00,26.93,25.4,26.17,20.31,91.26,0.18,100.54,2.94,187.0,4.12,188.9,1.1800000000000002,1.5300000000000011,1
2024-10-30 01:00:00,26.76,25.45,26.11,20.37,92.38,0.2,100.47,2.86,190.7,3.99,192.0,1.1300000000000003,1.3100000000000023,1
2024-10-30 02:00:00,26.65,25.46,26.06,20.4,93.09,0.18,100.44,2.84,194.5,3.95,195.1,1.1100000000000003,1.1899999999999977,1
2024-10-30 03:00:00,26.61,25.46,26.04,20.4,93.32,0.23,100.45,2.8,196.8,3.91,197.1,1.1100000000000003,1.1499999999999986,1
2024-10-30 04:00:00,26.59,25.45,26.02,20.38,93.38,0.24,100.5,2.74,197.8,3.84,197.6,1.0999999999999996,1.1400000000000006,1
2024-10-30 05:00:00,26.58,25.38,25.98,20.28,93.06,0.26,100.58,2.6,197.2,3.65,196.2,1.0499999999999998,1.1999999999999993,1
2024-10-30 06:00:00,27.25,25.47,26.36,20.36,89.89,0.21,100.67,2.49,193.9,3.33,193.2,0.8399999999999999,1.7800000000000011,1
2024-10-30 07:00:00,27.99,25.46,26.73,20.33,86.03,0.23,100.74,2.57,189.0,2.91,189.5,0.3400000000000003,2.5299999999999976,1
2024-10-30 08:00:00,28.62,25.27,26.95,20.09,82.01,0.48,100.79,2.43,187.8,2.75,188.0,0.31999999999999984,3.3500000000000014,1
2024-10-30 09:00:00,29.08,25.06,27.07,19.83,78.84,0.41,100.8,2.15,184.8,2.42,184.3,0.27,4.02,1
2024-10-30 10:00:00,29.47,24.88,27.17,19.62,76.24,0.34,100.76,1.9,184.8,2.12,183.8,0.2200000000000002,4.59,1
2024-10-30 11:00:00,29.75,24.68,27.21,19.42,74.19,1.73,100.65,1.64,188.4,1.84,186.5,0.20000000000000018,5.07,1
2024-10-30 12:00:00,29.82,24.5,27.16,19.23,73.12,1.96,100.57,1.44,194.5,1.62,191.4,0.18000000000000016,5.32,1
2024-10-30 13:00:00,29.86,24.36,27.11,19.09,72.39,1.76,100.51,1.29,204.2,1.45,199.8,0.15999999999999992,5.5,1
2024-10-30 14:00:00,29.81,24.28,27.05,18.98,72.16,1.96,100.49,1.07,214.0,1.18,208.3,0.10999999999999988,5.529999999999998,1
2024-10-30 15:00:00,29.66,24.32,26.99,19.03,72.98,1.99,100.49,0.91,217.9,1.05,211.7,0.14,5.34,1
2024-10-30 16:00:00,29.39,24.48,26.93,19.21,74.83,1.99,100.51,0.76,214.3,0.97,207.1,0.20999999999999996,4.91,1
2024-10-30 17:00:00,28.88,24.68,26.78,19.46,78.1,2.04,100.56,0.56,205.2,0.82,200.0,0.2599999999999999,4.199999999999999,1
2024-10-30 18:00:00,28.59,24.65,26.62,19.4,79.24,2.05,100.63,0.55,186.2,0.85,184.7,0.29999999999999993,3.9400000000000013,1
2024-10-30 19:00:00,28.37,24.73,26.55,19.48,80.64,2.07,100.71,0.67,155.3,1.03,158.4,0.36,3.6400000000000006,1
2024-10-30 20:00:00,28.11,24.85,26.48,19.6,82.42,2.1,100.77,1.04,133.1,1.53,137.7,0.49,3.259999999999998,1
2024-10-30 21:00:00,27.89,24.96,26.43,19.72,84.0,2.14,100.78,1.45,124.3,2.16,128.4,0.7100000000000002,2.9299999999999997,1
2024-10-30 22:00:00,27.68,25.02,26.35,19.81,85.39,2.31,100.75,1.69,125.1,2.54,127.8,0.8500000000000001,2.66,1
2024-10-30 23:00:00,27.47,25.08,26.27,19.89,86.75,2.43,100.7,1.79,128.2,2.7,130.0,0.9100000000000001,2.3900000000000006,1
2024-10-31 00:00:00,27.27,25.12,26.2,19.94,87.92,2.61,100.62,1.82,135.7,2.73,135.9,0.9099999999999999,2.1499999999999986,1
2024-10-31 01:00:00,27.08,25.13,26.11,19.98,89.01,2.83,100.55,1.8,142.7,2.68,142.3,0.8800000000000001,1.9499999999999993,1
2024-10-31 02:00:00,26.93,25.15,26.04,20.0,89.86,2.54,100.51,1.84,153.6,2.72,151.7,0.8800000000000001,1.7800000000000011,1
2024-10-31 03:00:00,26.84,25.14,25.99,19.99,90.31,2.44,100.53,1.96,164.3,2.89,161.6,0.9300000000000002,1.6999999999999993,1
2024-10-31 04:00:00,26.79,25.13,25.96,19.97,90.53,2.36,100.58,2.14,172.7,3.14,169.7,1.0,1.6600000000000001,1
2024-10-31 05:00:00,26.77,25.11,25.94,19.92,90.48,2.11,100.66,2.26,178.0,3.33,174.5,1.0700000000000003,1.6600000000000001,1
2024-10-31 06:00:00,27.1,25.26,26.18,20.08,89.53,2.09,100.75,2.42,180.7,3.27,178.2,0.8500000000000001,1.8399999999999999,1
2024-10-31 07:00:00,27.56,25.28,26.42,20.1,87.31,2.04,100.84,2.43,187.1,2.75,186.3,0.31999999999999984,2.2799999999999976,1
2024-10-31 08:00:00,28.15,25.19,26.67,19.97,83.89,1.52,100.92,1.95,202.9,2.17,202.2,0.21999999999999997,2.9599999999999973,1
2024-10-31 09:00:00,28.82,24.98,26.9,19.72,79.7,1.57,100.93,1.61,219.7,1.75,218.5,0.1399999999999999,3.84,1
2024-10-31 10:00:00,29.35,24.76,27.05,19.47,76.28,1.72,100.87,1.51,236.3,1.61,235.1,0.10000000000000009,4.59,1
2024-10-31 11:00:00,29.59,24.64,27.12,19.34,74.66,7.02,100.76,1.6,242.5,1.69,241.3,0.08999999999999986,4.949999999999999,1
2024-10-31 12:00:00,29.67,24.61,27.14,19.34,74.24,7.18,100.66,1.7,242.7,1.79,241.6,0.09000000000000008,5.060000000000002,1
2024-10-31 13:00:00,29.56,24.59,27.08,19.33,74.61,6.98,100.58,1.73,241.4,1.83,240.2,0.10000000000000009,4.969999999999999,1
2024-10-31 14:00:00,29.43,24.62,27.02,19.36,75.26,5.42,100.54,1.66,236.3,1.77,234.9,0.1100000000000001,4.809999999999999,1
2024-10-31 15:00:00,29.26,24.62,26.94,19.37,76.04,4.27,100.54,1.52,227.4,1.67,226.5,0.1499999999999999,4.640000000000001,1
2024-10-31 16:00:00,29.01,24.76,26.89,19.52,77.77,4.35,100.58,1.31,215.4,1.52,214.8,0.20999999999999996,4.25,1
2024-10-31 17:00:00,28.59,24.98,26.79,19.77,80.73,4.32,100.63,1.22,201.1,1.52,202.5,0.30000000000000004,3.6099999999999994,1
2024-10-31 18:00:00,28.35,25.0,26.67,19.8,82.04,3.79,100.7,1.32,194.0,1.64,195.9,0.31999999999999984,3.3500000000000014,1
2024-10-31 19:00:00,28.22,25.01,26.61,19.79,82.68,3.41,100.77,1.38,190.4,1.73,192.7,0.3500000000000001,3.2099999999999973,1
2024-10-31 20:00:00,28.07,25.01,26.54,19.77,83.37,3.16,100.82,1.42,187.3,1.77,189.8,0.3500000000000001,3.0599999999999987,1
2024-10-31 21:00:00,27.89,24.93,26.41,19.68,83.89,2.88,100.85,1.45,185.9,1.81,188.9,0.3600000000000001,2.960000000000001,1
2024-10-31 22:00:00,27.67,24.92,26.29,19.66,84.87,2.27,100.83,1.73,190.7,2.18,193.5,0.4500000000000002,2.75,1
2024-10-31 23:00:00,27.36,24.96,26.16,19.72,86.65,2.09,100.79,2.11,200.0,2.72,202.2,0.6100000000000003,2.3999999999999986,1
2024-11-01 00:00:00,27.1,24.94,26.02,19.7,87.83,2.07,100.72,2.4,205.9,3.18,207.9,0.7800000000000002,2.16,1
2024-11-01 01:00:00,26.89,24.87,25.88,19.63,88.55,2.2,100.65,2.66,208.5,3.61,210.6,0.9499999999999997,2.0199999999999996,1
2024-11-01 02:00:00,26.76,24.79,25.77,19.54,88.8,1.81,100.63,2.83,210.1,3.94,212.0,1.1099999999999999,1.9700000000000024,1
2024-11-01 03:00:00,26.64,24.65,25.65,19.4,88.79,1.94,100.62,2.92,210.0,4.07,211.9,1.1500000000000004,1.990000000000002,1
2024-11-01 04:00:00,26.54,24.52,25.53,19.24,88.6,2.62,100.63,2.85,209.9,3.91,211.0,1.06,2.0199999999999996,1
2024-11-01 05:00:00,26.45,24.43,25.44,19.1,88.48,2.46,100.69,2.77,213.8,3.68,213.7,0.9100000000000001,2.0199999999999996,1
2024-11-01 06:00:00,27.12,24.86,25.99,19.58,87.28,1.82,100.82,2.94,226.7,3.72,225.7,0.7800000000000002,2.2600000000000016,1
2024-11-01 07:00:00,27.96,24.95,26.46,19.69,83.66,1.93,100.94,3.58,240.6,4.26,240.6,0.6799999999999997,3.0100000000000016,1
2024-11-01 08:00:00,28.57,24.67,26.62,19.33,79.34,2.5,101.01,3.81,248.1,4.31,248.1,0.49999999999999956,3.8999999999999986,1
2024-11-01 09:00:00,29.13,24.53,26.83,19.18,76.22,3.16,101.01,3.4,252.4,3.75,252.0,0.3500000000000001,4.599999999999998,1
2024-11-01 10:00:00,29.46,24.45,26.96,19.08,74.37,3.45,100.97,2.78,255.6,3.02,254.8,0.2400000000000002,5.010000000000002,1
2024-11-01 11:00:00,29.62,24.29,26.95,18.92,73.01,13.6,100.87,2.27,259.3,2.42,257.9,0.1499999999999999,5.330000000000002,1
2024-11-01 12:00:00,29.57,24.13,26.85,18.75,72.49,11.99,100.77,1.9,261.2,2.0,259.4,0.10000000000000009,5.440000000000001,1
2024-11-01 13:00:00,29.46,24.04,26.75,18.66,72.55,8.98,100.69,1.75,263.1,1.84,260.9,0.09000000000000008,5.420000000000002,1
2024-11-01 14:00:00,29.19,23.97,26.58,18.6,73.42,6.0,100.64,1.51,263.2,1.61,261.4,0.10000000000000009,5.220000000000002,1
2024-11-01 15:00:00,28.87,24.01,26.44,18.65,74.99,4.39,100.64,1.21,258.0,1.33,257.0,0.1200000000000001,4.859999999999999,1
2024-11-01 16:00:00,28.56,24.08,26.32,18.73,76.7,4.16,100.68,0.94,241.2,1.09,241.6,0.15000000000000013,4.48,1
2024-11-01 17:00:00,28.12,24.19,26.15,18.84,79.19,2.95,100.73,0.75,223.9,0.94,228.5,0.18999999999999995,3.9299999999999997,1
2024-11-01 18:00:00,27.92,24.07,25.99,18.69,79.55,3.42,100.82,0.65,214.4,0.8,221.5,0.15000000000000002,3.8500000000000014,1
2024-11-01 19:00:00,27.89,23.95,25.92,18.53,79.08,2.66,100.9,0.43,207.8,0.52,216.4,0.09000000000000002,3.9400000000000013,1
2024-11-01 20:00:00,27.77,23.88,25.83,18.44,79.31,1.69,100.97,0.24,209.7,0.3,223.7,0.06,3.8900000000000006,1
2024-11-01 21:00:00,27.63,23.8,25.71,18.36,79.63,1.79,100.98,0.21,234.8,0.28,247.1,0.07000000000000003,3.8299999999999983,1
2024-11-01 22:00:00,27.45,23.77,25.61,18.31,80.23,2.23,100.95,0.24,247.7,0.33,256.0,0.09000000000000002,3.6799999999999997,1
2024-11-01 23:00:00,27.26,23.71,25.49,18.26,80.86,2.52,100.89,0.31,251.0,0.41,257.3,0.09999999999999998,3.5500000000000007,1
2024-11-02 00:00:00,27.11,23.66,25.38,18.22,81.33,3.57,100.81,0.35,242.7,0.45,249.1,0.10000000000000003,3.4499999999999993,1
2024-11-02 01:00:00,26.96,23.65,25.31,18.23,82.03,4.77,100.73,0.38,218.7,0.47,225.0,0.08999999999999997,3.3100000000000023,1
2024-11-02 02:00:00,26.84,23.6,25.22,18.19,82.39,5.65,100.68,0.33,199.5,0.38,208.6,0.04999999999999999,3.2399999999999984,1
2024-11-02 03:00:00,26.72,23.58,25.15,18.16,82.84,6.34,100.68,0.19,148.0,0.18,157.6,-0.010000000000000009,3.1400000000000006,1
2024-11-02 04:00:00,26.61,23.55,25.08,18.12,83.24,9.06,100.74,0.49,84.2,0.55,80.5,0.06000000000000005,3.0599999999999987,1
2024-11-02 05:00:00,26.4,23.61,25.01,18.17,84.59,10.45,100.84,0.89,67.5,1.06,65.4,0.17000000000000004,2.789999999999999,1
2024-11-02 06:00:00,26.59,24.13,25.36,18.74,86.34,10.6,100.95,1.19,55.6,1.47,53.6,0.28,2.460000000000001,1
2024-11-02 07:00:00,27.19,24.34,25.77,18.96,84.38,11.04,101.02,1.36,45.0,1.56,44.0,0.19999999999999996,2.8500000000000014,1
2024-11-02 08:00:00,27.93,24.09,26.01,18.65,79.54,12.28,101.08,1.13,47.1,1.23,47.6,0.10000000000000009,3.84,1
2024-11-02 09:00:00,28.21,23.66,25.93,18.17,76.27,9.99,101.09,0.67,61.5,0.72,63.4,0.04999999999999993,4.550000000000001,1
2024-11-02 10:00:00,28.59,23.52,26.06,18.02,73.95,7.61,101.03,0.17,100.0,0.22,105.9,0.04999999999999999,5.07,1
2024-11-02 11:00:00,28.97,23.37,26.17,17.88,71.71,23.28,100.92,0.33,207.4,0.36,197.9,0.02999999999999997,5.599999999999998,1
2024-11-02 12:00:00,29.19,23.26,26.23,17.79,70.38,18.78,100.81,0.62,228.9,0.63,223.1,0.010000000000000009,5.93,1
2024-11-02 13:00:00,29.22,23.19,26.2,17.73,69.96,18.23,100.72,0.79,240.5,0.79,236.3,0.0,6.029999999999998,1
2024-11-02 14:00:00,29.13,23.17,26.15,17.71,70.21,20.06,100.67,0.91,248.0,0.9,245.1,-0.010000000000000009,5.959999999999997,1
2024-11-02 15:00:00,28.83,23.43,26.13,18.0,72.6,21.06,100.68,1.01,244.7,1.09,244.4,0.08000000000000007,5.399999999999999,1
2024-11-02 16:00:00,28.39,23.49,25.94,18.04,74.68,22.62,100.74,1.13,240.3,1.26,241.0,0.13000000000000012,4.900000000000002,1
2024-11-02 17:00:00,27.68,23.95,25.82,18.56,80.11,16.23,100.81,0.97,232.5,1.27,238.8,0.30000000000000004,3.7300000000000004,1
2024-11-02 18:00:00,27.29,24.08,25.68,18.68,82.55,8.48,100.9,0.8,215.9,1.14,226.8,0.33999999999999986,3.210000000000001,1
2024-11-02 19:00:00,27.07,24.07,25.57,18.65,83.57,3.74,100.99,0.86,188.7,1.14,199.4,0.2799999999999999,3.0,1
2024-11-02 20:00:00,26.9,24.01,25.46,18.58,84.13,2.83,101.03,1.1,174.2,1.41,180.8,0.30999999999999983,2.889999999999997,1
2024-11-02 21:00:00,26.76,23.84,25.3,18.38,83.93,4.68,101.04,1.29,163.4,1.62,166.4,0.33000000000000007,2.9200000000000017,1
2024-11-02 22:00:00,26.64,23.63,25.14,18.16,83.47,10.43,100.98,1.44,152.4,1.81,152.3,0.3700000000000001,3.0100000000000016,1
2024-11-02 23:00:00,26.51,23.41,24.96,17.93,82.99,14.18,100.9,1.48,145.8,1.9,144.6,0.41999999999999993,3.1000000000000014,1
2024-11-03 00:00:00,26.35,23.17,24.76,17.68,82.55,15.35,100.81,1.42,141.3,1.85,139.8,0.43000000000000016,3.1799999999999997,1
2024-11-03 01:00:00,26.13,23.0,24.57,17.52,82.83,14.25,100.74,1.43,143.0,1.85,141.1,0.42000000000000015,3.129999999999999,1
2024-11-03 02:00:00,25.98,22.92,24.45,17.44,83.15,14.59,100.7,1.33,145.1,1.69,142.9,0.3599999999999999,3.0599999999999987,1
2024-11-03 03:00:00,25.86,22.89,24.38,17.41,83.6,17.6,100.7,1.23,144.9,1.55,142.3,0.32000000000000006,2.969999999999999,1
2024-11-03 04:00:00,25.73,22.91,24.32,17.41,84.29,19.56,100.75,1.29,140.0,1.61,137.5,0.32000000000000006,2.8200000000000003,1
2024-11-03 05:00:00,25.64,22.93,24.29,17.42,84.87,25.21,100.84,1.4,132.7,1.74,130.8,0.3400000000000001,2.710000000000001,1
2024-11-03 06:00:00,26.23,23.56,24.89,18.09,85.15,32.22,100.93,1.49,123.3,1.82,121.5,0.33000000000000007,2.6700000000000017,1
2024-11-03 07:00:00,27.21,23.62,25.42,18.14,80.66,41.39,101.0,1.61,109.2,1.73,108.2,0.11999999999999988,3.59,1
2024-11-03 08:00:00,28.01,23.64,25.83,18.15,77.05,42.64,101.04,1.77,98.8,1.91,98.1,0.1399999999999999,4.370000000000001,1
2024-11-03 09:00:00,28.74,23.7,26.22,18.22,74.12,63.65,101.04,1.94,91.8,2.13,91.3,0.18999999999999995,5.039999999999999,1
2024-11-03 10:00:00,29.26,23.71,26.49,18.25,72.0,72.28,100.97,2.02,85.2,2.25,84.9,0.22999999999999998,5.550000000000001,1
2024-11-03 11:00:00,29.55,23.62,26.58,18.17,70.43,27.75,100.87,2.07,80.3,2.34,80.4,0.27,5.93,1
2024-11-03 12:00:00,29.66,23.5,26.58,18.05,69.45,30.1,100.76,2.08,75.0,2.38,75.4,0.2999999999999998,6.16,1
2024-11-03 13:00:00,29.64,23.39,26.52,17.96,69.13,28.87,100.69,2.16,69.4,2.48,70.2,0.31999999999999984,6.25,1
2024-11-03 14:00:00,29.47,23.34,26.4,17.91,69.59,26.26,100.65,2.23,63.9,2.56,65.3,0.33000000000000007,6.129999999999999,1
2024-11-03 15:00:00,29.2,23.5,26.35,18.09,71.39,23.84,100.65,2.25,59.2,2.73,60.8,0.48,5.699999999999999,1
2024-11-03 16:00:00,28.77,23.82,26.3,18.43,74.59,23.96,100.7,2.27,55.4,3.03,57.4,0.7599999999999998,4.949999999999999,1
2024-11-03 17:00:00,28.05,24.17,26.11,18.81,79.41,22.87,100.77,2.26,54.0,3.37,56.5,1.1100000000000003,3.879999999999999,1
2024-11-03 18:00:00,27.65,24.3,25.98,18.93,81.87,22.48,100.85,2.57,56.1,3.9,58.1,1.33,3.349999999999998,1
2024-11-03 19:00:00,27.46,24.46,25.96,19.09,83.54,21.87,100.94,2.88,58.4,4.33,59.8,1.4500000000000002,3.0,1
2024-11-03 20:00:00,27.28,24.56,25.92,19.21,85.0,20.35,100.99,3.09,60.1,4.57,61.0,1.4800000000000004,2.7200000000000024,1
2024-11-03 21:00:00,27.09,24.62,25.86,19.28,86.26,19.2,101.0,3.21,61.1,4.67,61.6,1.46,2.469999999999999,1
2024-11-03 22:00:00,26.89,24.62,25.76,19.29,87.29,17.53,100.95,3.22,62.4,4.58,62.6,1.3599999999999999,2.2699999999999996,1
2024-11-03 23:00:00,26.7,24.59,25.65,19.27,88.11,18.7,100.88,3.17,63.8,4.42,63.7,1.25,2.1099999999999994,1
2024-11-04 00:00:00,26.54,24.57,25.55,19.26,88.83,16.22,100.79,3.08,63.8,4.2,63.6,1.12,1.9699999999999989,1
2024-11-04 01:00:00,26.41,24.52,25.46,19.22,89.26,16.17,100.71,3.05,63.5,4.12,63.2,1.0700000000000003,1.8900000000000006,1
2024-11-04 02:00:00,26.31,24.41,25.36,19.1,89.19,14.47,100.66,3.09,63.3,4.16,62.7,1.0700000000000003,1.8999999999999986,1
2024-11-04 03:00:00,26.23,24.31,25.27,18.99,89.1,15.21,100.66,3.17,64.2,4.27,63.4,1.0999999999999996,1.9200000000000017,1
2024-11-04 04:00:00,26.18,24.24,25.21,18.9,88.97,17.57,100.7,3.27,65.6,4.43,64.9,1.1599999999999997,1.9400000000000013,1
2024-11-04 05:00:00,26.16,24.18,25.17,18.83,88.82,21.33,100.77,3.35,67.2,4.59,66.4,1.2399999999999998,1.9800000000000004,1
2024-11-04 06:00:00,26.87,24.64,25.76,19.35,87.56,22.21,100.84,3.52,68.2,4.65,67.4,1.1300000000000003,2.2300000000000004,1
2024-11-04 07:00:00,27.59,24.71,26.15,19.41,84.25,23.55,100.9,4.03,68.0,4.68,67.5,0.6499999999999995,2.879999999999999,1
2024-11-04 08:00:00,28.25,24.61,26.43,19.29,80.6,24.18,100.93,4.32,68.1,4.86,68.0,0.54,3.6400000000000006,1
2024-11-04 09:00:00,28.87,24.52,26.7,19.18,77.3,23.7,100.91,4.35,67.3,4.85,67.5,0.5,4.350000000000001,1
2024-11-04 10:00:00,29.28,24.38,26.83,19.03,74.86,22.38,100.84,4.28,64.1,4.78,64.6,0.5,4.900000000000002,1
2024-11-04 11:00:00,29.45,24.24,26.85,18.89,73.51,63.86,100.73,4.18,60.8,4.66,61.6,0.4800000000000004,5.210000000000001,1
2024-11-04 12:00:00,29.59,24.19,26.89,18.85,72.69,58.21,100.62,4.07,57.6,4.54,58.5,0.46999999999999975,5.399999999999999,1
2024-11-04 13:00:00,29.62,24.13,26.88,18.81,72.35,50.02,100.54,4.0,54.8,4.47,55.7,0.46999999999999975,5.490000000000002,1
2024-11-04 14:00:00,29.52,24.05,26.79,18.72,72.39,33.88,100.5,3.9,51.7,4.37,52.6,0.4700000000000002,5.469999999999999,1
2024-11-04 15:00:00,29.27,24.04,26.65,18.7,73.37,27.46,100.51,3.72,49.7,4.26,50.6,0.5399999999999996,5.23,1
2024-11-04 16:00:00,28.78,24.23,26.51,18.92,76.39,23.44,100.55,3.39,47.7,4.27,48.8,0.8799999999999994,4.550000000000001,1
2024-11-04 17:00:00,27.95,24.42,26.18,19.13,81.11,21.29,100.63,3.08,47.8,4.36,48.8,1.2800000000000002,3.5299999999999976,1
2024-11-04 18:00:00,27.52,24.43,25.98,19.11,83.16,13.8,100.72,3.1,48.8,4.54,49.6,1.44,3.09,1
2024-11-04 19:00:00,27.33,24.38,25.86,19.05,83.9,13.67,100.81,3.18,49.2,4.65,49.5,1.4700000000000002,2.9499999999999993,1
2024-11-04 20:00:00,27.18,24.33,25.76,18.96,84.3,12.16,100.87,3.22,49.5,4.67,49.3,1.4499999999999997,2.8500000000000014,1
2024-11-04 21:00:00,27.02,24.22,25.62,18.85,84.61,10.18,100.88,3.21,48.4,4.59,48.0,1.38,2.8000000000000007,1
2024-11-04 22:00:00,26.87,24.04,25.45,18.63,84.36,8.05,100.85,3.17,45.5,4.45,44.9,1.2800000000000002,2.830000000000002,1
2024-11-04 23:00:00,26.72,23.84,25.28,18.42,84.1,5.58,100.79,3.14,42.3,4.34,41.7,1.1999999999999997,2.879999999999999,1
2024-11-05 00:00:00,26.57,23.61,25.09,18.19,83.74,3.47,100.72,3.13,40.7,4.27,40.3,1.1399999999999997,2.960000000000001,1
2024-11-05 01:00:00,26.44,23.43,24.93,17.99,83.43,3.08,100.67,3.09,42.5,4.18,41.9,1.0899999999999999,3.0100000000000016,1
2024-11-05 02:00:00,26.32,23.24,24.78,17.79,83.08,3.12,100.65,3.08,45.4,4.12,44.9,1.04,3.080000000000002,1
2024-11-05 03:00:00,26.26,23.07,24.67,17.59,82.46,3.16,100.68,3.04,48.3,4.04,47.7,1.0,3.1900000000000013,1
2024-11-05 04:00:00,26.17,22.85,24.51,17.36,81.87,3.02,100.72,2.98,50.3,3.92,49.9,0.94,3.3200000000000003,1
2024-11-05 05:00:00,26.11,22.66,24.38,17.14,81.21,3.05,100.82,2.95,50.9,3.86,50.4,0.9099999999999997,3.4499999999999993,1
2024-11-05 06:00:00,26.88,23.26,25.07,17.76,80.45,2.04,100.91,2.83,50.7,3.8,50.0,0.9699999999999998,3.6199999999999974,1
2024-11-05 07:00:00,28.11,22.85,25.48,17.32,73.08,1.38,100.98,3.04,49.8,3.66,49.0,0.6200000000000001,5.259999999999998,1
2024-11-05 08:00:00,28.69,22.25,25.47,16.69,68.15,1.19,101.02,3.18,48.9,3.5,48.7,0.31999999999999984,6.440000000000001,1
2024-11-05 09:00:00,29.25,22.18,25.71,16.61,65.66,0.63,101.01,3.13,45.8,3.4,45.6,0.27,7.07,1
2024-11-05 10:00:00,29.73,22.21,25.97,16.65,63.98,0.33,100.95,3.05,40.5,3.31,40.7,0.26000000000000023,7.52,1
2024-11-05 11:00:00,30.09,22.16,26.12,16.62,62.49,0.06,100.83,3.01,33.9,3.27,34.7,0.26000000000000023,7.93,0
2024-11-05 12:00:00,30.29,22.07,26.18,16.56,61.48,0.03,100.72,3.09,27.4,3.36,28.5,0.27,8.219999999999999,0
2024-11-05 13:00:00,30.34,22.0,26.17,16.5,61.03,0.02,100.63,3.26,22.6,3.55,23.6,0.29000000000000004,8.34,0
2024-11-05 14:00:00,30.21,22.05,26.13,16.53,61.57,0.01,100.58,3.49,20.1,3.83,20.9,0.33999999999999986,8.16,0
2024-11-05 15:00:00,29.86,22.26,26.06,16.76,63.69,0.01,100.6,3.72,20.3,4.21,20.7,0.48999999999999977,7.599999999999998,0
2024-11-05 16:00:00,29.24,22.75,25.99,17.28,68.08,0.01,100.66,3.76,23.2,4.7,23.2,0.9400000000000004,6.489999999999998,0
2024-11-05 17:00:00,28.05,23.32,25.68,17.86,75.42,0.0,100.74,3.74,27.9,5.38,27.3,1.6399999999999997,4.73,0
2024-11-05 18:00:00,27.48,23.44,25.46,17.97,78.53,0.0,100.84,4.03,32.0,5.92,31.1,1.8899999999999997,4.039999999999999,0
2024-11-05 19:00:00,27.18,23.54,25.36,18.08,80.48,0.0,100.93,4.17,34.8,6.04,33.7,1.87,3.6400000000000006,0
2024-11-05 20:00:00,26.96,23.59,25.28,18.11,81.7,0.0,100.99,4.12,35.9,5.84,34.6,1.7199999999999998,3.370000000000001,0
2024-11-05 21:00:00,26.74,23.6,25.17,18.14,82.9,0.0,100.99,3.98,35.7,5.49,34.2,1.5100000000000002,3.139999999999997,0
2024-11-05 22:00:00,26.53,23.59,25.06,18.13,83.84,0.0,100.94,3.77,33.5,5.1,31.9,1.3299999999999996,2.9400000000000013,0
2024-11-05 23:00:00,26.36,23.55,24.95,18.09,84.44,0.03,100.86,3.56,29.4,4.75,27.6,1.19,2.8099999999999987,0
2024-11-06 00:00:00,26.23,23.48,24.85,18.04,84.78,0.05,100.77,3.43,23.6,4.52,21.7,1.0899999999999994,2.75,0
2024-11-06 01:00:00,26.16,23.38,24.77,17.95,84.65,0.07,100.7,3.4,17.3,4.5,15.5,1.1,2.780000000000001,0
2024-11-06 02:00:00,26.1,23.3,24.7,17.85,84.45,0.05,100.66,3.45,10.9,4.6,9.1,1.1499999999999995,2.8000000000000007,0
2024-11-06 03:00:00,26.08,23.21,24.65,17.75,84.1,0.07,100.67,3.51,5.2,4.68,3.6,1.17,2.8699999999999974,0
2024-11-06 04:00:00,26.07,23.12,24.6,17.66,83.76,0.09,100.72,3.54,1.1,4.71,359.6,1.17,2.9499999999999993,0
2024-11-06 05:00:00,26.08,23.05,24.57,17.56,83.32,0.04,100.81,3.56,358.2,4.73,356.7,1.1700000000000004,3.0299999999999976,0
2024-11-06 06:00:00,27.0,23.61,25.3,18.16,81.66,0.05,100.9,3.5,356.4,4.8,354.6,1.2999999999999998,3.3900000000000006,0
2024-11-06 07:00:00,28.3,23.56,25.93,18.08,75.42,0.04,100.97,4.18,353.8,5.02,353.1,0.8399999999999999,4.740000000000002,0
2024-11-06 08:00:00,29.07,23.37,26.22,17.87,71.33,0.05,101.02,4.72,352.0,5.42,351.8,0.7000000000000002,5.699999999999999,0
2024-11-06 09:00:00,29.59,23.44,26.52,17.93,69.44,0.03,101.01,4.91,349.6,5.53,349.7,0.6200000000000001,6.149999999999999,0
2024-11-06 10:00:00,29.83,23.42,26.62,17.93,68.44,0.02,100.93,4.96,346.7,5.55,347.0,0.5899999999999999,6.409999999999997,0
2024-11-06 11:00:00,29.84,23.3,26.57,17.84,67.99,0.74,100.83,4.94,343.8,5.54,344.2,0.5999999999999996,6.539999999999999,1
2024-11-06 12:00:00,29.76,23.2,26.48,17.74,67.85,0.95,100.72,4.85,341.5,5.49,341.6,0.6400000000000006,6.560000000000002,1
2024-11-06 13:00:00,29.59,23.1,26.35,17.65,68.11,1.0,100.63,4.67,339.4,5.34,339.5,0.6699999999999999,6.489999999999998,1
2024-11-06 14:00:00,29.32,23.1,26.21,17.65,69.14,0.96,100.58,4.32,338.2,5.07,337.9,0.75,6.219999999999999,1
2024-11-06 15:00:00,29.0,23.17,26.08,17.74,70.79,1.04,100.58,3.78,338.3,4.75,337.1,0.9700000000000002,5.829999999999998,1
2024-11-06 16:00:00,28.59,23.36,25.98,17.95,73.37,1.12,100.62,3.26,339.7,4.37,338.0,1.1100000000000003,5.23,1
2024-11-06 17:00:00,27.9,23.58,25.74,18.16,77.29,1.25,100.66,2.83,342.1,4.05,339.6,1.2199999999999998,4.32,1
2024-11-06 18:00:00,27.78,23.65,25.72,18.25,78.26,1.23,100.72,2.75,344.6,3.85,342.8,1.1,4.130000000000003,1
2024-11-06 19:00:00,27.84,23.91,25.88,18.52,79.17,1.39,100.77,2.65,347.4,3.71,346.1,1.06,3.9299999999999997,1
2024-11-06 20:00:00,27.83,24.18,26.01,18.81,80.47,1.66,100.81,2.76,350.4,3.82,349.7,1.06,3.6499999999999986,1
2024-11-06 21:00:00,27.7,24.45,26.08,19.13,82.45,2.14,100.81,2.96,352.4,4.08,352.4,1.12,3.25,1
2024-11-06 22:00:00,27.53,24.73,26.13,19.46,84.66,2.64,100.77,3.09,354.0,4.23,354.6,1.1400000000000006,2.8000000000000007,1
2024-11-06 23:00:00,27.35,24.87,26.11,19.63,86.24,3.63,100.71,3.12,354.7,4.22,355.8,1.0999999999999996,2.4800000000000004,1
2024-11-07 00:00:00,27.19,24.91,26.05,19.69,87.26,4.38,100.64,3.11,353.2,4.13,354.7,1.02,2.280000000000001,1
2024-11-07 01:00:00,27.06,24.87,25.96,19.67,87.78,4.89,100.58,3.06,351.7,3.99,353.7,0.9300000000000002,2.1899999999999977,1
2024-11-07 02:00:00,26.94,24.84,25.89,19.65,88.29,4.9,100.55,2.96,350.1,3.8,352.7,0.8399999999999999,2.1000000000000014,1
2024-11-07 03:00:00,26.81,24.83,25.82,19.62,88.85,5.0,100.57,2.86,349.5,3.61,352.5,0.75,1.9800000000000004,1
2024-11-07 04:00:00,26.72,24.84,25.78,19.63,89.41,5.07,100.62,2.79,351.3,3.48,354.7,0.69,1.879999999999999,1
2024-11-07 05:00:00,26.65,24.84,25.75,19.6,89.73,4.44,100.72,2.72,355.6,3.39,359.2,0.6699999999999999,1.8099999999999987,1
2024-11-07 06:00:00,27.31,25.34,26.33,20.18,88.92,4.44,100.81,2.68,1.7,3.33,4.8,0.6499999999999999,1.9699999999999989,1
2024-11-07 07:00:00,27.99,25.42,26.7,20.25,85.81,4.22,100.88,2.96,5.8,3.44,7.2,0.48,2.5699999999999967,1
2024-11-07 08:00:00,28.39,25.3,26.85,20.12,83.33,4.16,100.91,3.37,10.1,3.72,10.2,0.3500000000000001,3.09,1
2024-11-07 09:00:00,28.99,25.31,27.15,20.12,80.46,3.86,100.89,3.73,11.4,4.1,11.7,0.36999999999999966,3.6799999999999997,1
2024-11-07 10:00:00,29.38,25.23,27.3,20.04,78.3,3.6,100.8,4.1,13.5,4.51,14.0,0.41000000000000014,4.149999999999999,1
2024-11-07 11:00:00,29.56,25.08,27.32,19.89,76.84,9.82,100.7,4.46,15.3,4.92,15.9,0.45999999999999996,4.48,1
2024-11-07 12:00:00,29.6,24.94,27.27,19.73,75.98,8.32,100.61,4.78,15.4,5.29,15.9,0.5099999999999998,4.66,1
2024-11-07 13:00:00,29.45,24.82,27.14,19.61,76.14,7.63,100.55,5.04,13.5,5.63,14.0,0.5899999999999999,4.629999999999999,1
2024-11-07 14:00:00,29.22,24.78,27.0,19.55,76.9,6.84,100.53,5.22,12.5,5.92,12.7,0.7000000000000002,4.439999999999998,1
2024-11-07 15:00:00,28.89,24.81,26.85,19.59,78.56,6.52,100.55,5.31,12.8,6.2,12.7,0.8900000000000006,4.080000000000002,1
2024-11-07 16:00:00,28.44,24.98,26.71,19.78,81.44,6.76,100.59,5.05,15.4,6.3,14.7,1.25,3.460000000000001,1
2024-11-07 17:00:00,27.87,25.12,26.49,19.93,84.88,8.24,100.67,4.69,19.1,6.45,17.7,1.7599999999999998,2.75,1
2024-11-07 18:00:00,27.61,25.15,26.38,19.96,86.37,9.78,100.74,4.73,21.2,6.6,19.8,1.8699999999999992,2.460000000000001,1
2024-11-07 19:00:00,27.48,25.22,26.35,20.03,87.4,11.25,100.82,4.72,21.9,6.59,20.4,1.87,2.2600000000000016,1
2024-11-07 20:00:00,27.4,25.3,26.35,20.13,88.29,13.72,100.87,4.58,21.5,6.47,20.0,1.8899999999999997,2.099999999999998,1
2024-11-07 21:00:00,27.37,25.39,26.38,20.22,88.84,15.85,100.87,4.43,20.2,6.31,18.8,1.88,1.9800000000000004,1
2024-11-07 22:00:00,27.4,25.47,26.43,20.33,89.13,17.9,100.84,4.3,18.3,6.14,17.0,1.8399999999999999,1.9299999999999997,1
2024-11-07 23:00:00,27.42,25.56,26.49,20.46,89.53,20.54,100.77,4.2,16.6,6.04,15.8,1.8399999999999999,1.860000000000003,1
2024-11-08 00:00:00,27.47,25.7,26.58,20.64,89.95,21.73,100.67,4.24,14.8,6.11,14.7,1.87,1.7699999999999996,1
2024-11-08 01:00:00,27.51,25.83,26.67,20.84,90.52,26.95,100.57,4.41,13.5,6.35,14.1,1.9399999999999995,1.6800000000000033,1
2024-11-08 02:00:00,27.57,25.93,26.75,20.96,90.65,26.63,100.5,4.67,12.9,6.71,14.1,2.04,1.6400000000000006,1
2024-11-08 03:00:00,27.61,25.96,26.79,21.03,90.7,27.29,100.47,4.96,14.1,7.11,15.8,2.1500000000000004,1.6499999999999986,1
2024-11-08 04:00:00,27.61,25.97,26.79,21.02,90.7,27.17,100.52,4.85,20.0,6.95,22.4,2.1000000000000005,1.6400000000000006,1
2024-11-08 05:00:00,27.6,25.94,26.77,20.96,90.61,26.79,100.64,4.36,30.3,6.24,33.2,1.88,1.6600000000000001,1
2024-11-08 06:00:00,27.85,26.12,26.98,21.16,90.23,27.31,100.75,4.11,37.7,5.75,40.3,1.6399999999999997,1.7300000000000004,1
2024-11-08 07:00:00,28.24,26.32,27.28,21.39,89.22,30.56,100.82,4.26,39.7,5.32,41.1,1.0600000000000005,1.9199999999999982,1
2024-11-08 08:00:00,28.52,26.37,27.45,21.45,88.07,31.72,100.88,4.55,38.0,5.36,38.9,0.8100000000000005,2.1499999999999986,1
2024-11-08 09:00:00,28.74,26.3,27.52,21.36,86.6,31.93,100.88,4.85,35.5,5.66,36.3,0.8100000000000005,2.4399999999999977,1
2024-11-08 10:00:00,28.89,26.25,27.57,21.3,85.57,35.87,100.84,5.09,33.8,5.95,34.5,0.8600000000000003,2.6400000000000006,1
2024-11-08 11:00:00,29.0,26.2,27.6,21.25,84.76,33.78,100.75,5.31,33.4,6.19,34.1,0.8800000000000008,2.8000000000000007,1
2024-11-08 12:00:00,29.03,26.12,27.58,21.17,84.22,31.15,100.65,5.48,32.7,6.43,33.2,0.9499999999999993,2.91,1
2024-11-08 13:00:00,29.01,26.02,27.52,21.07,83.85,26.51,100.56,5.61,33.5,6.65,33.9,1.04,2.990000000000002,1
2024-11-08 14:00:00,28.96,25.95,27.46,20.98,83.7,21.96,100.52,5.58,33.4,6.66,33.7,1.08,3.0100000000000016,1
2024-11-08 15:00:00,28.8,25.92,27.36,20.94,84.32,17.25,100.52,5.35,32.6,6.58,32.7,1.2300000000000004,2.879999999999999,1
2024-11-08 16:00:00,28.46,25.86,27.16,20.87,85.73,14.94,100.54,4.97,30.3,6.53,30.1,1.5600000000000005,2.6000000000000014,1
2024-11-08 17:00:00,27.94,25.66,26.8,20.6,87.28,15.67,100.59,4.75,27.2,6.74,26.6,1.9900000000000002,2.280000000000001,1
2024-11-08 18:00:00,27.75,25.48,26.61,20.37,87.34,13.24,100.66,5.06,23.5,7.22,23.0,2.16,2.2699999999999996,1
2024-11-08 19:00:00,27.67,25.36,26.51,20.21,87.14,12.56,100.74,5.33,22.0,7.6,21.6,2.2699999999999996,2.3100000000000023,1
2024-11-08 20:00:00,27.62,25.29,26.45,20.11,87.01,10.71,100.79,5.47,22.8,7.78,22.4,2.3100000000000005,2.330000000000002,1
2024-11-08 21:00:00,27.56,25.23,26.39,20.03,86.97,9.56,100.79,5.5,24.7,7.81,24.3,2.3099999999999996,2.3299999999999983,1
2024-11-08 22:00:00,27.51,25.13,26.32,19.93,86.77,8.17,100.76,5.7,25.7,8.1,25.0,2.3999999999999995,2.3800000000000026,1
2024-11-08 23:00:00,27.45,25.04,26.24,19.83,86.6,8.3,100.71,5.93,26.9,8.34,26.4,2.41,2.41,1
2024-11-09 00:00:00,27.37,24.93,26.15,19.7,86.4,6.37,100.66,5.98,27.8,8.39,27.3,2.41,2.4400000000000013,1
2024-11-09 01:00:00,27.27,24.75,26.01,19.5,85.99,6.24,100.61,6.05,28.9,8.55,28.4,2.500000000000001,2.5199999999999996,1
2024-11-09 02:00:00,27.17,24.55,25.86,19.28,85.5,5.78,100.57,6.03,28.7,8.55,28.3,2.5200000000000005,2.620000000000001,1
2024-11-09 03:00:00,27.12,24.4,25.76,19.1,84.97,4.14,100.59,6.05,27.8,8.62,27.6,2.5699999999999994,2.7200000000000024,1
2024-11-09 04:00:00,27.06,24.27,25.67,18.96,84.69,3.5,100.62,6.08,26.9,8.63,26.7,2.5500000000000007,2.789999999999999,1
2024-11-09 05:00:00,26.99,24.2,25.6,18.86,84.65,2.38,100.69,6.06,26.1,8.63,25.9,2.570000000000001,2.789999999999999,1
2024-11-09 06:00:00,27.4,24.38,25.89,19.04,83.47,2.43,100.75,6.35,26.2,8.53,26.1,2.1799999999999997,3.0199999999999996,1
2024-11-09 07:00:00,28.11,24.57,26.34,19.27,81.09,2.69,100.82,6.74,27.2,8.18,27.2,1.4399999999999995,3.539999999999999,1
2024-11-09 08:00:00,28.85,24.3,26.57,18.92,76.31,1.42,100.86,7.09,31.1,8.45,31.1,1.3599999999999994,4.550000000000001,1
2024-11-09 09:00:00,29.51,24.04,26.77,18.64,72.39,0.61,100.86,7.29,33.5,8.53,33.7,1.2399999999999993,5.470000000000002,1
2024-11-09 10:00:00,29.98,23.98,26.98,18.58,70.2,0.55,100.82,7.08,33.1,8.21,33.5,1.1300000000000008,6.0,1
2024-11-09 11:00:00,30.29,23.86,27.07,18.46,68.46,0.02,100.73,6.92,32.2,8.0,32.7,1.08,6.43,0
2024-11-09 12:00:00,30.35,23.72,27.03,18.31,67.62,0.02,100.63,6.91,31.8,7.96,32.3,1.0499999999999998,6.630000000000003,0
2024-11-09 13:00:00,30.29,23.65,26.97,18.25,67.58,0.03,100.56,6.98,32.1,8.06,32.7,1.08,6.640000000000001,0
2024-11-09 14:00:00,29.97,23.53,26.75,18.13,68.36,0.03,100.52,6.85,32.0,7.98,32.4,1.1300000000000008,6.439999999999998,0
2024-11-09 15:00:00,29.51,23.56,26.54,18.17,70.36,0.06,100.54,6.52,31.3,7.74,31.5,1.2200000000000006,5.950000000000003,0
2024-11-09 16:00:00,28.81,23.78,26.3,18.4,74.23,0.03,100.6,5.91,30.3,7.51,30.2,1.5999999999999996,5.029999999999998,0
2024-11-09 17:00:00,27.93,23.89,25.91,18.5,78.6,0.03,100.68,5.31,29.5,7.48,28.9,2.170000000000001,4.039999999999999,0
2024-11-09 18:00:00,27.57,23.84,25.71,18.44,80.07,0.08,100.76,5.18,27.5,7.45,26.6,2.2700000000000005,3.7300000000000004,0
2024-11-09 19:00:00,27.4,23.8,25.6,18.36,80.58,0.09,100.83,5.07,25.1,7.31,24.0,2.2399999999999993,3.599999999999998,0
2024-11-09 20:00:00,27.28,23.73,25.51,18.29,80.88,0.12,100.88,5.06,24.6,7.33,23.6,2.2700000000000005,3.5500000000000007,1
2024-11-09 21:00:00,27.22,23.69,25.45,18.25,80.98,0.1,100.87,5.12,25.3,7.43,24.3,2.3099999999999996,3.5299999999999976,0
2024-11-09 22:00:00,27.18,23.68,25.43,18.24,81.1,0.1,100.83,5.16,25.1,7.48,24.4,2.3200000000000003,3.5,0
2024-11-09 23:00:00,27.13,23.65,25.39,18.22,81.2,0.06,100.77,5.16,24.7,7.49,24.3,2.33,3.4800000000000004,0
2024-11-10 00:00:00,27.05,23.61,25.33,18.2,81.43,0.04,100.69,5.11,23.5,7.41,23.1,2.3,3.4400000000000013,0
2024-11-10 01:00:00,26.94,23.59,25.27,18.19,81.85,0.03,100.61,5.08,21.2,7.36,20.8,2.2800000000000002,3.3500000000000014,0
2024-11-10 02:00:00,26.81,23.6,25.2,18.2,82.49,0.03,100.57,5.06,18.3,7.3,18.2,2.24,3.2099999999999973,0
2024-11-10 03:00:00,26.72,23.69,25.2,18.29,83.36,0.03,100.6,5.0,18.1,7.19,18.2,2.1900000000000004,3.0299999999999976,0
2024-11-10 04:00:00,26.63,23.76,25.2,18.36,84.17,0.02,100.67,4.93,18.2,7.07,18.1,2.1400000000000006,2.8699999999999974,0
2024-11-10 05:00:00,26.56,23.79,25.17,18.39,84.7,0.04,100.72,4.93,15.2,7.07,14.7,2.1400000000000006,2.7699999999999996,0
2024-11-10 06:00:00,27.29,24.08,25.68,18.7,82.55,0.09,100.78,5.34,10.3,7.14,9.9,1.7999999999999998,3.210000000000001,0
2024-11-10 07:00:00,28.13,24.18,26.15,18.8,79.05,0.14,100.83,6.03,7.5,7.12,7.7,1.0899999999999999,3.9499999999999993,1
2024-11-10 08:00:00,28.76,24.04,26.4,18.64,75.6,0.18,100.87,6.55,8.5,7.63,9.0,1.08,4.720000000000002,1
2024-11-10 09:00:00,29.25,23.99,26.62,18.58,73.25,0.19,100.86,6.89,10.2,7.92,10.8,1.0300000000000002,5.260000000000002,1
2024-11-10 10:00:00,29.59,23.99,26.79,18.6,71.85,0.21,100.79,7.11,11.7,8.14,12.5,1.0300000000000002,5.600000000000001,1
2024-11-10 11:00:00,29.76,23.96,26.86,18.59,71.04,0.42,100.69,7.3,13.1,8.37,13.9,1.0699999999999994,5.800000000000001,1
2024-11-10 12:00:00,29.82,23.91,26.86,18.53,70.5,0.4,100.59,7.51,14.9,8.63,15.6,1.120000000000001,5.91,1
2024-11-10 13:00:00,29.76,23.77,26.77,18.4,70.2,0.4,100.51,7.75,16.7,8.95,17.3,1.1999999999999993,5.990000000000002,1
2024-11-10 14:00:00,29.55,23.66,26.6,18.29,70.61,0.27,100.47,7.8,18.2,9.09,18.5,1.29,5.890000000000001,1
2024-11-10 15:00:00,29.25,23.58,26.42,18.19,71.45,0.15,100.47,7.58,19.7,8.98,19.8,1.4000000000000004,5.670000000000002,1
2024-11-10 16:00:00,28.71,23.68,26.2,18.3,74.19,0.08,100.52,6.83,21.6,8.48,21.4,1.6500000000000004,5.030000000000001,0
2024-11-10 17:00:00,27.8,23.8,25.8,18.43,78.84,0.04,100.6,5.82,23.3,8.13,22.7,2.3100000000000005,4.0,0
2024-11-10 18:00:00,27.4,23.78,25.59,18.37,80.51,0.02,100.69,5.53,23.9,7.95,23.2,2.42,3.6199999999999974,0
2024-11-10 19:00:00,27.3,23.72,25.51,18.29,80.71,0.02,100.78,5.29,23.6,7.63,22.9,2.34,3.580000000000002,0
2024-11-10 20:00:00,27.21,23.62,25.42,18.18,80.7,0.02,100.83,5.08,21.7,7.33,20.9,2.25,3.59,0
2024-11-10 21:00:00,27.11,23.48,25.29,18.02,80.46,0.02,100.83,4.94,17.3,7.14,16.4,2.1999999999999993,3.629999999999999,0
2024-11-10 22:00:00,27.02,23.38,25.2,17.92,80.41,0.03,100.78,4.84,12.9,6.97,12.0,2.13,3.6400000000000006,0
2024-11-10 23:00:00,26.91,23.34,25.12,17.9,80.79,0.05,100.72,4.8,9.1,6.91,8.4,2.1100000000000003,3.5700000000000003,0
2024-11-11 00:00:00,26.82,23.37,25.1,17.94,81.33,0.04,100.64,4.84,5.8,7.0,5.1,2.16,3.4499999999999993,0
2024-11-11 01:00:00,26.73,23.41,25.07,18.0,81.98,0.03,100.57,4.91,4.1,7.07,3.4,2.16,3.3200000000000003,0
2024-11-11 02:00:00,26.64,23.53,25.09,18.13,82.98,0.06,100.55,4.89,3.8,7.03,3.0,2.1400000000000006,3.1099999999999994,0
2024-11-11 03:00:00,26.54,23.64,25.09,18.26,84.06,0.08,100.55,4.8,1.8,6.87,0.6,2.0700000000000003,2.8999999999999986,0
2024-11-11 04:00:00,26.47,23.71,25.09,18.32,84.7,0.12,100.57,4.73,357.7,6.75,356.2,2.0199999999999996,2.759999999999998,1
2024-11-11 05:00:00,26.47,23.76,25.11,18.38,85.03,0.16,100.63,4.68,355.6,6.65,354.3,1.9700000000000006,2.7099999999999973,1
2024-11-11 06:00:00,27.22,24.17,25.69,18.81,83.31,0.16,100.71,4.92,357.2,6.49,356.5,1.5700000000000003,3.049999999999997,1
2024-11-11 07:00:00,28.13,24.26,26.2,18.9,79.43,0.25,100.79,5.42,357.5,6.31,357.5,0.8899999999999997,3.8699999999999974,1
2024-11-11 08:00:00,28.73,24.28,26.51,18.92,76.82,0.23,100.82,5.79,355.9,6.61,356.4,0.8200000000000003,4.449999999999999,1
2024-11-11 09:00:00,29.1,24.31,26.7,18.95,75.3,0.23,100.81,6.09,353.6,6.89,354.4,0.7999999999999998,4.790000000000003,1
2024-11-11 10:00:00,29.37,24.36,26.86,19.03,74.39,0.37,100.74,6.27,351.9,7.08,352.9,0.8100000000000005,5.010000000000002,1
2024-11-11 11:00:00,29.54,24.37,26.95,19.05,73.66,0.23,100.63,6.32,352.0,7.12,353.0,0.7999999999999998,5.169999999999998,1
2024-11-11 12:00:00,29.6,24.37,26.98,19.09,73.49,0.22,100.53,6.27,353.2,7.09,354.2,0.8200000000000003,5.23,1
2024-11-11 13:00:00,29.5,24.36,26.93,19.09,73.84,0.15,100.43,6.2,354.7,7.05,355.5,0.8499999999999996,5.140000000000001,1
2024-11-11 14:00:00,29.19,24.33,26.76,19.06,75.01,0.09,100.37,5.96,355.1,6.92,355.6,0.96,4.860000000000003,0
2024-11-11 15:00:00,28.83,24.41,26.62,19.17,77.02,0.06,100.36,5.46,355.0,6.57,354.9,1.1100000000000003,4.419999999999998,0
2024-11-11 16:00:00,28.49,24.62,26.55,19.4,79.52,0.06,100.4,4.66,357.9,5.96,357.2,1.2999999999999998,3.8699999999999974,0
2024-11-11 17:00:00,28.0,24.78,26.39,19.57,82.59,0.08,100.48,3.89,3.8,5.58,2.1,1.69,3.219999999999999,0
2024-11-11 18:00:00,27.81,24.83,26.32,19.61,83.76,0.18,100.58,3.79,6.8,5.57,4.5,1.7800000000000002,2.9800000000000004,1
2024-11-11 19:00:00,27.74,24.89,26.32,19.66,84.39,0.38,100.67,4.03,4.0,5.89,1.5,1.8599999999999994,2.849999999999998,1
2024-11-11 20:00:00,27.68,24.92,26.3,19.69,84.85,0.65,100.71,4.53,358.1,6.53,355.9,2.0,2.759999999999998,1
2024-11-11 21:00:00,27.6,24.91,26.25,19.68,85.2,0.84,100.71,4.98,352.8,7.07,351.0,2.09,2.6900000000000013,1
2024-11-11 22:00:00,27.49,24.93,26.21,19.7,85.81,0.99,100.68,5.25,348.7,7.36,347.2,2.1100000000000003,2.5599999999999987,1
2024-11-11 23:00:00,27.41,24.92,26.16,19.69,86.14,1.23,100.64,5.48,345.7,7.6,344.4,2.119999999999999,2.4899999999999984,1
2024-11-12 00:00:00,27.36,24.87,26.11,19.65,86.17,1.23,100.59,5.7,342.4,7.8,341.1,2.0999999999999996,2.4899999999999984,1
2024-11-12 01:00:00,27.27,24.84,26.06,19.63,86.47,1.36,100.51,6.0,338.1,8.06,336.9,2.0600000000000005,2.4299999999999997,1
2024-11-12 02:00:00,27.16,24.88,26.02,19.68,87.2,1.52,100.45,6.14,333.7,8.17,332.7,2.0300000000000002,2.280000000000001,1
2024-11-12 03:00:00,27.08,24.94,26.01,19.76,87.95,1.41,100.44,6.21,329.9,8.23,329.0,2.0200000000000005,2.139999999999997,1
2024-11-12 04:00:00,27.02,24.97,25.99,19.81,88.52,1.46,100.48,6.26,327.8,8.32,326.9,2.0600000000000005,2.0500000000000007,1
2024-11-12 05:00:00,26.96,25.04,26.0,19.87,89.15,1.16,100.54,6.4,327.0,8.47,326.5,2.0700000000000003,1.9200000000000017,1
2024-11-12 06:00:00,27.15,25.2,26.18,20.06,89.05,0.91,100.6,6.79,328.1,8.56,328.2,1.7700000000000005,1.9499999999999993,1
2024-11-12 07:00:00,27.56,25.4,26.48,20.29,87.98,0.89,100.67,7.02,331.2,8.24,331.8,1.2200000000000006,2.16,1
2024-11-12 08:00:00,27.97,25.48,26.72,20.38,86.31,0.82,100.71,6.78,336.3,7.75,337.3,0.9699999999999998,2.4899999999999984,1
2024-11-12 09:00:00,28.43,25.46,26.95,20.36,83.94,0.8,100.7,6.31,341.2,7.08,342.5,0.7700000000000005,2.969999999999999,1
2024-11-12 10:00:00,28.84,25.39,27.12,20.27,81.56,0.91,100.64,5.81,342.6,6.42,343.9,0.6100000000000003,3.4499999999999993,1
2024-11-12 11:00:00,29.1,25.26,27.18,20.14,79.75,0.86,100.54,5.48,341.9,6.01,343.4,0.5299999999999994,3.84,1
2024-11-12 12:00:00,29.27,25.15,27.21,20.02,78.43,0.92,100.43,5.25,342.6,5.75,344.1,0.5,4.120000000000001,1
2024-11-12 13:00:00,29.32,25.0,27.16,19.86,77.51,0.86,100.34,5.02,345.0,5.52,346.5,0.5,4.32,1
2024-11-12 14:00:00,29.22,24.85,27.03,19.68,77.24,0.83,100.31,4.6,353.1,5.12,355.2,0.5200000000000005,4.369999999999997,1
2024-11-12 15:00:00,29.06,24.8,26.93,19.6,77.67,0.86,100.35,4.03,10.9,4.64,13.8,0.6099999999999994,4.259999999999998,1
2024-11-12 16:00:00,28.64,24.95,26.8,19.79,80.41,0.71,100.43,3.48,27.4,4.42,30.6,0.94,3.6900000000000013,1
2024-11-12 17:00:00,27.86,25.16,26.51,20.02,85.15,0.48,100.47,2.74,31.0,3.89,33.2,1.15,2.6999999999999993,1
2024-11-12 18:00:00,27.57,25.09,26.33,19.92,86.23,0.5,100.53,2.49,32.9,3.43,34.1,0.94,2.4800000000000004,1
2024-11-12 19:00:00,27.41,25.0,26.2,19.81,86.61,0.44,100.58,2.33,33.3,3.16,33.6,0.8300000000000001,2.41,1
2024-11-12 20:00:00,27.22,24.95,26.08,19.75,87.34,0.53,100.61,2.35,27.9,3.21,27.4,0.8599999999999999,2.2699999999999996,1
2024-11-12 21:00:00,27.05,24.95,26.0,19.74,88.17,0.52,100.61,2.43,23.3,3.35,22.4,0.9199999999999999,2.1000000000000014,1
2024-11-12 22:00:00,26.86,24.96,25.91,19.76,89.22,0.84,100.58,2.45,20.3,3.41,19.2,0.96,1.8999999999999986,1
2024-11-12 23:00:00,26.7,24.98,25.84,19.8,90.19,0.79,100.53,2.45,18.3,3.35,17.6,0.8999999999999999,1.7199999999999989,1
2024-11-13 00:00:00,26.59,25.01,25.8,19.84,90.92,1.0,100.47,2.44,19.1,3.26,18.0,0.8199999999999998,1.5799999999999983,1
2024-11-13 01:00:00,26.54,24.96,25.75,19.81,90.98,0.94,100.4,2.39,17.0,3.12,16.0,0.73,1.5799999999999983,1
2024-11-13 02:00:00,26.54,24.87,25.7,19.7,90.43,0.96,100.35,2.23,8.5,2.86,7.4,0.6299999999999999,1.6699999999999982,1
2024-11-13 03:00:00,26.57,24.82,25.7,19.65,90.04,0.93,100.34,2.18,354.5,2.77,353.0,0.5899999999999999,1.75,1
2024-11-13 04:00:00,26.63,24.8,25.71,19.61,89.57,1.09,100.37,2.24,343.4,2.87,341.9,0.6299999999999999,1.8299999999999983,1
2024-11-13 05:00:00,26.68,24.83,25.76,19.64,89.51,1.02,100.45,2.38,339.4,3.05,338.1,0.6699999999999999,1.8500000000000014,1
2024-11-13 06:00:00,27.12,25.17,26.14,20.03,89.02,1.16,100.54,2.35,340.9,3.15,339.1,0.7999999999999998,1.9499999999999993,1
2024-11-13 07:00:00,27.84,25.32,26.58,20.18,86.05,1.09,100.62,2.85,346.2,3.3,345.1,0.44999999999999973,2.5199999999999996,1
2024-11-13 08:00:00,28.28,25.33,26.81,20.18,83.92,1.13,100.68,3.03,353.7,3.38,353.0,0.3500000000000001,2.950000000000003,1
2024-11-13 09:00:00,28.67,25.32,26.99,20.17,82.01,1.22,100.69,3.22,0.7,3.57,0.3,0.34999999999999964,3.3500000000000014,1
2024-11-13 10:00:00,28.97,25.29,27.13,20.14,80.43,1.2,100.63,3.44,5.5,3.81,5.6,0.3700000000000001,3.6799999999999997,1
2024-11-13 11:00:00,29.13,25.19,27.16,20.06,79.3,1.92,100.53,3.63,8.7,4.03,9.1,0.40000000000000036,3.9399999999999977,1
2024-11-13 12:00:00,29.21,25.12,27.17,19.99,78.58,1.71,100.43,3.82,11.9,4.26,12.5,0.43999999999999995,4.09,1
2024-11-13 13:00:00,29.12,25.17,27.14,20.05,79.16,1.6,100.35,4.06,14.0,4.58,14.6,0.5200000000000005,3.9499999999999993,1
2024-11-13 14:00:00,28.89,25.28,27.09,20.19,80.75,1.9,100.32,4.11,15.5,4.69,15.7,0.5800000000000001,3.6099999999999994,1
2024-11-13 15:00:00,28.63,25.42,27.02,20.37,82.69,2.0,100.31,4.02,18.1,4.65,18.0,0.6300000000000008,3.2099999999999973,1
2024-11-13 16:00:00,28.29,25.63,26.96,20.63,85.44,2.09,100.35,3.76,22.5,4.66,22.7,0.9000000000000004,2.66,1
2024-11-13 17:00:00,27.77,25.79,26.78,20.81,88.87,1.87,100.4,3.5,28.5,4.8,30.3,1.2999999999999998,1.9800000000000004,1
2024-11-13 18:00:00,27.56,25.83,26.7,20.84,90.15,2.03,100.47,3.54,38.7,4.92,43.1,1.38,1.7300000000000004,1
2024-11-13 19:00:00,27.48,25.87,26.67,20.88,90.81,1.94,100.53,3.67,55.1,5.17,61.1,1.5,1.6099999999999994,1
2024-11-13 20:00:00,27.39,25.89,26.64,20.91,91.46,2.09,100.58,4.35,73.1,5.9,77.3,1.5500000000000007,1.5,1
2024-11-13 21:00:00,27.21,25.88,26.55,20.89,92.34,2.03,100.58,5.15,87.8,6.76,90.1,1.6099999999999994,1.3300000000000018,1
2024-11-13 22:00:00,27.0,25.72,26.36,20.71,92.67,2.57,100.56,5.86,99.3,7.6,100.5,1.7399999999999993,1.2800000000000011,1
2024-11-13 23:00:00,26.78,25.5,26.14,20.43,92.59,2.56,100.52,6.24,105.5,8.02,106.0,1.7799999999999994,1.2800000000000011,1
2024-11-14 00:00:00,26.56,25.29,25.92,20.19,92.68,2.53,100.49,6.05,108.3,7.89,108.3,1.8399999999999999,1.2699999999999996,1
2024-11-14 01:00:00,26.41,25.12,25.76,19.99,92.55,2.39,100.45,5.79,108.5,7.66,108.3,1.87,1.2899999999999991,1
2024-11-14 02:00:00,26.2,24.97,25.58,19.82,92.9,2.18,100.43,5.0,107.7,6.87,107.2,1.87,1.2300000000000004,1
2024-11-14 03:00:00,26.07,24.86,25.46,19.67,92.94,2.18,100.46,4.3,105.8,6.05,105.2,1.75,1.2100000000000009,1
2024-11-14 04:00:00,26.03,24.79,25.41,19.57,92.75,2.08,100.52,3.82,103.5,5.42,103.0,1.6,1.240000000000002,1
2024-11-14 05:00:00,26.04,24.73,25.38,19.49,92.4,1.98,100.61,3.51,100.3,4.97,100.4,1.46,1.3099999999999987,1
2024-11-14 06:00:00,26.7,25.04,25.87,19.82,90.44,1.76,100.69,3.54,96.3,4.54,96.8,1.0,1.6600000000000001,1
2024-11-14 07:00:00,27.49,25.19,26.34,20.0,87.18,1.78,100.77,3.64,91.1,4.13,91.5,0.48999999999999977,2.299999999999997,1
2024-11-14 08:00:00,28.2,25.14,26.67,19.92,83.35,2.89,100.82,3.89,86.2,4.4,86.7,0.5100000000000002,3.0599999999999987,1
2024-11-14 09:00:00,28.81,25.07,26.94,19.85,80.18,2.28,100.82,4.01,82.0,4.49,82.6,0.4800000000000004,3.7399999999999984,1
2024-11-14 10:00:00,29.24,25.01,27.12,19.77,77.85,2.52,100.76,3.99,76.2,4.47,77.1,0.47999999999999954,4.229999999999997,1
2024-11-14 11:00:00,29.41,24.88,27.14,19.66,76.59,7.59,100.66,4.02,70.7,4.51,71.8,0.4900000000000002,4.530000000000001,1
2024-11-14 12:00:00,29.47,24.83,27.15,19.61,76.06,8.55,100.56,4.07,65.8,4.58,66.7,0.5099999999999998,4.640000000000001,1
2024-11-14 13:00:00,29.42,24.85,27.13,19.64,76.34,9.36,100.5,4.17,61.7,4.75,62.5,0.5800000000000001,4.57,1
2024-11-14 14:00:00,29.2,24.99,27.1,19.82,77.99,8.57,100.46,4.11,57.9,4.75,58.8,0.6399999999999997,4.210000000000001,1
2024-11-14 15:00:00,28.88,25.21,27.05,20.09,80.53,9.17,100.48,3.95,53.9,4.74,55.0,0.79,3.669999999999998,1
2024-11-14 16:00:00,28.41,25.46,26.93,20.37,83.95,10.64,100.54,3.8,52.0,4.87,53.2,1.0700000000000003,2.9499999999999993,1
2024-11-14 17:00:00,27.79,25.58,26.68,20.5,87.66,11.76,100.63,3.52,51.5,4.95,53.3,1.4300000000000002,2.210000000000001,1
2024-11-14 18:00:00,27.52,25.59,26.56,20.5,89.12,12.58,100.71,3.51,52.1,5.0,54.1,1.4900000000000002,1.9299999999999997,1
2024-11-14 19:00:00,27.4,25.6,26.5,20.49,89.78,12.4,100.79,3.47,52.6,4.94,54.9,1.4700000000000002,1.7999999999999972,1
2024-11-14 20:00:00,27.26,25.61,26.43,20.49,90.57,11.29,100.85,3.55,54.5,5.02,56.4,1.4699999999999998,1.6500000000000021,1
2024-11-14 21:00:00,27.06,25.58,26.32,20.47,91.54,12.04,100.84,3.6,56.1,5.06,57.9,1.4599999999999995,1.4800000000000004,1
2024-11-14 22:00:00,26.87,25.52,26.2,20.41,92.26,11.3,100.8,3.55,57.1,4.96,58.9,1.4100000000000001,1.3500000000000014,1
2024-11-14 23:00:00,26.73,25.45,26.09,20.34,92.65,11.68,100.74,3.53,57.5,4.96,59.4,1.4300000000000002,1.2800000000000011,1
2024-11-15 00:00:00,26.62,25.4,26.01,20.27,92.86,10.4,100.65,3.58,57.4,5.04,59.6,1.46,1.2200000000000024,1
2024-11-15 01:00:00,26.5,25.32,25.91,20.2,93.13,9.37,100.57,3.66,58.4,5.13,60.6,1.4699999999999998,1.1799999999999997,1
2024-11-15 02:00:00,26.41,25.21,25.81,20.1,93.12,7.61,100.53,3.64,58.6,5.06,60.6,1.4199999999999995,1.1999999999999993,1
2024-11-15 03:00:00,26.34,25.12,25.73,19.98,92.97,6.23,100.54,3.48,58.0,4.81,60.1,1.3299999999999996,1.2199999999999989,1
2024-11-15 04:00:00,26.31,25.06,25.68,19.9,92.81,6.26,100.59,3.38,58.4,4.65,60.3,1.2700000000000005,1.25,1
2024-11-15 05:00:00,26.33,25.04,25.68,19.84,92.5,6.68,100.67,3.34,59.6,4.56,61.1,1.2199999999999998,1.2899999999999991,1
2024-11-15 06:00:00,26.71,25.29,26.0,20.14,91.88,6.98,100.75,3.23,59.5,4.36,60.6,1.1300000000000003,1.4200000000000017,1
2024-11-15 07:00:00,27.25,25.49,26.37,20.36,90.04,7.02,100.83,3.49,58.1,4.18,58.1,0.6899999999999995,1.7600000000000016,1
2024-11-15 08:00:00,27.65,25.54,26.6,20.4,88.17,8.16,100.88,3.79,53.8,4.44,53.9,0.6500000000000004,2.1099999999999994,1
2024-11-15 09:00:00,28.02,25.48,26.75,20.31,85.91,7.74,100.88,4.21,51.4,4.77,51.6,0.5599999999999996,2.539999999999999,1
2024-11-15 10:00:00,28.4,25.39,26.9,20.22,83.62,7.79,100.83,4.47,48.5,5.03,49.1,0.5600000000000005,3.009999999999998,1
2024-11-15 11:00:00,28.66,25.24,26.95,20.07,81.69,12.25,100.73,4.63,44.9,5.2,45.6,0.5700000000000003,3.4200000000000017,1
2024-11-15 12:00:00,28.82,25.17,26.99,19.99,80.53,11.68,100.62,4.82,42.0,5.41,42.8,0.5899999999999999,3.6499999999999986,1
2024-11-15 13:00:00,28.92,25.09,27.01,19.93,79.76,10.17,100.53,5.0,40.4,5.64,41.4,0.6399999999999997,3.830000000000002,1
2024-11-15 14:00:00,28.88,25.07,26.98,19.9,79.79,10.54,100.49,4.93,39.4,5.63,40.3,0.7000000000000002,3.8099999999999987,1
2024-11-15 15:00:00,28.67,25.14,26.9,20.0,81.17,11.87,100.5,4.71,38.4,5.49,39.2,0.7800000000000002,3.530000000000001,1
2024-11-15 16:00:00,28.3,25.32,26.81,20.21,83.84,12.27,100.55,4.35,37.8,5.43,38.9,1.08,2.9800000000000004,1
2024-11-15 17:00:00,27.64,25.37,26.51,20.24,87.31,15.92,100.61,3.99,38.4,5.58,39.5,1.5899999999999999,2.2699999999999996,1
2024-11-15 18:00:00,27.38,25.31,26.35,20.16,88.37,16.41,100.69,3.99,40.1,5.63,41.5,1.6399999999999997,2.0700000000000003,1
2024-11-15 19:00:00,27.28,25.31,26.3,20.14,88.87,16.77,100.77,3.93,42.2,5.55,43.8,1.6199999999999997,1.9700000000000024,1
2024-11-15 20:00:00,27.14,25.27,26.21,20.09,89.42,16.59,100.82,3.9,43.9,5.48,45.7,1.5800000000000005,1.870000000000001,1
2024-11-15 21:00:00,26.99,25.23,26.11,20.04,89.99,16.78,100.81,3.92,46.2,5.47,48.2,1.5499999999999998,1.759999999999998,1
2024-11-15 22:00:00,26.84,25.18,26.01,19.99,90.53,15.74,100.77,3.87,48.4,5.36,50.4,1.4900000000000002,1.6600000000000001,1
2024-11-15 23:00:00,26.72,25.12,25.92,19.93,90.84,15.57,100.71,3.84,50.2,5.28,52.2,1.4400000000000004,1.5999999999999979,1
2024-11-16 00:00:00,26.6,25.06,25.83,19.9,91.26,13.43,100.62,3.84,50.6,5.28,52.5,1.4400000000000004,1.5400000000000027,1
2024-11-16 01:00:00,26.48,25.02,25.75,19.84,91.55,12.75,100.53,3.94,49.8,5.41,51.5,1.4700000000000002,1.4600000000000009,1
2024-11-16 02:00:00,26.39,24.94,25.67,19.77,91.67,13.0,100.47,3.94,48.9,5.42,50.3,1.48,1.4499999999999993,1
2024-11-16 03:00:00,26.4,24.89,25.65,19.7,91.32,14.1,100.49,3.71,49.9,5.05,51.1,1.3399999999999999,1.509999999999998,1
2024-11-16 04:00:00,26.44,24.82,25.63,19.61,90.74,12.68,100.56,3.38,53.3,4.47,54.5,1.0899999999999999,1.620000000000001,1
2024-11-16 05:00:00,26.45,24.73,25.59,19.47,90.12,13.42,100.63,3.05,58.1,3.93,59.3,0.8800000000000003,1.7199999999999989,1
2024-11-16 06:00:00,27.11,25.18,26.14,20.01,89.14,13.98,100.71,2.82,62.8,3.64,64.1,0.8200000000000003,1.9299999999999997,1
2024-11-16 07:00:00,27.92,25.35,26.63,20.2,85.86,15.53,100.78,3.17,66.6,3.65,67.1,0.48,2.5700000000000003,1
2024-11-16 08:00:00,28.53,25.34,26.94,20.16,82.74,14.75,100.82,3.51,69.3,3.93,69.9,0.4200000000000004,3.1900000000000013,1
2024-11-16 09:00:00,29.07,25.27,27.17,20.08,79.87,14.8,100.8,3.74,70.0,4.2,70.8,0.45999999999999996,3.8000000000000007,1
2024-11-16 10:00:00,29.51,25.22,27.36,20.04,77.66,13.43,100.74,3.81,69.7,4.29,70.8,0.48,4.290000000000003,1
2024-11-16 11:00:00,29.87,25.13,27.5,19.96,75.69,2.72,100.63,3.81,68.3,4.3,69.7,0.48999999999999977,4.740000000000002,1
2024-11-16 12:00:00,30.1,25.02,27.56,19.84,74.17,2.63,100.52,3.8,66.1,4.28,67.6,0.4800000000000004,5.080000000000002,1
2024-11-16 13:00:00,30.15,24.92,27.54,19.74,73.52,2.34,100.42,3.79,64.2,4.27,65.8,0.47999999999999954,5.229999999999997,1
2024-11-16 14:00:00,30.03,24.87,27.45,19.7,73.84,2.12,100.37,3.7,62.1,4.2,64.0,0.5,5.16,1
2024-11-16 15:00:00,29.71,24.98,27.35,19.82,75.67,2.44,100.37,3.56,59.8,4.17,61.8,0.6099999999999999,4.73,1
2024-11-16 16:00:00,29.17,25.26,27.21,20.16,79.42,2.52,100.43,3.36,57.8,4.3,60.8,0.94,3.91,1
2024-11-16 17:00:00,28.33,25.44,26.89,20.37,84.3,2.68,100.5,3.2,57.9,4.62,62.1,1.42,2.889999999999997,1
2024-11-16 18:00:00,27.89,25.39,26.64,20.29,86.22,2.82,100.58,3.42,62.1,5.02,66.1,1.5999999999999996,2.5,1
2024-11-16 19:00:00,27.63,25.38,26.51,20.25,87.45,2.81,100.67,3.63,67.1,5.29,70.7,1.6600000000000001,2.25,1
2024-11-16 20:00:00,27.36,25.31,26.33,20.16,88.5,2.93,100.73,3.82,71.0,5.49,73.9,1.6700000000000004,2.0500000000000007,1
2024-11-16 21:00:00,27.09,25.18,26.14,19.99,89.17,3.02,100.74,3.87,74.3,5.52,76.7,1.6499999999999995,1.9100000000000001,1
2024-11-16 22:00:00,26.83,25.02,25.93,19.81,89.72,3.39,100.71,3.77,77.1,5.32,79.0,1.5500000000000003,1.8099999999999987,1
2024-11-16 23:00:00,26.61,24.86,25.73,19.63,90.02,3.6,100.65,3.6,79.1,5.02,80.5,1.4199999999999995,1.75,1
2024-11-17 00:00:00,26.45,24.72,25.58,19.48,90.13,2.81,100.59,3.41,78.9,4.69,79.7,1.2800000000000002,1.7300000000000004,1
2024-11-17 01:00:00,26.32,24.6,25.46,19.36,90.21,1.39,100.52,3.24,76.3,4.4,76.6,1.1600000000000001,1.7199999999999989,1
2024-11-17 02:00:00,26.21,24.51,25.36,19.27,90.34,0.26,100.48,3.07,72.0,4.1,72.1,1.0299999999999998,1.6999999999999993,1
2024-11-17 03:00:00,26.13,24.46,25.3,19.2,90.45,0.03,100.49,2.95,67.9,3.88,67.6,0.9299999999999997,1.6699999999999982,0
2024-11-17 04:00:00,26.11,24.43,25.27,19.16,90.4,0.02,100.52,2.89,64.4,3.77,63.9,0.8799999999999999,1.6799999999999997,0
2024-11-17 05:00:00,26.11,24.4,25.26,19.11,90.23,0.03,100.59,2.87,60.6,3.74,59.7,0.8700000000000001,1.7100000000000009,0
2024-11-17 06:00:00,26.85,24.9,25.88,19.67,88.95,0.11,100.68,2.96,56.4,3.81,55.3,0.8500000000000001,1.9500000000000028,1
2024-11-17 07:00:00,27.62,25.04,26.33,19.82,85.74,0.36,100.76,3.52,51.9,3.96,51.4,0.43999999999999995,2.580000000000002,1
2024-11-17 08:00:00,28.31,25.0,26.65,19.76,82.17,1.9,100.82,3.98,49.6,4.44,49.6,0.4600000000000004,3.3099999999999987,1
2024-11-17 09:00:00,28.89,24.92,26.9,19.67,79.09,3.01,100.82,4.44,47.4,4.96,47.5,0.5199999999999996,3.969999999999999,1
2024-11-17 10:00:00,29.29,24.88,27.08,19.62,77.04,3.6,100.76,4.88,45.0,5.47,45.4,0.5899999999999999,4.41,1
2024-11-17 11:00:00,29.56,24.9,27.23,19.67,75.97,27.57,100.66,5.18,44.3,5.85,45.0,0.6699999999999999,4.66,1
2024-11-17 12:00:00,29.68,24.92,27.3,19.72,75.56,27.33,100.56,5.48,44.8,6.22,45.7,0.7399999999999993,4.759999999999998,1
2024-11-17 13:00:00,29.7,24.88,27.29,19.7,75.33,19.5,100.47,5.73,45.6,6.56,46.5,0.8299999999999992,4.82,1
2024-11-17 14:00:00,29.57,24.89,27.23,19.71,75.89,11.54,100.42,5.83,45.2,6.75,46.1,0.9199999999999999,4.68,1
2024-11-17 15:00:00,29.19,25.04,27.11,19.9,78.31,8.41,100.42,5.82,44.4,6.89,45.1,1.0699999999999994,4.150000000000002,1
2024-11-17 16:00:00,28.64,25.33,26.99,20.22,82.17,7.85,100.46,5.49,44.6,6.92,45.3,1.4299999999999997,3.3100000000000023,1
2024-11-17 17:00:00,27.94,25.4,26.67,20.31,86.02,12.4,100.54,5.13,45.4,7.08,46.2,1.9500000000000002,2.5400000000000027,1
2024-11-17 18:00:00,27.67,25.42,26.54,20.31,87.47,14.23,100.63,5.15,46.6,7.2,47.4,2.05,2.25,1
2024-11-17 19:00:00,27.57,25.46,26.52,20.33,88.14,13.2,100.72,5.05,47.4,7.1,48.2,2.05,2.1099999999999994,1
2024-11-17 20:00:00,27.52,25.49,26.51,20.36,88.59,14.08,100.78,5.07,48.7,7.14,49.5,2.0699999999999994,2.030000000000001,1
2024-11-17 21:00:00,27.47,25.54,26.5,20.42,89.11,12.48,100.78,5.13,49.5,7.21,50.3,2.08,1.9299999999999997,1
2024-11-17 22:00:00,27.42,25.56,26.49,20.44,89.42,9.48,100.75,5.19,49.1,7.35,50.0,2.1599999999999993,1.860000000000003,1
2024-11-17 23:00:00,27.32,25.48,26.4,20.37,89.6,5.45,100.7,5.31,49.4,7.52,50.6,2.21,1.8399999999999999,1
2024-11-18 00:00:00,27.21,25.37,26.29,20.27,89.68,2.89,100.63,5.35,50.9,7.59,52.2,2.24,1.8399999999999999,1
2024-11-18 01:00:00,27.08,25.27,26.18,20.15,89.76,2.63,100.55,5.33,52.4,7.54,53.6,2.21,1.8099999999999987,1
2024-11-18 02:00:00,26.92,25.1,26.01,19.95,89.68,2.38,100.5,5.07,54.3,7.24,55.5,2.17,1.8200000000000003,1
2024-11-18 03:00:00,26.78,24.93,25.86,19.75,89.52,2.86,100.5,4.79,56.4,6.87,57.5,2.08,1.8500000000000014,1
2024-11-18 04:00:00,26.7,24.8,25.75,19.58,89.21,3.92,100.53,4.7,58.3,6.77,59.2,2.0699999999999994,1.8999999999999986,1
2024-11-18 05:00:00,26.68,24.71,25.7,19.46,88.83,5.08,100.59,4.66,59.0,6.73,59.5,2.0700000000000003,1.9699999999999989,1
2024-11-18 06:00:00,27.23,25.05,26.14,19.85,87.77,7.07,100.67,4.98,59.5,6.67,59.7,1.6899999999999995,2.1799999999999997,1
2024-11-18 07:00:00,27.94,25.25,26.6,20.08,85.24,10.97,100.75,5.52,59.9,6.55,59.8,1.0300000000000002,2.6900000000000013,1
2024-11-18 08:00:00,28.62,25.02,26.82,19.78,80.78,12.21,100.82,6.05,60.2,7.04,60.2,0.9900000000000002,3.6000000000000014,1
2024-11-18 09:00:00,29.29,24.77,27.03,19.49,76.6,11.61,100.85,6.34,60.2,7.32,60.3,0.9800000000000004,4.52,1
2024-11-18 10:00:00,29.74,24.65,27.2,19.35,74.09,12.79,100.81,6.45,59.4,7.43,59.7,0.9799999999999995,5.09,1
2024-11-18 11:00:00,30.05,24.51,27.28,19.2,72.16,4.54,100.73,6.57,58.8,7.58,59.2,1.0099999999999998,5.539999999999999,1
2024-11-18 12:00:00,30.13,24.38,27.26,19.06,71.24,5.42,100.62,6.74,58.3,7.78,58.8,1.04,5.75,1
2024-11-18 13:00:00,29.99,24.3,27.14,19.0,71.53,7.35,100.53,6.86,57.4,7.94,57.9,1.08,5.689999999999998,1
2024-11-18 14:00:00,29.73,24.27,27.0,18.98,72.49,7.93,100.48,6.67,54.5,7.76,55.1,1.0899999999999999,5.460000000000001,1
2024-11-18 15:00:00,29.29,24.3,26.79,19.01,74.45,9.25,100.45,6.19,49.4,7.29,49.8,1.0999999999999996,4.989999999999998,1
2024-11-18 16:00:00,28.63,24.57,26.6,19.33,78.66,9.37,100.49,5.44,45.1,6.85,45.3,1.4099999999999993,4.059999999999999,1
2024-11-18 17:00:00,27.84,24.79,26.32,19.56,83.42,10.75,100.6,5.08,48.4,7.06,48.9,1.9799999999999995,3.0500000000000007,1
2024-11-18 18:00:00,27.48,24.94,26.21,19.7,85.93,10.35,100.76,5.23,54.4,7.35,54.7,2.119999999999999,2.539999999999999,1
2024-11-18 19:00:00,27.28,25.06,26.17,19.83,87.6,10.66,100.86,4.88,55.7,6.89,55.6,2.01,2.2200000000000024,1
2024-11-18 20:00:00,27.2,25.14,26.17,19.9,88.36,9.52,100.92,4.54,56.1,6.46,56.1,1.92,2.0599999999999987,1
2024-11-18 21:00:00,27.17,25.2,26.18,19.97,88.84,10.23,100.93,4.45,58.4,6.37,58.4,1.92,1.9700000000000024,1
2024-11-18 22:00:00,27.14,25.23,26.18,20.02,89.2,11.19,100.91,4.53,59.8,6.48,60.1,1.9500000000000002,1.9100000000000001,1
2024-11-18 23:00:00,27.09,25.27,26.18,20.07,89.63,10.18,100.85,4.63,61.1,6.57,61.6,1.9400000000000004,1.8200000000000003,1
2024-11-19 00:00:00,27.05,25.25,26.15,20.07,89.77,9.22,100.78,4.79,60.9,6.75,61.2,1.96,1.8000000000000007,1
2024-11-19 01:00:00,26.96,25.16,26.06,19.99,89.82,10.68,100.69,4.97,60.1,6.97,60.2,2.0,1.8000000000000007,1
2024-11-19 02:00:00,26.85,25.06,25.95,19.88,89.86,10.27,100.63,4.93,57.1,6.95,56.9,2.0200000000000005,1.7900000000000027,1
2024-11-19 03:00:00,26.82,24.93,25.88,19.72,89.28,10.34,100.62,4.86,52.6,6.88,51.8,2.0199999999999996,1.8900000000000006,1
2024-11-19 04:00:00,26.83,24.8,25.82,19.57,88.58,9.23,100.64,4.87,47.3,6.92,46.3,2.05,2.0299999999999976,1
2024-11-19 05:00:00,26.87,24.74,25.8,19.48,88.0,6.71,100.68,5.02,41.6,7.17,40.6,2.1500000000000004,2.1300000000000026,1
2024-11-19 06:00:00,27.3,24.93,26.11,19.7,86.82,6.62,100.73,5.5,34.8,7.49,34.2,1.9900000000000002,2.370000000000001,1
2024-11-19 07:00:00,27.89,25.13,26.51,19.92,84.85,8.38,100.8,6.12,27.3,7.55,27.3,1.4299999999999997,2.7600000000000016,1
2024-11-19 08:00:00,28.3,25.12,26.71,19.9,82.81,11.07,100.84,6.63,22.2,7.9,22.4,1.2700000000000005,3.1799999999999997,1
2024-11-19 09:00:00,28.55,24.75,26.65,19.46,79.82,11.55,100.83,7.44,19.2,8.89,19.7,1.4500000000000002,3.8000000000000007,1
2024-11-19 10:00:00,28.66,24.53,26.6,19.21,78.25,12.72,100.76,8.04,18.2,9.6,18.6,1.5600000000000005,4.129999999999999,1
2024-11-19 11:00:00,28.61,24.4,26.51,19.09,77.93,4.42,100.68,8.51,19.7,10.18,20.1,1.67,4.210000000000001,1
2024-11-19 12:00:00,28.19,24.41,26.3,19.11,79.89,4.96,100.62,8.66,24.3,10.33,24.5,1.67,3.780000000000001,1
2024-11-19 13:00:00,27.79,24.65,26.22,19.4,82.98,4.75,100.6,8.79,27.4,10.47,27.4,1.6800000000000015,3.1400000000000006,1
2024-11-19 14:00:00,27.45,24.81,26.13,19.59,85.44,3.98,100.56,8.56,25.7,10.26,25.7,1.6999999999999993,2.6400000000000006,1
2024-11-19 15:00:00,27.35,24.86,26.1,19.66,86.21,3.76,100.53,8.44,26.5,10.3,26.6,1.8600000000000012,2.490000000000002,1
2024-11-19 16:00:00,27.27,24.83,26.05,19.61,86.41,4.17,100.54,8.42,31.7,10.47,32.1,2.0500000000000007,2.4400000000000013,1
2024-11-19 17:00:00,27.14,24.91,26.02,19.68,87.42,5.41,100.58,8.09,37.5,10.25,37.9,2.16,2.2300000000000004,1
2024-11-19 18:00:00,27.1,25.07,26.08,19.88,88.56,9.09,100.65,7.8,39.7,9.92,40.0,2.12,2.030000000000001,1
2024-11-19 19:00:00,27.16,25.25,26.2,20.08,89.21,9.59,100.74,7.46,41.0,9.53,41.3,2.0699999999999994,1.9100000000000001,1
2024-11-19 20:00:00,27.21,25.39,26.3,20.23,89.65,8.12,100.8,7.12,41.8,9.23,42.2,2.1100000000000003,1.8200000000000003,1
2024-11-19 21:00:00,27.26,25.44,26.35,20.29,89.65,7.19,100.8,7.01,42.8,9.14,43.3,2.130000000000001,1.8200000000000003,1
2024-11-19 22:00:00,27.24,25.48,26.36,20.36,90.02,5.77,100.75,6.86,43.8,8.99,44.5,2.13,1.759999999999998,1
2024-11-19 23:00:00,27.18,25.51,26.35,20.4,90.45,4.94,100.68,6.66,45.4,8.7,46.3,2.039999999999999,1.6699999999999982,1
2024-11-20 00:00:00,27.11,25.49,26.3,20.4,90.78,4.73,100.63,5.89,49.8,7.83,51.3,1.9400000000000004,1.620000000000001,1
2024-11-20 01:00:00,26.99,25.48,26.23,20.39,91.35,4.87,100.6,4.98,57.3,6.82,60.0,1.8399999999999999,1.509999999999998,1
2024-11-20 02:00:00,26.88,25.47,26.17,20.39,91.89,3.84,100.54,4.56,58.0,6.31,61.4,1.75,1.4100000000000001,1
2024-11-20 03:00:00,26.81,25.45,26.13,20.38,92.21,2.77,100.53,4.53,53.6,6.26,57.3,1.7299999999999995,1.3599999999999994,1
2024-11-20 04:00:00,26.79,25.46,26.12,20.37,92.32,4.68,100.58,4.56,52.8,6.27,56.6,1.71,1.3299999999999983,1
2024-11-20 05:00:00,26.75,25.46,26.11,20.36,92.56,12.6,100.66,4.67,52.6,6.38,56.5,1.71,1.2899999999999991,1
2024-11-20 06:00:00,27.05,25.65,26.35,20.58,91.99,33.58,100.74,5.14,51.9,6.6,54.1,1.46,1.4000000000000021,1
2024-11-20 07:00:00,27.46,25.86,26.66,20.82,90.92,37.53,100.82,5.76,50.1,6.93,50.6,1.17,1.6000000000000014,1
2024-11-20 08:00:00,27.81,25.95,26.88,20.91,89.51,40.96,100.88,6.23,48.6,7.33,48.7,1.0999999999999996,1.8599999999999994,1
2024-11-20 09:00:00,28.04,25.81,26.92,20.75,87.65,31.43,100.88,6.74,45.8,7.95,46.0,1.21,2.2300000000000004,1
2024-11-20 10:00:00,28.19,25.66,26.92,20.56,86.04,23.9,100.81,7.25,42.1,8.56,42.4,1.3100000000000005,2.530000000000001,1
2024-11-20 11:00:00,28.24,25.52,26.88,20.41,85.09,75.41,100.71,7.66,39.4,9.08,39.7,1.42,2.719999999999999,1
2024-11-20 12:00:00,28.22,25.39,26.8,20.27,84.51,45.81,100.59,7.91,37.8,9.44,38.1,1.5299999999999994,2.8299999999999983,1
2024-11-20 13:00:00,28.17,25.25,26.71,20.13,84.09,33.12,100.49,8.05,37.1,9.64,37.5,1.5899999999999999,2.9200000000000017,1
2024-11-20 14:00:00,28.05,25.19,26.62,20.07,84.39,30.57,100.44,8.05,37.6,9.7,37.9,1.6499999999999986,2.8599999999999994,1
2024-11-20 15:00:00,27.87,25.18,26.52,20.05,85.2,23.0,100.44,8.01,39.0,9.75,39.2,1.7400000000000002,2.6900000000000013,1
2024-11-20 16:00:00,27.61,25.07,26.34,19.91,85.94,19.55,100.49,7.99,40.8,10.04,41.1,2.049999999999999,2.539999999999999,1
2024-11-20 17:00:00,27.3,24.96,26.13,19.77,86.97,16.78,100.56,7.85,43.0,10.05,43.4,2.200000000000001,2.34,1
2024-11-20 18:00:00,27.13,24.93,26.03,19.7,87.63,16.05,100.67,7.64,45.5,9.85,46.0,2.21,2.1999999999999993,1
2024-11-20 19:00:00,27.03,24.9,25.97,19.65,88.01,13.67,100.77,7.37,46.9,9.59,47.2,2.2199999999999998,2.1300000000000026,1
2024-11-20 20:00:00,26.98,24.86,25.92,19.6,88.1,11.93,100.82,7.14,47.7,9.38,48.1,2.240000000000001,2.120000000000001,1
2024-11-20 21:00:00,26.92,24.84,25.88,19.57,88.27,10.95,100.81,6.81,48.4,9.04,48.7,2.2299999999999995,2.080000000000002,1
2024-11-20 22:00:00,26.84,24.79,25.82,19.54,88.49,13.02,100.75,6.61,48.1,8.87,48.5,2.259999999999999,2.0500000000000007,1
2024-11-20 23:00:00,26.74,24.74,25.74,19.48,88.69,12.29,100.69,6.39,48.3,8.66,48.7,2.2700000000000005,2.0,1
2024-11-21 00:00:00,26.63,24.68,25.65,19.42,88.93,13.46,100.62,5.94,48.6,8.17,49.0,2.2299999999999995,1.9499999999999993,1
2024-11-21 01:00:00,26.53,24.62,25.58,19.36,89.13,15.68,100.56,5.48,48.8,7.66,49.2,2.1799999999999997,1.9100000000000001,1
2024-11-21 02:00:00,26.44,24.55,25.49,19.3,89.3,17.27,100.52,5.13,47.9,7.24,48.1,2.1100000000000003,1.8900000000000006,1
2024-11-21 03:00:00,26.42,24.5,25.46,19.22,89.05,20.87,100.54,4.97,44.8,7.02,44.7,2.05,1.9200000000000017,1
2024-11-21 04:00:00,26.43,24.46,25.45,19.17,88.82,23.15,100.59,5.12,40.4,7.29,40.2,2.17,1.9699999999999989,1
2024-11-21 05:00:00,26.42,24.42,25.42,19.12,88.7,25.09,100.66,5.29,35.9,7.51,35.4,2.2199999999999998,2.0,1
2024-11-21 06:00:00,26.86,24.7,25.78,19.42,87.85,27.21,100.75,5.71,31.5,7.54,31.2,1.83,2.16,1
2024-11-21 07:00:00,27.54,24.97,26.25,19.72,85.78,29.36,100.83,6.25,27.8,7.39,27.7,1.1399999999999997,2.5700000000000003,1
2024-11-21 08:00:00,28.18,24.73,26.45,19.42,81.44,24.78,100.9,6.67,25.2,7.82,25.4,1.1500000000000004,3.4499999999999993,1
2024-11-21 09:00:00,28.73,24.52,26.62,19.18,77.92,24.84,100.89,6.81,21.4,7.85,21.8,1.04,4.210000000000001,1
2024-11-21 10:00:00,29.11,24.52,26.82,19.2,76.25,24.39,100.82,6.8,15.3,7.79,15.9,0.9900000000000002,4.59,1
2024-11-21 11:00:00,29.25,24.47,26.86,19.17,75.43,20.41,100.71,6.97,8.6,7.98,9.1,1.0100000000000007,4.780000000000001,1
2024-11-21 12:00:00,28.98,24.38,26.68,19.08,76.18,18.18,100.6,7.46,4.3,8.66,4.6,1.2000000000000002,4.600000000000001,1
2024-11-21 13:00:00,28.14,24.34,26.24,19.05,79.77,18.05,100.49,7.78,2.6,9.19,2.5,1.4099999999999993,3.8000000000000007,1
2024-11-21 14:00:00,27.59,24.42,26.01,19.16,82.79,13.3,100.43,7.9,2.1,9.36,1.7,1.459999999999999,3.169999999999998,1
2024-11-21 15:00:00,27.24,24.49,25.86,19.22,84.83,13.04,100.5,7.85,4.6,9.36,4.2,1.5099999999999998,2.75,1
2024-11-21 16:00:00,26.83,24.62,25.73,19.34,87.51,15.73,100.6,7.55,7.9,9.29,7.2,1.7399999999999993,2.2099999999999973,1
2024-11-21 17:00:00,26.6,24.58,25.59,19.3,88.59,19.08,100.68,7.13,9.7,8.97,9.2,1.8400000000000007,2.020000000000003,1
2024-11-21 18:00:00,26.63,24.57,25.6,19.27,88.38,22.71,100.77,6.81,14.1,8.73,13.7,1.9200000000000008,2.0599999999999987,1
2024-11-21 19:00:00,26.69,24.57,25.63,19.26,88.09,25.98,100.85,6.58,16.6,8.52,15.9,1.9399999999999995,2.120000000000001,1
2024-11-21 20:00:00,26.68,24.53,25.61,19.19,87.85,27.87,100.87,6.33,17.0,8.21,16.3,1.8800000000000008,2.1499999999999986,1
2024-11-21 21:00:00,26.59,24.52,25.56,19.18,88.26,27.88,100.85,6.0,16.4,7.74,15.7,1.7400000000000002,2.0700000000000003,1
2024-11-21 22:00:00,26.39,24.56,25.48,19.24,89.53,27.09,100.8,5.83,13.5,7.54,13.4,1.71,1.8300000000000018,1
2024-11-21 23:00:00,26.19,24.61,25.4,19.31,90.86,24.54,100.74,5.74,12.2,7.41,12.3,1.67,1.5800000000000018,1
2024-11-22 00:00:00,26.11,24.62,25.36,19.33,91.32,20.33,100.66,5.67,10.9,7.35,11.1,1.6799999999999997,1.4899999999999984,1
2024-11-22 01:00:00,26.05,24.59,25.32,19.32,91.51,19.75,100.57,5.5,9.8,7.14,11.1,1.6399999999999997,1.4600000000000009,1
2024-11-22 02:00:00,26.03,24.56,25.3,19.3,91.47,17.72,100.5,5.01,8.7,6.58,11.6,1.5700000000000003,1.4700000000000024,1
2024-11-22 03:00:00,26.04,24.53,25.29,19.28,91.32,15.9,100.51,4.52,7.1,5.93,11.3,1.4100000000000001,1.509999999999998,1
2024-11-22 04:00:00,26.07,24.49,25.28,19.22,90.92,12.73,100.55,4.29,4.0,5.5,8.0,1.21,1.5800000000000018,1
2024-11-22 05:00:00,26.09,24.48,25.29,19.2,90.78,10.63,100.62,4.18,357.3,5.22,1.0,1.04,1.6099999999999994,1
2024-11-22 06:00:00,26.24,24.66,25.45,19.39,90.93,8.91,100.7,4.08,350.3,4.99,354.8,0.9100000000000001,1.5799999999999983,1
2024-11-22 07:00:00,26.69,24.86,25.77,19.64,89.75,9.12,100.78,3.74,350.0,4.28,354.6,0.54,1.8300000000000018,1
2024-11-22 08:00:00,27.11,24.94,26.02,19.71,87.91,9.42,100.82,3.23,356.1,3.62,3.3,0.3900000000000001,2.169999999999998,1
2024-11-22 09:00:00,27.3,24.93,26.11,19.69,86.83,9.57,100.79,2.99,6.3,3.37,13.0,0.3799999999999999,2.370000000000001,1
2024-11-22 10:00:00,27.56,25.01,26.29,19.79,85.88,10.08,100.72,2.93,16.9,3.31,22.4,0.3799999999999999,2.549999999999997,1
2024-11-22 11:00:00,27.86,25.07,26.46,19.89,84.72,29.68,100.61,3.15,24.8,3.59,30.1,0.43999999999999995,2.789999999999999,1
2024-11-22 12:00:00,28.09,25.16,26.62,20.03,84.09,35.02,100.51,3.55,29.0,4.08,33.8,0.5300000000000002,2.9299999999999997,1
2024-11-22 13:00:00,28.17,25.27,26.72,20.17,84.21,39.06,100.44,4.09,32.8,4.76,36.6,0.6699999999999999,2.900000000000002,1
2024-11-22 14:00:00,28.13,25.38,26.76,20.3,84.93,42.25,100.42,4.43,37.8,5.23,41.1,0.8000000000000007,2.75,1
2024-11-22 15:00:00,27.97,25.54,26.75,20.51,86.63,42.04,100.45,4.6,43.6,5.55,46.6,0.9500000000000002,2.4299999999999997,1
2024-11-22 16:00:00,27.71,25.65,26.68,20.61,88.45,43.11,100.53,4.81,50.8,6.15,54.3,1.3400000000000007,2.0600000000000023,1
2024-11-22 17:00:00,27.24,25.55,26.39,20.48,90.42,42.31,100.61,5.16,57.4,7.0,60.4,1.8399999999999999,1.6899999999999977,1
2024-11-22 18:00:00,26.98,25.42,26.2,20.31,91.13,42.11,100.69,5.45,61.5,7.48,63.7,2.0300000000000002,1.5599999999999987,1
2024-11-22 19:00:00,26.84,25.31,26.08,20.16,91.27,37.81,100.76,5.35,62.9,7.39,64.8,2.04,1.5300000000000011,1
2024-11-22 20:00:00,26.69,25.21,25.95,20.03,91.55,30.93,100.82,5.13,64.2,7.12,65.9,1.9900000000000002,1.4800000000000004,1
2024-11-22 21:00:00,26.54,25.1,25.82,19.88,91.7,33.6,100.84,4.81,65.4,6.75,66.7,1.9400000000000004,1.4399999999999977,1
2024-11-22 22:00:00,26.41,24.97,25.69,19.73,91.69,35.54,100.82,4.47,65.6,6.36,66.5,1.8900000000000006,1.4400000000000013,1
2024-11-22 23:00:00,26.32,24.86,25.59,19.61,91.58,41.68,100.77,4.39,63.2,6.27,63.8,1.88,1.4600000000000009,1
2024-11-23 00:00:00,26.27,24.77,25.52,19.51,91.33,33.84,100.7,4.52,59.1,6.48,59.5,1.9600000000000009,1.5,1
2024-11-23 01:00:00,26.24,24.7,25.47,19.45,91.16,34.86,100.64,4.76,55.4,6.8,55.8,2.04,1.5399999999999991,1
2024-11-23 02:00:00,26.21,24.65,25.43,19.39,91.0,31.69,100.6,4.89,52.6,6.99,52.9,2.1000000000000005,1.5600000000000023,1
2024-11-23 03:00:00,26.17,24.58,25.38,19.31,90.86,22.22,100.61,4.97,49.3,7.08,49.5,2.1100000000000003,1.5900000000000034,1
2024-11-23 04:00:00,26.15,24.56,25.36,19.28,90.88,17.56,100.67,5.06,46.4,7.16,46.6,2.1000000000000005,1.5899999999999999,1
2024-11-23 05:00:00,26.12,24.52,25.32,19.22,90.82,12.88,100.74,5.12,43.3,7.24,43.5,2.12,1.6000000000000014,1
2024-11-23 06:00:00,26.48,24.73,25.6,19.44,89.99,10.98,100.82,5.54,41.0,7.31,41.2,1.7699999999999996,1.75,1
2024-11-23 07:00:00,26.95,24.98,25.96,19.74,88.94,10.17,100.9,5.86,40.2,7.05,40.4,1.1899999999999995,1.9699999999999989,1
2024-11-23 08:00:00,27.35,25.07,26.21,19.81,87.24,10.42,100.96,5.96,41.4,7.05,41.7,1.0899999999999999,2.280000000000001,1
2024-11-23 09:00:00,27.77,24.93,26.35,19.65,84.44,6.78,100.96,6.17,42.0,7.23,42.4,1.0600000000000005,2.84,1
2024-11-23 10:00:00,28.18,24.78,26.48,19.48,81.7,7.0,100.91,6.26,41.6,7.26,42.2,1.0,3.3999999999999986,1
2024-11-23 11:00:00,28.67,24.73,26.7,19.44,79.17,17.91,100.81,6.33,40.3,7.27,40.8,0.9399999999999995,3.9400000000000013,1
2024-11-23 12:00:00,28.96,24.67,26.82,19.39,77.57,15.21,100.7,6.44,39.0,7.38,39.6,0.9399999999999995,4.289999999999999,1
2024-11-23 13:00:00,28.92,24.54,26.73,19.26,77.17,11.31,100.61,6.59,37.6,7.61,38.2,1.0200000000000005,4.380000000000003,1
2024-11-23 14:00:00,28.64,24.43,26.54,19.14,77.91,13.26,100.56,6.66,36.3,7.83,36.7,1.17,4.210000000000001,1
2024-11-23 15:00:00,28.08,24.51,26.3,19.23,80.87,13.02,100.58,6.32,35.9,7.8,36.1,1.4799999999999995,3.5699999999999967,1
2024-11-23 16:00:00,27.55,24.63,26.09,19.37,84.05,13.53,100.62,5.93,36.9,7.77,36.9,1.8399999999999999,2.9200000000000017,1
2024-11-23 17:00:00,27.0,24.49,25.74,19.19,86.07,12.04,100.7,5.6,38.4,7.83,38.1,2.2300000000000004,2.5100000000000016,1
2024-11-23 18:00:00,26.79,24.32,25.55,18.97,86.22,8.73,100.78,5.55,38.4,7.83,37.9,2.2800000000000002,2.469999999999999,1
2024-11-23 19:00:00,26.7,24.13,25.42,18.74,85.69,8.04,100.85,5.62,38.3,7.92,37.7,2.3,2.5700000000000003,1
2024-11-23 20:00:00,26.6,24.0,25.3,18.6,85.6,7.78,100.89,5.67,38.6,8.05,37.9,2.380000000000001,2.6000000000000014,1
2024-11-23 21:00:00,26.51,23.95,25.23,18.53,85.72,12.27,100.88,5.8,39.5,8.23,38.9,2.4300000000000006,2.5600000000000023,1
2024-11-23 22:00:00,26.48,23.94,25.21,18.53,85.85,9.93,100.85,5.93,40.5,8.37,40.1,2.4399999999999995,2.539999999999999,1
2024-11-23 23:00:00,26.42,23.98,25.2,18.57,86.3,10.95,100.8,5.91,41.3,8.33,41.1,2.42,2.4400000000000013,1
2024-11-24 00:00:00,26.35,23.99,25.17,18.62,86.83,10.93,100.74,5.74,41.7,8.12,41.4,2.379999999999999,2.360000000000003,1
2024-11-24 01:00:00,26.31,23.99,25.15,18.62,86.98,11.03,100.67,5.53,42.1,7.88,41.7,2.3499999999999996,2.3200000000000003,1
2024-11-24 02:00:00,26.24,24.08,25.16,18.73,87.82,9.15,100.64,5.19,40.5,7.44,40.2,2.25,2.16,1
2024-11-24 03:00:00,26.21,24.15,25.18,18.81,88.35,7.08,100.65,4.85,37.0,6.98,37.0,2.130000000000001,2.0600000000000023,1
2024-11-24 04:00:00,26.18,24.17,25.17,18.82,88.6,7.44,100.69,4.57,33.0,6.63,32.8,2.0599999999999996,2.009999999999998,1
2024-11-24 05:00:00,26.2,24.2,25.2,18.82,88.56,8.44,100.77,4.47,28.9,6.5,28.7,2.0300000000000002,2.0,1
2024-11-24 06:00:00,26.58,24.47,25.52,19.13,88.09,9.95,100.86,4.72,23.1,6.57,23.0,1.8500000000000005,2.1099999999999994,1
2024-11-24 07:00:00,27.13,24.77,25.95,19.47,86.84,16.82,100.92,5.4,17.9,6.67,18.1,1.2699999999999996,2.3599999999999994,1
2024-11-24 08:00:00,27.54,24.83,26.18,19.53,85.07,25.46,100.97,6.11,17.7,7.26,18.1,1.1499999999999995,2.710000000000001,1
2024-11-24 09:00:00,27.88,24.64,26.26,19.31,82.46,26.58,100.95,6.88,20.1,8.17,20.6,1.29,3.2399999999999984,1
2024-11-24 10:00:00,28.23,24.44,26.33,19.08,79.79,32.36,100.88,7.36,22.9,8.71,23.4,1.3500000000000005,3.789999999999999,1
2024-11-24 11:00:00,28.45,24.28,26.37,18.92,78.04,3.23,100.78,7.53,25.0,8.91,25.5,1.38,4.169999999999998,1
2024-11-24 12:00:00,28.5,24.12,26.31,18.75,77.05,4.21,100.68,7.62,26.6,9.09,27.0,1.4699999999999998,4.379999999999999,1
2024-11-24 13:00:00,28.32,24.04,26.18,18.68,77.52,5.23,100.61,7.68,28.7,9.24,29.0,1.5600000000000005,4.280000000000001,1
2024-11-24 14:00:00,28.13,24.02,26.08,18.67,78.32,6.9,100.59,7.53,30.4,9.09,30.5,1.5599999999999996,4.109999999999999,1
2024-11-24 15:00:00,27.8,23.97,25.88,18.61,79.59,7.46,100.6,7.01,30.9,8.66,30.8,1.6500000000000004,3.830000000000002,1
2024-11-24 16:00:00,27.3,23.99,25.64,18.63,82.08,7.27,100.64,6.28,31.5,8.16,31.1,1.88,3.3100000000000023,1
2024-11-24 17:00:00,26.75,23.85,25.3,18.46,84.06,7.14,100.7,5.8,32.0,8.11,31.3,2.3099999999999996,2.8999999999999986,1
2024-11-24 18:00:00,26.58,23.76,25.17,18.34,84.41,6.1,100.76,5.78,32.1,8.12,31.2,2.339999999999999,2.8199999999999967,1
2024-11-24 19:00:00,26.5,23.71,25.11,18.28,84.59,4.65,100.83,5.68,32.5,8.0,31.6,2.3200000000000003,2.789999999999999,1
2024-11-24 20:00:00,26.46,23.71,25.09,18.26,84.74,4.62,100.88,5.72,32.2,8.05,31.2,2.330000000000001,2.75,1
2024-11-24 21:00:00,26.45,23.72,25.08,18.28,84.86,4.84,100.85,5.98,29.0,8.33,27.9,2.3499999999999996,2.7300000000000004,1
2024-11-24 22:00:00,26.43,23.77,25.1,18.35,85.23,5.91,100.8,6.35,26.1,8.73,25.4,2.380000000000001,2.66,1
2024-11-24 23:00:00,26.38,23.91,25.14,18.51,86.17,7.99,100.74,6.54,25.1,8.91,24.7,2.37,2.469999999999999,1
2024-11-25 00:00:00,26.3,24.02,25.16,18.65,87.16,9.91,100.66,6.63,23.1,9.03,22.7,2.3999999999999995,2.280000000000001,1
2024-11-25 01:00:00,26.23,24.04,25.13,18.7,87.68,9.02,100.57,6.68,21.0,9.07,20.8,2.3900000000000006,2.1900000000000013,1
2024-11-25 02:00:00,26.19,24.02,25.11,18.68,87.75,9.19,100.52,6.56,20.3,8.95,20.1,2.3899999999999997,2.1700000000000017,1
2024-11-25 03:00:00,26.2,24.0,25.1,18.65,87.57,15.04,100.54,6.33,20.0,8.69,19.7,2.3599999999999994,2.1999999999999993,1
2024-11-25 04:00:00,26.17,24.07,25.12,18.72,88.1,16.97,100.59,5.89,18.5,8.11,17.9,2.2199999999999998,2.1000000000000014,1
2024-11-25 05:00:00,26.13,24.19,25.16,18.85,88.98,16.86,100.67,5.73,14.9,7.91,14.4,2.1799999999999997,1.9399999999999977,1
2024-11-25 06:00:00,26.23,24.35,25.29,19.02,89.3,24.39,100.73,5.75,10.4,7.7,10.3,1.9500000000000002,1.879999999999999,1
2024-11-25 07:00:00,26.49,24.59,25.54,19.28,89.2,30.58,100.81,5.94,6.5,7.53,6.6,1.5899999999999999,1.8999999999999986,1
2024-11-25 08:00:00,26.69,24.77,25.73,19.47,89.06,33.02,100.86,6.29,5.8,7.57,6.1,1.2800000000000002,1.9200000000000017,1
2024-11-25 09:00:00,26.81,24.85,25.83,19.57,88.87,35.22,100.85,6.95,4.9,8.29,5.3,1.339999999999999,1.9599999999999973,1
2024-11-25 10:00:00,26.92,24.82,25.87,19.55,88.12,33.94,100.75,7.84,3.1,9.35,3.7,1.5099999999999998,2.1000000000000014,1
2024-11-25 11:00:00,27.06,24.78,25.92,19.53,87.22,24.07,100.65,8.42,4.6,10.06,5.4,1.6400000000000006,2.2799999999999976,1
2024-11-25 12:00:00,27.14,24.72,25.93,19.48,86.52,29.25,100.57,8.54,8.6,10.2,9.3,1.6600000000000001,2.4200000000000017,1
2024-11-25 13:00:00,27.11,24.8,25.95,19.59,87.1,33.98,100.49,8.46,12.1,10.09,12.7,1.629999999999999,2.3099999999999987,1
2024-11-25 14:00:00,26.97,24.92,25.94,19.74,88.43,36.25,100.44,8.14,13.6,9.77,14.1,1.629999999999999,2.049999999999997,1
2024-11-25 15:00:00,26.8,24.97,25.88,19.79,89.55,37.23,100.45,7.66,13.3,9.34,13.6,1.6799999999999997,1.8300000000000018,1
2024-11-25 16:00:00,26.57,24.92,25.74,19.73,90.55,38.86,100.5,7.21,11.5,9.04,11.8,1.8299999999999992,1.6499999999999986,1
2024-11-25 17:00:00,26.33,24.9,25.62,19.69,91.71,35.44,100.56,6.69,7.8,8.57,8.0,1.88,1.4299999999999997,1
2024-11-25 18:00:00,26.27,24.92,25.6,19.71,92.18,22.69,100.61,6.59,3.6,8.5,3.8,1.9100000000000001,1.3499999999999979,1
2024-11-25 19:00:00,26.29,24.97,25.63,19.75,92.3,20.23,100.67,6.74,359.3,8.68,359.7,1.9399999999999995,1.3200000000000003,1
2024-11-25 20:00:00,26.31,25.0,25.65,19.79,92.39,58.17,100.68,7.16,357.8,9.15,358.2,1.9900000000000002,1.3099999999999987,1
2024-11-25 21:00:00,26.29,25.0,25.64,19.8,92.51,62.56,100.65,7.36,358.6,9.38,359.0,2.0200000000000005,1.2899999999999991,1
2024-11-25 22:00:00,26.22,24.94,25.58,19.74,92.56,44.35,100.58,7.39,0.3,9.44,0.7,2.05,1.2799999999999976,1
2024-11-25 23:00:00,26.12,24.88,25.5,19.67,92.75,50.9,100.55,6.88,3.7,8.98,4.1,2.1000000000000005,1.240000000000002,1
2024-11-26 00:00:00,26.05,24.86,25.45,19.66,93.06,54.07,100.52,6.27,7.4,8.37,8.2,2.0999999999999996,1.1900000000000013,1
2024-11-26 01:00:00,26.04,24.85,25.44,19.66,93.04,49.17,100.44,6.32,7.5,8.35,8.5,2.0299999999999994,1.1899999999999977,1
2024-11-26 02:00:00,26.03,24.88,25.46,19.7,93.21,39.14,100.36,6.06,2.7,7.96,3.7,1.9000000000000004,1.1500000000000021,1
2024-11-26 03:00:00,26.05,24.9,25.48,19.74,93.26,27.99,100.33,5.83,357.0,7.75,358.5,1.92,1.1500000000000021,1
2024-11-26 04:00:00,26.08,24.92,25.5,19.77,93.26,26.18,100.36,5.71,353.3,7.6,354.9,1.8899999999999997,1.1599999999999966,1
2024-11-26 05:00:00,26.09,24.99,25.54,19.84,93.58,32.08,100.41,5.8,349.5,7.66,351.3,1.8600000000000003,1.1000000000000014,1
2024-11-26 06:00:00,26.2,25.14,25.67,20.01,93.82,37.47,100.47,6.18,346.5,7.91,348.5,1.7300000000000004,1.0599999999999987,1
2024-11-26 07:00:00,26.46,25.38,25.92,20.28,93.68,43.65,100.54,6.53,348.1,8.0,349.9,1.4699999999999998,1.0800000000000018,1
2024-11-26 08:00:00,26.76,25.62,26.19,20.57,93.39,51.62,100.59,6.86,353.0,8.13,354.4,1.2700000000000005,1.1400000000000006,1
2024-11-26 09:00:00,27.04,25.66,26.35,20.61,92.06,53.72,100.6,7.52,0.2,8.99,1.6,1.4700000000000006,1.379999999999999,1
2024-11-26 10:00:00,27.19,25.41,26.3,20.3,89.87,50.32,100.58,7.63,5.3,9.07,6.1,1.4400000000000004,1.7800000000000011,1
2024-11-26 11:00:00,27.12,25.15,26.14,20.0,88.87,21.1,100.52,7.32,6.3,8.66,6.9,1.3399999999999999,1.9700000000000024,1
2024-11-26 12:00:00,26.97,24.92,25.94,19.74,88.42,21.81,100.42,7.09,3.9,8.36,4.1,1.2699999999999996,2.049999999999997,1
2024-11-26 13:00:00,26.92,24.85,25.88,19.68,88.35,28.52,100.36,6.45,0.0,7.58,0.0,1.13,2.0700000000000003,1
2024-11-26 14:00:00,26.81,24.96,25.89,19.81,89.46,42.85,100.3,6.31,355.3,7.44,355.0,1.1300000000000008,1.8499999999999979,1
2024-11-26 15:00:00,26.68,25.09,25.89,19.98,90.86,51.97,100.25,7.17,350.4,8.53,349.9,1.3599999999999994,1.5899999999999999,1
2024-11-26 16:00:00,26.55,25.07,25.81,19.96,91.44,42.81,100.22,8.5,347.8,10.35,347.5,1.8499999999999996,1.4800000000000004,1
2024-11-26 17:00:00,26.45,25.06,25.76,19.94,91.9,35.6,100.23,9.44,349.0,11.62,348.9,2.1799999999999997,1.3900000000000006,1
2024-11-26 18:00:00,26.52,25.11,25.82,20.0,91.89,27.02,100.33,9.9,352.3,12.39,352.8,2.49,1.4100000000000001,1
2024-11-26 19:00:00,26.61,25.3,25.95,20.19,92.37,23.52,100.45,9.63,354.5,12.01,355.0,2.379999999999999,1.3099999999999987,1
2024-11-26 20:00:00,26.67,25.45,26.06,20.37,92.9,25.74,100.5,9.52,354.0,11.98,355.0,2.460000000000001,1.2200000000000024,1
2024-11-26 21:00:00,26.66,25.49,26.07,20.42,93.17,38.88,100.49,9.41,351.9,11.76,352.7,2.3499999999999996,1.1700000000000017,1
2024-11-26 22:00:00,26.57,25.4,25.99,20.33,93.19,60.69,100.41,9.57,348.1,11.9,348.7,2.33,1.1700000000000017,1
2024-11-26 23:00:00,26.45,25.27,25.86,20.18,93.08,77.19,100.32,9.77,344.7,12.08,345.2,2.3100000000000005,1.1799999999999997,1
2024-11-27 00:00:00,26.3,25.11,25.7,20.0,93.01,77.17,100.24,9.83,340.7,12.11,341.1,2.2799999999999994,1.1900000000000013,1
2024-11-27 01:00:00,26.16,24.91,25.53,19.79,92.71,70.94,100.14,10.29,334.6,12.62,335.0,2.33,1.25,1
2024-11-27 02:00:00,26.02,24.63,25.33,19.48,91.93,60.4,100.03,11.09,329.5,13.6,329.9,2.51,1.3900000000000006,1
2024-11-27 03:00:00,25.87,24.42,25.14,19.25,91.61,40.67,99.96,11.91,327.4,14.64,328.0,2.7300000000000004,1.4499999999999993,1
2024-11-27 04:00:00,25.81,24.41,25.11,19.24,91.88,37.85,99.96,12.41,326.4,15.24,327.1,2.83,1.3999999999999986,1
2024-11-27 05:00:00,25.87,24.57,25.22,19.41,92.35,44.64,99.96,12.67,325.4,15.52,326.4,2.8499999999999996,1.3000000000000007,1
2024-11-27 06:00:00,26.09,24.87,25.48,19.77,92.85,63.43,99.98,12.67,328.1,15.55,329.6,2.880000000000001,1.2199999999999989,1
2024-11-27 07:00:00,26.51,25.32,25.92,20.3,93.04,86.85,100.05,12.46,333.5,15.28,335.7,2.8199999999999985,1.1900000000000013,1
2024-11-27 08:00:00,26.87,25.64,26.26,20.68,92.87,96.9,100.16,12.32,343.1,15.16,345.9,2.84,1.2300000000000004,1
2024-11-27 09:00:00,27.01,25.75,26.38,20.81,92.71,93.56,100.19,12.64,352.4,15.57,355.0,2.9299999999999997,1.2600000000000016,1
2024-11-27 10:00:00,27.06,25.7,26.38,20.75,92.18,76.69,100.18,12.91,356.1,15.88,358.4,2.9700000000000006,1.3599999999999994,1
2024-11-27 11:00:00,27.04,25.56,26.3,20.58,91.51,31.39,100.15,12.76,356.9,15.63,358.6,2.870000000000001,1.4800000000000004,1
2024-11-27 12:00:00,27.01,25.51,26.26,20.51,91.3,29.03,100.08,12.46,355.2,15.2,356.5,2.7399999999999984,1.5,1
2024-11-27 13:00:00,26.99,25.55,26.27,20.59,91.72,30.12,100.04,11.89,351.3,14.46,352.6,2.5700000000000003,1.4399999999999977,1
2024-11-27 14:00:00,26.99,25.59,26.29,20.65,91.96,31.21,100.02,11.17,347.6,13.59,348.7,2.42,1.3999999999999986,1
2024-11-27 15:00:00,26.94,25.62,26.28,20.69,92.42,30.82,100.03,10.48,343.5,12.85,344.5,2.369999999999999,1.3200000000000003,1
2024-11-27 16:00:00,26.83,25.51,26.17,20.52,92.31,27.4,100.08,10.24,340.5,12.67,341.4,2.4299999999999997,1.3199999999999967,1
2024-11-27 17:00:00,26.65,25.27,25.96,20.23,92.06,21.65,100.15,10.38,339.2,12.88,340.0,2.5,1.379999999999999,1
2024-11-27 18:00:00,26.51,25.14,25.83,20.04,92.02,16.43,100.22,10.68,340.0,13.25,340.8,2.5700000000000003,1.370000000000001,1
2024-11-27 19:00:00,26.44,25.06,25.75,19.95,92.06,11.73,100.29,10.81,340.9,13.39,341.8,2.58,1.3800000000000026,1
2024-11-27 20:00:00,26.36,24.96,25.66,19.81,91.9,8.69,100.34,10.57,339.9,13.09,340.6,2.5199999999999996,1.3999999999999986,1
2024-11-27 21:00:00,26.21,24.8,25.51,19.62,91.85,7.29,100.35,10.33,336.6,12.77,337.2,2.4399999999999995,1.4100000000000001,1
2024-11-27 22:00:00,25.99,24.64,25.32,19.44,92.17,5.88,100.31,10.31,333.1,12.69,333.7,2.379999999999999,1.3499999999999979,1
2024-11-27 23:00:00,25.81,24.52,25.17,19.3,92.44,4.59,100.26,10.41,330.2,12.76,330.8,2.3499999999999996,1.2899999999999991,1
2024-11-28 00:00:00,25.68,24.38,25.03,19.16,92.44,3.84,100.2,10.44,328.0,12.77,328.8,2.33,1.3000000000000007,1
2024-11-28 01:00:00,25.55,24.2,24.88,18.97,92.19,3.39,100.15,10.41,325.7,12.72,326.4,2.3100000000000005,1.3500000000000014,1
2024-11-28 02:00:00,25.35,23.97,24.66,18.69,91.9,3.26,100.11,10.33,321.9,12.61,322.5,2.2799999999999994,1.3800000000000026,1
2024-11-28 03:00:00,25.12,23.65,24.39,18.34,91.43,3.86,100.11,10.29,317.7,12.56,318.2,2.2700000000000014,1.4700000000000024,1
2024-11-28 04:00:00,24.91,23.33,24.12,17.98,90.81,4.78,100.14,10.46,314.6,12.84,315.0,2.379999999999999,1.5800000000000018,1
2024-11-28 05:00:00,24.71,23.02,23.87,17.63,90.2,6.27,100.21,10.76,312.6,13.22,312.9,2.460000000000001,1.6900000000000013,1
2024-11-28 06:00:00,24.56,22.78,23.67,17.36,89.71,9.03,100.3,10.93,312.4,13.4,312.9,2.4700000000000006,1.7799999999999976,1
2024-11-28 07:00:00,24.55,22.58,23.57,17.12,88.65,12.16,100.43,10.78,314.3,13.17,314.8,2.3900000000000006,1.9700000000000024,1
2024-11-28 08:00:00,24.78,22.38,23.58,16.91,86.45,12.51,100.51,10.6,315.4,12.89,316.1,2.290000000000001,2.400000000000002,1
2024-11-28 09:00:00,25.1,22.19,23.64,16.7,83.79,10.71,100.53,10.47,315.9,12.73,316.5,2.26,2.91,1
2024-11-28 10:00:00,25.46,22.09,23.78,16.61,81.53,9.23,100.47,10.37,315.0,12.57,315.7,2.200000000000001,3.370000000000001,1
2024-11-28 11:00:00,25.83,22.19,24.01,16.73,80.23,2.78,100.34,10.32,312.0,12.46,312.8,2.1400000000000006,3.639999999999997,1
2024-11-28 12:00:00,26.17,22.4,24.29,16.98,79.67,3.3,100.18,10.3,308.1,12.4,308.8,2.0999999999999996,3.770000000000003,1
2024-11-28 13:00:00,26.57,22.7,24.64,17.3,79.19,3.82,100.09,10.14,308.0,12.25,308.7,2.1099999999999994,3.870000000000001,1
2024-11-28 14:00:00,26.77,22.95,24.86,17.57,79.48,3.23,100.1,9.49,309.7,11.57,310.2,2.08,3.8200000000000003,1
2024-11-28 15:00:00,26.66,23.12,24.89,17.76,80.84,2.1,100.09,8.7,306.6,10.89,307.0,2.1900000000000013,3.539999999999999,1
2024-11-28 16:00:00,26.53,23.31,24.92,17.97,82.43,1.97,100.11,8.3,305.1,10.71,305.5,2.41,3.2200000000000024,1
2024-11-28 17:00:00,26.44,23.51,24.98,18.17,83.86,2.18,100.2,8.18,304.6,10.84,305.2,2.66,2.9299999999999997,1
2024-11-28 18:00:00,26.49,23.77,25.13,18.45,84.96,1.94,100.29,8.36,303.5,11.08,304.2,2.7200000000000006,2.719999999999999,1
2024-11-28 19:00:00,26.55,23.91,25.23,18.59,85.34,1.51,100.34,8.58,300.4,11.33,301.4,2.75,2.6400000000000006,1
2024-11-28 20:00:00,26.6,23.95,25.27,18.63,85.28,1.38,100.36,9.01,300.6,11.83,301.7,2.8200000000000003,2.650000000000002,1
2024-11-28 21:00:00,26.53,24.0,25.27,18.69,85.9,1.3,100.35,9.67,303.8,12.55,304.8,2.880000000000001,2.530000000000001,1
2024-11-28 22:00:00,26.35,24.03,25.19,18.73,86.97,0.94,100.31,10.47,306.8,13.37,307.6,2.8999999999999986,2.3200000000000003,1
2024-11-28 23:00:00,26.12,24.06,25.09,18.77,88.28,0.49,100.24,11.06,308.6,13.96,309.4,2.9000000000000004,2.0600000000000023,1
2024-11-29 00:00:00,25.92,24.04,24.98,18.76,89.22,0.28,100.16,11.27,309.2,14.11,310.2,2.84,1.8800000000000026,1
2024-11-29 01:00:00,25.77,23.99,24.88,18.74,89.85,0.45,100.08,11.36,307.0,14.14,308.1,2.780000000000001,1.7800000000000011,1
2024-11-29 02:00:00,25.71,23.95,24.83,18.68,89.84,0.86,100.04,11.18,302.5,13.89,303.5,2.710000000000001,1.7600000000000016,1
2024-11-29 03:00:00,25.71,23.95,24.83,18.69,89.9,1.24,100.05,10.93,300.1,13.6,301.1,2.67,1.7600000000000016,1
2024-11-29 04:00:00,25.72,23.99,24.85,18.72,90.01,2.06,100.07,11.01,296.8,13.71,297.7,2.700000000000001,1.7300000000000004,1
2024-11-29 05:00:00,25.76,23.95,24.86,18.68,89.65,3.9,100.12,11.17,292.9,13.91,293.8,2.74,1.8100000000000023,1
2024-11-29 06:00:00,25.78,23.87,24.83,18.57,89.1,3.92,100.21,11.36,290.5,14.06,291.5,2.700000000000001,1.9100000000000001,1
2024-11-29 07:00:00,25.76,23.86,24.81,18.53,89.09,3.8,100.29,11.36,290.1,13.93,291.4,2.5700000000000003,1.9000000000000021,1
2024-11-29 08:00:00,25.72,23.92,24.82,18.59,89.66,5.2,100.38,11.37,291.5,13.76,292.8,2.3900000000000006,1.7999999999999972,1
2024-11-29 09:00:00,25.91,24.06,24.98,18.74,89.38,6.14,100.4,11.39,292.6,13.64,294.0,2.25,1.8500000000000014,1
2024-11-29 10:00:00,26.23,24.2,25.21,18.92,88.5,5.97,100.35,11.4,293.1,13.61,294.4,2.209999999999999,2.030000000000001,1
2024-11-29 11:00:00,26.64,24.41,25.52,19.17,87.44,0.9,100.26,11.26,292.4,13.4,293.6,2.1400000000000006,2.2300000000000004,1
2024-11-29 12:00:00,27.06,24.57,25.82,19.39,86.19,0.88,100.16,11.1,291.2,13.25,292.4,2.1500000000000004,2.4899999999999984,1
2024-11-29 13:00:00,27.37,24.68,26.02,19.53,85.17,0.78,100.08,10.94,288.9,13.1,290.0,2.16,2.6900000000000013,1
2024-11-29 14:00:00,27.47,24.75,26.11,19.63,85.05,0.62,100.02,10.62,283.8,12.79,284.8,2.17,2.719999999999999,1
2024-11-29 15:00:00,27.41,24.84,26.12,19.72,85.73,0.5,100.01,10.21,277.1,12.4,278.0,2.1899999999999995,2.5700000000000003,1
2024-11-29 16:00:00,27.2,24.87,26.04,19.75,86.97,0.52,100.06,9.73,269.2,12.08,270.1,2.3499999999999996,2.3299999999999983,1
2024-11-29 17:00:00,26.99,24.9,25.95,19.78,88.25,0.73,100.15,9.61,263.7,12.09,264.8,2.4800000000000004,2.09,1
2024-11-29 18:00:00,26.92,24.96,25.94,19.84,88.94,0.92,100.21,9.62,261.4,12.1,262.6,2.4800000000000004,1.9600000000000009,1
2024-11-29 19:00:00,26.88,24.95,25.92,19.81,89.06,0.93,100.27,9.5,259.1,11.96,260.4,2.460000000000001,1.9299999999999997,1
2024-11-29 20:00:00,26.81,24.93,25.87,19.77,89.29,0.73,100.31,8.78,256.9,11.1,258.0,2.3200000000000003,1.879999999999999,1
2024-11-29 21:00:00,26.69,24.87,25.78,19.71,89.68,0.5,100.34,7.93,256.0,10.06,256.9,2.130000000000001,1.8200000000000003,1
2024-11-29 22:00:00,26.55,24.82,25.68,19.65,90.12,0.36,100.31,7.44,253.4,9.36,253.7,1.919999999999999,1.7300000000000004,1
2024-11-29 23:00:00,26.45,24.73,25.59,19.55,90.15,0.21,100.26,7.22,251.9,9.09,252.1,1.87,1.7199999999999989,1
2024-11-30 00:00:00,26.4,24.64,25.52,19.47,90.0,0.14,100.2,7.18,254.6,9.09,254.6,1.9100000000000001,1.759999999999998,1
2024-11-30 01:00:00,26.37,24.57,25.47,19.39,89.75,0.08,100.15,7.48,257.2,9.44,257.2,1.959999999999999,1.8000000000000007,0
2024-11-30 02:00:00,26.41,24.5,25.45,19.31,89.13,0.06,100.1,7.3,257.6,9.31,257.7,2.0100000000000007,1.9100000000000001,0
2024-11-30 03:00:00,26.45,24.48,25.46,19.29,88.82,0.05,100.09,6.65,255.1,8.67,254.8,2.0199999999999996,1.9699999999999989,0
2024-11-30 04:00:00,26.43,24.48,25.45,19.29,88.97,0.03,100.15,5.98,253.4,8.07,252.3,2.09,1.9499999999999993,0
2024-11-30 05:00:00,26.43,24.51,25.47,19.31,89.15,0.03,100.24,5.67,255.4,7.77,253.9,2.0999999999999996,1.9199999999999982,0
2024-11-30 06:00:00,26.58,24.63,25.61,19.42,88.93,0.03,100.32,5.88,258.0,7.8,256.9,1.92,1.9499999999999993,0
2024-11-30 07:00:00,26.94,24.84,25.89,19.65,88.18,0.04,100.43,5.82,261.8,7.22,261.4,1.3999999999999995,2.1000000000000014,0
2024-11-30 08:00:00,27.2,24.97,26.08,19.79,87.54,0.06,100.53,6.1,261.9,7.29,262.0,1.1900000000000004,2.2300000000000004,0
2024-11-30 09:00:00,27.37,24.87,26.12,19.67,86.16,0.06,100.53,7.0,260.2,8.35,260.3,1.3499999999999996,2.5,0
2024-11-30 10:00:00,27.51,24.81,26.16,19.59,85.07,0.06,100.48,7.8,259.1,9.2,259.2,1.3999999999999995,2.700000000000003,0
2024-11-30 11:00:00,27.66,24.76,26.21,19.57,84.15,0.09,100.37,8.5,259.7,10.03,259.6,1.5299999999999994,2.8999999999999986,0
2024-11-30 12:00:00,27.61,24.66,26.13,19.46,83.84,0.11,100.26,8.54,260.5,10.11,260.4,1.5700000000000003,2.9499999999999993,1
2024-11-30 13:00:00,27.38,24.58,25.98,19.4,84.63,0.13,100.16,7.91,258.3,9.39,258.3,1.4800000000000004,2.8000000000000007,1
2024-11-30 14:00:00,27.25,24.54,25.89,19.37,85.09,0.17,100.1,7.24,252.0,8.65,252.3,1.4100000000000001,2.710000000000001,1
2024-11-30 15:00:00,27.18,24.65,25.92,19.49,85.96,0.18,100.09,6.68,243.0,8.01,243.4,1.33,2.530000000000001,1
2024-11-30 16:00:00,27.07,24.88,25.98,19.77,87.76,0.18,100.11,6.13,234.0,7.6,234.4,1.4699999999999998,2.1900000000000013,1
2024-11-30 17:00:00,26.83,25.05,25.94,19.94,89.82,0.18,100.17,6.09,227.2,7.96,227.4,1.87,1.7799999999999976,1
2024-11-30 18:00:00,26.83,25.19,26.01,20.11,90.63,0.16,100.23,6.76,223.7,8.77,223.8,2.01,1.639999999999997,1
2024-11-30 19:00:00,26.91,25.3,26.1,20.24,90.84,0.16,100.3,7.44,222.8,9.55,222.8,2.1100000000000003,1.6099999999999994,1
2024-11-30 20:00:00,26.97,25.3,26.13,20.22,90.46,0.15,100.33,7.85,222.2,10.08,222.0,2.2300000000000004,1.6699999999999982,1
2024-11-30 21:00:00,27.0,25.19,26.1,20.1,89.77,0.12,100.33,8.04,220.9,10.32,220.6,2.280000000000001,1.8099999999999987,1
2024-11-30 22:00:00,26.96,25.03,26.0,19.91,89.1,0.12,100.29,8.15,220.5,10.47,220.2,2.3200000000000003,1.9299999999999997,1
2024-11-30 23:00:00,26.89,24.93,25.91,19.79,88.88,0.11,100.23,8.26,221.1,10.6,220.7,2.34,1.9600000000000009,1
2024-12-01 00:00:00,26.83,24.85,25.84,19.71,88.77,0.1,100.15,8.32,223.6,10.7,223.2,2.379999999999999,1.9799999999999969,0
2024-12-01 01:00:00,26.84,24.8,25.82,19.66,88.44,0.11,100.08,8.5,226.8,11.0,226.6,2.5,2.039999999999999,1
2024-12-01 02:00:00,26.87,24.77,25.82,19.65,88.19,0.1,100.03,8.78,231.4,11.41,231.4,2.630000000000001,2.1000000000000014,0
2024-12-01 03:00:00,26.9,24.77,25.84,19.65,88.04,0.11,100.03,8.83,235.6,11.48,235.6,2.6500000000000004,2.129999999999999,1
2024-12-01 04:00:00,26.91,24.78,25.85,19.65,88.02,0.11,100.07,8.55,237.9,11.21,237.9,2.66,2.129999999999999,1
2024-12-01 05:00:00,26.92,24.78,25.85,19.65,88.03,0.07,100.14,8.1,238.4,10.77,238.4,2.67,2.1400000000000006,0
2024-12-01 06:00:00,27.19,24.95,26.07,19.83,87.5,0.03,100.22,7.88,238.0,10.25,238.2,2.37,2.240000000000002,0
2024-12-01 07:00:00,27.82,25.32,26.57,20.24,86.14,0.02,100.31,7.86,237.3,9.67,237.8,1.8099999999999996,2.5,0
2024-12-01 08:00:00,28.39,25.39,26.89,20.32,83.7,0.03,100.37,8.36,236.6,10.35,237.4,1.9900000000000002,3.0,0
2024-12-01 09:00:00,28.8,25.32,27.06,20.24,81.41,0.04,100.36,8.78,236.4,10.74,237.0,1.9600000000000009,3.4800000000000004,0
2024-12-01 10:00:00,29.08,25.3,27.19,20.23,80.02,0.04,100.31,9.02,236.2,10.97,236.7,1.950000000000001,3.7799999999999976,0
2024-12-01 11:00:00,29.2,25.27,27.24,20.21,79.31,0.34,100.22,9.28,236.0,11.25,236.4,1.9700000000000006,3.9299999999999997,1
2024-12-01 12:00:00,29.17,25.23,27.2,20.19,79.29,0.4,100.12,9.45,235.4,11.44,235.8,1.9900000000000002,3.9400000000000013,1
2024-12-01 13:00:00,29.05,25.2,27.12,20.16,79.66,0.47,100.03,9.45,233.9,11.56,234.3,2.110000000000001,3.8500000000000014,1
2024-12-01 14:00:00,28.9,25.14,27.02,20.11,80.12,0.65,99.98,9.33,231.3,11.52,231.8,2.1899999999999995,3.759999999999998,1
2024-12-01 15:00:00,28.58,25.26,26.92,20.24,82.14,0.88,99.99,8.79,226.9,10.91,227.3,2.120000000000001,3.3199999999999967,1
2024-12-01 16:00:00,28.11,25.37,26.74,20.36,84.95,0.97,100.03,8.32,220.2,10.62,220.5,2.299999999999999,2.7399999999999984,1
2024-12-01 17:00:00,27.52,25.21,26.37,20.15,87.08,0.92,100.09,8.23,214.8,10.81,215.0,2.58,2.3099999999999987,1
2024-12-01 18:00:00,27.22,25.14,26.18,20.05,88.28,0.85,100.19,8.17,210.8,10.61,210.7,2.4399999999999995,2.0799999999999983,1
2024-12-01 19:00:00,27.08,25.06,26.07,19.93,88.57,0.68,100.29,8.21,210.3,10.63,210.4,2.42,2.0199999999999996,1
2024-12-01 20:00:00,26.98,24.97,25.97,19.82,88.67,0.56,100.37,8.02,210.6,10.37,210.3,2.3499999999999996,2.0100000000000016,1
2024-12-01 21:00:00,26.87,24.87,25.87,19.71,88.77,0.42,100.38,7.78,212.4,10.09,212.0,2.3099999999999996,2.0,1
2024-12-01 22:00:00,26.77,24.78,25.78,19.61,88.81,0.47,100.34,7.54,215.4,9.83,214.9,2.29,1.9899999999999984,1
2024-12-01 23:00:00,26.7,24.68,25.69,19.5,88.64,0.48,100.29,7.34,218.0,9.68,217.5,2.34,2.0199999999999996,1
2024-12-02 00:00:00,26.63,24.56,25.6,19.36,88.3,0.49,100.21,7.16,220.6,9.55,220.0,2.3900000000000006,2.0700000000000003,1
2024-12-02 01:00:00,26.52,24.45,25.49,19.26,88.36,0.41,100.14,6.8,222.0,9.22,220.9,2.420000000000001,2.0700000000000003,1
2024-12-02 02:00:00,26.45,24.39,25.42,19.19,88.37,0.3,100.1,6.29,221.9,8.64,220.3,2.3500000000000005,2.0599999999999987,1
2024-12-02 03:00:00,26.4,24.32,25.36,19.11,88.28,0.21,100.12,5.78,220.3,8.15,218.6,2.37,2.0799999999999983,1
2024-12-02 04:00:00,26.38,24.25,25.32,19.01,87.99,0.09,100.18,5.47,217.9,7.88,216.1,2.41,2.129999999999999,0
2024-12-02 05:00:00,26.38,24.16,25.27,18.89,87.5,0.07,100.25,5.44,214.6,7.96,213.5,2.5199999999999996,2.219999999999999,0
2024-12-02 06:00:00,26.76,24.22,25.49,18.95,85.9,0.04,100.34,5.65,208.7,7.69,208.1,2.04,2.5400000000000027,0
2024-12-02 07:00:00,27.44,24.43,25.93,19.17,83.55,0.03,100.41,5.86,200.6,7.12,201.2,1.2599999999999998,3.0100000000000016,0
2024-12-02 08:00:00,28.19,24.44,26.32,19.17,80.02,0.04,100.47,6.36,203.5,7.76,204.7,1.3999999999999995,3.75,0
2024-12-02 09:00:00,28.72,24.36,26.54,19.08,77.26,0.12,100.51,6.55,212.0,7.93,212.5,1.38,4.359999999999999,1
2024-12-02 10:00:00,29.02,24.36,26.69,19.07,75.89,0.26,100.5,6.66,216.4,8.02,216.7,1.3599999999999994,4.66,1
2024-12-02 11:00:00,29.15,24.29,26.72,19.0,75.0,0.1,100.43,6.84,218.2,8.19,218.4,1.3499999999999996,4.859999999999999,0
2024-12-02 12:00:00,29.16,24.17,26.66,18.88,74.42,0.16,100.34,7.01,218.5,8.38,218.5,1.370000000000001,4.989999999999998,1
2024-12-02 13:00:00,29.07,24.04,26.55,18.76,74.28,0.21,100.26,7.06,217.3,8.46,217.3,1.4000000000000012,5.030000000000001,1
2024-12-02 14:00:00,28.77,23.93,26.35,18.64,75.08,0.18,100.23,6.87,215.0,8.36,215.1,1.4899999999999993,4.84,1
2024-12-02 15:00:00,28.41,23.88,26.14,18.57,76.39,0.1,100.25,6.55,211.8,8.09,211.9,1.54,4.530000000000001,0
2024-12-02 16:00:00,27.83,23.98,25.9,18.68,79.51,0.06,100.29,5.87,207.7,7.68,208.2,1.8099999999999996,3.849999999999998,0
2024-12-02 17:00:00,26.94,23.8,25.37,18.47,82.89,0.03,100.36,5.34,203.6,7.82,204.5,2.4800000000000004,3.1400000000000006,0
2024-12-02 18:00:00,26.54,23.51,25.02,18.13,83.38,0.04,100.43,5.49,201.2,8.13,201.8,2.6400000000000006,3.0299999999999976,0
2024-12-02 19:00:00,26.31,23.29,24.8,17.88,83.42,0.03,100.5,5.72,200.5,8.4,200.5,2.6800000000000006,3.0199999999999996,0
2024-12-02 20:00:00,26.17,23.21,24.69,17.79,83.73,0.03,100.55,5.81,202.6,8.43,201.9,2.62,2.960000000000001,0
2024-12-02 21:00:00,26.03,23.2,24.62,17.77,84.35,0.02,100.57,5.68,207.8,8.21,206.9,2.530000000000001,2.830000000000002,0
2024-12-02 22:00:00,25.94,23.18,24.56,17.73,84.63,0.01,100.59,5.43,218.5,8.02,217.5,2.59,2.7600000000000016,0
2024-12-02 23:00:00,26.03,23.18,24.61,17.74,84.23,0.01,100.59,5.4,226.1,7.97,225.6,2.5699999999999994,2.8500000000000014,0
2024-12-03 00:00:00,26.05,23.15,24.6,17.72,83.99,0.01,100.54,5.25,227.3,7.8,227.1,2.55,2.900000000000002,0
2024-12-03 01:00:00,26.0,23.06,24.53,17.64,83.8,0.01,100.47,5.11,226.2,7.57,226.0,2.46,2.9400000000000013,0
2024-12-03 02:00:00,25.93,22.95,24.44,17.53,83.58,0.01,100.41,4.92,224.0,7.27,223.6,2.3499999999999996,2.9800000000000004,0
2024-12-03 03:00:00,25.78,22.79,24.29,17.37,83.56,0.01,100.4,4.66,222.6,6.81,221.7,2.1499999999999995,2.990000000000002,0
2024-12-03 04:00:00,25.65,22.66,24.15,17.21,83.45,0.0,100.42,4.41,222.3,6.33,221.4,1.92,2.9899999999999984,0
2024-12-03 05:00:00,25.56,22.53,24.05,17.07,83.27,0.0,100.47,4.14,224.0,5.81,222.8,1.67,3.0299999999999976,0
2024-12-03 06:00:00,26.31,23.09,24.7,17.64,82.38,0.0,100.58,3.69,227.1,5.16,225.2,1.4700000000000002,3.219999999999999,0
2024-12-03 07:00:00,27.44,23.19,25.32,17.72,77.52,0.0,100.7,3.76,229.5,4.53,229.6,0.7700000000000005,4.25,0
2024-12-03 08:00:00,28.09,23.17,25.63,17.69,74.56,0.0,100.77,3.68,233.5,4.24,233.7,0.56,4.919999999999998,0
2024-12-03 09:00:00,28.51,23.32,25.92,17.86,73.45,0.0,100.76,3.33,233.8,3.72,234.0,0.3900000000000001,5.190000000000001,0
2024-12-03 10:00:00,28.93,23.46,26.2,18.02,72.29,0.01,100.72,2.81,230.6,3.08,230.5,0.27,5.469999999999999,0
2024-12-03 11:00:00,29.23,23.54,26.38,18.14,71.45,0.01,100.63,2.34,226.6,2.54,226.1,0.20000000000000018,5.690000000000001,0
2024-12-03 12:00:00,29.42,23.61,26.51,18.23,70.96,0.03,100.54,2.07,226.4,2.23,225.0,0.16000000000000014,5.810000000000002,0
2024-12-03 13:00:00,29.47,23.59,26.53,18.21,70.62,0.03,100.47,2.06,228.0,2.21,226.5,0.1499999999999999,5.879999999999999,0
2024-12-03 14:00:00,29.33,23.49,26.41,18.1,70.75,0.02,100.43,2.03,232.8,2.17,231.2,0.14000000000000012,5.84,0
2024-12-03 15:00:00,29.09,23.39,26.24,17.99,71.3,0.01,100.44,1.86,237.8,1.99,236.5,0.1299999999999999,5.699999999999999,0
2024-12-03 16:00:00,28.78,23.26,26.02,17.86,72.11,0.0,100.49,1.43,237.3,1.56,237.0,0.13000000000000012,5.52,0
2024-12-03 17:00:00,28.15,23.27,25.71,17.9,75.03,0.0,100.57,0.77,220.8,0.85,222.1,0.07999999999999996,4.879999999999999,0
2024-12-03 18:00:00,27.77,23.18,25.48,17.73,76.06,0.0,100.67,0.54,142.5,0.57,135.7,0.029999999999999916,4.59,0
2024-12-03 19:00:00,27.38,23.34,25.36,17.88,78.54,0.0,100.77,1.11,100.4,1.4,93.3,0.2899999999999998,4.039999999999999,0
2024-12-03 20:00:00,27.08,23.38,25.23,17.93,80.19,0.0,100.82,1.74,89.3,2.39,84.0,0.6500000000000001,3.6999999999999993,0
2024-12-03 21:00:00,26.71,23.51,25.11,18.06,82.54,0.0,100.81,2.32,86.0,3.35,82.3,1.0300000000000002,3.1999999999999993,0
2024-12-03 22:00:00,26.32,23.64,24.98,18.21,85.12,0.0,100.78,2.84,85.0,4.17,82.6,1.33,2.6799999999999997,0
2024-12-03 23:00:00,26.0,23.77,24.89,18.37,87.47,0.0,100.74,3.15,86.5,4.59,84.7,1.44,2.2300000000000004,0
2024-12-04 00:00:00,25.72,23.86,24.79,18.48,89.41,0.0,100.69,3.17,88.9,4.58,87.5,1.4100000000000001,1.8599999999999994,0
2024-12-04 01:00:00,25.41,23.86,24.63,18.49,91.06,0.0,100.62,3.06,91.9,4.37,90.8,1.31,1.5500000000000007,0
2024-12-04 02:00:00,25.15,23.78,24.47,18.41,92.05,0.0,100.58,2.97,94.4,4.18,93.7,1.2099999999999995,1.3699999999999974,0
2024-12-04 03:00:00,24.88,23.68,24.28,18.29,92.94,0.02,100.58,2.95,95.1,4.11,94.5,1.1600000000000001,1.1999999999999993,0
2024-12-04 04:00:00,24.67,23.58,24.12,18.17,93.54,0.05,100.62,2.94,93.1,4.03,92.6,1.0900000000000003,1.0900000000000034,0
2024-12-04 05:00:00,24.48,23.47,23.97,18.05,94.04,0.0,100.68,2.9,89.4,3.87,89.1,0.9700000000000002,1.0100000000000016,0
2024-12-04 06:00:00,25.21,23.76,24.49,18.35,91.58,0.01,100.76,2.93,86.7,3.65,86.5,0.7199999999999998,1.4499999999999993,0
2024-12-04 07:00:00,26.19,23.91,25.05,18.5,87.18,0.06,100.83,3.1,85.6,3.41,85.3,0.31000000000000005,2.280000000000001,0
2024-12-04 08:00:00,27.04,23.89,25.46,18.47,82.82,0.14,100.88,2.83,85.5,3.07,85.7,0.23999999999999977,3.1499999999999986,1
2024-12-04 09:00:00,27.77,23.88,25.83,18.45,79.27,0.09,100.87,2.4,84.5,2.63,85.0,0.22999999999999998,3.8900000000000006,0
2024-12-04 10:00:00,28.41,23.77,26.09,18.35,75.93,0.08,100.82,2.09,84.5,2.32,85.5,0.22999999999999998,4.640000000000001,0
2024-12-04 11:00:00,28.8,23.52,26.16,18.08,73.09,0.83,100.75,1.88,83.9,2.13,85.4,0.25,5.280000000000001,1
2024-12-04 12:00:00,28.99,23.27,26.13,17.83,71.24,1.82,100.66,1.63,77.6,1.85,80.3,0.2200000000000002,5.719999999999999,1
2024-12-04 13:00:00,28.99,23.16,26.07,17.72,70.75,2.75,100.57,1.48,64.8,1.68,69.1,0.19999999999999996,5.829999999999998,1
2024-12-04 14:00:00,28.82,23.2,26.01,17.77,71.62,3.33,100.53,1.5,53.7,1.7,57.7,0.19999999999999996,5.620000000000001,1
2024-12-04 15:00:00,28.54,23.5,26.02,18.12,74.21,3.57,100.54,1.59,48.3,1.95,52.3,0.3599999999999999,5.039999999999999,1
2024-12-04 16:00:00,28.12,23.6,25.86,18.22,76.5,3.31,100.58,1.85,47.2,2.3,50.6,0.44999999999999973,4.52,1
2024-12-04 17:00:00,27.4,23.98,25.69,18.63,81.6,2.8,100.64,1.95,42.9,2.8,46.2,0.8499999999999999,3.419999999999998,1
2024-12-04 18:00:00,27.06,24.12,25.59,18.77,83.93,2.15,100.72,2.27,41.8,3.39,44.5,1.12,2.9399999999999977,1
2024-12-04 19:00:00,26.85,24.24,25.54,18.88,85.52,1.76,100.79,2.55,42.5,3.85,44.2,1.3000000000000003,2.610000000000003,1
2024-12-04 20:00:00,26.69,24.34,25.52,18.98,86.82,1.96,100.84,2.74,41.9,4.11,42.7,1.37,2.3500000000000014,1
2024-12-04 21:00:00,26.51,24.41,25.46,19.06,88.11,2.39,100.84,2.82,39.4,4.2,40.0,1.3800000000000003,2.1000000000000014,1
2024-12-04 22:00:00,26.33,24.46,25.4,19.14,89.4,2.63,100.81,2.87,37.8,4.26,38.3,1.3899999999999997,1.8699999999999974,1
2024-12-04 23:00:00,26.16,24.5,25.33,19.18,90.44,2.64,100.76,2.87,38.6,4.21,39.2,1.3399999999999999,1.6600000000000001,1
2024-12-05 00:00:00,25.99,24.51,25.25,19.2,91.39,2.74,100.69,2.81,39.8,4.04,40.6,1.23,1.4799999999999969,1
2024-12-05 01:00:00,25.85,24.47,25.16,19.17,91.94,2.54,100.62,2.78,41.2,3.92,41.9,1.1400000000000001,1.3800000000000026,1
2024-12-05 02:00:00,25.75,24.42,25.08,19.12,92.2,2.35,100.57,2.74,43.1,3.8,44.0,1.0599999999999996,1.3299999999999983,1
2024-12-05 03:00:00,25.65,24.35,25.0,19.06,92.46,2.25,100.57,2.67,45.3,3.66,46.5,0.9900000000000002,1.2999999999999972,1
2024-12-05 04:00:00,25.58,24.3,24.94,18.98,92.51,1.69,100.62,2.66,48.3,3.6,49.4,0.94,1.2799999999999976,1
2024-12-05 05:00:00,25.53,24.25,24.89,18.91,92.51,1.75,100.69,2.67,50.8,3.61,52.2,0.94,1.2800000000000011,1
2024-12-05 06:00:00,26.08,24.59,25.34,19.29,91.41,1.7,100.78,2.76,54.8,3.67,56.0,0.9100000000000001,1.4899999999999984,1
2024-12-05 07:00:00,26.82,24.83,25.83,19.54,88.71,1.53,100.88,3.26,59.4,3.72,60.0,0.4600000000000004,1.990000000000002,1
2024-12-05 08:00:00,27.49,24.85,26.17,19.56,85.43,0.59,100.95,3.44,61.9,3.84,62.6,0.3999999999999999,2.639999999999997,1
2024-12-05 09:00:00,28.14,24.76,26.45,19.44,81.77,0.46,100.96,3.39,61.2,3.75,62.0,0.3599999999999999,3.379999999999999,1
2024-12-05 10:00:00,28.65,24.66,26.65,19.33,78.9,0.37,100.92,3.29,58.5,3.64,59.5,0.3500000000000001,3.9899999999999984,1
2024-12-05 11:00:00,29.01,24.51,26.76,19.18,76.62,0.12,100.83,3.3,54.4,3.64,55.5,0.3400000000000003,4.5,1
2024-12-05 12:00:00,29.19,24.35,26.77,19.02,75.11,0.12,100.72,3.38,48.7,3.75,50.0,0.3700000000000001,4.84,1
2024-12-05 13:00:00,29.22,24.31,26.76,18.99,74.8,0.1,100.62,3.57,42.4,3.98,43.6,0.41000000000000014,4.91,0
2024-12-05 14:00:00,29.07,24.27,26.67,18.96,75.28,0.08,100.56,3.82,38.7,4.27,39.9,0.44999999999999973,4.800000000000001,0
2024-12-05 15:00:00,28.76,24.24,26.5,18.92,76.48,0.04,100.55,4.07,38.2,4.66,39.2,0.5899999999999999,4.520000000000003,0
2024-12-05 16:00:00,28.16,24.4,26.28,19.11,80.0,0.03,100.58,4.08,37.9,5.1,38.7,1.0199999999999996,3.7600000000000016,0
2024-12-05 17:00:00,27.1,24.5,25.8,19.2,85.57,0.02,100.66,3.85,38.6,5.54,39.3,1.69,2.6000000000000014,0
2024-12-05 18:00:00,26.58,24.43,25.51,19.11,87.89,0.02,100.74,4.01,41.6,5.84,42.0,1.83,2.1499999999999986,0
2024-12-05 19:00:00,26.27,24.39,25.33,19.06,89.37,0.02,100.84,4.03,45.0,5.84,45.0,1.8099999999999996,1.879999999999999,0
2024-12-05 20:00:00,26.04,24.43,25.23,19.07,90.69,0.02,100.89,3.97,48.4,5.72,48.3,1.7499999999999996,1.6099999999999994,0
2024-12-05 21:00:00,25.84,24.44,25.14,19.08,91.84,0.02,100.92,3.83,51.6,5.5,51.3,1.67,1.3999999999999986,0
2024-12-05 22:00:00,25.63,24.42,25.02,19.06,92.87,0.03,100.89,3.63,53.6,5.18,53.2,1.5499999999999998,1.2099999999999973,0
2024-12-05 23:00:00,25.47,24.35,24.91,19.0,93.42,0.05,100.85,3.41,53.8,4.81,53.4,1.3999999999999995,1.1199999999999974,0
2024-12-06 00:00:00,25.4,24.3,24.85,18.95,93.49,0.06,100.77,3.2,52.5,4.47,52.0,1.2699999999999996,1.0999999999999979,0
2024-12-06 01:00:00,25.33,24.21,24.77,18.88,93.46,0.07,100.68,3.09,49.2,4.29,48.8,1.2000000000000002,1.1199999999999974,0
2024-12-06 02:00:00,25.33,24.16,24.74,18.82,93.11,0.05,100.62,3.03,43.9,4.18,43.5,1.15,1.1699999999999982,0
2024-12-06 03:00:00,25.35,24.14,24.74,18.8,92.9,0.03,100.62,3.01,39.5,4.17,39.3,1.1600000000000001,1.2100000000000009,0
2024-12-06 04:00:00,25.34,24.1,24.72,18.74,92.71,0.02,100.67,3.04,37.5,4.2,37.3,1.1600000000000001,1.2399999999999984,0
2024-12-06 05:00:00,25.31,24.03,24.67,18.65,92.5,0.04,100.74,3.1,35.4,4.26,35.1,1.1599999999999997,1.2799999999999976,0
2024-12-06 06:00:00,26.03,24.25,25.14,18.89,89.83,0.04,100.82,3.32,33.2,4.24,33.2,0.9200000000000004,1.7800000000000011,0
2024-12-06 07:00:00,26.88,24.28,25.58,18.91,85.6,0.04,100.91,3.78,33.0,4.27,33.4,0.48999999999999977,2.599999999999998,0
2024-12-06 08:00:00,27.51,24.33,25.92,18.95,82.72,0.02,100.97,4.04,35.4,4.51,35.7,0.46999999999999975,3.1800000000000033,0
2024-12-06 09:00:00,28.06,24.38,26.22,19.01,80.35,0.01,100.96,4.36,36.9,4.89,37.4,0.5299999999999994,3.6799999999999997,0
2024-12-06 10:00:00,28.45,24.41,26.43,19.05,78.68,0.01,100.91,4.69,37.6,5.26,38.3,0.5699999999999994,4.039999999999999,0
2024-12-06 11:00:00,28.69,24.42,26.55,19.08,77.63,0.02,100.81,4.95,38.4,5.56,39.4,0.6099999999999994,4.27,0
2024-12-06 12:00:00,28.82,24.38,26.6,19.06,76.89,0.02,100.71,5.13,38.6,5.77,39.6,0.6399999999999997,4.440000000000001,0
2024-12-06 13:00:00,28.81,24.31,26.56,18.99,76.59,0.02,100.62,5.27,39.1,5.96,40.1,0.6900000000000004,4.5,0
2024-12-06 14:00:00,28.68,24.14,26.41,18.81,76.4,0.02,100.56,5.22,39.3,5.97,40.3,0.75,4.539999999999999,0
2024-12-06 15:00:00,28.35,24.04,26.19,18.69,77.39,0.01,100.56,5.07,40.0,5.91,40.9,0.8399999999999999,4.310000000000002,0
2024-12-06 16:00:00,27.75,24.14,25.95,18.79,80.6,0.01,100.6,4.64,42.2,5.85,43.0,1.21,3.6099999999999994,0
2024-12-06 17:00:00,26.8,24.15,25.48,18.81,85.36,0.02,100.67,4.15,45.3,5.93,46.2,1.7799999999999994,2.650000000000002,0
2024-12-06 18:00:00,26.42,24.04,25.23,18.66,86.68,0.01,100.76,4.13,49.0,5.98,49.5,1.8500000000000005,2.3800000000000026,0
2024-12-06 19:00:00,26.22,23.91,25.06,18.51,87.08,0.01,100.84,4.07,51.8,5.89,52.0,1.8199999999999994,2.3099999999999987,0
2024-12-06 20:00:00,26.07,23.78,24.93,18.35,87.14,0.01,100.89,4.13,54.8,5.97,55.0,1.8399999999999999,2.289999999999999,0
2024-12-06 21:00:00,25.94,23.63,24.79,18.17,86.97,0.0,100.89,4.19,57.2,6.05,57.5,1.8599999999999994,2.3100000000000023,0
2024-12-06 22:00:00,25.81,23.47,24.64,18.0,86.79,0.01,100.85,4.18,58.6,6.03,58.8,1.8500000000000005,2.34,0
2024-12-06 23:00:00,25.72,23.36,24.54,17.89,86.68,0.01,100.8,4.1,58.9,5.89,59.2,1.79,2.3599999999999994,0
2024-12-07 00:00:00,25.61,23.25,24.43,17.8,86.75,0.01,100.72,3.94,56.7,5.58,56.6,1.6400000000000001,2.3599999999999994,0
2024-12-07 01:00:00,25.53,23.16,24.35,17.7,86.61,0.02,100.64,3.83,52.7,5.39,52.7,1.5599999999999996,2.370000000000001,0
2024-12-07 02:00:00,25.49,23.03,24.26,17.58,86.19,0.01,100.59,3.77,49.8,5.23,49.7,1.4600000000000004,2.4599999999999973,0
2024-12-07 03:00:00,25.48,23.0,24.24,17.54,86.06,0.01,100.6,3.66,48.5,5.02,48.6,1.3599999999999994,2.4800000000000004,0
2024-12-07 04:00:00,25.46,22.95,24.21,17.48,85.92,0.02,100.66,3.62,49.0,4.93,49.2,1.3099999999999996,2.5100000000000016,0
2024-12-07 05:00:00,25.45,22.94,24.2,17.46,85.94,0.22,100.74,3.62,49.0,4.91,49.3,1.29,2.509999999999998,1
2024-12-07 06:00:00,26.29,23.51,24.9,18.05,84.57,0.17,100.82,3.52,46.8,4.83,47.0,1.31,2.7799999999999976,1
2024-12-07 07:00:00,27.38,23.74,25.56,18.29,80.42,0.03,100.88,3.92,43.6,4.65,43.8,0.7300000000000004,3.6400000000000006,0
2024-12-07 08:00:00,28.11,23.66,25.88,18.2,76.71,0.03,100.92,4.21,44.6,4.92,45.2,0.71,4.449999999999999,0
2024-12-07 09:00:00,28.65,23.69,26.17,18.24,74.5,0.04,100.91,4.46,48.7,5.11,49.3,0.6500000000000004,4.959999999999997,0
2024-12-07 10:00:00,29.1,23.8,26.45,18.37,73.06,0.04,100.86,4.65,51.7,5.29,52.5,0.6399999999999997,5.300000000000001,0
2024-12-07 11:00:00,29.37,23.88,26.62,18.48,72.29,0.14,100.78,4.83,53.2,5.53,54.3,0.7000000000000002,5.490000000000002,1
2024-12-07 12:00:00,29.54,23.95,26.74,18.57,71.87,0.15,100.68,5.05,54.8,5.8,56.0,0.75,5.59,1
2024-12-07 13:00:00,29.53,23.98,26.76,18.62,72.04,0.13,100.6,5.21,56.3,6.03,57.5,0.8200000000000003,5.550000000000001,1
2024-12-07 14:00:00,29.3,23.96,26.63,18.6,72.89,0.11,100.55,5.08,56.7,5.94,58.0,0.8600000000000003,5.34,1
2024-12-07 15:00:00,28.88,24.01,26.45,18.65,74.88,0.18,100.56,4.7,56.1,5.65,57.4,0.9500000000000002,4.869999999999997,1
2024-12-07 16:00:00,28.22,24.21,26.21,18.88,78.78,0.19,100.59,4.12,54.0,5.34,55.7,1.2199999999999998,4.009999999999998,1
2024-12-07 17:00:00,27.27,24.29,25.78,18.96,83.67,0.17,100.65,3.56,51.3,5.14,53.2,1.5799999999999996,2.9800000000000004,1
2024-12-07 18:00:00,26.81,24.14,25.48,18.79,85.26,0.16,100.72,3.6,50.1,5.25,51.9,1.65,2.669999999999998,1
2024-12-07 19:00:00,26.55,24.06,25.3,18.68,86.15,0.23,100.81,3.77,50.5,5.46,52.1,1.69,2.490000000000002,1
2024-12-07 20:00:00,26.39,24.04,25.21,18.64,86.83,0.21,100.87,3.9,50.5,5.61,51.5,1.7100000000000004,2.3500000000000014,1
2024-12-07 21:00:00,26.22,23.98,25.1,18.57,87.37,0.1,100.86,3.85,49.3,5.5,49.9,1.65,2.2399999999999984,0
2024-12-07 22:00:00,26.06,23.89,24.98,18.49,87.79,0.06,100.82,3.73,48.3,5.28,48.6,1.5500000000000003,2.169999999999998,0
2024-12-07 23:00:00,25.92,23.79,24.85,18.38,87.96,0.04,100.77,3.54,48.7,4.95,49.0,1.4100000000000001,2.1300000000000026,0
2024-12-08 00:00:00,25.82,23.69,24.76,18.28,87.95,0.03,100.71,3.3,50.5,4.58,50.8,1.2800000000000002,2.129999999999999,0
2024-12-08 01:00:00,25.75,23.61,24.68,18.2,87.88,0.03,100.65,3.07,53.2,4.19,53.2,1.1200000000000006,2.1400000000000006,0
2024-12-08 02:00:00,25.69,23.56,24.62,18.14,87.87,0.04,100.61,2.88,54.6,3.87,54.5,0.9900000000000002,2.1300000000000026,0
2024-12-08 03:00:00,25.61,23.53,24.57,18.11,88.15,0.12,100.62,2.76,56.4,3.72,56.1,0.9600000000000004,2.0799999999999983,1
2024-12-08 04:00:00,25.55,23.55,24.55,18.13,88.61,0.35,100.67,2.75,59.9,3.77,59.6,1.02,2.0,1
2024-12-08 05:00:00,25.47,23.59,24.53,18.16,89.23,0.49,100.73,2.81,62.0,3.89,61.6,1.08,1.879999999999999,1
2024-12-08 06:00:00,25.93,23.94,24.93,18.54,88.7,0.75,100.81,2.82,60.3,3.86,60.0,1.04,1.9899999999999984,1
2024-12-08 07:00:00,26.67,24.01,25.34,18.59,85.21,0.91,100.9,3.34,58.4,3.82,58.6,0.48,2.66,1
2024-12-08 08:00:00,27.22,24.07,25.64,18.65,82.81,0.7,100.95,3.63,56.4,4.07,56.9,0.4400000000000004,3.1499999999999986,1
2024-12-08 09:00:00,27.76,24.18,25.97,18.78,80.76,0.7,100.93,3.87,51.7,4.34,52.7,0.46999999999999975,3.580000000000002,1
2024-12-08 10:00:00,28.14,24.19,26.17,18.81,79.07,0.7,100.86,4.18,47.2,4.69,48.3,0.5100000000000007,3.9499999999999993,1
2024-12-08 11:00:00,28.42,24.24,26.33,18.88,78.01,1.95,100.78,4.61,45.2,5.18,46.2,0.5699999999999994,4.180000000000003,1
2024-12-08 12:00:00,28.64,24.22,26.43,18.87,76.92,1.66,100.69,5.13,44.4,5.81,45.4,0.6799999999999997,4.420000000000002,1
2024-12-08 13:00:00,28.69,24.1,26.39,18.76,76.2,1.38,100.62,5.67,43.6,6.5,44.4,0.8300000000000001,4.59,1
2024-12-08 14:00:00,28.54,23.93,26.23,18.57,76.06,1.34,100.58,5.9,42.2,6.87,42.9,0.9699999999999998,4.609999999999999,1
2024-12-08 15:00:00,28.21,23.89,26.05,18.52,77.34,1.03,100.59,5.78,42.3,6.89,42.8,1.1099999999999994,4.32,1
2024-12-08 16:00:00,27.65,24.03,25.84,18.66,80.54,0.72,100.64,5.25,43.0,6.68,43.1,1.4299999999999997,3.6199999999999974,1
2024-12-08 17:00:00,26.75,23.96,25.36,18.58,84.58,0.51,100.68,4.61,41.9,6.59,41.7,1.9799999999999995,2.789999999999999,1
2024-12-08 18:00:00,26.35,23.75,25.05,18.33,85.5,0.27,100.74,4.49,40.4,6.51,40.3,2.0199999999999996,2.6000000000000014,1
2024-12-08 19:00:00,26.1,23.59,24.85,18.15,85.98,0.09,100.81,4.38,41.1,6.34,41.1,1.96,2.5100000000000016,0
2024-12-08 20:00:00,25.94,23.51,24.73,18.05,86.37,0.04,100.86,4.34,43.8,6.27,43.6,1.9299999999999997,2.4299999999999997,0
2024-12-08 21:00:00,25.91,23.54,24.72,18.08,86.66,0.04,100.85,4.3,45.4,6.22,44.9,1.92,2.370000000000001,0
2024-12-08 22:00:00,25.88,23.58,24.73,18.13,87.01,0.04,100.81,4.18,45.5,6.05,45.0,1.87,2.3000000000000007,0
2024-12-08 23:00:00,25.83,23.58,24.71,18.15,87.32,0.04,100.75,4.11,44.7,5.96,44.4,1.8499999999999996,2.25,0
2024-12-09 00:00:00,25.78,23.58,24.68,18.16,87.56,0.04,100.68,4.07,44.1,5.9,43.9,1.83,2.200000000000003,0
2024-12-09 01:00:00,25.75,23.52,24.64,18.1,87.37,0.05,100.61,4.04,43.9,5.84,44.0,1.7999999999999998,2.2300000000000004,0
2024-12-09 02:00:00,25.68,23.54,24.61,18.13,87.84,0.06,100.57,3.86,43.3,5.56,43.5,1.6999999999999997,2.1400000000000006,0
2024-12-09 03:00:00,25.59,23.5,24.55,18.09,88.12,0.19,100.57,3.66,41.3,5.21,41.5,1.5499999999999998,2.09,1
2024-12-09 04:00:00,25.52,23.45,24.49,18.02,88.18,0.2,100.61,3.56,38.7,5.04,38.9,1.48,2.0700000000000003,1
2024-12-09 05:00:00,25.44,23.46,24.45,18.03,88.7,0.27,100.67,3.49,36.7,4.91,37.0,1.42,1.9800000000000004,1
2024-12-09 06:00:00,25.99,23.85,24.92,18.45,87.91,0.32,100.76,3.48,36.9,4.76,37.2,1.2799999999999998,2.139999999999997,1
2024-12-09 07:00:00,26.83,23.92,25.38,18.51,84.01,0.35,100.85,3.93,37.8,4.57,37.8,0.6400000000000001,2.9099999999999966,1
2024-12-09 08:00:00,27.45,23.8,25.62,18.36,80.39,0.55,100.89,4.2,35.7,4.77,35.8,0.5699999999999994,3.6499999999999986,1
2024-12-09 09:00:00,28.03,23.81,25.92,18.38,77.79,0.7,100.88,4.59,34.8,5.2,35.1,0.6100000000000003,4.220000000000002,1
2024-12-09 10:00:00,28.45,23.86,26.15,18.44,76.12,0.97,100.82,4.95,32.6,5.6,33.1,0.6499999999999995,4.59,1
2024-12-09 11:00:00,28.68,23.9,26.29,18.5,75.29,0.59,100.74,5.26,29.2,5.96,29.9,0.7000000000000002,4.780000000000001,1
2024-12-09 12:00:00,28.77,23.87,26.32,18.48,74.75,0.59,100.65,5.57,28.5,6.37,29.2,0.7999999999999998,4.899999999999999,1
2024-12-09 13:00:00,28.75,23.78,26.27,18.4,74.46,0.53,100.57,5.81,29.0,6.7,29.6,0.8900000000000006,4.969999999999999,1
2024-12-09 14:00:00,28.59,23.68,26.14,18.3,74.7,0.19,100.5,5.75,27.8,6.71,28.2,0.96,4.91,1
2024-12-09 15:00:00,28.29,23.68,25.98,18.3,76.01,0.07,100.5,5.42,25.9,6.45,26.1,1.0300000000000002,4.609999999999999,0
2024-12-09 16:00:00,27.74,23.9,25.82,18.55,79.57,0.07,100.54,4.81,26.0,6.1,25.9,1.29,3.84,0
2024-12-09 17:00:00,26.78,24.01,25.4,18.65,84.7,0.06,100.62,4.22,30.3,6.05,29.7,1.83,2.7699999999999996,0
2024-12-09 18:00:00,26.42,23.97,25.19,18.58,86.27,0.1,100.72,4.3,33.7,6.24,32.8,1.9400000000000004,2.450000000000003,0
2024-12-09 19:00:00,26.25,23.94,25.1,18.53,86.98,0.13,100.8,4.33,32.8,6.29,31.7,1.96,2.3099999999999987,1
2024-12-09 20:00:00,26.14,23.86,25.0,18.45,87.2,0.11,100.82,4.32,31.3,6.26,30.4,1.9399999999999995,2.280000000000001,1
2024-12-09 21:00:00,26.02,23.77,24.9,18.34,87.3,0.06,100.82,4.26,32.2,6.18,31.4,1.92,2.25,0
2024-12-09 22:00:00,25.96,23.69,24.83,18.27,87.24,0.04,100.78,4.17,33.2,6.02,32.4,1.8499999999999996,2.2699999999999996,0
2024-12-09 23:00:00,25.93,23.63,24.78,18.2,87.02,0.04,100.73,4.07,33.4,5.86,32.7,1.79,2.3000000000000007,0
2024-12-10 00:00:00,25.92,23.61,24.76,18.2,87.01,0.05,100.66,3.97,31.8,5.71,31.3,1.7399999999999998,2.3100000000000023,0
2024-12-10 01:00:00,25.87,23.55,24.71,18.14,86.92,0.11,100.59,3.93,30.1,5.63,29.7,1.6999999999999997,2.3200000000000003,1
2024-12-10 02:00:00,25.82,23.48,24.65,18.08,86.85,0.23,100.53,3.87,27.9,5.51,27.6,1.6399999999999997,2.34,1
2024-12-10 03:00:00,25.81,23.45,24.63,18.04,86.71,0.19,100.53,3.84,25.0,5.42,24.6,1.58,2.3599999999999994,1
2024-12-10 04:00:00,25.84,23.42,24.63,18.0,86.39,0.2,100.56,3.87,22.0,5.49,21.6,1.62,2.419999999999998,1
2024-12-10 05:00:00,25.89,23.41,24.65,17.98,86.08,0.15,100.61,3.95,19.2,5.63,19.0,1.6799999999999997,2.4800000000000004,1
2024-12-10 06:00:00,26.23,23.59,24.91,18.17,85.32,0.19,100.69,4.09,17.8,5.85,17.7,1.7599999999999998,2.6400000000000006,1
2024-12-10 07:00:00,26.97,23.74,25.35,18.3,82.33,0.07,100.78,4.53,18.1,5.76,18.1,1.2299999999999995,3.2300000000000004,0
2024-12-10 08:00:00,27.52,23.59,25.56,18.14,79.08,0.16,100.84,5.01,17.1,6.02,17.2,1.0099999999999998,3.9299999999999997,1
2024-12-10 09:00:00,27.95,23.42,25.68,17.95,76.31,0.07,100.83,5.54,14.8,6.57,15.1,1.0300000000000002,4.529999999999998,0
2024-12-10 10:00:00,28.21,23.4,25.81,17.95,75.12,0.08,100.77,5.92,12.1,6.98,12.4,1.0600000000000005,4.810000000000002,0
2024-12-10 11:00:00,28.34,23.46,25.9,18.04,74.85,2.42,100.67,6.13,10.3,7.24,10.7,1.1100000000000003,4.879999999999999,1
2024-12-10 12:00:00,28.37,23.59,25.98,18.19,75.27,6.18,100.59,6.21,10.5,7.33,10.8,1.12,4.780000000000001,1
2024-12-10 13:00:00,28.31,23.71,26.01,18.33,76.05,8.07,100.51,6.32,12.0,7.49,12.2,1.17,4.599999999999998,1
2024-12-10 14:00:00,28.04,23.92,25.98,18.57,78.23,9.84,100.48,6.26,13.8,7.48,13.9,1.2200000000000006,4.119999999999997,1
2024-12-10 15:00:00,27.69,24.24,25.96,18.94,81.43,9.63,100.49,6.01,14.9,7.26,14.9,1.25,3.450000000000003,1
2024-12-10 16:00:00,27.27,24.48,25.88,19.21,84.67,10.04,100.54,5.67,14.7,7.2,14.5,1.5300000000000002,2.789999999999999,1
2024-12-10 17:00:00,26.85,24.56,25.7,19.28,87.15,8.89,100.6,5.47,13.9,7.3,13.5,1.83,2.2900000000000027,1
2024-12-10 18:00:00,26.7,24.64,25.67,19.36,88.35,9.45,100.68,5.45,14.0,7.33,13.7,1.88,2.0599999999999987,1
2024-12-10 19:00:00,26.62,24.72,25.67,19.44,89.2,5.79,100.76,5.33,15.0,7.26,14.8,1.9299999999999997,1.9000000000000021,1
2024-12-10 20:00:00,26.53,24.79,25.66,19.51,90.03,5.4,100.8,5.26,16.0,7.26,15.9,2.0,1.740000000000002,1
2024-12-10 21:00:00,26.46,24.82,25.64,19.54,90.55,5.81,100.81,5.25,17.5,7.31,17.8,2.0599999999999996,1.6400000000000006,1
2024-12-10 22:00:00,26.39,24.85,25.62,19.59,91.12,5.52,100.77,5.17,19.7,7.18,20.2,2.01,1.5399999999999991,1
2024-12-10 23:00:00,26.32,24.89,25.61,19.66,91.76,5.35,100.71,5.07,20.9,7.05,21.4,1.9799999999999995,1.4299999999999997,1
2024-12-11 00:00:00,26.26,24.92,25.59,19.71,92.25,5.09,100.63,5.1,21.6,7.04,22.2,1.9400000000000004,1.3399999999999999,1
2024-12-11 01:00:00,26.21,24.91,25.56,19.72,92.51,5.32,100.57,5.27,25.2,7.16,26.0,1.8900000000000006,1.3000000000000007,1
2024-12-11 02:00:00,26.15,24.86,25.51,19.66,92.52,7.17,100.53,5.43,28.5,7.32,29.4,1.8900000000000006,1.2899999999999991,1
2024-12-11 03:00:00,26.07,24.72,25.39,19.5,92.2,7.31,100.52,5.58,29.2,7.51,29.8,1.9299999999999997,1.3500000000000014,1
2024-12-11 04:00:00,25.99,24.57,25.28,19.31,91.78,8.79,100.55,5.67,28.6,7.65,29.0,1.9800000000000004,1.4199999999999982,1
2024-12-11 05:00:00,25.92,24.45,25.18,19.17,91.56,7.74,100.62,5.77,27.4,7.79,27.5,2.0200000000000005,1.4700000000000024,1
2024-12-11 06:00:00,26.06,24.51,25.29,19.22,91.11,10.17,100.7,5.97,25.9,7.76,26.1,1.79,1.5499999999999972,1
2024-12-11 07:00:00,26.46,24.75,25.61,19.48,90.27,12.04,100.8,6.21,25.2,7.56,25.2,1.3499999999999996,1.7100000000000009,1
2024-12-11 08:00:00,26.84,24.84,25.84,19.58,88.76,13.38,100.86,6.42,25.6,7.63,25.6,1.21,2.0,1
2024-12-11 09:00:00,27.15,24.65,25.9,19.33,86.05,11.42,100.84,6.75,27.5,7.99,27.6,1.2400000000000002,2.5,1
2024-12-11 10:00:00,27.42,24.4,25.91,19.06,83.48,8.63,100.78,7.01,29.3,8.24,29.5,1.2300000000000004,3.020000000000003,1
2024-12-11 11:00:00,27.67,24.17,25.92,18.83,81.2,1.45,100.67,7.24,30.4,8.47,30.7,1.2300000000000004,3.5,1
2024-12-11 12:00:00,27.8,24.07,25.93,18.72,80.03,2.49,100.56,7.5,30.6,8.77,31.0,1.2699999999999996,3.7300000000000004,1
2024-12-11 13:00:00,27.82,24.02,25.92,18.69,79.73,3.49,100.46,7.78,30.7,9.1,31.0,1.3199999999999994,3.8000000000000007,1
2024-12-11 14:00:00,27.72,23.95,25.83,18.62,79.85,4.08,100.4,7.69,29.9,9.05,30.2,1.3600000000000003,3.7699999999999996,1
2024-12-11 15:00:00,27.42,23.92,25.67,18.59,81.13,4.16,100.39,7.37,28.3,8.71,28.6,1.3400000000000007,3.5,1
2024-12-11 16:00:00,26.89,24.08,25.49,18.77,84.51,3.19,100.41,6.59,25.4,7.96,25.4,1.37,2.8100000000000023,1
2024-12-11 17:00:00,26.23,24.22,25.22,18.92,88.6,3.06,100.47,5.59,20.9,7.36,20.2,1.7700000000000005,2.0100000000000016,1
2024-12-11 18:00:00,25.98,24.37,25.17,19.07,90.69,3.27,100.54,5.29,15.1,7.13,14.3,1.8399999999999999,1.6099999999999994,1
2024-12-11 19:00:00,25.97,24.52,25.24,19.24,91.59,5.9,100.59,5.3,9.1,7.17,8.5,1.87,1.4499999999999993,1
2024-12-11 20:00:00,26.03,24.64,25.34,19.38,91.95,14.83,100.62,5.56,6.4,7.56,6.2,2.0,1.3900000000000006,1
2024-12-11 21:00:00,26.1,24.67,25.38,19.4,91.68,22.57,100.63,6.28,11.0,8.31,11.1,2.0300000000000002,1.4299999999999997,1
2024-12-11 22:00:00,26.02,24.52,25.27,19.24,91.35,21.9,100.63,6.6,15.8,8.62,15.3,2.0199999999999996,1.5,1
2024-12-11 23:00:00,25.82,24.3,25.06,19.0,91.25,32.11,100.57,6.34,13.1,8.27,11.9,1.9299999999999997,1.5199999999999996,1
2024-12-12 00:00:00,25.67,24.2,24.93,18.88,91.42,44.99,100.5,6.23,7.1,8.07,5.9,1.8399999999999999,1.4700000000000024,1
2024-12-12 01:00:00,25.67,24.23,24.95,18.93,91.59,44.6,100.41,6.24,0.0,8.03,359.0,1.7899999999999991,1.4400000000000013,1
2024-12-12 02:00:00,25.75,24.31,25.03,19.05,91.65,44.21,100.33,6.15,352.0,7.95,350.9,1.7999999999999998,1.4400000000000013,1
2024-12-12 03:00:00,25.87,24.44,25.15,19.21,91.72,46.68,100.29,6.33,342.2,8.17,340.9,1.8399999999999999,1.4299999999999997,1
2024-12-12 04:00:00,26.04,24.61,25.32,19.4,91.67,49.11,100.27,6.79,333.1,8.69,332.1,1.8999999999999995,1.4299999999999997,1
2024-12-12 05:00:00,26.19,24.81,25.5,19.64,91.96,55.72,100.25,7.24,324.7,9.11,324.5,1.8699999999999992,1.3800000000000026,1
2024-12-12 06:00:00,26.34,25.05,25.7,19.94,92.51,66.93,100.24,7.38,317.9,9.19,318.7,1.8099999999999996,1.2899999999999991,1
2024-12-12 07:00:00,26.58,25.41,25.99,20.38,93.21,61.86,100.25,6.76,315.2,8.12,317.3,1.3599999999999994,1.1699999999999982,1
2024-12-12 08:00:00,26.84,25.69,26.27,20.71,93.25,48.84,100.24,4.98,321.6,5.72,324.6,0.7399999999999993,1.1499999999999986,1
2024-12-12 09:00:00,27.03,25.79,26.41,20.84,92.77,41.15,100.22,2.35,344.2,2.55,353.5,0.19999999999999973,1.240000000000002,1
2024-12-12 10:00:00,27.24,25.76,26.5,20.81,91.49,30.84,100.2,2.51,109.8,3.42,115.1,0.9100000000000001,1.4799999999999969,1
2024-12-12 11:00:00,27.31,25.58,26.45,20.59,90.13,29.42,100.17,5.84,133.4,7.3,135.9,1.46,1.7300000000000004,1
2024-12-12 12:00:00,27.4,25.44,26.42,20.43,88.93,20.18,100.13,7.48,124.9,9.23,127.7,1.75,1.9599999999999973,1
2024-12-12 13:00:00,27.59,25.34,26.47,20.31,87.46,16.18,100.15,8.68,122.2,10.54,123.9,1.8599999999999994,2.25,1
2024-12-12 14:00:00,27.78,25.29,26.54,20.23,86.18,14.01,100.18,8.88,123.7,10.74,124.5,1.8599999999999994,2.490000000000002,1
2024-12-12 15:00:00,27.77,25.33,26.55,20.27,86.44,13.15,100.22,8.57,126.7,10.36,126.9,1.7899999999999991,2.4400000000000013,1
2024-12-12 16:00:00,27.42,25.44,26.43,20.4,88.84,12.37,100.28,8.09,125.5,9.96,124.9,1.870000000000001,1.9800000000000004,1
2024-12-12 17:00:00,26.82,25.37,26.1,20.31,91.69,13.1,100.36,7.4,117.3,9.53,116.1,2.129999999999999,1.4499999999999993,1
2024-12-12 18:00:00,26.58,25.38,25.98,20.29,92.98,13.91,100.45,7.35,108.7,9.43,108.1,2.08,1.1999999999999993,1
2024-12-12 19:00:00,26.52,25.37,25.95,20.27,93.32,14.89,100.55,7.49,102.4,9.59,102.2,2.0999999999999996,1.1499999999999986,1
2024-12-12 20:00:00,26.46,25.41,25.93,20.3,93.84,15.7,100.61,7.47,97.8,9.48,97.8,2.0100000000000007,1.0500000000000007,1
2024-12-12 21:00:00,26.45,25.42,25.93,20.31,93.96,16.89,100.63,7.43,95.4,9.44,95.5,2.01,1.0299999999999976,1
2024-12-12 22:00:00,26.39,25.4,25.9,20.3,94.22,15.9,100.61,7.08,95.9,9.03,96.0,1.9499999999999993,0.990000000000002,1
2024-12-12 23:00:00,26.31,25.35,25.83,20.24,94.36,14.89,100.57,6.48,97.1,8.38,97.3,1.9000000000000004,0.9599999999999973,1
2024-12-13 00:00:00,26.26,25.29,25.77,20.17,94.28,12.44,100.53,5.95,97.5,7.97,97.4,2.0199999999999996,0.9700000000000024,1
2024-12-13 01:00:00,26.25,25.25,25.75,20.13,94.11,10.35,100.49,5.72,96.0,7.68,96.0,1.96,1.0,1
2024-12-13 02:00:00,26.2,25.23,25.71,20.11,94.27,8.47,100.46,5.17,93.9,7.04,93.9,1.87,0.9699999999999989,1
2024-12-13 03:00:00,26.2,25.21,25.71,20.1,94.23,7.32,100.47,4.87,91.6,6.69,91.9,1.8200000000000003,0.9899999999999984,1
2024-12-13 04:00:00,26.23,25.22,25.72,20.1,94.1,6.06,100.5,4.64,91.0,6.41,91.4,1.7700000000000005,1.0100000000000016,1
2024-12-13 05:00:00,26.27,25.24,25.76,20.11,93.98,6.17,100.57,4.42,92.2,6.16,92.8,1.7400000000000002,1.0300000000000011,1
2024-12-13 06:00:00,26.5,25.4,25.95,20.27,93.53,8.95,100.67,4.52,95.1,5.98,95.5,1.4600000000000009,1.1000000000000014,1
2024-12-13 07:00:00,26.92,25.67,26.29,20.58,92.72,12.91,100.76,4.75,97.4,5.67,97.5,0.9199999999999999,1.25,1
2024-12-13 08:00:00,27.35,25.88,26.61,20.84,91.59,16.48,100.83,4.91,96.1,5.72,96.3,0.8099999999999996,1.4700000000000024,1
2024-12-13 09:00:00,27.83,25.87,26.85,20.84,89.05,17.93,100.82,5.27,92.7,6.13,92.9,0.8600000000000003,1.9599999999999973,1
2024-12-13 10:00:00,28.36,25.82,27.09,20.78,86.04,16.48,100.75,5.38,88.4,6.27,88.5,0.8899999999999997,2.539999999999999,1
2024-12-13 11:00:00,28.74,25.82,27.28,20.79,84.13,18.48,100.66,5.29,83.0,6.2,83.3,0.9100000000000001,2.919999999999998,1
2024-12-13 12:00:00,28.95,25.71,27.33,20.68,82.6,17.32,100.56,5.31,78.0,6.29,78.5,0.9800000000000004,3.2399999999999984,1
2024-12-13 13:00:00,28.89,25.59,27.24,20.56,82.34,17.31,100.47,5.28,73.1,6.32,73.5,1.04,3.3000000000000007,1
2024-12-13 14:00:00,28.66,25.59,27.12,20.55,83.36,16.49,100.42,5.19,68.9,6.22,69.3,1.0299999999999994,3.0700000000000003,1
2024-12-13 15:00:00,28.36,25.61,26.98,20.58,84.95,16.72,100.43,4.99,64.5,5.99,64.9,1.0,2.75,1
2024-12-13 16:00:00,27.87,25.68,26.77,20.65,87.76,16.13,100.49,4.46,59.2,5.57,59.6,1.1100000000000003,2.1900000000000013,1
2024-12-13 17:00:00,27.18,25.58,26.38,20.51,90.84,16.26,100.57,3.98,53.7,5.53,54.0,1.5500000000000003,1.6000000000000014,1
2024-12-13 18:00:00,26.84,25.47,26.15,20.36,92.11,16.05,100.69,4.14,49.8,5.79,50.1,1.6500000000000004,1.370000000000001,1
2024-12-13 19:00:00,26.68,25.35,26.01,20.18,92.27,17.29,100.8,4.52,48.8,6.35,49.2,1.83,1.3299999999999983,1
2024-12-13 20:00:00,26.58,25.22,25.9,20.01,92.12,16.22,100.89,4.96,50.4,6.85,50.9,1.8899999999999997,1.3599999999999994,1
2024-12-13 21:00:00,26.5,25.14,25.82,19.92,92.17,16.59,100.92,5.18,52.3,7.11,52.7,1.9300000000000006,1.3599999999999994,1
2024-12-13 22:00:00,26.39,25.1,25.74,19.87,92.51,16.89,100.89,5.27,51.5,7.16,51.7,1.8900000000000006,1.2899999999999991,1
2024-12-13 23:00:00,26.27,25.0,25.64,19.77,92.64,17.74,100.82,5.21,49.3,7.12,49.3,1.9100000000000001,1.2699999999999996,1
2024-12-14 00:00:00,26.14,24.87,25.51,19.63,92.62,17.3,100.73,5.24,47.5,7.16,47.4,1.92,1.2699999999999996,1
2024-12-14 01:00:00,26.03,24.71,25.37,19.45,92.32,17.08,100.67,5.2,46.6,7.14,46.6,1.9399999999999995,1.3200000000000003,1
2024-12-14 02:00:00,25.93,24.59,25.26,19.32,92.22,14.87,100.63,5.16,44.4,7.09,44.3,1.9299999999999997,1.3399999999999999,1
2024-12-14 03:00:00,25.88,24.52,25.2,19.23,92.08,12.46,100.64,5.14,40.2,7.05,40.1,1.9100000000000001,1.3599999999999994,1
2024-12-14 04:00:00,25.85,24.45,25.15,19.15,91.91,10.62,100.69,5.16,36.2,7.06,36.3,1.8999999999999995,1.4000000000000021,1
2024-12-14 05:00:00,25.84,24.4,25.12,19.08,91.71,10.5,100.77,5.23,33.7,7.17,33.9,1.9399999999999995,1.4400000000000013,1
2024-12-14 06:00:00,26.1,24.57,25.33,19.24,91.13,10.0,100.85,5.6,32.2,7.24,32.6,1.6400000000000006,1.5300000000000011,1
2024-12-14 07:00:00,26.58,24.84,25.71,19.55,90.07,9.51,100.94,6.02,32.3,7.18,32.9,1.1600000000000001,1.7399999999999984,1
2024-12-14 08:00:00,27.08,24.92,26.0,19.62,87.83,11.14,101.0,6.52,35.6,7.75,36.1,1.2300000000000004,2.1599999999999966,1
2024-12-14 09:00:00,27.58,24.79,26.18,19.46,84.6,12.92,100.99,7.16,39.2,8.51,39.8,1.3499999999999996,2.789999999999999,1
2024-12-14 10:00:00,28.04,24.64,26.34,19.31,81.67,11.64,100.92,7.56,41.3,8.94,42.0,1.38,3.3999999999999986,1
2024-12-14 11:00:00,28.28,24.61,26.45,19.29,80.37,22.75,100.82,7.7,41.9,9.12,42.5,1.419999999999999,3.6700000000000017,1
2024-12-14 12:00:00,28.22,24.57,26.39,19.29,80.57,19.53,100.72,7.73,41.6,9.22,42.1,1.4900000000000002,3.6499999999999986,1
2024-12-14 13:00:00,27.93,24.53,26.23,19.24,81.67,17.14,100.64,7.71,41.2,9.26,41.6,1.5499999999999998,3.3999999999999986,1
2024-12-14 14:00:00,27.64,24.45,26.05,19.16,82.7,13.09,100.61,7.45,40.7,9.0,41.0,1.5499999999999998,3.1900000000000013,1
2024-12-14 15:00:00,27.39,24.39,25.89,19.08,83.59,12.16,100.63,7.09,39.6,8.62,39.8,1.5299999999999994,3.0,1
2024-12-14 16:00:00,27.07,24.38,25.73,19.05,85.09,10.35,100.69,6.78,38.4,8.38,38.6,1.6000000000000005,2.6900000000000013,1
2024-12-14 17:00:00,26.43,24.15,25.29,18.78,87.19,6.16,100.77,6.5,38.3,8.63,38.4,2.130000000000001,2.280000000000001,1
2024-12-14 18:00:00,26.11,23.99,25.05,18.59,88.04,4.54,100.86,6.62,38.9,8.84,38.9,2.2199999999999998,2.120000000000001,1
2024-12-14 19:00:00,25.88,23.89,24.89,18.45,88.64,2.98,100.93,6.61,38.4,8.8,38.2,2.1900000000000004,1.9899999999999984,1
2024-12-14 20:00:00,25.71,23.78,24.75,18.33,89.0,2.3,100.97,6.62,36.8,8.8,36.6,2.1800000000000006,1.9299999999999997,1
2024-12-14 21:00:00,25.63,23.73,24.68,18.27,89.14,1.86,100.98,6.74,35.7,8.95,35.5,2.209999999999999,1.8999999999999986,1
2024-12-14 22:00:00,25.57,23.67,24.62,18.22,89.19,1.58,100.95,6.75,34.8,8.95,34.7,2.1999999999999993,1.8999999999999986,1
2024-12-14 23:00:00,25.49,23.63,24.56,18.17,89.33,1.26,100.91,6.56,35.1,8.74,35.1,2.1800000000000006,1.8599999999999994,1
2024-12-15 00:00:00,25.39,23.52,24.46,18.06,89.28,0.8,100.85,6.38,36.2,8.55,36.3,2.170000000000001,1.870000000000001,1
2024-12-15 01:00:00,25.25,23.39,24.32,17.93,89.33,0.72,100.8,6.19,37.4,8.36,37.4,2.169999999999999,1.8599999999999994,1
2024-12-15 02:00:00,25.12,23.23,24.17,17.77,89.2,0.49,100.76,6.0,36.7,8.17,36.4,2.17,1.8900000000000006,1
2024-12-15 03:00:00,24.99,22.98,23.98,17.49,88.49,0.34,100.75,5.67,34.6,7.92,34.2,2.25,2.009999999999998,1
2024-12-15 04:00:00,24.89,22.69,23.79,17.18,87.5,0.34,100.8,5.49,33.8,7.75,33.3,2.26,2.1999999999999993,1
2024-12-15 05:00:00,24.8,22.4,23.6,16.86,86.41,0.47,100.88,5.44,33.6,7.72,33.1,2.2799999999999994,2.400000000000002,1
2024-12-15 06:00:00,25.22,22.41,23.81,16.86,84.35,0.73,100.97,5.74,33.6,7.78,33.2,2.04,2.8099999999999987,1
2024-12-15 07:00:00,25.96,22.54,24.25,16.97,81.32,0.77,101.06,6.24,32.7,7.51,32.4,1.2699999999999996,3.4200000000000017,1
2024-12-15 08:00:00,26.53,22.32,24.43,16.75,77.67,0.85,101.12,6.81,31.5,8.04,31.6,1.2299999999999995,4.210000000000001,1
2024-12-15 09:00:00,26.99,22.1,24.54,16.51,74.52,0.64,101.11,7.32,29.9,8.57,30.1,1.25,4.889999999999997,1
2024-12-15 10:00:00,27.34,22.1,24.72,16.52,73.01,0.94,101.06,7.57,27.8,8.82,28.1,1.25,5.239999999999998,1
2024-12-15 11:00:00,27.59,22.15,24.87,16.59,72.19,0.47,100.97,7.74,26.4,9.02,26.8,1.2799999999999994,5.440000000000001,1
2024-12-15 12:00:00,27.76,22.24,25.0,16.69,71.83,0.73,100.87,7.85,25.2,9.17,25.7,1.3200000000000003,5.520000000000003,1
2024-12-15 13:00:00,27.7,22.31,25.01,16.79,72.44,1.15,100.78,7.83,24.3,9.23,24.9,1.4000000000000004,5.390000000000001,1
2024-12-15 14:00:00,27.5,22.45,24.98,16.93,73.87,0.78,100.73,7.5,22.6,8.92,23.1,1.42,5.050000000000001,1
2024-12-15 15:00:00,27.18,22.73,24.95,17.23,76.59,0.5,100.74,6.92,19.7,8.37,19.8,1.4499999999999993,4.449999999999999,1
2024-12-15 16:00:00,26.7,23.1,24.9,17.61,80.53,0.8,100.78,6.22,15.2,7.91,14.8,1.6900000000000004,3.599999999999998,1
2024-12-15 17:00:00,26.12,23.15,24.64,17.66,83.61,0.29,100.83,5.93,9.1,8.1,8.3,2.17,2.9700000000000024,1
2024-12-15 18:00:00,25.97,23.2,24.58,17.7,84.6,0.43,100.9,6.18,3.7,8.32,3.0,2.1400000000000006,2.7699999999999996,1
2024-12-15 19:00:00,25.9,23.32,24.61,17.82,85.57,0.58,100.96,6.37,359.7,8.48,359.3,2.1100000000000003,2.5799999999999983,1
2024-12-15 20:00:00,25.79,23.45,24.62,17.96,86.83,0.91,101.0,6.64,358.9,8.68,358.6,2.04,2.34,1
2024-12-15 21:00:00,25.65,23.64,24.65,18.17,88.56,1.52,100.99,6.65,359.9,8.58,359.7,1.9299999999999997,2.009999999999998,1
2024-12-15 22:00:00,25.57,23.83,24.7,18.38,89.96,2.27,100.94,6.67,0.4,8.54,0.3,1.8699999999999992,1.740000000000002,1
2024-12-15 23:00:00,25.56,23.99,24.77,18.57,90.88,3.02,100.88,6.75,1.4,8.62,1.5,1.8699999999999992,1.5700000000000003,1
2024-12-16 00:00:00,25.6,24.09,24.85,18.7,91.21,4.4,100.8,7.05,3.4,9.08,3.9,2.0300000000000002,1.5100000000000016,1
2024-12-16 01:00:00,25.66,24.19,24.92,18.83,91.44,4.72,100.72,7.24,5.9,9.25,6.6,2.01,1.4699999999999989,1
2024-12-16 02:00:00,25.71,24.26,24.99,18.93,91.59,4.69,100.66,7.27,6.8,9.34,7.8,2.0700000000000003,1.4499999999999993,1
2024-12-16 03:00:00,25.73,24.29,25.01,18.97,91.66,5.29,100.64,7.12,6.5,9.14,7.5,2.0200000000000005,1.4400000000000013,1
2024-12-16 04:00:00,25.7,24.23,24.96,18.89,91.48,6.56,100.69,7.02,7.0,9.07,8.0,2.0500000000000007,1.4699999999999989,1
2024-12-16 05:00:00,25.66,24.19,24.92,18.83,91.48,6.84,100.77,6.73,7.3,8.71,8.1,1.9800000000000004,1.4699999999999989,1
2024-12-16 06:00:00,25.77,24.26,25.02,18.88,91.21,6.44,100.86,6.63,6.9,8.45,7.7,1.8199999999999994,1.509999999999998,1
2024-12-16 07:00:00,26.11,24.49,25.3,19.13,90.66,5.78,100.97,6.83,6.6,8.2,7.3,1.3699999999999992,1.620000000000001,1
2024-12-16 08:00:00,26.48,24.62,25.55,19.27,89.39,4.96,101.01,7.35,7.3,8.68,8.2,1.33,1.8599999999999994,1
2024-12-16 09:00:00,26.79,24.53,25.66,19.17,87.3,3.77,100.99,8.09,8.6,9.6,9.7,1.5099999999999998,2.259999999999998,1
2024-12-16 10:00:00,27.1,24.43,25.76,19.07,85.22,3.22,100.92,8.56,11.0,10.17,12.2,1.6099999999999994,2.6700000000000017,1
2024-12-16 11:00:00,27.42,24.35,25.88,19.0,83.24,1.94,100.8,8.75,12.7,10.35,13.9,1.5999999999999996,3.0700000000000003,1
2024-12-16 12:00:00,27.56,24.29,25.92,18.95,82.25,2.27,100.68,8.65,13.6,10.23,14.7,1.58,3.2699999999999996,1
2024-12-16 13:00:00,27.38,24.29,25.83,18.97,83.13,2.47,100.59,8.38,14.4,9.95,15.2,1.5699999999999985,3.09,1
2024-12-16 14:00:00,27.12,24.31,25.71,19.01,84.56,2.85,100.56,7.93,13.6,9.42,14.1,1.4900000000000002,2.8100000000000023,1
2024-12-16 15:00:00,26.78,24.37,25.58,19.07,86.54,3.3,100.57,7.36,10.9,8.76,11.1,1.3999999999999995,2.41,1
2024-12-16 16:00:00,26.38,24.36,25.37,19.05,88.55,3.59,100.62,6.89,7.3,8.47,7.3,1.580000000000001,2.0199999999999996,1
2024-12-16 17:00:00,25.99,24.23,25.11,18.88,89.88,4.5,100.69,6.54,4.6,8.34,4.5,1.7999999999999998,1.759999999999998,1
2024-12-16 18:00:00,25.85,24.14,24.99,18.76,90.13,5.44,100.77,6.52,2.7,8.4,2.7,1.8800000000000008,1.7100000000000009,1
2024-12-16 19:00:00,25.8,24.02,24.91,18.61,89.75,6.02,100.85,6.59,1.6,8.5,1.5,1.9100000000000001,1.7800000000000011,1
2024-12-16 20:00:00,25.72,23.92,24.82,18.5,89.68,6.42,100.88,6.28,0.1,8.17,359.9,1.8899999999999997,1.7999999999999972,1
2024-12-16 21:00:00,25.64,23.83,24.74,18.4,89.62,7.46,100.87,5.96,358.7,7.83,358.3,1.87,1.8100000000000023,1
2024-12-16 22:00:00,25.56,23.73,24.64,18.3,89.53,8.0,100.84,5.76,356.8,7.6,356.7,1.8399999999999999,1.8299999999999983,1
2024-12-16 23:00:00,25.5,23.66,24.58,18.23,89.46,7.58,100.79,5.68,355.2,7.53,355.1,1.8500000000000005,1.8399999999999999,1
2024-12-17 00:00:00,25.43,23.62,24.52,18.19,89.59,6.84,100.73,5.82,353.7,7.66,353.6,1.8399999999999999,1.8099999999999987,1
2024-12-17 01:00:00,25.37,23.58,24.48,18.17,89.74,6.86,100.65,6.02,351.7,7.87,351.6,1.8500000000000005,1.7900000000000027,1
2024-12-17 02:00:00,25.33,23.53,24.43,18.12,89.66,7.92,100.6,6.19,348.7,8.06,348.6,1.87,1.7999999999999972,1
2024-12-17 03:00:00,25.31,23.44,24.38,18.03,89.31,8.82,100.58,6.28,346.0,8.16,345.7,1.88,1.8699999999999974,1
2024-12-17 04:00:00,25.26,23.34,24.3,17.91,89.0,8.71,100.6,6.34,344.3,8.2,343.7,1.8599999999999994,1.9200000000000017,1
2024-12-17 05:00:00,25.16,23.22,24.19,17.78,88.91,4.7,100.62,6.35,343.2,8.19,342.5,1.8399999999999999,1.9400000000000013,1
2024-12-17 06:00:00,25.16,23.19,24.17,17.74,88.76,4.19,100.67,6.41,342.9,8.05,342.2,1.6400000000000006,1.9699999999999989,1
2024-12-17 07:00:00,25.38,23.31,24.35,17.85,88.21,4.11,100.75,6.52,343.1,7.79,342.6,1.2700000000000005,2.0700000000000003,1
2024-12-17 08:00:00,25.49,23.28,24.39,17.81,87.5,3.69,100.82,6.78,342.3,7.98,341.8,1.2000000000000002,2.2099999999999973,1
2024-12-17 09:00:00,25.54,23.25,24.39,17.76,87.02,2.77,100.83,6.75,338.7,7.83,338.5,1.08,2.289999999999999,1
2024-12-17 10:00:00,25.45,23.21,24.33,17.73,87.29,1.68,100.78,6.6,331.6,7.63,331.3,1.0300000000000002,2.2399999999999984,1
2024-12-17 11:00:00,25.28,23.21,24.25,17.75,88.18,0.21,100.68,6.71,323.1,7.77,322.9,1.0599999999999996,2.0700000000000003,1
2024-12-17 12:00:00,25.23,23.27,24.25,17.84,88.79,0.21,100.56,7.03,317.1,8.14,317.1,1.1100000000000003,1.9600000000000009,1
2024-12-17 13:00:00,25.26,23.4,24.33,18.0,89.34,0.23,100.48,7.3,316.4,8.52,316.5,1.2199999999999998,1.860000000000003,1
2024-12-17 14:00:00,25.36,23.58,24.47,18.2,89.76,0.33,100.45,7.51,319.1,8.84,318.9,1.33,1.7800000000000011,1
2024-12-17 15:00:00,25.38,23.75,24.57,18.38,90.54,0.58,100.46,7.43,323.5,8.8,323.1,1.370000000000001,1.629999999999999,1
2024-12-17 16:00:00,25.4,23.86,24.63,18.49,91.02,0.98,100.52,7.09,328.6,8.6,327.8,1.5099999999999998,1.5399999999999991,1
2024-12-17 17:00:00,25.37,23.83,24.6,18.43,90.98,1.23,100.61,6.77,335.1,8.49,333.9,1.7200000000000006,1.5400000000000027,1
2024-12-17 18:00:00,25.4,23.8,24.6,18.39,90.72,1.33,100.72,6.36,341.8,8.11,340.6,1.7499999999999991,1.5999999999999979,1
2024-12-17 19:00:00,25.36,23.76,24.56,18.34,90.76,1.22,100.8,6.01,346.1,7.73,345.0,1.7200000000000006,1.5999999999999979,1
2024-12-17 20:00:00,25.23,23.65,24.44,18.2,90.8,1.02,100.83,5.74,347.8,7.44,346.5,1.7000000000000002,1.5800000000000018,1
2024-12-17 21:00:00,25.06,23.46,24.26,17.99,90.65,0.72,100.8,5.55,349.0,7.2,347.2,1.6500000000000004,1.5999999999999979,1
2024-12-17 22:00:00,24.88,23.23,24.05,17.75,90.39,0.39,100.76,5.49,349.7,7.14,347.6,1.6499999999999995,1.6499999999999986,1
2024-12-17 23:00:00,24.66,23.01,23.83,17.53,90.43,0.18,100.73,5.42,349.4,7.1,347.2,1.6799999999999997,1.6499999999999986,1
2024-12-18 00:00:00,24.44,22.87,23.65,17.4,90.9,0.1,100.67,5.53,346.9,7.21,344.8,1.6799999999999997,1.5700000000000003,0
2024-12-18 01:00:00,24.29,22.83,23.56,17.37,91.51,0.08,100.61,5.84,345.4,7.52,343.5,1.6799999999999997,1.4600000000000009,0
2024-12-18 02:00:00,24.24,22.89,23.57,17.43,92.06,0.06,100.57,6.11,346.7,7.78,345.2,1.67,1.3499999999999979,0
2024-12-18 03:00:00,24.24,22.94,23.59,17.49,92.38,0.04,100.57,6.03,347.6,7.68,346.1,1.6499999999999995,1.2999999999999972,0
2024-12-18 04:00:00,24.26,22.96,23.61,17.5,92.36,0.04,100.61,5.61,346.3,7.28,344.3,1.67,1.3000000000000007,0
2024-12-18 05:00:00,24.26,22.96,23.61,17.49,92.36,0.04,100.67,5.28,343.5,6.96,341.0,1.6799999999999997,1.3000000000000007,0
2024-12-18 06:00:00,24.49,23.07,23.78,17.59,91.67,0.05,100.74,5.49,341.2,6.9,339.4,1.4100000000000001,1.4199999999999982,0
2024-12-18 07:00:00,24.97,23.24,24.1,17.77,90.04,0.04,100.8,5.97,340.4,7.01,339.4,1.04,1.7300000000000004,0
2024-12-18 08:00:00,25.48,23.38,24.43,17.91,88.05,0.04,100.83,6.2,339.5,7.15,338.7,0.9500000000000002,2.1000000000000014,0
2024-12-18 09:00:00,25.95,23.57,24.76,18.12,86.59,0.03,100.79,6.2,337.8,7.05,337.1,0.8499999999999996,2.379999999999999,0
2024-12-18 10:00:00,26.36,23.74,25.05,18.34,85.47,0.03,100.72,6.21,335.1,7.05,334.6,0.8399999999999999,2.620000000000001,0
2024-12-18 11:00:00,26.68,23.91,25.29,18.53,84.64,0.0,100.6,6.26,331.3,7.1,330.8,0.8399999999999999,2.7699999999999996,0
2024-12-18 12:00:00,26.79,23.99,25.39,18.65,84.53,0.0,100.48,6.16,327.6,6.98,327.3,0.8200000000000003,2.8000000000000007,0
2024-12-18 13:00:00,26.82,24.0,25.41,18.68,84.43,0.0,100.38,5.8,324.6,6.6,324.4,0.7999999999999998,2.8200000000000003,0
2024-12-18 14:00:00,26.76,23.96,25.36,18.64,84.52,0.0,100.35,5.34,322.1,6.13,321.9,0.79,2.8000000000000007,0
2024-12-18 15:00:00,26.6,23.96,25.28,18.64,85.35,0.0,100.38,4.78,319.9,5.56,319.7,0.7799999999999994,2.6400000000000006,0
2024-12-18 16:00:00,26.34,24.08,25.21,18.75,87.23,0.01,100.45,3.86,319.0,4.78,318.0,0.9200000000000004,2.2600000000000016,0
2024-12-18 17:00:00,25.89,24.13,25.01,18.79,89.84,0.03,100.53,2.85,317.8,4.12,314.9,1.27,1.7600000000000016,0
2024-12-18 18:00:00,25.76,24.06,24.91,18.72,90.27,0.05,100.61,2.56,313.4,3.79,309.9,1.23,1.7000000000000028,0
2024-12-18 19:00:00,25.75,24.07,24.91,18.72,90.39,0.07,100.67,2.48,309.9,3.68,306.3,1.2000000000000002,1.6799999999999997,0
2024-12-18 20:00:00,25.72,24.13,24.92,18.77,90.81,0.07,100.7,2.52,305.3,3.82,302.1,1.2999999999999998,1.5899999999999999,0
2024-12-18 21:00:00,25.64,24.19,24.92,18.85,91.61,0.09,100.68,2.75,301.1,4.19,298.2,1.4400000000000004,1.4499999999999993,0
2024-12-18 22:00:00,25.59,24.35,24.97,19.05,92.79,0.08,100.62,3.02,298.1,4.57,295.6,1.5500000000000003,1.2399999999999984,0
2024-12-18 23:00:00,25.54,24.5,25.02,19.23,93.9,0.07,100.58,3.17,296.2,4.74,293.8,1.5700000000000003,1.0399999999999991,0
2024-12-19 00:00:00,25.49,24.5,24.99,19.24,94.18,0.06,100.53,3.23,297.7,4.8,295.2,1.5699999999999998,0.9899999999999984,0
2024-12-19 01:00:00,25.41,24.39,24.9,19.11,93.95,0.04,100.48,3.31,303.4,4.86,300.7,1.5500000000000003,1.0199999999999996,0
2024-12-19 02:00:00,25.3,24.28,24.79,18.99,93.97,0.02,100.47,3.34,311.0,4.9,308.2,1.5600000000000005,1.0199999999999996,0
2024-12-19 03:00:00,25.2,24.16,24.68,18.85,93.87,0.01,100.5,3.47,318.7,5.08,316.0,1.6099999999999999,1.0399999999999991,0
2024-12-19 04:00:00,25.07,24.03,24.55,18.69,93.86,0.01,100.56,3.48,322.0,5.05,318.9,1.5699999999999998,1.0399999999999991,0
2024-12-19 05:00:00,24.94,23.91,24.42,18.53,93.85,0.0,100.63,3.48,322.9,5.06,319.6,1.5799999999999996,1.0300000000000011,0
2024-12-19 06:00:00,25.52,24.09,24.81,18.72,91.68,0.0,100.73,3.91,323.2,5.07,320.8,1.1600000000000001,1.4299999999999997,0
2024-12-19 07:00:00,26.27,24.24,25.26,18.88,88.53,0.0,100.83,4.61,324.3,5.38,324.0,0.7699999999999996,2.030000000000001,0
2024-12-19 08:00:00,26.85,24.32,25.58,18.95,85.91,0.0,100.88,4.94,323.9,5.65,323.8,0.71,2.530000000000001,0
2024-12-19 09:00:00,27.38,24.4,25.89,19.05,83.69,0.0,100.85,5.01,321.8,5.7,321.7,0.6900000000000004,2.9800000000000004,0
2024-12-19 10:00:00,27.8,24.43,26.11,19.1,81.8,0.0,100.77,4.95,320.8,5.61,320.7,0.6600000000000001,3.370000000000001,0
2024-12-19 11:00:00,28.11,24.4,26.26,19.09,80.21,0.53,100.65,4.84,320.0,5.48,319.9,0.6400000000000006,3.710000000000001,1
2024-12-19 12:00:00,28.26,24.34,26.3,19.05,79.24,0.63,100.52,4.62,319.3,5.23,319.0,0.6100000000000003,3.9200000000000017,1
2024-12-19 13:00:00,28.31,24.26,26.29,18.98,78.64,0.64,100.42,4.23,318.5,4.8,318.2,0.5699999999999994,4.049999999999997,1
2024-12-19 14:00:00,28.25,24.17,26.21,18.88,78.46,0.84,100.36,3.81,318.7,4.36,318.3,0.5500000000000003,4.079999999999998,1
2024-12-19 15:00:00,28.02,24.11,26.07,18.82,79.28,0.76,100.37,3.4,319.3,3.96,318.8,0.56,3.91,1
2024-12-19 16:00:00,27.58,24.2,25.89,18.91,81.76,0.44,100.42,2.66,319.4,3.43,317.7,0.77,3.379999999999999,1
2024-12-19 17:00:00,26.7,24.18,25.44,18.86,85.93,0.12,100.49,1.91,314.6,2.81,311.7,0.9000000000000001,2.5199999999999996,1
2024-12-19 18:00:00,26.34,23.98,25.16,18.62,86.74,0.02,100.57,1.5,298.3,2.22,297.0,0.7200000000000002,2.3599999999999994,0
2024-12-19 19:00:00,26.23,23.86,25.04,18.47,86.68,0.01,100.66,1.29,273.1,1.86,275.2,0.5700000000000001,2.370000000000001,0
2024-12-19 20:00:00,26.21,23.86,25.04,18.45,86.75,0.0,100.72,1.21,243.0,1.63,248.8,0.41999999999999993,2.3500000000000014,0
2024-12-19 21:00:00,26.18,23.86,25.02,18.46,86.98,0.02,100.75,1.22,215.6,1.52,221.5,0.30000000000000004,2.3200000000000003,0
2024-12-19 22:00:00,25.95,23.89,24.92,18.5,88.32,0.07,100.72,1.6,200.1,2.0,204.9,0.3999999999999999,2.0599999999999987,0
2024-12-19 23:00:00,25.65,23.9,24.78,18.53,90.0,0.11,100.66,2.14,201.4,2.8,204.9,0.6599999999999997,1.75,1
2024-12-20 00:00:00,25.43,23.89,24.66,18.53,91.11,0.15,100.58,2.55,208.3,3.46,210.8,0.9100000000000001,1.5399999999999991,1
2024-12-20 01:00:00,25.32,23.89,24.61,18.56,91.77,0.28,100.49,2.6,213.9,3.53,215.5,0.9299999999999997,1.4299999999999997,1
2024-12-20 02:00:00,25.3,23.93,24.61,18.61,92.09,0.61,100.45,2.66,211.3,3.68,212.6,1.02,1.370000000000001,1
2024-12-20 03:00:00,25.29,24.05,24.67,18.74,92.77,0.77,100.43,2.83,205.3,4.06,206.5,1.2299999999999995,1.2399999999999984,1
2024-12-20 04:00:00,25.34,24.21,24.78,18.92,93.4,0.72,100.47,3.03,200.5,4.42,201.5,1.3900000000000001,1.129999999999999,1
2024-12-20 05:00:00,25.43,24.37,24.9,19.1,93.85,0.9,100.54,3.11,196.8,4.57,197.2,1.4600000000000004,1.0599999999999987,1
2024-12-20 06:00:00,25.99,24.73,25.36,19.49,92.71,0.73,100.65,3.28,193.7,4.51,194.0,1.23,1.259999999999998,1
2024-12-20 07:00:00,26.69,25.08,25.89,19.87,90.77,0.88,100.76,3.45,193.4,4.04,194.0,0.5899999999999999,1.610000000000003,1
2024-12-20 08:00:00,27.4,25.36,26.38,20.19,88.52,0.96,100.84,3.1,200.8,3.72,201.3,0.6200000000000001,2.039999999999999,1
2024-12-20 09:00:00,27.99,25.44,26.71,20.28,85.91,0.74,100.85,2.8,212.6,3.46,212.5,0.6600000000000001,2.549999999999997,1
2024-12-20 10:00:00,28.4,25.41,26.9,20.27,83.81,0.72,100.8,2.74,222.8,3.45,222.5,0.71,2.9899999999999984,1
2024-12-20 11:00:00,28.67,25.36,27.01,20.21,82.18,0.48,100.7,2.89,229.9,3.62,229.3,0.73,3.3100000000000023,1
2024-12-20 12:00:00,28.87,25.28,27.08,20.14,80.85,0.47,100.57,3.2,234.7,3.91,233.8,0.71,3.59,1
2024-12-20 13:00:00,28.95,25.19,27.07,20.05,80.03,0.42,100.46,3.45,237.8,4.15,236.8,0.7000000000000002,3.759999999999998,1
2024-12-20 14:00:00,28.77,25.06,26.92,19.91,80.26,0.43,100.4,3.63,238.3,4.34,237.3,0.71,3.710000000000001,1
2024-12-20 15:00:00,28.41,25.07,26.74,19.93,82.04,0.33,100.4,3.57,238.0,4.42,237.7,0.8500000000000001,3.34,1
2024-12-20 16:00:00,27.94,25.13,26.54,19.99,84.6,0.36,100.44,3.27,236.8,4.37,237.0,1.1,2.8100000000000023,1
2024-12-20 17:00:00,27.13,25.18,26.15,20.05,89.04,0.37,100.52,2.83,236.1,4.24,237.5,1.4100000000000001,1.9499999999999993,1
2024-12-20 18:00:00,26.8,25.18,25.99,20.01,90.68,0.55,100.61,2.73,236.4,4.12,238.5,1.3900000000000001,1.620000000000001,1
2024-12-20 19:00:00,26.66,25.23,25.94,20.06,91.74,0.75,100.7,2.58,237.7,3.86,239.9,1.2799999999999998,1.4299999999999997,1
2024-12-20 20:00:00,26.55,25.29,25.92,20.13,92.7,0.98,100.75,2.46,238.3,3.62,240.4,1.1600000000000001,1.2600000000000016,1
2024-12-20 21:00:00,26.44,25.33,25.89,20.17,93.48,1.01,100.74,2.4,237.4,3.47,239.1,1.0700000000000003,1.110000000000003,1
2024-12-20 22:00:00,26.37,25.32,25.85,20.18,93.87,0.91,100.7,2.38,235.1,3.38,236.6,1.0,1.0500000000000007,1
2024-12-20 23:00:00,26.33,25.31,25.82,20.17,94.0,0.84,100.65,2.38,231.5,3.3,232.5,0.9199999999999999,1.0199999999999996,1
2024-12-21 00:00:00,26.28,25.29,25.79,20.16,94.15,0.67,100.57,2.4,227.9,3.29,228.6,0.8900000000000001,0.990000000000002,1
2024-12-21 01:00:00,26.21,25.24,25.73,20.13,94.32,0.55,100.47,2.46,227.6,3.36,228.0,0.8999999999999999,0.9700000000000024,1
2024-12-21 02:00:00,26.16,25.21,25.68,20.11,94.44,0.43,100.4,2.48,231.2,3.38,231.1,0.8999999999999999,0.9499999999999993,1
2024-12-21 03:00:00,26.13,25.18,25.65,20.09,94.5,0.34,100.39,2.42,236.6,3.27,236.0,0.8500000000000001,0.9499999999999993,1
2024-12-21 04:00:00,26.11,25.19,25.65,20.09,94.65,0.29,100.43,2.38,242.1,3.16,240.8,0.7800000000000002,0.9199999999999982,1
2024-12-21 05:00:00,26.12,25.17,25.64,20.04,94.43,0.33,100.5,2.35,249.9,3.11,248.3,0.7599999999999998,0.9499999999999993,1
2024-12-21 06:00:00,26.49,25.39,25.94,20.28,93.58,0.43,100.61,2.26,263.1,3.02,260.9,0.7600000000000002,1.0999999999999979,1
2024-12-21 07:00:00,27.37,25.86,26.61,20.83,91.35,0.62,100.72,2.47,279.8,2.98,278.3,0.5099999999999998,1.5100000000000016,1
2024-12-21 08:00:00,27.78,25.82,26.8,20.78,89.04,0.76,100.79,2.68,295.9,3.05,294.8,0.36999999999999966,1.9600000000000009,1
2024-12-21 09:00:00,28.17,25.79,26.98,20.73,86.82,0.7,100.79,2.64,311.2,2.93,310.2,0.29000000000000004,2.3800000000000026,1
2024-12-21 10:00:00,28.64,25.64,27.14,20.56,83.76,0.64,100.74,2.58,324.8,2.86,324.3,0.2799999999999998,3.0,1
2024-12-21 11:00:00,28.97,25.52,27.24,20.43,81.59,2.04,100.65,2.54,329.5,2.81,329.4,0.27,3.4499999999999993,1
2024-12-21 12:00:00,29.12,25.43,27.27,20.33,80.42,1.67,100.55,2.47,327.7,2.72,327.8,0.25,3.6900000000000013,1
2024-12-21 13:00:00,29.17,25.26,27.21,20.14,79.38,1.51,100.47,2.33,322.8,2.56,323.1,0.22999999999999998,3.91,1
2024-12-21 14:00:00,29.1,25.11,27.1,19.97,79.01,1.65,100.44,2.26,318.8,2.5,319.1,0.2400000000000002,3.990000000000002,1
2024-12-21 15:00:00,28.87,25.07,26.97,19.92,79.89,1.94,100.47,2.11,315.6,2.45,316.0,0.3400000000000003,3.8000000000000007,1
2024-12-21 16:00:00,28.45,25.11,26.78,19.96,82.07,1.81,100.51,1.79,313.0,2.26,313.7,0.46999999999999975,3.34,1
2024-12-21 17:00:00,27.56,25.0,26.28,19.82,85.89,1.9,100.57,1.46,313.3,2.06,314.8,0.6000000000000001,2.5599999999999987,1
2024-12-21 18:00:00,27.21,24.74,25.98,19.49,86.29,1.45,100.65,1.34,321.3,1.9,322.3,0.5599999999999998,2.4700000000000024,1
2024-12-21 19:00:00,27.02,24.63,25.83,19.34,86.67,0.8,100.74,1.28,337.4,1.82,337.1,0.54,2.3900000000000006,1
2024-12-21 20:00:00,26.84,24.54,25.69,19.23,87.14,0.5,100.8,1.27,354.6,1.79,353.0,0.52,2.3000000000000007,1
2024-12-21 21:00:00,26.67,24.48,25.57,19.14,87.62,0.5,100.81,1.23,7.5,1.73,4.7,0.5,2.1900000000000013,1
2024-12-21 22:00:00,26.48,24.42,25.45,19.09,88.35,0.54,100.77,1.23,15.1,1.71,11.4,0.48,2.0599999999999987,1
2024-12-21 23:00:00,26.29,24.39,25.34,19.07,89.21,1.02,100.72,1.28,20.1,1.77,16.8,0.49,1.8999999999999986,1
2024-12-22 00:00:00,26.12,24.37,25.24,19.06,90.01,1.55,100.67,1.38,21.2,1.89,18.1,0.51,1.75,1
2024-12-22 01:00:00,25.98,24.38,25.18,19.07,90.74,2.17,100.6,1.49,21.7,2.01,19.4,0.5199999999999998,1.6000000000000014,1
2024-12-22 02:00:00,25.85,24.38,25.11,19.1,91.55,2.42,100.56,1.65,20.2,2.26,18.0,0.6099999999999999,1.4700000000000024,1
2024-12-22 03:00:00,25.73,24.4,25.07,19.11,92.26,2.41,100.56,1.88,17.7,2.59,16.1,0.71,1.3300000000000018,1
2024-12-22 04:00:00,25.67,24.36,25.01,19.06,92.37,2.47,100.59,2.04,15.7,2.78,14.1,0.7399999999999998,1.3100000000000023,1
2024-12-22 05:00:00,25.6,24.31,24.95,18.99,92.47,5.03,100.64,2.16,15.3,2.91,13.3,0.75,1.2900000000000027,1
2024-12-22 06:00:00,26.04,24.62,25.33,19.34,91.8,5.09,100.72,2.2,16.6,2.95,14.5,0.75,1.4199999999999982,1
2024-12-22 07:00:00,26.64,24.72,25.68,19.43,89.1,4.81,100.82,2.56,16.3,2.88,15.5,0.31999999999999984,1.9200000000000017,1
2024-12-22 08:00:00,27.12,24.69,25.9,19.37,86.41,3.45,100.88,2.74,15.3,3.01,14.8,0.2699999999999996,2.4299999999999997,1
2024-12-22 09:00:00,27.68,24.65,26.17,19.33,83.47,2.31,100.9,3.12,12.2,3.42,12.3,0.2999999999999998,3.030000000000001,1
2024-12-22 10:00:00,28.12,24.65,26.39,19.34,81.37,1.5,100.86,3.74,8.6,4.11,9.0,0.3700000000000001,3.4700000000000024,1
2024-12-22 11:00:00,28.31,24.64,26.48,19.34,80.41,0.38,100.78,4.37,6.8,4.83,7.4,0.45999999999999996,3.669999999999998,1
2024-12-22 12:00:00,28.34,24.55,26.45,19.26,79.86,0.18,100.68,4.89,6.5,5.42,7.1,0.5300000000000002,3.789999999999999,1
2024-12-22 13:00:00,28.22,24.43,26.32,19.14,79.86,0.12,100.6,5.22,8.1,5.86,8.8,0.6400000000000006,3.789999999999999,1
2024-12-22 14:00:00,28.04,24.34,26.19,19.04,80.25,0.09,100.55,5.48,12.0,6.23,12.5,0.75,3.6999999999999993,0
2024-12-22 15:00:00,27.74,24.32,26.03,19.02,81.58,0.05,100.56,5.52,17.1,6.45,17.2,0.9300000000000006,3.419999999999998,0
2024-12-22 16:00:00,27.27,24.45,25.86,19.16,84.51,0.1,100.6,5.09,21.3,6.29,21.1,1.2000000000000002,2.8200000000000003,0
2024-12-22 17:00:00,26.61,24.5,25.55,19.21,88.13,0.23,100.67,4.34,24.5,6.04,23.4,1.7000000000000002,2.1099999999999994,1
2024-12-22 18:00:00,26.31,24.47,25.39,19.15,89.5,0.43,100.75,4.07,26.7,5.77,25.1,1.6999999999999993,1.8399999999999999,1
2024-12-22 19:00:00,26.12,24.44,25.28,19.1,90.34,0.67,100.82,3.87,27.9,5.5,26.1,1.63,1.6799999999999997,1
2024-12-22 20:00:00,25.97,24.39,25.18,19.05,90.95,0.62,100.87,3.69,29.3,5.27,27.9,1.5799999999999996,1.5799999999999983,1
2024-12-22 21:00:00,25.84,24.36,25.1,19.01,91.47,0.62,100.88,3.58,30.9,5.11,29.7,1.5300000000000002,1.4800000000000004,1
2024-12-22 22:00:00,25.67,24.3,24.98,18.94,92.02,0.39,100.84,3.56,30.7,5.07,29.4,1.5100000000000002,1.370000000000001,1
2024-12-22 23:00:00,25.55,24.22,24.88,18.88,92.35,0.36,100.79,3.54,29.1,5.03,27.5,1.4900000000000002,1.3300000000000018,1
2024-12-23 00:00:00,25.45,24.11,24.78,18.75,92.2,0.27,100.72,3.48,25.0,4.92,23.3,1.44,1.3399999999999999,1
2024-12-23 01:00:00,25.36,23.97,24.66,18.61,91.94,0.32,100.65,3.43,19.2,4.84,17.4,1.4099999999999997,1.3900000000000006,1
2024-12-23 02:00:00,25.27,23.87,24.57,18.49,91.81,0.4,100.61,3.4,12.4,4.8,10.6,1.4,1.3999999999999986,1
2024-12-23 03:00:00,25.19,23.77,24.48,18.39,91.76,0.31,100.62,3.43,7.2,4.84,5.7,1.4099999999999997,1.4200000000000017,1
2024-12-23 04:00:00,25.09,23.67,24.38,18.27,91.76,0.24,100.67,3.45,4.3,4.85,3.0,1.3999999999999995,1.4199999999999982,1
2024-12-23 05:00:00,25.01,23.6,24.3,18.16,91.72,0.15,100.74,3.48,2.3,4.87,1.2,1.3900000000000001,1.4100000000000001,1
2024-12-23 06:00:00,25.66,23.85,24.75,18.43,89.61,0.17,100.82,3.73,0.2,4.93,359.4,1.1999999999999997,1.8099999999999987,1
2024-12-23 07:00:00,26.49,23.89,25.19,18.47,85.57,0.16,100.9,4.45,358.7,5.13,358.4,0.6799999999999997,2.599999999999998,1
2024-12-23 08:00:00,27.03,23.88,25.46,18.44,82.81,0.09,100.96,4.63,357.8,5.21,357.8,0.5800000000000001,3.150000000000002,0
2024-12-23 09:00:00,27.56,23.96,25.76,18.53,80.67,0.04,100.96,4.6,357.0,5.12,357.3,0.5200000000000005,3.599999999999998,0
2024-12-23 10:00:00,27.95,24.05,26.0,18.63,79.23,0.01,100.9,4.53,355.6,5.01,356.1,0.47999999999999954,3.8999999999999986,0
2024-12-23 11:00:00,28.18,24.01,26.1,18.61,78.01,0.0,100.81,4.44,353.3,4.89,354.0,0.4499999999999993,4.169999999999998,0
2024-12-23 12:00:00,28.31,23.88,26.1,18.5,76.89,0.0,100.69,4.33,350.7,4.75,351.5,0.41999999999999993,4.43,0
2024-12-23 13:00:00,28.28,23.74,26.01,18.35,76.33,0.0,100.59,4.19,347.6,4.6,348.3,0.40999999999999925,4.540000000000003,0
2024-12-23 14:00:00,28.08,23.62,25.85,18.24,76.72,0.0,100.53,4.05,344.5,4.49,345.2,0.4400000000000004,4.459999999999997,0
2024-12-23 15:00:00,27.77,23.59,25.68,18.2,77.95,0.0,100.53,3.82,343.1,4.35,343.6,0.5299999999999998,4.18,0
2024-12-23 16:00:00,27.27,23.7,25.49,18.31,80.77,0.0,100.57,3.3,344.4,4.16,344.1,0.8600000000000003,3.5700000000000003,0
2024-12-23 17:00:00,26.38,23.71,25.05,18.31,85.16,0.0,100.63,2.78,348.6,4.04,347.4,1.2600000000000002,2.669999999999998,0
2024-12-23 18:00:00,26.02,23.56,24.79,18.13,86.2,0.0,100.7,2.74,354.4,4.03,352.4,1.29,2.460000000000001,0
2024-12-23 19:00:00,25.85,23.49,24.67,18.04,86.71,0.0,100.77,2.75,359.0,4.01,356.6,1.2599999999999998,2.360000000000003,0
2024-12-23 20:00:00,25.71,23.44,24.58,17.99,87.23,0.0,100.81,2.72,3.4,3.89,1.0,1.17,2.2699999999999996,0
2024-12-23 21:00:00,25.55,23.41,24.48,17.94,87.82,0.0,100.82,2.65,8.3,3.69,5.6,1.04,2.1400000000000006,0
2024-12-23 22:00:00,25.38,23.36,24.37,17.89,88.45,0.0,100.8,2.56,10.3,3.49,7.6,0.9300000000000002,2.0199999999999996,0
2024-12-23 23:00:00,25.24,23.29,24.26,17.82,88.81,0.0,100.76,2.54,8.4,3.44,5.5,0.8999999999999999,1.9499999999999993,0
2024-12-24 00:00:00,25.12,23.2,24.16,17.74,89.01,0.0,100.71,2.59,2.2,3.51,359.3,0.9199999999999999,1.9200000000000017,0
2024-12-24 01:00:00,25.03,23.11,24.07,17.66,89.03,0.0,100.65,2.72,354.5,3.71,351.8,0.9899999999999998,1.9200000000000017,0
2024-12-24 02:00:00,24.97,23.05,24.01,17.59,88.96,0.0,100.6,2.98,348.6,4.08,346.2,1.1,1.9199999999999982,0
2024-12-24 03:00:00,24.98,22.99,23.98,17.54,88.66,0.0,100.61,3.23,345.3,4.42,343.2,1.19,1.990000000000002,0
2024-12-24 04:00:00,24.9,22.93,23.92,17.46,88.72,0.0,100.65,3.4,343.6,4.62,341.4,1.2200000000000002,1.9699999999999989,0
2024-12-24 05:00:00,24.79,22.89,23.84,17.41,89.11,0.03,100.72,3.52,342.0,4.77,339.9,1.2499999999999996,1.8999999999999986,0
2024-12-24 06:00:00,25.48,23.29,24.38,17.81,87.54,0.06,100.8,3.54,340.3,4.79,338.3,1.25,2.1900000000000013,0
2024-12-24 07:00:00,26.53,23.44,24.99,17.97,83.08,0.17,100.9,4.12,337.7,4.76,336.7,0.6399999999999997,3.09,1
2024-12-24 08:00:00,27.14,23.46,25.3,17.97,80.2,0.14,100.96,4.21,333.8,4.72,333.2,0.5099999999999998,3.6799999999999997,1
2024-12-24 09:00:00,27.65,23.48,25.57,18.0,77.97,0.02,100.96,4.22,328.6,4.69,328.2,0.47000000000000064,4.169999999999998,0
2024-12-24 10:00:00,28.06,23.36,25.71,17.88,75.59,0.01,100.9,4.33,323.0,4.79,322.6,0.45999999999999996,4.699999999999999,0
2024-12-24 11:00:00,28.31,23.24,25.77,17.77,73.97,0.0,100.81,4.41,316.6,4.87,316.3,0.45999999999999996,5.07,0
2024-12-24 12:00:00,28.42,23.12,25.77,17.65,72.93,0.0,100.7,4.4,309.8,4.86,309.5,0.45999999999999996,5.300000000000001,0
2024-12-24 13:00:00,28.39,22.99,25.69,17.52,72.46,0.0,100.61,4.27,303.2,4.73,303.0,0.46000000000000085,5.400000000000002,0
2024-12-24 14:00:00,28.22,22.86,25.54,17.4,72.65,0.0,100.57,4.02,298.3,4.51,298.2,0.4900000000000002,5.359999999999999,0
2024-12-24 15:00:00,27.92,22.77,25.35,17.3,73.52,0.0,100.57,3.56,294.9,4.12,294.8,0.56,5.150000000000002,0
2024-12-24 16:00:00,27.42,22.75,25.08,17.27,75.6,0.0,100.62,2.78,292.0,3.59,292.3,0.81,4.670000000000002,0
2024-12-24 17:00:00,26.39,22.6,24.49,17.11,79.63,0.0,100.69,2.08,288.5,2.96,289.7,0.8799999999999999,3.789999999999999,0
2024-12-24 18:00:00,26.11,22.08,24.1,16.55,78.41,0.0,100.78,1.7,285.0,2.34,286.7,0.6399999999999999,4.030000000000001,0
2024-12-24 19:00:00,26.14,21.73,23.93,16.18,76.61,0.0,100.87,1.26,277.7,1.7,280.5,0.43999999999999995,4.41,0
2024-12-24 20:00:00,26.1,21.48,23.79,15.92,75.6,0.0,100.92,0.89,259.7,1.19,264.7,0.29999999999999993,4.620000000000001,0
2024-12-24 21:00:00,25.91,21.3,23.6,15.75,75.66,0.0,100.93,0.85,232.2,1.08,238.7,0.2300000000000001,4.609999999999999,0
2024-12-24 22:00:00,25.72,21.22,23.47,15.67,76.1,0.0,100.89,1.09,216.8,1.33,221.3,0.24,4.5,0
2024-12-24 23:00:00,25.45,21.18,23.32,15.65,77.19,0.0,100.83,1.36,212.4,1.67,215.5,0.30999999999999983,4.27,0
2024-12-25 00:00:00,25.19,21.18,23.18,15.66,78.38,0.0,100.76,1.53,212.8,1.89,215.3,0.3599999999999999,4.010000000000002,0
2024-12-25 01:00:00,25.02,21.13,23.08,15.63,78.97,0.0,100.69,1.54,216.3,1.9,218.0,0.3599999999999999,3.8900000000000006,0
2024-12-25 02:00:00,24.91,21.12,23.01,15.63,79.47,0.0,100.66,1.5,215.0,1.86,216.3,0.3600000000000001,3.789999999999999,0
2024-12-25 03:00:00,24.78,21.16,22.97,15.66,80.24,0.0,100.66,1.46,207.3,1.82,208.3,0.3600000000000001,3.620000000000001,0
2024-12-25 04:00:00,24.62,21.21,22.92,15.7,81.26,0.0,100.72,1.46,198.8,1.85,199.6,0.3900000000000001,3.41,0
2024-12-25 05:00:00,24.42,21.28,22.85,15.76,82.62,0.0,100.8,1.52,194.1,1.98,195.0,0.45999999999999996,3.1400000000000006,0
2024-12-25 06:00:00,24.97,21.83,23.4,16.27,82.58,0.02,100.89,1.55,194.6,2.09,195.8,0.5399999999999998,3.1400000000000006,0
2024-12-25 07:00:00,25.99,22.22,24.1,16.65,79.61,0.1,100.99,1.73,201.1,1.87,204.6,0.14000000000000012,3.7699999999999996,0
2024-12-25 08:00:00,27.25,22.55,24.9,16.99,75.45,0.06,101.05,1.57,232.8,1.74,235.8,0.16999999999999993,4.699999999999999,0
2024-12-25 09:00:00,27.99,22.88,25.43,17.33,73.69,0.08,101.05,1.73,258.3,1.9,259.1,0.16999999999999993,5.109999999999999,0
2024-12-25 10:00:00,28.4,23.09,25.75,17.56,72.86,0.09,100.99,2.06,275.6,2.23,275.1,0.16999999999999993,5.309999999999999,0
2024-12-25 11:00:00,28.62,23.25,25.93,17.76,72.67,0.07,100.9,2.38,283.9,2.55,283.2,0.16999999999999993,5.370000000000001,0
2024-12-25 12:00:00,28.7,23.33,26.02,17.87,72.71,0.04,100.8,2.63,288.2,2.81,287.4,0.18000000000000016,5.370000000000001,0
2024-12-25 13:00:00,28.65,23.38,26.02,17.94,73.13,0.03,100.7,2.85,290.3,3.05,289.7,0.19999999999999973,5.27,0
2024-12-25 14:00:00,28.45,23.4,25.93,17.96,74.03,0.01,100.65,2.95,292.5,3.22,292.1,0.27,5.050000000000001,0
2024-12-25 15:00:00,28.15,23.39,25.77,17.95,75.29,0.0,100.65,2.88,297.5,3.23,297.4,0.3500000000000001,4.759999999999998,0
2024-12-25 16:00:00,27.69,23.44,25.57,18.02,77.68,0.0,100.7,2.41,305.2,3.06,305.1,0.6499999999999999,4.25,0
2024-12-25 17:00:00,26.75,23.39,25.07,17.95,81.82,0.0,100.78,1.96,314.0,2.81,313.4,0.8500000000000001,3.3599999999999994,0
2024-12-25 18:00:00,26.37,23.12,24.74,17.62,82.23,0.0,100.88,1.75,323.9,2.49,322.2,0.7400000000000002,3.25,0
2024-12-25 19:00:00,26.28,22.91,24.6,17.37,81.59,0.0,100.97,1.46,335.7,2.02,333.2,0.56,3.370000000000001,0
2024-12-25 20:00:00,26.28,22.74,24.51,17.19,80.81,0.0,101.04,1.24,352.1,1.65,348.5,0.4099999999999999,3.5400000000000027,0
2024-12-25 21:00:00,26.18,22.67,24.42,17.11,80.93,0.0,101.06,1.25,6.0,1.62,1.1,0.3700000000000001,3.509999999999998,0
2024-12-25 22:00:00,26.02,22.65,24.34,17.09,81.58,0.0,101.03,1.37,10.9,1.76,6.2,0.3899999999999999,3.370000000000001,0
2024-12-25 23:00:00,25.82,22.71,24.27,17.17,82.89,0.0,100.98,1.58,10.2,2.02,6.2,0.43999999999999995,3.1099999999999994,0
2024-12-26 00:00:00,25.6,22.84,24.22,17.31,84.6,0.0,100.92,1.87,6.4,2.42,3.3,0.5499999999999998,2.7600000000000016,0
2024-12-26 01:00:00,25.4,23.0,24.2,17.5,86.49,0.0,100.85,2.21,3.6,2.9,0.8,0.69,2.3999999999999986,0
2024-12-26 02:00:00,25.32,23.17,24.24,17.7,87.84,0.0,100.81,2.39,1.2,3.14,358.5,0.75,2.1499999999999986,0
2024-12-26 03:00:00,25.23,23.26,24.24,17.8,88.82,0.0,100.82,2.41,356.9,3.15,354.5,0.7399999999999998,1.9699999999999989,0
2024-12-26 04:00:00,25.13,23.3,24.21,17.84,89.59,0.02,100.87,2.47,349.7,3.19,347.5,0.7199999999999998,1.8299999999999983,0
2024-12-26 05:00:00,25.05,23.3,24.17,17.82,89.99,0.04,100.95,2.58,342.6,3.29,340.6,0.71,1.75,0
2024-12-26 06:00:00,25.77,23.74,24.76,18.28,88.5,0.05,101.04,2.57,337.6,3.24,335.7,0.6700000000000004,2.030000000000001,0
2024-12-26 07:00:00,26.75,23.9,25.33,18.43,84.3,0.09,101.15,2.95,333.9,3.35,333.1,0.3999999999999999,2.8500000000000014,0
2024-12-26 08:00:00,27.42,23.97,25.69,18.51,81.45,0.12,101.21,3.21,333.8,3.53,333.2,0.31999999999999984,3.450000000000003,1
2024-12-26 09:00:00,27.91,24.09,26.0,18.62,79.62,0.19,101.22,3.49,335.4,3.79,335.3,0.2999999999999998,3.8200000000000003,1
2024-12-26 10:00:00,28.35,24.21,26.28,18.76,78.14,0.19,101.17,3.77,338.3,4.08,338.6,0.31000000000000005,4.140000000000001,1
2024-12-26 11:00:00,28.66,24.24,26.45,18.83,76.96,0.17,101.07,3.98,342.4,4.29,342.9,0.31000000000000005,4.420000000000002,1
2024-12-26 12:00:00,28.84,24.24,26.54,18.85,76.14,0.11,100.95,4.04,348.1,4.37,348.9,0.33000000000000007,4.600000000000001,1
2024-12-26 13:00:00,28.9,24.18,26.54,18.8,75.6,0.05,100.84,4.04,356.5,4.38,357.4,0.33999999999999986,4.719999999999999,0
2024-12-26 14:00:00,28.82,24.12,26.47,18.74,75.66,0.02,100.77,4.11,6.8,4.52,7.9,0.40999999999999925,4.699999999999999,0
2024-12-26 15:00:00,28.61,24.14,26.38,18.76,76.66,0.01,100.76,4.21,18.0,4.81,18.9,0.5999999999999996,4.469999999999999,0
2024-12-26 16:00:00,28.14,24.32,26.23,18.96,79.65,0.01,100.8,4.08,28.4,5.22,29.3,1.1399999999999997,3.8200000000000003,0
2024-12-26 17:00:00,27.2,24.35,25.77,18.99,84.33,0.01,100.87,3.94,37.5,5.75,38.4,1.81,2.849999999999998,0
2024-12-26 18:00:00,26.79,24.2,25.49,18.81,85.64,0.01,100.95,4.28,46.0,6.3,47.0,2.0199999999999996,2.59,0
2024-12-26 19:00:00,26.53,24.17,25.35,18.75,86.76,0.03,101.03,4.58,53.7,6.62,54.8,2.04,2.3599999999999994,0
2024-12-26 20:00:00,26.24,24.15,25.2,18.74,88.25,0.15,101.08,4.69,61.4,6.68,62.4,1.9899999999999993,2.09,1
2024-12-26 21:00:00,25.93,24.2,25.07,18.78,90.09,0.48,101.1,4.64,68.8,6.61,69.8,1.9700000000000006,1.7300000000000004,1
2024-12-26 22:00:00,25.61,24.23,24.92,18.81,91.94,0.9,101.08,4.53,75.2,6.5,76.3,1.9699999999999998,1.379999999999999,1
2024-12-26 23:00:00,25.28,24.18,24.73,18.78,93.58,0.98,101.05,4.41,80.5,6.32,81.4,1.9100000000000001,1.1000000000000014,1
2024-12-27 00:00:00,24.96,24.07,24.52,18.65,94.68,0.72,100.99,4.27,84.0,6.07,84.8,1.8000000000000007,0.8900000000000006,1
2024-12-27 01:00:00,24.71,23.88,24.3,18.45,95.04,0.42,100.94,4.15,86.0,5.79,86.7,1.6399999999999997,0.8300000000000018,1
2024-12-27 02:00:00,24.5,23.7,24.1,18.26,95.24,0.28,100.92,3.99,88.3,5.42,88.7,1.4299999999999997,0.8000000000000007,1
2024-12-27 03:00:00,24.36,23.56,23.96,18.11,95.26,0.1,100.92,3.77,89.8,5.0,90.1,1.23,0.8000000000000007,0
2024-12-27 04:00:00,24.3,23.46,23.88,17.98,94.97,0.06,100.97,3.54,88.5,4.61,88.8,1.0700000000000003,0.8399999999999999,0
2024-12-27 05:00:00,24.35,23.41,23.88,17.93,94.48,0.02,101.03,3.35,85.7,4.32,85.8,0.9700000000000002,0.9400000000000013,0
2024-12-27 06:00:00,25.28,23.83,24.56,18.36,91.57,0.01,101.1,3.27,83.5,4.13,83.6,0.8599999999999999,1.4500000000000028,0
2024-12-27 07:00:00,26.42,24.18,25.3,18.75,87.47,0.02,101.2,3.53,82.4,3.97,82.0,0.4400000000000004,2.240000000000002,0
2024-12-27 08:00:00,27.4,24.38,25.89,18.97,83.58,0.07,101.25,3.83,76.1,4.34,76.4,0.5099999999999998,3.0199999999999996,0
2024-12-27 09:00:00,28.24,24.47,26.35,19.06,79.95,0.25,101.25,4.26,68.8,4.83,69.7,0.5700000000000003,3.7699999999999996,1
2024-12-27 10:00:00,28.84,24.55,26.7,19.16,77.58,0.59,101.2,4.66,62.5,5.32,63.8,0.6600000000000001,4.289999999999999,1
2024-12-27 11:00:00,29.25,24.62,26.93,19.26,76.08,12.02,101.1,5.13,56.8,5.88,58.2,0.75,4.629999999999999,1
2024-12-27 12:00:00,29.29,24.76,27.02,19.45,76.55,14.68,100.99,5.72,52.4,6.63,53.8,0.9100000000000001,4.529999999999998,1
2024-12-27 13:00:00,29.15,24.87,27.01,19.6,77.69,15.32,100.89,6.46,50.3,7.54,51.5,1.08,4.279999999999998,1
2024-12-27 14:00:00,28.74,24.94,26.84,19.68,79.83,13.83,100.84,7.04,49.4,8.33,50.3,1.29,3.799999999999997,1
2024-12-27 15:00:00,28.18,24.95,26.57,19.68,82.48,11.98,100.85,7.36,49.3,8.79,49.8,1.4299999999999988,3.2300000000000004,1
2024-12-27 16:00:00,27.5,24.89,26.2,19.62,85.62,11.76,100.91,7.31,49.4,8.93,49.9,1.62,2.6099999999999994,1
2024-12-27 17:00:00,26.77,24.58,25.68,19.24,87.72,9.16,101.0,7.07,50.9,9.13,51.2,2.0600000000000005,2.1900000000000013,1
2024-12-27 18:00:00,26.39,24.34,25.37,18.94,88.4,5.59,101.09,6.9,52.0,9.03,52.1,2.129999999999999,2.0500000000000007,1
2024-12-27 19:00:00,26.21,24.16,25.18,18.73,88.44,2.99,101.17,6.58,52.0,8.72,51.9,2.1400000000000006,2.0500000000000007,1
2024-12-27 20:00:00,26.08,24.02,25.05,18.56,88.35,1.6,101.21,6.43,52.2,8.61,52.0,2.1799999999999997,2.0599999999999987,1
2024-12-27 21:00:00,25.97,23.91,24.94,18.43,88.31,0.79,101.21,6.46,53.4,8.67,53.2,2.21,2.0599999999999987,1
2024-12-27 22:00:00,25.85,23.83,24.84,18.34,88.49,0.43,101.17,6.47,55.8,8.73,55.7,2.2600000000000007,2.020000000000003,1
2024-12-27 23:00:00,25.79,23.75,24.77,18.27,88.43,0.22,101.13,6.56,57.8,8.84,57.8,2.2800000000000002,2.039999999999999,1
2024-12-28 00:00:00,25.71,23.68,24.7,18.2,88.45,0.16,101.06,6.54,58.5,8.79,58.5,2.249999999999999,2.030000000000001,1
2024-12-28 01:00:00,25.6,23.59,24.6,18.11,88.53,0.15,100.99,6.48,57.3,8.74,57.4,2.26,2.0100000000000016,1
2024-12-28 02:00:00,25.48,23.51,24.49,18.04,88.78,0.25,100.94,6.29,55.3,8.52,55.5,2.2299999999999995,1.9699999999999989,1
2024-12-28 03:00:00,25.36,23.46,24.41,17.98,89.12,0.3,100.94,5.98,53.4,8.21,53.4,2.2300000000000004,1.8999999999999986,1
2024-12-28 04:00:00,25.28,23.41,24.35,17.91,89.23,0.33,100.97,5.8,50.4,8.01,50.4,2.21,1.870000000000001,1
2024-12-28 05:00:00,25.28,23.34,24.31,17.84,88.94,0.33,101.04,5.77,47.6,8.04,47.8,2.2699999999999996,1.9400000000000013,1
2024-12-28 06:00:00,25.71,23.48,24.6,17.97,87.41,0.35,101.13,5.96,47.0,7.74,47.1,1.7800000000000002,2.2300000000000004,1
2024-12-28 07:00:00,26.45,23.63,25.04,18.11,84.39,0.51,101.22,6.18,46.7,7.25,46.8,1.0700000000000003,2.8200000000000003,1
2024-12-28 08:00:00,27.04,23.2,25.12,17.63,79.41,0.61,101.27,6.52,46.9,7.59,47.3,1.0700000000000003,3.84,1
2024-12-28 09:00:00,27.61,22.95,25.28,17.38,75.71,1.12,101.25,6.82,47.9,7.85,48.3,1.0299999999999994,4.66,1
2024-12-28 10:00:00,27.99,22.92,25.45,17.35,73.88,0.93,101.2,6.96,48.6,7.99,49.1,1.0300000000000002,5.069999999999997,1
2024-12-28 11:00:00,28.25,22.84,25.55,17.28,72.41,0.38,101.1,6.96,48.6,7.98,49.3,1.0200000000000005,5.41,1
2024-12-28 12:00:00,28.39,22.76,25.58,17.21,71.47,0.35,101.0,6.84,48.7,7.85,49.5,1.0099999999999998,5.629999999999999,1
2024-12-28 13:00:00,28.33,22.64,25.49,17.1,71.19,0.29,100.9,6.69,48.5,7.71,49.4,1.0199999999999996,5.689999999999998,1
2024-12-28 14:00:00,28.08,22.56,25.32,17.04,71.94,0.29,100.84,6.37,47.4,7.42,48.3,1.0499999999999998,5.52,1
2024-12-28 15:00:00,27.75,22.68,25.21,17.17,73.88,0.16,100.82,5.98,45.5,7.11,46.2,1.13,5.07,1
2024-12-28 16:00:00,27.19,23.04,25.11,17.53,77.95,0.11,100.85,5.44,43.3,6.92,43.7,1.4799999999999995,4.150000000000002,1
2024-12-28 17:00:00,26.27,23.13,24.7,17.63,82.8,0.22,100.92,4.89,41.9,6.95,42.1,2.0600000000000005,3.1400000000000006,1
2024-12-28 18:00:00,25.89,23.13,24.51,17.61,84.65,0.32,100.99,4.84,40.9,6.94,40.7,2.1000000000000005,2.7600000000000016,1
2024-12-28 19:00:00,25.73,23.16,24.44,17.63,85.62,0.37,101.07,4.8,40.3,6.88,40.1,2.08,2.5700000000000003,1
2024-12-28 20:00:00,25.64,23.19,24.42,17.65,86.23,0.32,101.14,4.76,42.7,6.82,42.5,2.0600000000000005,2.4499999999999993,1
2024-12-28 21:00:00,25.6,23.26,24.43,17.73,86.86,0.22,101.18,4.81,45.2,6.91,44.7,2.1000000000000005,2.34,1
2024-12-28 22:00:00,25.54,23.31,24.42,17.78,87.4,0.3,101.16,4.79,44.8,6.89,44.2,2.0999999999999996,2.2300000000000004,1
2024-12-28 23:00:00,25.42,23.33,24.38,17.79,88.03,0.54,101.11,4.81,44.0,6.91,43.4,2.1000000000000005,2.0900000000000034,1
2024-12-29 00:00:00,25.32,23.32,24.32,17.81,88.59,0.62,101.04,4.85,42.8,6.96,42.3,2.1100000000000003,2.0,1
2024-12-29 01:00:00,25.21,23.3,24.26,17.81,89.09,0.36,100.95,4.94,40.8,7.08,40.1,2.1399999999999997,1.9100000000000001,1
2024-12-29 02:00:00,25.1,23.2,24.15,17.7,89.08,0.34,100.89,4.91,35.5,7.03,34.4,2.12,1.9000000000000021,1
2024-12-29 03:00:00,25.01,23.01,24.01,17.5,88.54,0.51,100.88,4.86,28.9,6.95,28.1,2.09,2.0,1
2024-12-29 04:00:00,24.99,22.8,23.89,17.28,87.58,0.61,100.92,4.84,25.6,6.88,25.2,2.04,2.1899999999999977,1
2024-12-29 05:00:00,25.02,22.63,23.83,17.08,86.5,0.62,101.01,4.85,22.8,6.91,22.4,2.0600000000000005,2.3900000000000006,1
2024-12-29 06:00:00,25.85,22.97,24.41,17.41,83.99,0.71,101.1,5.09,18.3,6.98,18.0,1.8900000000000006,2.8800000000000026,1
2024-12-29 07:00:00,26.95,23.28,25.12,17.74,80.25,1.24,101.18,5.72,14.0,6.8,14.0,1.08,3.669999999999998,1
2024-12-29 08:00:00,27.67,23.14,25.4,17.57,76.24,2.29,101.22,6.34,12.7,7.43,13.0,1.0899999999999999,4.530000000000001,1
2024-12-29 09:00:00,28.17,23.14,25.65,17.57,74.03,1.9,101.19,6.67,13.4,7.69,14.0,1.0200000000000005,5.030000000000001,1
2024-12-29 10:00:00,28.49,23.39,25.94,17.88,73.89,2.99,101.13,6.73,15.3,7.7,16.0,0.9699999999999998,5.099999999999998,1
2024-12-29 11:00:00,28.65,23.68,26.17,18.2,74.42,2.14,101.03,6.73,16.1,7.68,16.9,0.9499999999999993,4.969999999999999,1
2024-12-29 12:00:00,28.7,23.91,26.3,18.48,75.25,1.58,100.92,6.76,15.7,7.7,16.5,0.9400000000000004,4.789999999999999,1
2024-12-29 13:00:00,28.6,24.05,26.32,18.65,76.29,1.2,100.8,6.84,14.6,7.83,15.3,0.9900000000000002,4.550000000000001,1
2024-12-29 14:00:00,28.32,24.06,26.19,18.68,77.61,0.94,100.73,6.84,13.4,7.93,13.8,1.0899999999999999,4.260000000000002,1
2024-12-29 15:00:00,27.86,24.1,25.98,18.73,79.92,0.5,100.72,6.79,11.9,8.05,11.8,1.2600000000000007,3.759999999999998,1
2024-12-29 16:00:00,27.36,24.22,25.79,18.86,82.89,0.41,100.76,6.61,9.7,8.11,9.1,1.4999999999999991,3.1400000000000006,1
2024-12-29 17:00:00,26.82,24.27,25.55,18.9,85.8,0.33,100.83,6.55,6.9,8.45,5.9,1.8999999999999995,2.5500000000000007,1
2024-12-29 18:00:00,26.58,24.32,25.45,18.95,87.31,0.54,100.9,6.9,3.9,8.86,2.9,1.959999999999999,2.259999999999998,1
2024-12-29 19:00:00,26.5,24.46,25.48,19.1,88.47,1.17,100.97,7.32,0.9,9.28,0.1,1.959999999999999,2.039999999999999,1
2024-12-29 20:00:00,26.42,24.66,25.54,19.33,89.98,2.02,101.01,7.94,359.0,9.89,358.5,1.9500000000000002,1.7600000000000016,1
2024-12-29 21:00:00,26.4,24.9,25.65,19.61,91.36,3.03,101.0,8.32,0.8,10.32,0.7,2.0,1.5,1
2024-12-29 22:00:00,26.47,25.14,25.8,19.9,92.28,3.62,100.97,8.46,6.4,10.49,6.9,2.0299999999999994,1.3299999999999983,1
2024-12-29 23:00:00,26.59,25.35,25.97,20.16,92.77,3.98,100.92,8.35,15.0,10.39,16.0,2.040000000000001,1.2399999999999984,1
2024-12-30 00:00:00,26.61,25.4,26.01,20.24,92.94,3.39,100.83,8.02,22.5,10.1,23.9,2.08,1.2100000000000009,1
2024-12-30 01:00:00,26.47,25.29,25.88,20.14,93.16,3.05,100.73,7.55,29.2,9.56,31.0,2.0100000000000007,1.1799999999999997,1
2024-12-30 02:00:00,26.32,25.18,25.75,20.01,93.34,3.42,100.67,6.84,35.2,8.81,37.3,1.9700000000000006,1.1400000000000006,1
2024-12-30 03:00:00,26.26,25.05,25.65,19.85,92.93,3.83,100.68,6.3,41.2,8.26,43.4,1.96,1.2100000000000009,1
2024-12-30 04:00:00,26.2,24.92,25.56,19.69,92.57,3.25,100.73,5.82,47.0,7.81,49.2,1.9899999999999993,1.2799999999999976,1
2024-12-30 05:00:00,26.12,24.83,25.48,19.56,92.47,2.87,100.81,5.42,50.3,7.47,52.5,2.05,1.2900000000000027,1
2024-12-30 06:00:00,26.39,24.97,25.68,19.71,91.79,2.78,100.91,5.32,52.2,6.92,53.6,1.5999999999999996,1.4200000000000017,1
2024-12-30 07:00:00,26.94,25.2,26.07,19.96,90.08,2.73,101.01,5.49,54.3,6.47,55.2,0.9799999999999995,1.740000000000002,1
2024-12-30 08:00:00,27.42,25.19,26.3,19.93,87.52,2.37,101.1,5.65,54.3,6.61,55.0,0.96,2.2300000000000004,1
2024-12-30 09:00:00,27.93,25.07,26.5,19.79,84.39,2.03,101.13,5.77,53.5,6.73,54.4,0.9600000000000009,2.8599999999999994,1
2024-12-30 10:00:00,28.43,24.94,26.68,19.63,81.29,2.88,101.1,5.92,53.4,6.89,54.4,0.9699999999999998,3.4899999999999984,1
2024-12-30 11:00:00,28.76,24.9,26.83,19.6,79.56,5.53,101.01,6.19,52.9,7.24,53.9,1.0499999999999998,3.860000000000003,1
2024-12-30 12:00:00,28.74,25.0,26.87,19.75,80.17,6.86,100.9,6.45,51.9,7.59,52.7,1.1399999999999997,3.7399999999999984,1
2024-12-30 13:00:00,28.51,25.19,26.85,19.99,82.13,9.61,100.79,6.72,50.8,7.96,51.5,1.2400000000000002,3.3200000000000003,1
2024-12-30 14:00:00,28.19,25.34,26.77,20.2,84.48,7.01,100.72,6.76,50.6,8.04,51.2,1.2799999999999994,2.8500000000000014,1
2024-12-30 15:00:00,27.82,25.49,26.65,20.36,86.98,6.31,100.7,6.49,49.2,7.73,49.6,1.2400000000000002,2.330000000000002,1
2024-12-30 16:00:00,27.39,25.54,26.46,20.42,89.51,7.92,100.76,6.01,46.6,7.4,46.9,1.3900000000000006,1.8500000000000014,1
2024-12-30 17:00:00,26.92,25.41,26.16,20.24,91.29,11.51,100.86,5.77,41.8,7.56,41.6,1.79,1.5100000000000016,1
2024-12-30 18:00:00,26.77,25.35,26.06,20.16,91.83,13.17,100.96,6.12,36.8,7.99,36.4,1.87,1.4199999999999982,1
2024-12-30 19:00:00,26.73,25.33,26.03,20.13,91.99,13.22,101.04,6.53,34.2,8.4,34.1,1.87,1.4000000000000021,1
2024-12-30 20:00:00,26.72,25.41,26.06,20.21,92.44,14.55,101.08,6.94,34.1,8.86,34.1,1.919999999999999,1.3099999999999987,1
2024-12-30 21:00:00,26.69,25.46,26.08,20.26,92.81,13.81,101.06,7.41,35.2,9.46,35.8,2.0500000000000007,1.2300000000000004,1
2024-12-30 22:00:00,26.67,25.38,26.02,20.19,92.54,11.07,101.0,8.27,39.9,10.52,41.3,2.25,1.2900000000000027,1
2024-12-30 23:00:00,26.56,25.37,25.96,20.18,93.03,11.39,100.92,8.12,44.3,10.26,45.5,2.1400000000000006,1.1899999999999977,1
2024-12-31 00:00:00,26.49,25.3,25.89,20.12,93.07,12.39,100.85,7.88,48.2,10.01,49.8,2.13,1.1899999999999977,1
2024-12-31 01:00:00,26.4,25.24,25.82,20.06,93.24,13.77,100.79,7.48,52.2,9.58,53.8,2.0999999999999996,1.1600000000000001,1
2024-12-31 02:00:00,26.32,25.16,25.74,19.98,93.28,15.42,100.76,6.85,54.4,8.86,55.8,2.01,1.1600000000000001,1
2024-12-31 03:00:00,26.23,25.1,25.66,19.89,93.37,14.65,100.77,6.35,54.2,8.38,55.5,2.030000000000001,1.129999999999999,1
2024-12-31 04:00:00,26.21,24.94,25.58,19.7,92.64,13.68,100.81,6.25,53.3,8.34,54.4,2.09,1.2699999999999996,1
2024-12-31 05:00:00,26.13,24.84,25.49,19.57,92.54,12.39,100.89,6.12,51.6,8.2,52.9,2.079999999999999,1.2899999999999991,1
2024-12-31 06:00:00,26.32,24.99,25.65,19.71,92.24,11.28,100.98,6.27,51.7,7.98,52.6,1.7100000000000009,1.3300000000000018,1
2024-12-31 07:00:00,26.85,25.21,26.03,19.97,90.66,10.7,101.08,6.64,52.5,7.93,53.4,1.29,1.6400000000000006,1
2024-12-31 08:00:00,27.38,25.08,26.23,19.79,87.15,11.11,101.14,7.42,54.8,8.86,55.6,1.4399999999999995,2.3000000000000007,1
2024-12-31 09:00:00,27.9,24.72,26.31,19.36,82.72,11.45,101.13,8.07,57.3,9.61,57.9,1.5399999999999991,3.1799999999999997,1
2024-12-31 10:00:00,28.37,24.44,26.4,19.06,79.21,10.43,101.07,8.45,57.9,10.04,58.6,1.5899999999999999,3.9299999999999997,1
2024-12-31 11:00:00,28.65,24.37,26.51,19.0,77.61,30.49,100.97,8.67,57.0,10.29,57.6,1.6199999999999992,4.279999999999998,1
2024-12-31 12:00:00,28.7,24.43,26.57,19.08,77.63,28.5,100.86,8.78,55.4,10.4,56.1,1.620000000000001,4.27,1
2024-12-31 13:00:00,28.6,24.46,26.53,19.13,78.2,30.4,100.76,8.82,53.7,10.48,54.4,1.6600000000000001,4.140000000000001,1
2024-12-31 14:00:00,28.41,24.46,26.43,19.15,79.1,22.53,100.7,8.66,51.8,10.35,52.4,1.6899999999999995,3.9499999999999993,1
2024-12-31 15:00:00,28.08,24.52,26.3,19.21,80.89,20.13,100.7,8.3,49.8,9.98,50.3,1.6799999999999997,3.5599999999999987,1
2024-12-31 16:00:00,27.52,24.7,26.11,19.41,84.48,20.67,100.76,7.71,47.4,9.51,47.7,1.7999999999999998,2.8200000000000003,1
2024-12-31 17:00:00,26.84,24.73,25.79,19.44,88.13,17.9,100.85,7.33,44.9,9.51,45.1,2.1799999999999997,2.1099999999999994,1
2024-12-31 18:00:00,26.56,24.72,25.64,19.39,89.46,18.03,100.95,7.32,42.9,9.48,43.1,2.16,1.8399999999999999,1
2024-12-31 19:00:00,26.42,24.74,25.58,19.41,90.37,14.75,101.04,7.09,41.7,9.23,41.9,2.1400000000000006,1.6800000000000033,1
2024-12-31 20:00:00,26.34,24.68,25.51,19.32,90.43,12.63,101.1,7.27,41.7,9.45,41.9,2.1799999999999997,1.6600000000000001,1
2024-12-31 21:00:00,26.24,24.52,25.38,19.14,90.12,11.47,101.08,7.5,42.3,9.7,42.5,2.1999999999999993,1.7199999999999989,1
2024-12-31 22:00:00,26.12,24.32,25.22,18.92,89.68,9.94,101.03,7.56,43.6,9.77,43.7,2.21,1.8000000000000007,1
2024-12-31 23:00:00,25.98,24.14,25.06,18.74,89.52,9.02,100.96,7.48,45.5,9.69,45.8,2.209999999999999,1.8399999999999999,1
