time,noise level,WindSpeed at 80m,Wind Direction,power out,Rotor Speed,pitch angle
1/1/2022 0:00,49.51062174,7,182.9935177,328.8928,14.9159,-1.911
1/1/2022 0:00,49.20022876,7,182.9943615,308.4538,14.5667,-1.911
1/1/2022 0:00,49.34329718,6,182.9939351,316.0567,14.7018,-1.911
1/1/2022 0:00,49.8611528,6,182.9970617,327.1899,14.8452,-1.911
1/1/2022 0:00,49.35105377,6,183.0059972,324.3875,14.8459,-1.911
1/1/2022 0:00,49.08170239,6,182.9960313,304.1194,14.5113,-1.911
1/1/2022 0:01,48.46601348,7,182.993642,292.7512,14.3372,-1.911
1/1/2022 0:01,48.28902072,6,182.9930202,266.7216,13.8969,-1.911
1/1/2022 0:01,48.66034915,6,183.0007922,267.9073,13.9025,-1.911
1/1/2022 0:01,49.07224373,6,182.9956494,297.0053,14.3536,-1.911
1/1/2022 0:01,49.27663642,6,182.9912171,314.0802,14.6752,-1.911
1/1/2022 0:01,49.33173009,6,183.0043896,285.9248,14.2362,-1.911
1/1/2022 0:02,49.51031927,5,182.9990158,270.5312,13.971,-1.911
1/1/2022 0:02,48.68185667,6,182.9989625,247.9603,13.5802,-1.911
1/1/2022 0:02,47.50704963,6,182.9948589,205.6454,12.7783,-1.911
1/1/2022 0:02,46.60545005,5,183.0011031,177.5633,12.1388,-1.911
1/1/2022 0:02,45.76506165,5,182.9920965,165.736,11.8568,-1.911
1/1/2022 0:02,46.01073074,6,182.9984473,167.7811,11.9024,-1.911
1/1/2022 0:03,45.50394915,5,182.9942194,165.1364,11.8493,-1.911
1/1/2022 0:03,45.49616562,5,183.0033326,159.1662,11.7037,-1.911
1/1/2022 0:03,45.72863205,6,183.0023022,157.7818,11.6583,-1.911
1/1/2022 0:03,45.31684051,6,182.9969729,156.0808,11.6472,-1.911
1/1/2022 0:03,44.47514573,5,182.9952053,124.2701,11.1968,-1.911
1/1/2022 0:03,44.98732731,6,182.9988648,129.8642,11.1512,-1.911
1/1/2022 0:04,45.11624588,6,183.0020358,168.6824,11.3183,-1.911
1/1/2022 0:04,45.52148563,7,182.9970528,185.5218,11.4972,-1.911
1/1/2022 0:04,45.753766,6,182.9989536,167.194,11.8133,-1.911
1/1/2022 0:04,45.5855582,6,182.9940151,164.7731,11.8303,-1.911
1/1/2022 0:04,45.64687807,6,183.0043451,161.2069,11.75,-1.911
1/1/2022 0:04,45.58880681,6,182.9999484,159.6274,11.7122,-1.911
1/1/2022 0:05,45.52986171,6,182.9958093,151.2788,11.5153,-1.911
1/1/2022 0:05,45.6928049,7,182.9948855,149.7317,11.4632,-1.911
1/1/2022 0:05,46.34406191,6,182.9973548,146.9013,11.3916,-1.911
1/1/2022 0:05,46.68362582,5,182.9976568,165.7568,11.8013,-1.911
1/1/2022 0:05,47.58333839,4,183.0030039,193.5038,12.4927,-1.911
1/1/2022 0:05,46.15493242,6,183.0161142,172.2833,12.0409,-1.911
1/1/2022 0:06,46.02483974,5,183.0104917,148.909,11.454,-1.911
1/1/2022 0:06,46.25853385,5,183.0066101,157.6555,11.6259,-1.911
1/1/2022 0:06,46.08541591,5,183.0108647,170.3558,11.9506,-1.911
1/1/2022 0:06,45.47782092,5,183.009186,167.8969,11.9205,-1.911
1/1/2022 0:06,44.84462842,5,183.0019558,147.2526,11.4574,-1.911
1/1/2022 0:06,44.3181404,4,183.0062015,105.0754,11.1062,-1.911
1/1/2022 0:07,44.40160241,4,183.0032882,88.6678,11.1067,-1.911
1/1/2022 0:07,44.41146957,4,183.0065302,93.7753,11.1174,-1.911
1/1/2022 0:07,44.3890432,4,183.0062992,85.3408,11.109,-1.8965
1/1/2022 0:07,44.24335843,4,183.0098166,62.6163,11.0987,-0.9004
1/1/2022 0:07,44.50263546,5,183.0066279,54.7712,11.1109,-0.846
1/1/2022 0:07,43.98197566,5,183.0056064,56.2531,11.1102,-0.846
1/1/2022 0:08,43.90686353,4,183.0027552,48.0677,11.1116,-0.846
1/1/2022 0:08,43.87401813,5,183.0030395,54.1959,11.1144,-0.846
1/1/2022 0:08,43.79844173,5,183.0017693,74.978,11.1119,-0.846
1/1/2022 0:08,44.13949596,5,183.0032437,58.875,11.1011,-0.846
1/1/2022 0:08,44.15593501,5,182.996733,61.4934,11.1157,-0.846
1/1/2022 0:08,44.21023567,5,183.0060683,51.4386,11.1036,-0.846
1/1/2022 0:09,44.38872167,4,182.9938108,43.3986,11.111,-0.846
1/1/2022 0:09,44.04357031,3,182.9971505,50.0516,11.1198,-0.846
1/1/2022 0:09,43.98995323,3,182.9994777,43.5045,11.1047,-0.846
1/1/2022 0:09,45.53151231,3,193.1042441,56.4801,11.102,-0.846
1/1/2022 0:09,44.14828111,3,193.6188496,30.3253,11.1006,-0.846
1/1/2022 0:09,43.71444592,3,198.6419671,8.7971,11.0915,-0.846
1/1/2022 0:10,44.50770877,5,198.5349366,109.8034,11.6096,-0.9082
1/1/2022 0:10,44.22866256,6,198.5419803,21.3318,11.0984,-0.905
1/1/2022 0:10,44.18274511,6,198.5442896,36.5268,11.1296,-0.905
1/1/2022 0:10,44.53973972,5,198.5416605,72.6818,11.1355,-0.905
1/1/2022 0:10,44.69191187,6,198.5420158,113.7398,11.1418,-0.905
1/1/2022 0:10,44.97190108,4,198.5425754,121.3797,11.1122,-0.905
1/1/2022 0:11,44.71558159,4,198.5218797,111.9579,11.1134,-0.905
1/1/2022 0:11,44.58481418,5,198.3379722,118.0007,11.1162,-1.7554
1/1/2022 0:11,44.66475195,5,198.1413009,121.2582,11.1116,-2.051
1/1/2022 0:11,44.89822153,5,198.1423757,102.5739,11.0981,-2.051
1/1/2022 0:11,44.5698765,5,198.1301892,77.6449,11.103,-2.051
1/1/2022 0:11,44.73788871,4,198.1043063,85.6585,11.1166,-2.051
1/1/2022 0:12,44.37604892,5,198.1054787,90.6937,11.1132,-1.8335
1/1/2022 0:12,44.39651255,4,198.0941982,96.2951,11.1172,-0.8857
1/1/2022 0:12,45.06012489,5,198.0972093,103.7968,11.1147,-0.886
1/1/2022 0:12,44.48681776,5,198.0931413,118.275,11.1166,-0.886
1/1/2022 0:12,44.23463662,5,198.0940384,91.1953,11.0856,-0.886
1/1/2022 0:12,44.35695115,6,198.0994921,87.8663,11.1195,-0.886
1/1/2022 0:13,43.92668831,5,198.0946957,70.2371,11.0885,-0.886
1/1/2022 0:13,44.27745993,5,198.0902812,96.9779,11.1329,-0.886
1/1/2022 0:13,44.58025119,5,198.0930169,115.5006,11.1097,-0.886
1/1/2022 0:13,44.84818494,5,198.0943581,140.0474,11.1458,-0.886
1/1/2022 0:13,44.83249545,5,198.0985683,129.2829,11.1005,-1.4195
1/1/2022 0:13,44.60028819,4,198.0935676,129.9349,11.1145,-2.06
1/1/2022 0:14,44.321001,4,198.0884425,121.1026,11.1032,-2.06
1/1/2022 0:14,45.28219473,4,198.0987371,112.5516,11.1068,-2.06
1/1/2022 0:14,44.65865588,4,198.0943848,70.8798,11.083,-2.06
1/1/2022 0:14,45.32641882,4,198.0920932,52.0515,11.1055,-2.06
1/1/2022 0:14,45.03622895,4,198.0832286,50.2748,11.1137,-2.06
1/1/2022 0:14,45.87442883,4,197.8653731,47.7843,11.1111,-0.9978
1/1/2022 0:15,45.81374979,5,197.8100277,50.3713,11.1101,-0.953
1/1/2022 0:15,46.46445227,5,197.8243992,41.6858,11.1113,-0.953
1/1/2022 0:15,46.34988602,5,197.8237686,47.234,11.118,-0.953
1/1/2022 0:15,46.16220496,5,197.8172312,75.534,11.1246,-0.953
1/1/2022 0:15,47.15694435,5,197.8144067,88.9224,11.1123,-0.953
1/1/2022 0:15,47.3712026,4,197.8098856,98.0389,11.1157,-0.953
1/1/2022 0:16,45.80834032,4,197.7290391,99.6913,11.1079,-0.953
1/1/2022 0:16,45.35196967,5,197.7274403,91.4785,11.1138,-0.953
1/1/2022 0:16,45.04883484,5,197.7647103,88.6917,11.1076,-0.953
1/1/2022 0:16,44.92628957,5,197.7658206,88.8816,11.1181,-0.953
1/1/2022 0:16,44.80776232,5,197.7501878,49.2781,11.1185,-0.953
1/1/2022 0:16,44.50474131,5,197.7486867,65.5799,11.1179,-0.953
1/1/2022 0:16,44.07206116,4,197.7299185,70.7281,11.1109,-0.953
1/1/2022 0:17,44.47559267,4,197.7265166,75.1247,11.1207,-0.953
1/1/2022 0:17,44.84036333,4,197.7374507,67.3039,11.0928,-0.953
1/1/2022 0:17,44.74734215,4,197.7314462,50.8629,11.1071,-0.953
1/1/2022 0:17,45.60338079,5,197.7327786,53.8398,11.1186,-0.953
1/1/2022 0:17,45.87569938,4,197.7288437,69.4179,11.116,-0.953
1/1/2022 0:17,48.40941791,4,197.7301494,66.9307,11.1051,-0.953
1/1/2022 0:18,46.36962898,4,197.7372908,80.4916,11.1239,-0.953
1/1/2022 0:18,45.04424709,4,197.7320058,70.1015,11.0951,-0.953
1/1/2022 0:18,44.65486511,4,197.7294744,51.7024,11.1058,-0.953
1/1/2022 0:18,44.33201369,3,197.7249622,46.6685,11.1084,-0.953
1/1/2022 0:18,43.72420094,3,197.7438015,47.6054,11.1154,-0.953
1/1/2022 0:18,43.95404393,3,197.7283197,52.6856,11.1146,-0.953
1/1/2022 0:19,44.0798959,4,197.6857381,49.0743,11.1067,-0.953
1/1/2022 0:19,43.96264862,3,197.6065082,37.3445,11.1117,-0.953
1/1/2022 0:19,44.15290396,3,197.6239707,48.7023,11.1157,-0.953
1/1/2022 0:19,43.86725048,4,197.658283,34.4505,11.0985,-0.953
1/1/2022 0:19,43.63337527,4,197.663337,16.5462,11.1062,-0.953
1/1/2022 0:19,43.71090957,4,197.6506442,22.5613,11.1186,-0.953
1/1/2022 0:20,43.61273804,4,197.6587537,41.414,11.1215,-0.953
1/1/2022 0:20,43.83845461,5,197.6571283,62.6921,11.1215,-0.953
1/1/2022 0:20,43.77265661,6,197.6478641,62.7372,11.1081,-0.953
1/1/2022 0:20,43.80406445,5,197.6518433,53.0288,11.108,-0.953
1/1/2022 0:20,44.04518849,5,197.6534421,89.6488,11.1317,-0.953
1/1/2022 0:20,44.21005905,5,197.6454214,127.8086,11.1157,-0.953
1/1/2022 0:21,44.18238265,4,197.6534865,131.1179,11.1079,-0.953
1/1/2022 0:21,44.53413934,4,197.6425347,132.5695,11.1207,-1.1253
1/1/2022 0:21,45.06164588,5,197.6514436,152.4904,11.2083,-2.0888
1/1/2022 0:21,44.84147596,5,197.6473222,145.7304,11.2225,-2.089
1/1/2022 0:21,44.97892195,5,197.6465939,136.9945,11.1652,-2.089
1/1/2022 0:21,44.63234458,4,197.6374896,145.9622,11.2173,-2.089
1/1/2022 0:22,44.49689761,4,197.6477219,145.7175,11.2422,-2.089
1/1/2022 0:22,44.31143648,5,197.6518788,142.5332,11.2446,-2.089
1/1/2022 0:22,44.09628938,5,197.6438226,113.2519,11.1185,-2.089
1/1/2022 0:22,43.96811648,4,197.6430854,92.3694,11.1088,-2.089
1/1/2022 0:22,43.93589608,4,197.6387242,88.18,11.1058,-2.089
1/1/2022 0:22,44.1606475,4,197.6380847,87.6671,11.1109,-2.089
1/1/2022 0:23,44.05716877,4,197.6349137,84.3735,11.1132,-1.0656
1/1/2022 0:23,43.89029229,5,197.6414866,95.6821,11.1156,-0.878
1/1/2022 0:23,43.93603767,5,197.6447464,91.371,11.1108,-0.878
1/1/2022 0:23,44.18959928,5,197.6300906,96.025,11.1181,-0.878
1/1/2022 0:23,44.09981315,5,197.6346739,108.6175,11.1148,-0.878
1/1/2022 0:23,44.50808758,5,197.6350114,102.4409,11.1105,-0.878
1/1/2022 0:24,44.40048229,5,197.635269,101.719,11.1113,-0.878
1/1/2022 0:24,45.14738647,5,197.6280743,117.5283,11.1199,-0.878
1/1/2022 0:24,45.41368504,5,197.6463274,128.7302,11.1174,-1.6838
1/1/2022 0:24,44.56726601,5,197.6298064,116.9537,11.1026,-2.01
1/1/2022 0:24,45.67462848,5,197.6273815,122.0616,11.1152,-2.01
1/1/2022 0:24,46.06782848,4,197.6381824,129.8894,11.1177,-2.01
1/1/2022 0:25,44.9822106,5,197.6383867,106.8227,11.0976,-2.01
1/1/2022 0:25,44.68233522,6,197.6365036,112.636,11.117,-2.01
1/1/2022 0:25,44.63587824,5,197.6336613,101.2634,11.1014,-2.01
1/1/2022 0:25,44.32443708,5,197.6275148,105.4832,11.1218,-2.01
1/1/2022 0:25,44.83817147,5,197.6343896,121.0796,11.1163,-2.01
1/1/2022 0:25,44.97094587,5,197.6388308,122.8206,11.1103,-2.01
1/1/2022 0:26,45.27317468,5,197.6328974,135.3338,11.1276,-2.01
1/1/2022 0:26,45.10829221,4,197.6373741,133.142,11.114,-2.01
1/1/2022 0:26,45.80457887,5,197.6328352,121.3377,11.1056,-2.01
1/1/2022 0:26,45.86935571,5,197.6300995,99.5097,11.0953,-2.01
1/1/2022 0:26,46.34839054,5,197.6377294,77.808,11.1045,-2.01
1/1/2022 0:26,46.58870122,5,197.6357486,105.647,11.1249,-2.01
1/1/2022 0:27,47.01911046,4,197.6414422,125.2419,11.1164,-2.01
1/1/2022 0:27,46.48663403,6,197.6311654,108.1495,11.0979,-2.01
1/1/2022 0:27,46.76183359,5,197.6280033,99.9744,11.1086,-2.01
1/1/2022 0:27,45.51994132,6,197.6390884,92.7984,11.107,-2.01
1/1/2022 0:27,44.99952523,5,197.6313874,76.4866,11.1044,-2.01
1/1/2022 0:27,45.16815671,5,197.6238286,111.8123,11.1311,-2.01
1/1/2022 0:28,45.46692121,5,197.6437249,123.3977,11.108,-2.01
1/1/2022 0:28,45.38167791,5,197.6447286,111.2044,11.0932,-2.01
1/1/2022 0:28,44.9630375,4,197.6435828,66.3679,11.0913,-2.01
1/1/2022 0:28,44.91632444,4,197.6373919,59.5099,11.1112,-2.01
1/1/2022 0:28,44.39861927,5,197.6254363,78.3035,11.1238,-1.7346
1/1/2022 0:28,44.58050361,4,197.6385377,117.4376,11.1264,-0.819
1/1/2022 0:29,44.41805779,5,197.6375429,111.6201,11.0882,-0.819
1/1/2022 0:29,44.69269207,6,197.6439292,113.7262,11.1168,-0.819
1/1/2022 0:29,45.45571977,6,197.6394881,143.6611,11.1657,-0.819
1/1/2022 0:29,46.42945467,6,197.640776,162.9939,11.2854,-1.6507
1/1/2022 0:29,45.94854151,5,197.6213149,184.8817,11.4704,-2.103
1/1/2022 0:29,46.07516164,6,197.6335547,206.5126,11.7039,-2.103
1/1/2022 0:30,45.75181847,5,197.6330751,198.3139,11.8279,-2.103
1/1/2022 0:30,45.58174638,6,197.6351002,174.8248,11.825,-2.103
1/1/2022 0:30,45.32425933,6,197.6360506,159.3934,11.7361,-2.103
1/1/2022 0:30,45.30379679,6,197.6347982,158.6433,11.712,-2.103
1/1/2022 0:30,44.99348936,6,197.6445243,159.8355,11.7292,-2.103
1/1/2022 0:30,45.25097344,6,197.6424992,165.0456,11.756,-2.103
1/1/2022 0:31,45.55797812,5,197.6329951,183.6525,11.87,-2.103
1/1/2022 0:31,45.52265474,6,197.6326221,185.7946,11.9431,-2.103
1/1/2022 0:31,45.86359657,5,197.6395147,182.2666,11.983,-2.103
1/1/2022 0:31,46.13723892,5,197.639266,173.9731,11.9833,-2.103
1/1/2022 0:31,50.51297444,5,197.6264134,169.1732,11.9643,-2.103
1/1/2022 0:31,51.57849294,6,197.6360417,161.6071,11.7967,-2.103
1/1/2022 0:32,51.06807674,5,197.6259071,153.3702,11.5898,-2.103
1/1/2022 0:32,47.07058385,5,197.6387864,147.243,11.4355,-2.103
1/1/2022 0:32,46.22184762,5,197.6288205,152.0668,11.4751,-2.103
1/1/2022 0:32,46.17836117,5,197.6415221,166.595,11.5836,-2.103
1/1/2022 0:32,45.43278807,5,197.6328175,155.7395,11.5595,-2.103
1/1/2022 0:32,44.53968006,5,197.6449151,140.8938,11.2784,-2.103
1/1/2022 0:33,44.56283125,4,197.6295222,134.5224,11.1262,-2.103
1/1/2022 0:33,44.47548139,4,197.638289,125.1923,11.1098,-2.103
1/1/2022 0:33,44.00454193,4,197.6331639,95.0144,11.0965,-2.103
1/1/2022 0:33,44.09353133,5,197.6300551,86.4243,11.1108,-2.103
1/1/2022 0:33,44.32283337,5,197.6452083,94.6265,11.1159,-2.103
1/1/2022 0:33,44.21943003,5,197.6334659,84.2691,11.1054,-1.4621
1/1/2022 0:34,43.96083412,5,197.6193431,84.6043,11.119,-0.915
1/1/2022 0:34,44.1481511,5,197.642588,103.0002,11.1209,-0.915
1/1/2022 0:34,43.87796477,4,197.6341587,107.2449,11.1104,-0.915
1/1/2022 0:34,44.52226123,4,197.6219811,89.654,11.1048,-0.915
1/1/2022 0:34,43.83736722,5,197.6189256,95.7669,11.1141,-0.915
1/1/2022 0:34,43.73050698,5,197.6414866,71.9887,11.0885,-0.915
1/1/2022 0:35,44.04791978,5,197.6257916,66.5502,11.1177,-0.915
1/1/2022 0:35,43.85592748,5,197.6384488,61.7137,11.1049,-0.915
1/1/2022 0:35,44.10247494,5,197.6402431,75.5942,11.127,-0.915
1/1/2022 0:35,44.17990339,5,197.629682,110.8711,11.1202,-0.915
1/1/2022 0:35,44.05771349,5,197.6239086,116.7869,11.1141,-0.915
1/1/2022 0:35,44.16834708,5,197.6376938,124.3236,11.1146,-0.915
1/1/2022 0:36,44.44679067,4,197.6240773,120.7043,11.1118,-1.8326
1/1/2022 0:36,43.98666357,4,197.6390528,116.5327,11.1109,-2.106
1/1/2022 0:36,44.0226038,4,197.6342475,96.0884,11.0992,-2.106
1/1/2022 0:36,44.75142966,4,197.6192809,96.1805,11.1139,-2.106
1/1/2022 0:36,44.31342311,4,197.6394614,71.924,11.0893,-2.106
1/1/2022 0:36,44.08747893,4,197.623047,50.7156,11.1076,-1.9157
1/1/2022 0:37,43.91518987,5,197.6381646,53.0074,11.1151,-0.9114
1/1/2022 0:37,44.06019413,5,197.6355799,74.0043,11.1138,-0.907
1/1/2022 0:37,43.61126909,6,197.6361395,59.6458,11.1018,-0.907
1/1/2022 0:37,43.999762,5,197.6237842,104.9577,11.1339,-0.907
1/1/2022 0:37,43.90340147,5,197.6386443,115.6931,11.1001,-0.907
1/1/2022 0:37,44.29917066,5,197.6310144,127.9081,11.1226,-0.907
1/1/2022 0:38,44.62179893,5,197.6167139,141.952,11.152,-1.5377
1/1/2022 0:38,44.60499296,5,197.6401809,139.8172,11.164,-2.059
1/1/2022 0:38,44.44966938,5,197.6401809,82.4043,11.0559,-2.059
1/1/2022 0:38,44.5332399,5,197.6288027,74.0083,11.1094,-2.059
1/1/2022 0:38,44.20065836,4,197.6270351,92.999,11.1186,-2.059
1/1/2022 0:38,44.81709465,4,197.6314496,108.7925,11.122,-2.059
1/1/2022 0:39,44.44317022,4,197.6264933,105.2053,11.1089,-2.059
1/1/2022 0:39,44.26352201,4,197.6381646,78.7957,11.0955,-2.059
1/1/2022 0:39,44.01082829,4,197.6259248,65.7861,11.103,-2.016
1/1/2022 0:39,43.90433998,4,197.6380314,54.6579,11.1112,-0.8828
1/1/2022 0:39,43.84022221,4,197.5722759,45.9158,11.1053,-0.838
1/1/2022 0:39,43.93154452,4,197.533567,32.9192,11.1083,-0.838
1/1/2022 0:40,43.70235432,4,197.5046285,16.2247,11.1017,-0.838
1/1/2022 0:40,44.40055043,4,197.4544526,31.3645,11.1246,-0.838
1/1/2022 0:40,44.66877179,4,197.2562891,34.4456,11.1038,-0.838
1/1/2022 0:40,44.72560146,4,197.1773523,38.993,11.1156,-0.838
1/1/2022 0:40,49.44735652,4,197.1097404,13.0074,11.1068,-0.838
1/1/2022 0:40,50.08078477,4,197.1068093,14.1072,11.1186,-0.838
1/1/2022 0:41,48.08023493,4,197.1090032,17.533,11.111,-0.838
1/1/2022 0:41,46.29957282,4,197.1077153,23.2939,11.1204,-0.838
1/1/2022 0:41,45.94182013,4,197.1100957,22.0598,11.1069,-0.838
1/1/2022 0:41,45.2983617,4,197.1058767,15.4769,11.113,-0.838
1/1/2022 0:41,44.38452926,4,197.1118988,32.7114,11.12,-0.838
1/1/2022 0:41,45.65448471,4,197.1103533,43.8419,11.1145,-0.838
1/1/2022 0:42,43.75645152,4,197.1110106,28.5759,11.1071,-0.838
1/1/2022 0:42,43.80822423,5,197.1108418,24.0472,11.1127,-0.838
1/1/2022 0:42,43.8013234,4,197.1086124,37.6995,11.1226,-0.838
1/1/2022 0:42,43.94799085,5,197.109243,65.6218,11.1208,-0.838
1/1/2022 0:42,44.23879572,4,197.1033452,68.8071,11.1128,-0.838
1/1/2022 0:42,44.40929949,5,197.1086657,106.1559,11.1323,-0.838
1/1/2022 0:43,44.9223461,5,197.11181,124.7051,11.1082,-0.838
1/1/2022 0:43,45.11904459,5,197.1113126,137.597,11.1483,-0.838
1/1/2022 0:43,45.41726082,6,197.1114991,158.818,11.2602,-1.4267
1/1/2022 0:43,45.04592076,6,197.1077863,163.4632,11.3382,-2.073
1/1/2022 0:43,45.73265004,6,197.1091809,209.9985,11.6415,-2.073
1/1/2022 0:43,45.86008096,6,197.1108241,227.6867,11.9195,-2.073
1/1/2022 0:44,46.1382519,5,197.102679,222.9416,12.0956,-2.073
1/1/2022 0:44,45.97092914,6,197.1062941,188.591,12.0791,-2.073
1/1/2022 0:44,46.21841226,6,197.1005651,184.0029,12.0979,-2.073
1/1/2022 0:44,45.93599676,6,197.1047042,171.945,12.0281,-2.073
1/1/2022 0:44,46.17292445,6,197.1073156,169.1107,11.955,-2.073
1/1/2022 0:44,45.78630684,6,197.1127959,180.9215,12.0225,-2.073
1/1/2022 0:45,46.08794438,6,197.1087101,230.0634,12.307,-2.073
1/1/2022 0:45,46.49990451,6,197.1099092,222.5365,12.5111,-2.073
1/1/2022 0:45,46.81219077,6,197.0996235,216.2562,12.7544,-2.073
1/1/2022 0:45,46.97346308,6,197.1082838,211.5224,12.8042,-2.073
1/1/2022 0:45,46.68418146,6,197.1017109,203.045,12.6892,-2.073
1/1/2022 0:45,46.84627985,6,197.109021,200.0195,12.626,-2.073
1/1/2022 0:46,47.35319892,6,197.1071024,201.8073,12.67,-2.073
1/1/2022 0:46,47.86082125,6,197.111961,210.4275,12.8523,-2.073
1/1/2022 0:46,47.78022574,5,197.1123696,215.5404,12.9307,-2.073
1/1/2022 0:46,47.3070131,7,197.1069425,211.6814,12.892,-2.073
1/1/2022 0:46,46.5515521,6,197.105548,199.042,12.641,-2.073
1/1/2022 0:46,46.26617924,6,197.1067827,187.9351,12.3701,-2.073
1/1/2022 0:47,46.25697319,5,197.1060987,189.0894,12.3706,-2.073
1/1/2022 0:47,46.58431832,5,197.1085858,196.5421,12.4785,-2.073
1/1/2022 0:47,46.52828933,5,197.1065073,197.5825,12.5525,-2.073
1/1/2022 0:47,46.24328747,5,197.1086657,195.87,12.5546,-2.073
1/1/2022 0:47,45.81506681,4,197.1108152,180.9068,12.2456,-2.073
1/1/2022 0:47,45.35830436,4,197.105246,166.6756,11.9117,-2.073
1/1/2022 0:48,45.14111848,6,197.1091187,153.5323,11.5889,-2.073
1/1/2022 0:48,44.55888667,5,197.1080351,134.7267,11.2506,-2.073
1/1/2022 0:48,44.43540659,5,197.1068359,87.6982,11.0924,-2.073
1/1/2022 0:48,44.86960243,5,197.1058056,123.4795,11.1465,-2.073
1/1/2022 0:48,44.79090878,4,197.109625,125.4088,11.1251,-2.073
1/1/2022 0:48,44.37563972,4,197.1071912,74.7195,11.0859,-2.073
1/1/2022 0:49,44.22076367,4,197.1096339,51.0876,11.1032,-2.073
1/1/2022 0:49,44.56948417,4,197.106001,38.0206,11.1043,-2.073
1/1/2022 0:49,44.97375554,4,197.1079995,20.7707,11.1042,-1.0243
1/1/2022 0:49,44.76343097,4,197.11038,26.1722,11.1159,-0.973
1/1/2022 0:49,44.7709584,4,197.1107353,21.3504,11.1085,-0.973
1/1/2022 0:49,44.63293895,3,197.1120498,12.5628,11.1081,-0.973
1/1/2022 0:50,44.5144513,3,197.1085769,5.3804,11.1087,-0.973
1/1/2022 0:50,44.54853605,3,197.1089588,-4.8134,11.108,-0.973
1/1/2022 0:50,44.0589172,3,197.108417,-8.4758,11.1064,-0.973
1/1/2022 0:50,43.79562688,4,197.1074666,-3.3404,11.1128,-0.973
1/1/2022 0:50,44.00564779,4,197.1081772,32.9483,11.1249,-0.973
1/1/2022 0:50,44.33784634,4,197.0951735,49.1324,11.1144,-0.973
1/1/2022 0:51,43.95414594,5,197.0789545,48.2645,11.1092,-0.973
1/1/2022 0:51,44.0236253,5,197.0252967,72.174,11.1241,-0.973
1/1/2022 0:51,43.98061054,5,197.0059866,59.3139,11.0965,-0.973
1/1/2022 0:51,44.26542689,4,196.9796684,67.2553,11.1197,-0.973
1/1/2022 0:51,44.08061934,4,196.9792599,93.8421,11.1215,-0.973
1/1/2022 0:51,44.10919547,4,196.9731933,85.3055,11.1033,-0.973
1/1/2022 0:52,43.99883418,4,196.9779009,79.0154,11.1098,-0.973
1/1/2022 0:52,44.37676229,4,196.9709905,109.7748,11.1253,-0.973
1/1/2022 0:52,44.31086397,4,196.9719586,123.8596,11.1124,-0.973
1/1/2022 0:52,43.86727819,4,196.9808143,101.0182,11.0894,-0.973
1/1/2022 0:52,44.06585259,5,196.9731844,89.6642,11.1134,-0.973
1/1/2022 0:52,44.53470229,5,196.9752184,98.3401,11.101,-0.973
1/1/2022 0:53,44.13074238,5,196.9788424,75.8336,11.1017,-0.973
1/1/2022 0:53,44.13122364,5,196.9711503,77.6882,11.1145,-0.973
1/1/2022 0:53,44.4899679,5,196.9798727,89.5602,11.1122,-0.973
1/1/2022 0:53,44.58580218,5,196.9731844,88.3995,11.1158,-0.973
1/1/2022 0:53,43.83442268,5,196.9744723,84.0983,11.1003,-0.973
1/1/2022 0:53,44.02194086,5,196.9743657,69.665,11.1014,-0.973
1/1/2022 0:54,44.14881632,6,196.9744901,84.8709,11.1239,-0.973
1/1/2022 0:54,44.36452595,5,196.9745434,85.7798,11.1048,-0.973
1/1/2022 0:54,44.66987441,5,196.9734597,86.6176,11.1109,-0.973
1/1/2022 0:54,45.28424151,4,196.9747033,110.4282,11.1282,-0.973
1/1/2022 0:54,46.15615896,4,196.9762221,133.0027,11.1175,-0.973
1/1/2022 0:54,47.52531327,4,196.9719053,131.4991,11.1136,-0.973
1/1/2022 0:55,47.20412017,4,196.9774124,111.5092,11.0982,-1.5256
1/1/2022 0:55,46.04108539,4,196.9714879,84.3474,11.0946,-2.105
1/1/2022 0:55,47.25848249,3,196.9687965,65.3086,11.1036,-2.105
1/1/2022 0:55,45.22655508,4,196.9693117,56.7863,11.1052,-2.105
1/1/2022 0:55,44.22710181,3,196.9685212,23.8987,11.0935,-1.1619
1/1/2022 0:55,43.97071553,3,196.9688676,15.0674,11.1085,-0.979
1/1/2022 0:56,44.15823895,3,196.9711681,19.2359,11.1198,-0.979
1/1/2022 0:56,44.01745653,3,196.9708572,34.4362,11.1161,-0.979
1/1/2022 0:56,44.1657066,3,196.9752717,37.5497,11.117,-0.979
1/1/2022 0:56,43.89449122,3,196.9745611,34.6652,11.1124,-0.979
1/1/2022 0:56,43.62812766,3,196.9733887,31.0542,11.1137,-0.979
1/1/2022 0:56,43.47624743,3,196.9639379,16.5768,11.102,-0.979
1/1/2022 0:57,43.30814563,3,196.9734331,22.3408,11.1209,-0.979
1/1/2022 0:57,43.66729999,3,196.9723939,26.5633,11.1092,-0.979
1/1/2022 0:57,43.49082703,3,196.9698091,31.5842,11.118,-0.979
1/1/2022 0:57,43.58203809,3,196.9598255,25.4033,11.1059,-0.979
1/1/2022 0:57,43.5301666,3,196.965519,16.3663,11.1115,-0.979
1/1/2022 0:57,43.6481585,3,196.9687877,7.2076,11.1067,-0.979
1/1/2022 0:58,43.85561504,4,196.9757691,0.4573,11.1111,-0.979
1/1/2022 0:58,43.66799352,3,196.9709461,-7.4408,11.097,-0.979
1/1/2022 0:58,44.14532842,3,196.9199885,-9.0738,11.0034,-0.979
1/1/2022 0:58,44.07057895,3,196.933072,-9.0026,10.8329,-0.979
1/1/2022 0:58,44.36352765,3,196.9313933,-8.7739,10.7039,-0.979
1/1/2022 0:58,45.38033092,3,196.9280003,-8.7802,10.7991,-0.979
1/1/2022 0:59,46.2443868,3,196.9293593,-8.9752,10.8217,-0.979
1/1/2022 0:59,45.71499927,4,306.0197273,0,12.5328,2.9775
1/1/2022 0:59,46.09363902,4,306.0130123,0,11.8675,-1.0228
1/1/2022 0:59,60.38202492,16,92.68425448,1496.6835,18.0078,13.7037
1/1/2022 0:59,65.87372144,16,92.67719307,1503.0537,17.8938,14.0909
1/1/2022 0:59,61.45848129,15,92.68695469,1498.5686,18.4582,13.7162
1/1/2022 1:00,56.37156078,16,92.68423671,1499.278,18.1933,10.167
1/1/2022 1:00,64.17230743,16,92.68839362,1498.4672,18.3639,17.3028
1/1/2022 1:00,59.14589991,15,92.68197173,1500.8934,17.9532,12.1748
1/1/2022 1:00,60.91314998,16,92.67763718,1503.3533,18.3983,10.443
1/1/2022 1:00,58.55406278,15,92.6806838,1497.2389,18.481,12.2931
1/1/2022 1:00,58.72122998,15,92.68396136,1501.5245,18.2652,11.3991
1/1/2022 1:01,60.53390479,15,92.69229293,1499.8534,18.2625,8.2155
1/1/2022 1:01,57.87696346,15,92.67921823,1500.4177,18.4957,9.0977
1/1/2022 1:01,54.58731355,13,92.68189179,1499.0402,18.2671,7.5628
1/1/2022 1:01,54.30512922,13,92.67591402,1497.952,18.313,6.1647
1/1/2022 1:01,56.03120872,13,92.67727301,1497.5789,18.3806,7.0625
1/1/2022 1:01,54.83663124,16,92.68381036,1500.9333,18.4434,6.6867
1/1/2022 1:02,56.48978606,16,92.68462753,1503.8833,18.182,12.3473
1/1/2022 1:02,55.25572782,15,92.69346539,1505.0255,18.1863,10.7636
1/1/2022 1:02,61.6909361,16,92.67968011,1498.6493,18.1777,16.1113
1/1/2022 1:02,57.38352018,16,92.67443957,1500.9867,18.3605,11.2017
1/1/2022 1:02,62.91533302,15,92.68523153,1498.4009,18.2673,14.6396
1/1/2022 1:02,59.34036278,16,92.68365048,1501.2102,18.2552,12.6256
1/1/2022 1:03,57.79210124,13,92.68420118,1498.4839,18.318,10.3354
1/1/2022 1:03,55.80720151,14,92.67464386,1498.8461,18.0858,7.5547
1/1/2022 1:03,58.03125837,12,92.68396136,1498.5786,18.1555,14.5563
1/1/2022 1:03,62.96294662,16,92.68743433,1500.8356,18.094,16.461
1/1/2022 1:03,53.62465928,16,92.6814388,1498.1911,18.2178,14.6691
1/1/2022 1:03,56.57563437,14,92.68709681,1501.2749,18.1523,11.1514
1/1/2022 1:04,54.3191936,14,92.68012422,1499.0716,18.2686,10.9198
1/1/2022 1:04,59.24529872,15,92.6800354,1503.4601,18.3615,7.7535
1/1/2022 1:04,60.20763207,16,92.68564899,1501.9322,18.4326,9.5156
1/1/2022 1:04,57.00087688,14,92.67711313,1499.4919,18.3134,9.3505
1/1/2022 1:04,56.18924611,16,92.68009757,1497.443,18.4614,9.462
1/1/2022 1:04,54.36290932,15,92.68325078,1499.3907,18.3583,8.9045
1/1/2022 1:05,53.88315739,13,92.6898059,1498.8315,18.3814,10.0104
1/1/2022 1:05,55.76893562,12,92.68896208,1498.5803,18.1544,6.2084
1/1/2022 1:05,57.74737977,14,92.6840413,1371.972,18.3396,2.2476
1/1/2022 1:05,56.39983685,15,92.69032107,1476.1711,18.1266,4.4806
1/1/2022 1:05,57.04903007,16,92.68781627,1498.4331,18.6238,9.8017
1/1/2022 1:05,56.19767545,16,92.68019528,1505.932,18.4413,9.3882
1/1/2022 1:06,56.35352351,15,92.68384589,1504.3781,18.4738,10.3263
1/1/2022 1:06,55.66198682,16,92.68185626,1501.6047,18.2359,8.3377
1/1/2022 1:06,57.1493392,14,92.67854318,1498.1823,18.8012,12.7536
1/1/2022 1:06,56.79283441,13,92.68329519,1496.7876,18.0815,13.0144
1/1/2022 1:06,55.7357058,16,92.68365937,1500.7473,18.7598,11.1981
1/1/2022 1:06,61.09585228,15,92.69730254,1492.3675,18.1063,14.3178
1/1/2022 1:07,56.30400311,16,92.68772745,1496.3705,18.1742,8.3204
1/1/2022 1:07,62.05292381,16,92.69149353,1501.2722,18.3789,15.376
1/1/2022 1:07,59.98389527,15,92.69017895,1501.8671,18.4455,12.1413
1/1/2022 1:07,61.96470402,16,92.67853429,1499.7901,18.1806,14.7468
1/1/2022 1:07,59.97319775,15,92.6843433,1498.2959,18.2078,12.558
1/1/2022 1:07,59.49947392,16,92.6836416,1496.6414,18.2455,10.6289
1/1/2022 1:08,57.4060363,16,92.68169638,1499.311,18.3399,14.7922
1/1/2022 1:08,57.5431227,15,92.68587993,1498.4433,18.2747,12.3144
1/1/2022 1:08,57.98109796,15,92.68667934,1499.2898,18.2672,9.478
1/1/2022 1:08,56.84117714,16,92.68788733,1500.4369,18.6835,14.6768
1/1/2022 1:08,58.9659424,14,92.67848988,1502.024,18.0048,11.7411
1/1/2022 1:08,58.3296528,14,92.68866009,1500.6028,18.2613,9.5873
1/1/2022 1:09,56.67441834,13,92.67938699,1498.5448,18.2581,7.325
1/1/2022 1:09,56.7115751,12,92.67679337,1438.5146,18.014,2.6688
1/1/2022 1:09,56.81431905,16,92.70073998,1503.6446,18.5256,14.8372
1/1/2022 1:09,57.8194469,15,92.70049127,1500.3974,18.3542,13.1811
1/1/2022 1:09,62.42068722,16,92.67801912,1497.4236,18.3783,15.8067
1/1/2022 1:09,61.70043481,16,92.67841883,1496.1904,18.4394,16.2296
1/1/2022 1:10,61.2485482,14,92.68918414,1502.8123,17.9517,11.8403
1/1/2022 1:10,58.61901334,12,92.69748906,1499.9215,18.2786,9.0866
1/1/2022 1:10,57.56629996,12,92.6965209,1503.2768,18.1823,3.061
1/1/2022 1:10,60.81978481,15,92.69610343,1498.0918,18.3968,4.7417
1/1/2022 1:10,56.21118669,15,92.69168894,1488.5851,18.3286,7.569
1/1/2022 1:10,55.05938299,13,92.66021016,1501.8731,18.7382,9.928
1/1/2022 1:11,54.78793062,12,92.67613608,1499.8881,18.0637,7.6229
1/1/2022 1:11,54.86560546,16,92.70836985,1502.9453,18.74,10.235
1/1/2022 1:11,55.48164705,13,92.73133941,1498.985,18.1927,10.5037
1/1/2022 1:11,58.71916619,15,92.68586217,1497.554,18.6055,12.0671
1/1/2022 1:11,56.01276986,15,92.70584728,1495.3249,18.1652,10.7065
1/1/2022 1:11,56.39377513,13,92.71718994,1506.236,18.1407,4.4059
1/1/2022 1:12,56.51616176,14,92.6991234,1500.8042,18.3519,11.6458
1/1/2022 1:12,55.1287865,15,92.70386654,1503.7512,18.2997,9.7777
1/1/2022 1:12,55.38938265,14,92.69621002,1497.3907,18.4363,10.9321
1/1/2022 1:12,55.24963481,14,92.66914573,1496.7336,18.4619,11.6023
1/1/2022 1:12,55.9132352,16,92.68374819,1503.2563,18.5184,12.0582
1/1/2022 1:12,57.75772673,15,92.67485703,1498.5868,18.1908,11.5826
1/1/2022 1:13,57.26046576,16,92.68230926,1499.0188,18.2882,9.6853
1/1/2022 1:13,57.56683209,15,92.68370378,1499.165,18.6202,13.7319
1/1/2022 1:13,62.61712178,16,92.68977925,1496.2846,18.0979,11.3556
1/1/2022 1:13,57.51583206,15,92.6710643,1499.1871,18.6018,12.1284
1/1/2022 1:13,56.74369633,16,92.69758677,1502.07,18.3429,12.2697
1/1/2022 1:13,58.91082924,16,92.69674295,1503.0548,18.5924,14.0726
1/1/2022 1:14,61.44713294,16,92.69714266,1497.6836,18.2931,14.1065
1/1/2022 1:14,55.4797509,16,92.70086433,1498.5969,18.4023,13.1179
1/1/2022 1:14,54.28888639,16,92.67094883,1498.1728,18.2821,11.5349
1/1/2022 1:14,55.65076551,15,92.6769799,1498.4098,18.3907,12.4826
1/1/2022 1:14,59.19131773,14,92.67002508,1499.1766,18.242,10.0099
1/1/2022 1:14,57.61247046,13,92.6837926,1501.574,18.4335,8.5977
1/1/2022 1:15,56.92606074,12,92.69189323,1495.5239,18.25,8.2095
1/1/2022 1:15,57.28137221,14,92.67832112,1490.5726,18.1292,3.4905
1/1/2022 1:15,56.65575756,14,92.6963699,1498.5581,18.6792,6.6611
1/1/2022 1:15,55.26784096,13,92.69893687,1497.8423,18.3839,8.3666
1/1/2022 1:15,53.91832286,12,92.69891911,1500.1596,18.346,7.7416
1/1/2022 1:15,56.63004601,11,92.69453127,1500.5682,18.2707,4.9125
1/1/2022 1:16,56.26785076,10,92.70400865,1479.081,18.211,2.1498
1/1/2022 1:16,57.32250262,10,92.69171559,1367.6509,18.1985,-0.0896
1/1/2022 1:16,56.1739093,9,92.70299607,1084.8073,18.1688,-1.9575
1/1/2022 1:16,56.72449118,9,92.69976293,1178.2628,18.3299,-1.9761
1/1/2022 1:16,57.17909173,10,92.7087962,1231.0589,18.3021,-1.9097
1/1/2022 1:16,56.95682722,10,92.70086433,1306.6574,18.2665,-1.63
1/1/2022 1:17,56.48213605,16,92.69477997,1503.1188,18.7661,9.3314
1/1/2022 1:17,56.90516851,16,92.6992744,1501.5422,18.4788,12.3265
1/1/2022 1:17,57.24196534,15,92.67473268,1493.5165,18.4463,15.8577
1/1/2022 1:17,54.96478698,16,92.67511462,1500.0115,18.0111,11.4862
1/1/2022 1:17,58.50179959,16,92.67523897,1498.5782,18.5905,12.0339
1/1/2022 1:17,56.4666218,16,92.69447797,1499.6279,18.3163,13.4589
1/1/2022 1:18,57.63144878,15,92.69097836,1496.43,18.2323,12.7018
1/1/2022 1:18,55.83830694,16,92.65962394,1500.4843,18.5487,13.7128
1/1/2022 1:18,57.68456839,16,92.69078295,1503.3147,18.1472,13.6099
1/1/2022 1:18,63.35623744,15,92.6336877,1498.818,18.2951,14.2283
1/1/2022 1:18,58.26171878,14,92.66130269,1500.822,18.1504,10.8536
1/1/2022 1:18,61.23322223,13,92.67985775,1498.5141,18.2871,9.0158
1/1/2022 1:19,58.66068882,13,92.69482438,1451.3611,17.9834,1.7086
1/1/2022 1:19,58.12139398,14,92.69886582,1503.9593,18.4876,2.9012
1/1/2022 1:19,55.9289498,15,92.69986063,1492.9949,18.5337,6.6803
1/1/2022 1:19,55.20826928,16,92.69477109,1498.1384,18.5806,8.5437
1/1/2022 1:19,55.81449889,14,92.70261414,1501.4112,18.6019,11.6998
1/1/2022 1:19,55.16340599,16,92.7030849,1503.6429,18.0212,7.5515
1/1/2022 1:20,58.55049629,16,92.70018928,1500.3873,18.5942,14.941
1/1/2022 1:20,56.12745607,15,92.69873258,1502.2311,18.1821,13.3329
1/1/2022 1:20,58.07693171,13,103.7809221,1331.7219,18.321,-0.7965
1/1/2022 1:20,57.41694933,13,103.7489104,1434.5131,18.3004,0.4329
1/1/2022 1:20,56.07127723,12,103.7951071,1483.414,18.4438,2.6922
1/1/2022 1:20,56.52676905,16,105.1585229,1490.675,18.3259,2.8545
1/1/2022 1:21,54.74462275,15,105.505113,1500.5913,18.4126,11.6696
1/1/2022 1:21,54.81436837,15,105.8354273,1501.9321,18.2655,11.029
1/1/2022 1:21,54.33751618,14,105.8196435,1496.667,18.3262,10.2206
1/1/2022 1:21,55.68805079,14,109.8808406,1495.6228,18.3341,12.7459
1/1/2022 1:21,56.99313648,12,109.8788332,1500.4097,18.0144,6.7065
1/1/2022 1:21,55.87736216,14,109.874774,1498.8738,18.3957,5.9675
1/1/2022 1:22,56.86295569,16,111.992776,1501.2164,18.3342,12.8568
1/1/2022 1:22,57.83054309,15,112.180541,1495.6354,18.4011,13.2603
1/1/2022 1:22,58.7666879,15,115.2769121,1501.773,18.21,11.22
1/1/2022 1:22,57.47434529,16,117.9738309,1498.5146,18.5205,11.2713
1/1/2022 1:22,58.33592097,15,118.402875,1495.294,18.5416,12.795
1/1/2022 1:22,57.3780604,16,118.3720801,1498.6178,18.3716,13.703
1/1/2022 1:23,62.49226599,15,118.1120249,1500.639,18.1624,12.2167
1/1/2022 1:23,64.42317759,15,122.2734852,1498.4972,18.219,9.0154
1/1/2022 1:23,64.04089839,16,122.2666636,1297.197,17.8556,3.863
1/1/2022 1:23,59.96494335,16,121.658148,1500.8663,18.1017,11.4892
1/1/2022 1:23,57.10175783,16,121.6787548,1498.7583,18.345,11.0743
1/1/2022 1:23,57.58144516,15,121.6541776,1499.5159,18.475,10.5545
1/1/2022 1:24,58.61791083,14,121.6283124,1500.8422,18.3563,11.7214
1/1/2022 1:24,61.01997218,14,121.6262872,1498.7047,18.2534,8.8111
1/1/2022 1:24,59.49152386,12,121.6255056,1498.6824,18.2702,7.4509
1/1/2022 1:24,58.7576709,10,121.6538312,1500.3906,18.2579,4.6037
1/1/2022 1:24,58.81533529,10,121.6040549,1458.7586,18.228,0.9841
1/1/2022 1:24,57.75823925,12,121.9204936,1281.4768,18.1872,-0.6059
1/1/2022 1:25,58.81890402,13,122.4049872,1307.4038,18.3333,-1.1484
1/1/2022 1:25,57.34529828,12,122.4055823,1502.3536,18.5486,4.0887
1/1/2022 1:25,56.36970188,14,122.4052448,1501.6083,18.3513,5.0944
1/1/2022 1:25,56.84187475,15,122.4054313,1502.7654,18.337,3.1828
1/1/2022 1:25,58.49770337,16,122.3906601,1387.5125,18.2206,0.1927
1/1/2022 1:25,55.75776591,14,122.1776277,1496.7408,18.8145,10.0638
1/1/2022 1:26,55.75649552,15,122.1532814,1498.0997,18.0845,7.2374
1/1/2022 1:26,64.68323726,16,127.2617428,1502.2647,18.3475,13.1212
1/1/2022 1:26,59.00964416,15,127.2959929,1501.4106,18.2069,10.3093
1/1/2022 1:26,56.87155241,16,127.3404042,1495.0887,18.5638,10.4633
1/1/2022 1:26,56.63483932,16,127.3352436,1497.2333,18.3565,10.4954
1/1/2022 1:26,60.15918642,15,127.3305893,1505.4854,18.334,10.0801
1/1/2022 1:27,57.66720912,13,127.3065184,1500.0725,18.239,8.5458
1/1/2022 1:27,55.60270828,13,127.3132511,1498.2018,18.2759,5.6853
1/1/2022 1:27,57.97543056,15,127.3173459,1502.6317,18.6807,8.0389
1/1/2022 1:27,55.52413262,16,127.2992882,1502.1586,18.4696,14.7563
1/1/2022 1:27,57.4266942,16,127.3032497,1500.6823,18.5923,14.2935
1/1/2022 1:27,57.19757578,15,127.2929374,1499.3995,18.1176,12.3682
1/1/2022 1:28,54.62743614,15,127.3104887,1494.9106,18.5323,12.6156
1/1/2022 1:28,54.75677762,14,127.3130291,1501.8378,18.3433,10.0959
1/1/2022 1:28,60.92217021,16,127.1691807,1501.2077,18.107,12.2548
1/1/2022 1:28,55.81528814,16,127.1797595,1500.6018,18.3803,11.8081
1/1/2022 1:28,56.46311165,16,128.328788,1498.7737,18.3218,14.5813
1/1/2022 1:28,60.75945232,16,127.840343,1501.8207,18.2561,14.5686
1/1/2022 1:29,59.90268127,13,127.8145133,1502.1752,18.0245,10.4326
1/1/2022 1:29,61.3542753,12,127.7313397,1499.1184,18.3472,9.4526
1/1/2022 1:29,55.65316819,11,127.7396358,1495.7386,18.0717,2.9374
1/1/2022 1:29,58.81229271,11,127.7560058,1353.4417,18.1996,-0.2733
1/1/2022 1:29,58.16720296,14,127.7676771,1246.6456,18.2044,-1.5154
1/1/2022 1:29,57.84253331,12,127.7543093,1327.9109,18.4106,-0.2634
1/1/2022 1:30,56.19272864,15,127.7383834,1422.0626,18.2865,1.5368
1/1/2022 1:30,56.16161516,14,127.7427357,1461.7201,18.7081,4.8614
1/1/2022 1:30,54.91144931,13,127.7499925,1491.4702,18.2865,5.8266
1/1/2022 1:30,54.11103875,15,127.5237965,1496.0891,18.3484,11.7931
1/1/2022 1:30,62.48269232,12,127.639696,1498.7534,18.0719,5.8935
1/1/2022 1:30,58.96789114,12,128.9638972,1499.5489,18.2633,3.1977
1/1/2022 1:31,58.01748476,13,128.9794234,1387.3321,18.2453,0.9874
1/1/2022 1:31,58.29404038,10,129.0020021,1302.3949,18.2835,-1.5354
1/1/2022 1:31,56.94322959,10,129.0116483,1409.1397,18.3223,0.6382
1/1/2022 1:31,58.07239517,13,128.9923648,1204.2196,18.2796,-1.1664
1/1/2022 1:31,55.69832098,13,128.6327749,1496.6306,18.4791,3.5333
1/1/2022 1:31,55.77863522,16,128.6144508,1502.2643,18.4118,3.771
1/1/2022 1:32,56.71989683,15,128.3722845,1496.3537,18.238,10.6581
1/1/2022 1:32,58.20785473,16,128.3755621,1502.3806,18.3321,9.845
1/1/2022 1:32,55.61615752,15,128.2838526,1494.818,18.4713,10.697
1/1/2022 1:32,56.61031605,14,128.2481015,1503.6125,18.3056,9.9211
1/1/2022 1:32,56.48983873,14,128.20973,1505.3837,18.1295,5.7705
1/1/2022 1:32,58.70942737,16,130.6511559,1498.5106,18.2931,15.7487
1/1/2022 1:33,60.30737837,16,130.6032805,1497.4281,18.1295,12.1065
1/1/2022 1:33,56.61343115,16,180.175333,1499.7505,18.3785,6.6941
1/1/2022 1:33,63.83431017,16,180.0836768,1498.2408,18.3396,9.3092
1/1/2022 1:33,58.98194949,15,180.1035109,1499.4673,18.37,6.8939
1/1/2022 1:33,59.1837569,13,180.1071971,1497.9699,18.3251,5.9844
1/1/2022 1:33,59.06913962,12,180.1024273,1450.8583,18.0969,1.338
1/1/2022 1:34,58.64233911,12,180.0914577,1355.0048,18.214,-0.1464
1/1/2022 1:34,59.09353118,13,180.1191526,1194.7635,18.2341,-1.9232
1/1/2022 1:34,60.49088716,16,190.0876118,1500.809,18.2781,9.8399
1/1/2022 1:34,64.31753465,16,190.0195558,1498.7297,18.5379,10.7078
1/1/2022 1:34,59.52155566,15,190.0877095,1498.7749,18.2755,10.0126
1/1/2022 1:34,59.34794235,13,190.1862049,1498.0684,18.2068,6.7675
1/1/2022 1:35,57.82900552,13,190.3266604,1479.2827,18.152,2.5568
1/1/2022 1:35,60.86330629,12,190.3277174,1463.7026,18.3458,3.4898
1/1/2022 1:35,59.32027985,11,190.2517828,1435.8144,18.2716,0.8008
1/1/2022 1:35,57.60986493,11,190.2893815,1238.5341,18.1964,-1.2795
1/1/2022 1:35,57.35197296,11,190.2895857,1007.4362,18.1842,-1.9733
1/1/2022 1:35,58.25163812,15,191.7501977,1023.4023,18.2929,-1.952
1/1/2022 1:36,58.96300752,14,192.3895682,1380.0228,18.4837,0.0719
1/1/2022 1:36,55.84787627,14,192.3433004,1498.757,18.5446,6.1249
1/1/2022 1:36,55.04792757,15,192.5997661,1498.3338,18.4047,7.6767
1/1/2022 1:36,56.41956005,16,194.3709398,1507.561,18.3652,3.1311
1/1/2022 1:36,54.18299722,14,195.882032,1494.995,18.7232,11.6314
1/1/2022 1:36,54.5809186,14,199.3346632,1501.3347,18.2961,9.0845
1/1/2022 1:37,55.38991888,16,199.7562942,1501.1165,18.5162,10.6722
1/1/2022 1:37,59.52928356,16,203.8134053,1500.7307,18.2084,16.0408
1/1/2022 1:37,61.74783099,15,203.6484972,1494.7001,17.9869,10.1577
1/1/2022 1:37,60.37638569,16,203.6415868,1474.6082,18.0921,3.8866
1/1/2022 1:37,56.71642963,15,204.155967,1499.7184,18.54,9.3833
1/1/2022 1:37,56.23390229,14,205.2989212,1495.9096,18.3143,9.3682
1/1/2022 1:38,57.3243761,12,205.2906251,1498.1382,18.2445,6.4231
1/1/2022 1:38,56.38815965,16,205.2586933,1494.6974,18.7309,8.3504
1/1/2022 1:38,56.81906892,13,211.4584662,1490.2645,18.0407,5.214
1/1/2022 1:38,55.96293095,14,224.1188633,1496.4007,18.6112,6.5102
1/1/2022 1:38,57.92231628,16,231.5249174,1503.8493,18.157,4.3237
1/1/2022 1:38,55.97149859,15,238.1287368,1500.9599,18.4792,9.3773
1/1/2022 1:39,56.28159345,16,252.9762205,1499.2042,18.2292,6.2877
1/1/2022 1:39,55.73508906,15,255.4089852,1501.6359,18.7011,11.0615
1/1/2022 1:39,55.44968822,15,268.9677993,1500.8728,18.1673,10.1085
1/1/2022 1:39,56.90369187,15,270.8327197,1507.5946,18.3081,7.0621
1/1/2022 1:39,57.11056618,16,270.8559557,1500.405,18.4355,8.1205
1/1/2022 1:39,55.25651121,16,270.8492229,1503.4617,18.5428,9.0709
1/1/2022 1:40,55.16098459,15,272.0932675,1499.7962,18.5384,11.2285
1/1/2022 1:40,55.8761389,16,272.759215,1504.323,18.2491,7.8892
1/1/2022 1:40,59.06465525,16,276.0674693,1499.9706,18.3808,7.7375
1/1/2022 1:40,59.16590966,16,276.0840525,1501.7322,18.5125,7.6718
1/1/2022 1:40,59.32326494,16,276.0439846,1501.5896,18.5107,10.0758
1/1/2022 1:40,57.88747209,16,276.0083134,1496.6456,18.069,6.5024
1/1/2022 1:41,57.6201039,15,275.9779715,1426.649,18.0835,3.2396
1/1/2022 1:41,57.27874742,14,275.9815155,1500.3936,18.5187,4.1267
1/1/2022 1:41,57.28372179,14,275.9600293,1501.2697,18.3271,4.3963
1/1/2022 1:41,59.73829034,14,275.9464039,1502.2842,18.5488,5.9365
1/1/2022 1:41,58.09958394,12,275.8158789,1468.409,18.1854,3.0151
1/1/2022 1:41,58.59948063,11,275.6873702,1452.8165,18.2883,4.6541
1/1/2022 1:42,58.32028308,14,275.6672963,1205.1462,18.1535,-1.6077
1/1/2022 1:42,57.59670155,12,275.6179286,1386.9015,18.4196,0.0683
1/1/2022 1:42,58.57934376,12,275.5509207,1337.0837,18.207,0.0603
1/1/2022 1:42,58.1658418,14,275.5227106,1283.4624,18.2456,-1.1848
1/1/2022 1:42,59.31475021,16,275.512576,1191.7469,18.2696,-1.782
1/1/2022 1:42,55.175222,15,275.5219112,1498.6537,18.3577,7.2543
1/1/2022 1:43,55.02335562,14,275.5387165,1499.8131,18.3245,6.2558
1/1/2022 1:43,57.32486955,16,275.6352757,1480.0014,18.2854,2.6884
1/1/2022 1:43,55.35818039,14,275.6769868,1497.4137,18.7191,8.6293
1/1/2022 1:43,60.51492674,14,275.5723359,1499.4072,18.2643,8.4608
1/1/2022 1:43,60.31902382,16,276.0321067,1500.036,18.224,4.8613
1/1/2022 1:43,57.45791044,15,276.891158,1498.9211,18.5851,4.7077
1/1/2022 1:44,54.52804752,15,276.9066486,1493.7781,18.2813,7.9192
1/1/2022 1:44,55.33545901,15,276.8821869,1501.11,18.4525,7.3715
1/1/2022 1:44,55.58041379,16,282.4193572,1501.3343,18.3835,8.3021
1/1/2022 1:44,56.1404366,15,284.7483098,1503.2061,18.4381,7.5211
1/1/2022 1:44,56.66431054,16,284.7180567,1504.5328,18.3098,7.5783
1/1/2022 1:44,56.91388631,16,284.7164224,1502.1765,18.3709,7.0852
1/1/2022 1:45,56.39905679,16,284.7272055,1499.5278,18.5031,8.6721
1/1/2022 1:45,58.67896213,15,284.7182255,1500.6523,18.4063,9.3742
1/1/2022 1:45,57.34754638,15,284.7071404,1501.319,18.2489,7.4347
1/1/2022 1:45,55.75071775,14,284.6812753,1495.9083,18.4462,8.1235
1/1/2022 1:45,56.40393178,13,284.652772,1501.0632,18.2847,6.0153
1/1/2022 1:45,58.95212986,14,284.6198632,1496.9903,18.3901,5.6698
1/1/2022 1:46,57.17206082,13,284.6401859,1448.4249,18.1495,2.2824
1/1/2022 1:46,56.56736175,13,284.6119047,1498.792,18.4609,3.608
1/1/2022 1:46,55.62484584,14,284.6327603,1502.1045,18.5712,5.1348
1/1/2022 1:46,54.72236347,14,284.9027459,1498.5399,18.3896,6.9046
1/1/2022 1:46,55.58748149,13,288.972363,1497.4396,18.4479,7.8807
1/1/2022 1:46,55.38734419,11,291.1712232,1499.555,18.2684,5.6843
1/1/2022 1:47,56.71924916,11,291.2140802,1490.1279,18.2052,1.4086
1/1/2022 1:47,56.99741268,11,291.24714,1347.9063,18.243,1.5743
1/1/2022 1:47,57.56830286,12,291.2709445,1202.6694,18.2438,-2.0067
1/1/2022 1:47,62.28759166,14,335.7620706,1497.2424,18.2051,5.1864
1/1/2022 1:47,58.69922701,15,335.7348998,1503.8426,18.6364,8.9558
1/1/2022 1:47,58.23622948,16,335.7336029,1502.7725,18.2887,8.8427
1/1/2022 1:48,57.57348984,12,337.1262686,1474.2255,18.0853,3.5778
1/1/2022 1:48,56.89942365,13,337.7341306,1483.1707,18.5547,4.2794
1/1/2022 1:48,57.33943443,14,337.7105925,1499.6287,18.2372,3.7621
1/1/2022 1:48,58.32271602,15,339.1902104,1499.3258,18.2644,11.9351
1/1/2022 1:48,53.7452271,13,338.7878701,1497.5167,18.559,7.878
1/1/2022 1:48,54.2515444,12,338.8088678,1496.4053,18.2917,6.7451
1/1/2022 1:49,54.74307835,12,338.8331963,1495.3994,18.1926,3.197
1/1/2022 1:49,54.53692339,11,338.7570841,1498.9598,18.4918,3.4086
1/1/2022 1:49,55.70127102,10,338.8240654,1430.6467,18.179,0.7871
1/1/2022 1:49,55.58220883,9,338.8609712,1340.1041,18.2017,-0.0601
1/1/2022 1:49,55.07807984,11,338.9384602,971.1748,18.1109,-1.973
1/1/2022 1:49,56.43218148,11,339.299338,830.0697,18.2807,-1.9311
1/1/2022 1:50,57.26684596,11,339.3156192,1036.0091,18.3231,-1.917
1/1/2022 1:50,58.22863876,16,339.4330251,1499.6906,18.2788,14.6676
1/1/2022 1:50,60.33151164,15,339.4268164,1500.8806,18.1976,12.2663
1/1/2022 1:50,60.24200861,14,339.4355477,1498.8724,18.2677,10.4893
1/1/2022 1:50,55.68437241,13,339.4278467,1496.5461,18.4776,11.1642
1/1/2022 1:50,58.34502936,13,339.4315862,1501.6998,17.9885,6.1408
1/1/2022 1:51,60.07473327,12,339.4380258,1503.3183,18.4481,5.2335
1/1/2022 1:51,56.01888268,10,339.4334159,1500.1217,18.3174,5.2217
1/1/2022 1:51,55.37088757,11,339.4287705,1500.0797,18.3449,3.1703
1/1/2022 1:51,55.41231811,14,339.4326698,1473.4779,18.2987,1.7814
1/1/2022 1:51,54.58504012,16,339.4150118,1504.5707,18.5431,4.1865
1/1/2022 1:51,53.55929667,15,339.4184493,1498.5824,18.4382,10.2654
1/1/2022 1:52,53.9447159,15,339.4129423,1495.8179,18.2434,9.8987
1/1/2022 1:52,55.63610567,12,339.4692381,1500.4256,18.2824,5.969
1/1/2022 1:52,57.62913193,14,339.3840838,1413.1831,18.0738,2.4526
1/1/2022 1:52,55.25339072,12,339.4096914,1465.891,18.485,2.1577
1/1/2022 1:52,57.33512729,14,339.4468726,1443.4509,18.2253,1.9853
1/1/2022 1:52,54.49000131,16,339.2682945,1501.6497,18.6417,12.7171
1/1/2022 1:53,54.53102638,14,339.2650169,1491.5012,18.4146,14.9643
1/1/2022 1:53,56.49746061,14,339.3098369,1499.5877,18.1472,10.0481
1/1/2022 1:53,54.00760835,15,339.3150863,1500.3085,18.2609,7.8045
1/1/2022 1:53,56.31867406,15,339.3026422,1496.5101,18.4678,9.1308
1/1/2022 1:53,54.83329798,15,339.3041788,1495.8128,18.3523,9.0885
1/1/2022 1:53,57.95195427,14,339.2941597,1501.1447,18.4031,8.4
1/1/2022 1:54,56.20307339,12,339.3406672,1500.6683,18.2738,6.743
1/1/2022 1:54,56.03318994,12,339.3456146,1495.0126,18.1845,2.4303
1/1/2022 1:54,55.21060001,14,340.9846701,1491.0627,18.4018,3.3432
1/1/2022 1:54,55.65710629,15,341.9624476,1501.6525,18.5638,3.9487
1/1/2022 1:54,55.66086283,16,341.938048,1496.2962,18.3546,15.0358
1/1/2022 1:54,56.91411553,15,341.9490088,1499.7809,18.2426,13.6682
1/1/2022 1:55,54.82522948,15,341.9401976,1499.5704,18.2789,11.9444
1/1/2022 1:55,56.95722064,14,341.9365647,1500.6295,18.2622,9.7015
1/1/2022 1:55,59.37950566,15,341.9315729,1502.0321,18.3309,8.7
1/1/2022 1:55,56.43999192,15,341.9311909,1496.1324,18.3755,8.8296
1/1/2022 1:55,59.59546528,15,341.9365914,1496.1883,18.4431,16.1482
1/1/2022 1:55,57.34019224,12,341.9383589,1499.4158,18.0361,12.2429
1/1/2022 1:56,55.42652491,13,341.955253,1497.3925,18.0239,6.6927
1/1/2022 1:56,55.96573806,15,341.9715875,1481.9879,18.2762,2.0798
1/1/2022 1:56,54.32170015,14,341.9721027,1501.643,18.6123,7.1579
1/1/2022 1:56,54.14087157,13,341.8990371,1495.6587,18.3228,12.8284
1/1/2022 1:56,54.36367606,14,341.9087365,1500.9336,18.0566,8.3478
1/1/2022 1:56,55.73519212,16,341.9078838,1501.9536,18.4996,10.8312
1/1/2022 1:57,54.32804742,14,341.9098113,1497.4929,18.3199,11.786
1/1/2022 1:57,59.06074416,14,341.9082569,1499.2041,18.2984,9.4854
1/1/2022 1:57,55.88672894,15,341.9082569,1499.4389,18.4374,9.4552
1/1/2022 1:57,58.4300403,15,341.9050415,1500.6092,18.5043,11.1056
1/1/2022 1:57,58.60847278,14,341.9021637,1499.9166,18.3336,10.9215
1/1/2022 1:57,56.69461435,15,341.9120319,1499.4461,18.3958,10.1896
1/1/2022 1:58,54.43968606,15,341.9091895,1500.8812,18.5027,11.3179
1/1/2022 1:58,53.95141051,15,341.9125915,1501.3999,18.1796,9.605
1/1/2022 1:58,53.71239083,16,341.9123516,1500.6256,18.547,11.3465
1/1/2022 1:58,54.26453886,16,341.9028742,1504.085,18.5227,12.6511
1/1/2022 1:58,53.27113447,14,341.9062051,1496.8925,18.2975,12.447
1/1/2022 1:58,53.48440458,13,341.9138439,1500.5996,18.273,10.2079
1/1/2022 1:59,57.57449757,13,341.9097314,1499.7227,18.3756,8.9619
1/1/2022 1:59,57.9063606,11,341.9125648,1501.0533,18.3457,8.5893
1/1/2022 1:59,56.74557777,11,341.9125826,1496.5257,18.0772,4.4789
1/1/2022 1:59,56.18182196,10,341.9110992,1349.2512,18.1543,0.0505
1/1/2022 1:59,56.62606624,9,341.9117565,1244.0167,18.2148,-1.4829
1/1/2022 1:59,56.07038969,9,341.9075286,1039.3084,18.1813,-2.0784
1/1/2022 2:00,55.79039889,8,341.9116499,855.412,18.2425,-2.0016
1/1/2022 2:00,57.48751798,9,341.9074042,975.4528,18.3057,-1.933
1/1/2022 2:00,54.98494961,9,341.9122983,846.4656,18.1994,-1.933
1/1/2022 2:00,54.92154301,9,341.9106018,668.8286,18.2091,-1.933
1/1/2022 2:00,54.702134,8,341.9129912,680.1083,18.2882,-1.933
1/1/2022 2:00,54.79840179,8,341.9126359,696.4249,18.2595,-1.933
1/1/2022 2:01,55.07146967,7,341.9075463,828.5114,18.3348,-1.933
1/1/2022 2:01,54.40459894,7,341.9432975,686.586,18.1772,-1.933
1/1/2022 2:01,53.87062735,6,341.9346905,581.5419,18.0268,-1.933
1/1/2022 2:01,52.4785208,8,341.9327098,476.3103,16.9187,-1.933
1/1/2022 2:01,51.14311634,6,341.9524817,383.2886,15.7209,-1.933
1/1/2022 2:01,52.45770963,7,341.9571716,403.7906,15.8905,-1.933
1/1/2022 2:02,54.34110528,10,341.939256,513.4849,17.1783,-1.933
1/1/2022 2:02,54.0993626,7,344.7257632,585.1361,18.0409,-1.933
1/1/2022 2:02,54.16066039,6,357.1056557,534.6093,17.5396,-1.933
1/1/2022 2:02,53.56187886,8,6.481425672,527.9424,17.451,-1.933
1/1/2022 2:02,53.55152746,14,7.983171993,432.7491,16.4098,-1.933
1/1/2022 2:02,54.62554035,15,7.988217124,368.9307,15.4218,-1.933
1/1/2022 2:03,55.73899821,15,8.034698057,1214.5265,18.2601,2.9485
1/1/2022 2:03,54.91362773,14,8.044939318,1498.4631,18.3246,4.6553
1/1/2022 2:03,51.86444676,12,11.34973098,482.3369,14.886,11.7224
1/1/2022 2:03,54.64277927,14,11.34698635,929.5552,16.5095,4.3756
1/1/2022 2:03,53.51804106,14,16.44884239,1395.9601,18.1803,8.9145
1/1/2022 2:03,53.74846214,13,17.93945354,1500.1859,18.3195,8.3146
1/1/2022 2:04,54.45689724,12,18.52094101,1499.1504,18.2475,6.3072
1/1/2022 2:04,54.20656772,11,18.73044656,1500.3746,18.3809,4.5678
1/1/2022 2:04,55.85917193,11,18.71992995,1485.8806,18.2221,1.4786
1/1/2022 2:04,55.79174156,12,18.70980416,1391.8101,18.2705,0.6413
1/1/2022 2:04,57.70754492,13,18.70427939,1157.472,18.2205,-1.9406
1/1/2022 2:04,55.71092368,12,18.69161327,1455.8747,18.6588,3.3052
1/1/2022 2:05,55.69861955,12,18.69313213,1498.2483,18.2656,4.6637
1/1/2022 2:05,55.8857967,13,18.6854312,1410.7894,18.1991,0.7204
1/1/2022 2:05,56.19244956,13,18.69041416,1399.5707,18.2879,0.0517
1/1/2022 2:05,55.81706778,12,18.6776681,1469.5102,18.3163,0.8542
1/1/2022 2:05,56.16372094,11,18.68945487,1447.558,18.3002,0.7355
1/1/2022 2:05,55.79835723,11,18.67551859,1349.1028,18.2496,0.1447
1/1/2022 2:06,56.94545274,11,18.66627214,1216.8809,18.2269,-1.9533
1/1/2022 2:06,56.87496449,12,18.71075457,1292.7825,18.3285,-1.4834
1/1/2022 2:06,55.81059564,11,19.0629698,1412.0521,18.2926,-0.139
1/1/2022 2:06,55.42837611,11,22.16387158,1486.5112,18.3464,0.9881
1/1/2022 2:06,56.03826756,12,30.50555536,1376.3208,18.2224,0.2283
1/1/2022 2:06,57.05970673,11,44.57231322,1341.7419,18.268,-1.0702
1/1/2022 2:07,55.8705755,12,47.75192237,1472.2431,18.3561,0.9369
1/1/2022 2:07,55.34609803,15,47.73985136,1453.2129,18.3418,1.0105
1/1/2022 2:07,55.12699498,14,47.69000405,1497.679,18.5953,3.6051
1/1/2022 2:07,54.17588383,13,47.66661703,1496.6742,18.4393,7.8641
1/1/2022 2:07,54.98801791,12,47.66790496,1501.6213,18.2345,4.4641
1/1/2022 2:07,54.43832065,11,47.66778949,1497.9794,18.3869,4.0381
1/1/2022 2:08,56.41000243,12,47.66283318,1282.7334,18.1047,-0.511
1/1/2022 2:08,56.01201796,13,47.66022179,1437.0595,18.4136,0.9009
1/1/2022 2:08,55.64616208,13,47.66524916,1437.7291,18.4485,1.9827
1/1/2022 2:08,54.59686129,13,47.65828545,1500.1823,18.3833,3.7899
1/1/2022 2:08,54.4319762,15,47.66433428,1499.4213,18.4738,5.1872
1/1/2022 2:08,53.85460031,15,47.65959115,1497.4122,18.5242,7.1787
1/1/2022 2:09,55.38995926,14,47.66229136,1501.9867,18.5286,10.0985
1/1/2022 2:09,53.84430331,14,47.66594197,1499.4423,18.3468,10.106
1/1/2022 2:09,56.99351357,14,47.65739723,1499.678,18.393,8.9658
1/1/2022 2:09,56.40600509,15,47.65755711,1498.3996,18.4441,8.9304
1/1/2022 2:09,55.76294078,14,47.65954674,1503.3008,18.3664,9.1861
1/1/2022 2:09,53.96743927,13,47.65135728,1497.5696,18.3044,7.9857
1/1/2022 2:10,54.50944072,13,47.65569183,1500.2104,18.3157,7.4131
1/1/2022 2:10,56.55634888,11,47.6533025,1501.8689,18.3401,5.4074
1/1/2022 2:10,55.74539936,11,47.73671592,1493.5603,18.212,2.5986
1/1/2022 2:10,55.3993596,10,47.69432083,1410.8893,18.2394,0.404
1/1/2022 2:10,55.93249862,8,47.99545562,1361.5014,18.2463,-0.4699
1/1/2022 2:10,55.88839144,8,48.4266731,999.7159,18.0938,-1.7968
1/1/2022 2:11,56.37672663,8,50.1973627,766.1983,18.2199,-1.9761
1/1/2022 2:11,55.58237746,7,51.87501518,693.2279,18.2319,-1.9554
1/1/2022 2:11,55.42061957,7,52.93417777,646.2421,18.2476,-1.955
1/1/2022 2:11,54.87056813,8,52.93934725,572.5373,17.9264,-1.955
1/1/2022 2:11,53.34272891,8,53.58253415,474.1728,16.8577,-1.955
1/1/2022 2:11,53.24651688,11,56.15061746,425.8307,16.2296,-1.955
1/1/2022 2:12,56.83663415,13,56.13015271,643.6908,17.5622,-1.955
1/1/2022 2:12,57.14445601,13,56.13581071,1185.0477,18.4411,-1.4445
1/1/2022 2:12,58.3649778,13,56.14297871,1202.2988,18.2435,-1.9199
1/1/2022 2:12,57.54921073,12,56.14326294,1314.6187,18.3453,-1.0671
1/1/2022 2:12,55.66933323,11,56.12863384,1439.7696,18.3191,0.9361
1/1/2022 2:12,56.75939034,11,56.12556057,1337.3595,18.2511,-0.8559
1/1/2022 2:13,55.73993507,12,56.10461617,1419.305,18.3034,-0.03
1/1/2022 2:13,56.39425528,11,56.09973092,1406.7346,18.2638,0.115
1/1/2022 2:13,54.70505388,11,56.09865617,1499.3888,18.4639,3.0885
1/1/2022 2:13,55.78800649,10,56.09978422,1498.5296,18.3593,2.3103
1/1/2022 2:13,56.69850279,11,56.10116097,1468.6704,18.3047,1.1205
1/1/2022 2:13,55.74429894,10,56.12333112,1467.6264,18.3188,0.9117
1/1/2022 2:14,56.1409552,9,56.13700982,1333.0768,18.2121,-0.3848
1/1/2022 2:14,57.1069703,8,56.10509581,1111.3568,18.1616,-1.9977
1/1/2022 2:14,55.21112499,10,56.14234807,818.39,18.1892,-2.0493
1/1/2022 2:14,55.67578712,13,56.1137738,718.6229,18.2379,-2.0622
1/1/2022 2:14,57.09375445,10,62.4801005,1106.1604,18.4723,-1.5928
1/1/2022 2:14,57.10713249,12,72.87284702,1234.7694,18.2165,-0.7226
1/1/2022 2:15,58.95683307,12,73.949324,1039.9967,18.2402,-2.0239
1/1/2022 2:15,57.15649295,13,73.94920853,1324.7029,18.4059,-0.761
1/1/2022 2:15,55.91255028,14,73.94347947,1426.4213,18.3311,0.7586
1/1/2022 2:15,54.71679417,12,73.95956526,1494.6844,18.4477,4.2386
1/1/2022 2:15,55.07307644,12,73.9619013,1493.9288,18.3609,2.4235
1/1/2022 2:15,56.38936229,14,73.95610118,1368.5974,18.2207,0.1041
1/1/2022 2:16,56.92348539,15,73.96864295,1499.2563,18.5037,2.8465
1/1/2022 2:16,56.36134877,15,73.95849939,1498.185,18.536,7.2241
1/1/2022 2:16,56.13581072,13,73.95396943,1499.9589,18.3902,6.8622
1/1/2022 2:16,57.06197321,14,73.96080878,1498.8659,18.3383,6.0976
1/1/2022 2:16,58.19799181,15,73.94705902,1502.1616,18.4441,4.6996
1/1/2022 2:16,57.3179563,14,73.96700861,1502.6561,18.5506,8.6767
1/1/2022 2:17,56.85889737,15,73.94693467,1498.6534,18.3076,8.1782
1/1/2022 2:17,54.36269483,15,73.96042684,1498.6758,18.3933,7.8645
1/1/2022 2:17,54.65871865,14,73.9642551,1498.6058,18.4226,8.2864
1/1/2022 2:17,55.03132982,13,73.96389093,1498.6134,18.3017,7.8131
1/1/2022 2:17,55.53504934,12,73.96353564,1501.3289,18.3434,4.3046
1/1/2022 2:17,55.11214848,10,73.95362302,1494.5621,18.2989,5.9022
1/1/2022 2:18,58.86276256,12,73.96938017,1188.9448,18.0573,-1.2091
1/1/2022 2:18,57.95570504,13,73.97147639,1271.5821,18.3339,-1.3728
1/1/2022 2:18,55.11513571,12,73.97796045,1498.3492,18.4994,3.6654
1/1/2022 2:18,56.86293079,14,73.9770811,1417.7116,18.2015,0.6567
1/1/2022 2:18,57.05837135,13,73.98017214,1459.2992,18.3825,1.063
1/1/2022 2:18,57.10149413,12,73.98292564,1499.6875,18.5129,5.2829
1/1/2022 2:19,57.50009899,12,73.98180647,1485.5243,18.2609,3.4646
1/1/2022 2:19,58.23063364,13,73.97926614,1248.0301,18.1497,-0.8739
1/1/2022 2:19,56.19941693,14,73.96164372,1450.1677,18.5972,2.4849
1/1/2022 2:19,54.809196,13,73.97774728,1501.924,18.3863,5.2221
1/1/2022 2:19,54.40980923,13,73.96922029,1499.0525,18.3448,5.016
1/1/2022 2:19,57.28539623,12,73.96828765,1476.3632,18.267,1.3956
1/1/2022 2:20,58.68988776,14,73.9798879,1345.5268,18.2439,-0.4506
1/1/2022 2:20,56.51251997,13,73.9800389,1453.611,18.3591,1.0791
1/1/2022 2:20,54.58822202,13,73.96784354,1498.2902,18.5687,6.0746
1/1/2022 2:20,54.01811124,11,73.99571611,1499.0651,18.4435,7.3109
1/1/2022 2:20,55.97812157,11,73.99048445,1499.0832,18.1786,3.1757
1/1/2022 2:20,55.7455931,12,74.00577973,1452.9396,18.258,0.8595
1/1/2022 2:21,55.6779362,11,73.98940082,1467.8276,18.2924,0.7337
1/1/2022 2:21,55.30947261,11,73.98841488,1493.6534,18.4356,3.2987
1/1/2022 2:21,55.90679542,10,73.97580206,1383.0546,18.1903,0.0771
1/1/2022 2:21,56.65430617,9,73.9792395,1175.4678,18.1721,-1.6576
1/1/2022 2:21,55.46068505,9,73.9958227,780.0152,18.1109,-1.9599
1/1/2022 2:21,55.44970249,11,73.97110334,823.8266,18.3237,-1.9469
1/1/2022 2:22,56.26810333,12,73.98567914,882.4206,18.2829,-1.944
1/1/2022 2:22,57.25567072,11,73.98106925,1160.7449,18.3924,-1.8612
1/1/2022 2:22,56.06608198,11,73.98990711,1370.2851,18.3082,-0.0791
1/1/2022 2:22,57.57382136,10,73.96770143,1212.6949,18.2382,-1.882
1/1/2022 2:22,57.0412424,9,73.98147783,1268.6476,18.2624,-1.419
1/1/2022 2:22,56.7204413,9,74.01196179,1095.8613,18.2191,-2.039
1/1/2022 2:23,55.70538575,10,74.02333998,1040.896,18.2316,-1.9669
1/1/2022 2:23,56.3698542,9,74.02517861,906.8589,18.2407,-1.9552
1/1/2022 2:23,57.26151948,11,74.03525111,1067.7514,18.3257,-1.955
1/1/2022 2:23,57.1622509,11,74.02885587,976.5532,18.2227,-1.955
1/1/2022 2:23,56.44909149,9,74.01702469,1224.4206,18.3838,-1.6112
1/1/2022 2:23,56.50910162,8,74.01671381,1181.2612,18.2083,-1.9649
1/1/2022 2:24,55.390521,8,74.02205205,938.0465,18.1845,-1.9978
1/1/2022 2:24,55.41859915,10,74.02039995,699.6214,18.1868,-1.9829
1/1/2022 2:24,54.84398601,12,74.01871232,611.1825,18.1815,-1.98
1/1/2022 2:24,56.6474325,11,74.02526743,781.2103,18.3526,-1.98
1/1/2022 2:24,55.8257889,8,74.02385515,1074.8023,18.3001,-1.9572
1/1/2022 2:24,54.27396789,10,74.02255834,562.5574,17.7197,-1.9163
1/1/2022 2:25,55.80662267,12,74.02616454,565.0383,17.7116,-1.9059
1/1/2022 2:25,57.24503073,11,74.01937849,1075.5996,18.4287,-1.9121
1/1/2022 2:25,56.81158454,10,74.02523191,1217.9524,18.2768,-1.7911
1/1/2022 2:25,56.47081807,10,74.0219277,956.8595,18.1898,-2.0049
1/1/2022 2:25,56.20896453,9,74.02349098,1065.4219,18.2922,-1.9831
1/1/2022 2:25,56.04356485,9,74.03130738,895.7639,18.2322,-1.981
1/1/2022 2:26,55.61592,8,74.03295948,868.5616,18.2358,-1.981
1/1/2022 2:26,55.75448744,7,74.04530584,723.9272,18.2357,-1.981
1/1/2022 2:26,55.50189228,7,74.26909482,695.831,18.2333,-1.981
1/1/2022 2:26,55.26124995,8,74.41792606,613.8415,18.1627,-1.981
1/1/2022 2:26,53.21085734,8,74.38136663,505.8319,17.2586,-1.981
1/1/2022 2:26,52.41803163,8,74.37335482,437.564,16.3898,-1.981
1/1/2022 2:27,53.15774482,11,74.37409205,494.2655,17.0312,-1.981
1/1/2022 2:27,55.47741942,11,74.36700399,657.1796,17.7468,-1.981
1/1/2022 2:27,57.07205871,9,74.38079816,1167.6713,18.3886,-1.9604
1/1/2022 2:27,56.88691712,8,74.41003861,1028.9867,18.2221,-1.9199
1/1/2022 2:27,57.20127457,7,74.41741089,1016.534,18.2612,-1.9045
1/1/2022 2:27,57.60804251,5,74.42045751,1016.9848,18.2345,-1.921
1/1/2022 2:28,57.07478013,8,74.42004893,827.4051,18.241,-1.921
1/1/2022 2:28,57.85257337,14,92.7277332,1237.9534,18.181,-0.9175
1/1/2022 2:28,55.80932288,13,92.71849564,1433.7461,18.571,2.3861
1/1/2022 2:28,55.65447766,12,92.71449862,1495.4736,18.3959,2.9363
1/1/2022 2:28,55.12647412,11,92.72535275,1498.2774,18.3652,4.7323
1/1/2022 2:28,56.56394824,11,92.72039645,1361.1014,18.1459,-0.0297
1/1/2022 2:29,55.8664615,10,92.74490264,1376.2101,18.2637,-0.1103
1/1/2022 2:29,57.35380275,13,92.74481381,1342.6507,18.2553,-0.8087
1/1/2022 2:29,55.90199346,16,92.72478429,1465.3398,18.3984,0.9184
1/1/2022 2:29,57.19932229,16,92.70960448,1501.3277,18.7908,9.8071
1/1/2022 2:29,55.31887432,16,92.70997754,1501.8943,18.4265,10.521
1/1/2022 2:29,54.0418282,15,92.70972884,1500.4899,18.3166,9.9954
1/1/2022 2:30,54.10093029,16,92.69911452,1497.7401,18.3367,9.7772
1/1/2022 2:30,57.53700055,15,92.7101996,1503.6693,18.5179,9.9576
1/1/2022 2:30,55.18826436,16,92.70247202,1500.5204,18.3825,9.2212
1/1/2022 2:30,54.33892389,12,92.71107006,1499.5848,18.3248,8.9499
1/1/2022 2:30,57.04048307,9,92.70053568,1452.5047,17.9758,4.389
1/1/2022 2:30,58.35873049,8,92.70662004,1113.1566,18.0729,-1.5017
1/1/2022 2:31,56.65332123,10,92.71385021,916.2335,18.1994,-1.9954
1/1/2022 2:31,58.91773342,11,92.70818332,849.6756,18.2634,-1.972
1/1/2022 2:31,57.40368492,11,92.73143711,1005.7558,18.3309,-1.972
1/1/2022 2:31,56.88050282,10,92.73059329,1249.5566,18.3334,-1.6176
1/1/2022 2:31,57.22165373,8,92.73783235,1088.5044,18.2257,-2.0307
1/1/2022 2:31,56.04335975,9,92.73268063,791.8795,18.1269,-1.9579
1/1/2022 2:32,54.48566251,12,92.73519431,574.9006,17.9458,-1.944
1/1/2022 2:32,56.50283183,13,92.74598627,764.2398,18.1143,-1.9426
1/1/2022 2:32,55.00274706,14,92.70984431,1484.5174,18.6901,3.2472
1/1/2022 2:32,54.2734708,13,92.70338689,1503.3787,18.4823,6.2352
1/1/2022 2:32,54.42572065,13,92.71598196,1501.0066,18.3446,6.0159
1/1/2022 2:32,54.54711531,14,92.70217002,1499.8137,18.318,4.2945
1/1/2022 2:33,54.17708316,14,92.70698421,1501.1758,18.5419,6.291
1/1/2022 2:33,53.7611669,14,92.71890422,1501.1513,18.4076,6.8229
1/1/2022 2:33,53.7514717,13,92.7230256,1498.5521,18.3502,7.4217
1/1/2022 2:33,56.33548958,12,92.71080359,1500.1306,18.3248,5.0132
1/1/2022 2:33,54.65104677,11,92.72444676,1498.2276,18.4217,5.3972
1/1/2022 2:33,55.70494893,10,92.72077838,1461.0255,18.1806,2.2608
1/1/2022 2:34,56.554143,10,92.70792573,1281.9939,18.1836,-0.8388
1/1/2022 2:34,57.94238333,11,92.70371554,1219.7964,18.2439,-1.9493
1/1/2022 2:34,57.5497152,11,92.70007381,1282.6724,18.2952,-1.8142
1/1/2022 2:34,57.75357266,13,92.70412412,1164.289,18.2226,-2.0451
1/1/2022 2:34,57.66190543,11,92.71358374,1231.2187,18.2901,-1.964
1/1/2022 2:34,56.95182827,12,92.71418774,1317.205,18.3058,-1.1746
1/1/2022 2:35,56.46652201,13,92.70975548,1001.2695,18.1018,-1.8878
1/1/2022 2:35,57.27510008,14,92.7034846,1105.7543,18.4168,-1.4347
1/1/2022 2:35,54.48393118,14,92.70572293,1493.4384,18.6221,4.9512
1/1/2022 2:35,54.6780488,13,92.7080945,1498.621,18.3534,4.3101
1/1/2022 2:35,56.74556419,14,92.70035804,1353.2542,18.1144,0.0686
1/1/2022 2:35,57.23796603,13,92.70635357,1481.5485,18.436,1.9156
1/1/2022 2:36,58.12614793,13,92.71364592,1332.3904,18.1652,-0.0307
1/1/2022 2:36,57.27928788,11,92.71031507,1402.3973,18.496,1.3841
1/1/2022 2:36,57.61295817,11,92.71231358,1365.9638,18.166,0.2159
1/1/2022 2:36,58.03095378,12,92.71428544,1179.5948,18.175,-1.52
1/1/2022 2:36,57.88277567,12,92.70718851,1099.9821,18.2478,-2.0266
1/1/2022 2:36,57.64399604,12,92.70763262,1303.1939,18.3383,-0.8979
1/1/2022 2:37,58.18029062,11,92.71825582,1295.6533,18.302,-1.4547
1/1/2022 2:37,56.94553951,12,92.70487023,1230.9506,18.1946,-0.9294
1/1/2022 2:37,56.72573945,12,92.70169926,1264.4248,18.3389,-1.3613
1/1/2022 2:37,57.33326565,12,92.70686874,1310.0724,18.243,-0.8441
1/1/2022 2:37,56.75411065,11,92.71007524,1344.9962,18.2844,-0.9565
1/1/2022 2:37,56.66954016,12,92.70923143,1331.6652,18.2611,-0.8752
1/1/2022 2:38,56.57774226,11,92.70844979,1421.8431,18.3298,-0.0011
1/1/2022 2:38,55.90105968,11,92.7080945,1431.2739,18.2626,0.5445
1/1/2022 2:38,56.63059932,11,92.69909676,1366.6329,18.2331,-0.1413
1/1/2022 2:38,57.43346332,11,92.70332472,1255.9838,18.2259,-1.6911
1/1/2022 2:38,57.47954131,11,92.71140759,1135.0519,18.22,-2.0696
1/1/2022 2:38,56.96679826,12,92.70915149,1236.9271,18.3574,-1.4953
1/1/2022 2:39,55.56254685,12,92.70911596,1472.0566,18.3526,1.0075
1/1/2022 2:39,55.92300074,10,92.71347715,1451.1976,18.3024,0.8461
1/1/2022 2:39,56.98601174,8,92.7230256,1281.2931,18.1754,-0.6302
1/1/2022 2:39,56.1959707,9,92.72722691,1079.6315,18.2021,-2.088
1/1/2022 2:39,56.33745755,8,92.717563,1061.5495,18.2739,-1.9792
1/1/2022 2:39,56.02625968,10,92.70471923,910.8607,18.2065,-1.952
1/1/2022 2:40,55.94320323,10,92.71344163,1023.0468,18.3157,-1.952
1/1/2022 2:40,55.73851579,9,92.72518399,929.8051,18.2304,-1.952
1/1/2022 2:40,55.77469582,10,92.71639054,827.4116,18.2195,-1.952
1/1/2022 2:40,55.91987759,12,92.71998786,809.4301,18.2809,-1.952
1/1/2022 2:40,57.52059444,11,92.70830767,1107.9411,18.3999,-1.9454
1/1/2022 2:40,57.25914058,11,92.72369177,1354.3941,18.3366,-0.8914
1/1/2022 2:41,57.09360659,11,92.7260811,1290.5627,18.2476,-1.416
1/1/2022 2:41,56.57158177,10,92.72251043,969.5747,18.2672,-2.028
1/1/2022 2:41,56.26042733,10,92.73609142,1086.0401,18.3195,-2.028
1/1/2022 2:41,55.51845335,10,92.73085088,925.0733,18.1761,-2.028
1/1/2022 2:41,56.38282698,10,92.72891455,822.2678,18.272,-2.028
1/1/2022 2:41,56.27503398,11,92.7207695,1154.3606,18.3634,-1.9939
1/1/2022 2:42,57.3065063,12,92.7189664,1099.5812,18.2607,-1.9432
1/1/2022 2:42,58.16241629,12,92.70815667,1124.1972,18.2845,-1.9215
1/1/2022 2:42,58.30747978,13,92.71520032,1214.3095,18.2994,-1.949
1/1/2022 2:42,57.33024722,13,92.70702862,1401.9374,18.3473,-0.1411
1/1/2022 2:42,55.53354507,14,92.70118409,1500.3413,18.4973,3.1203
1/1/2022 2:42,54.20095703,13,92.71850452,1500.0997,18.4375,5.4016
1/1/2022 2:43,56.38154712,15,92.7066378,1481.6464,18.2009,1.9267
1/1/2022 2:43,54.2518505,15,92.71461409,1499.2671,18.6425,6.6054
1/1/2022 2:43,54.80085508,15,92.70304937,1500.0904,18.4859,7.9971
1/1/2022 2:43,54.21268344,15,92.70486135,1501.4677,18.3426,8.3505
1/1/2022 2:43,55.52578953,13,92.70685098,1495.0248,18.3107,6.5144
1/1/2022 2:43,55.46424079,13,92.70994201,1499.2335,18.2577,4.1981
1/1/2022 2:44,55.35903029,11,92.71301528,1498.0947,18.3937,3.9841
1/1/2022 2:44,56.158803,12,92.71760741,1440.3039,18.2201,1.0806
1/1/2022 2:44,57.17658874,12,92.71339721,1315.3558,18.2282,-0.81
1/1/2022 2:44,56.36493117,14,92.69943428,1469.1015,18.3489,0.757
1/1/2022 2:44,56.9423208,14,92.71949934,1464.1564,18.3704,1.2585
1/1/2022 2:44,49.5058636,7,117.1523576,279.6268,14.1683,-1.939
1/1/2022 2:45,48.36607347,9,117.1494619,244.2513,13.4839,-1.939
1/1/2022 2:45,49.47134847,10,117.1631406,253.527,13.6466,-1.939
1/1/2022 2:45,52.45675368,9,117.1679193,341.3857,14.9282,-1.939
1/1/2022 2:45,54.90124479,9,117.1722183,534.5549,17.371,-1.939
1/1/2022 2:45,55.16738382,7,117.1499238,665.2586,18.2378,-1.939
1/1/2022 2:45,54.4635854,7,117.1160202,574.0811,17.978,-1.939
1/1/2022 2:46,53.86934207,7,117.1182141,527.1633,17.4822,-1.939
1/1/2022 2:46,52.13575338,8,117.1143681,448.4693,16.5636,-1.939
1/1/2022 2:46,51.5655217,9,117.1085857,376.9677,15.6324,-1.939
1/1/2022 2:46,52.14564172,8,117.1167841,386.6347,15.6854,-1.939
1/1/2022 2:46,53.11510693,8,117.1110639,455.1093,16.5666,-1.939
1/1/2022 2:46,52.66880483,7,117.1163932,469.9298,16.7935,-1.939
1/1/2022 2:47,51.64191776,7,117.1181875,425.5612,16.2595,-1.939
1/1/2022 2:47,50.91964905,8,117.2557916,376.4341,15.622,-1.939
1/1/2022 2:47,51.44888758,8,118.5392445,370.2595,15.4847,-1.939
1/1/2022 2:47,52.7822134,9,118.5304866,425.164,16.1656,-1.939
1/1/2022 2:47,54.30694806,8,118.5338174,537.0251,17.4911,-1.939
1/1/2022 2:47,55.12828856,8,118.5354606,615.7092,18.1552,-1.939
1/1/2022 2:48,54.22698547,10,118.535887,540.2174,17.6179,-1.939
1/1/2022 2:48,53.58182433,11,118.5346435,508.3096,17.2386,-1.939
1/1/2022 2:48,55.24209357,9,118.5366864,608.8737,17.681,-1.939
1/1/2022 2:48,55.1076837,10,118.5312505,726.7331,18.2401,-1.939
1/1/2022 2:48,55.27710951,8,119.0733548,628.4822,18.2322,-1.939
1/1/2022 2:48,55.70317935,10,119.4422785,777.8689,18.3417,-1.939
1/1/2022 2:49,55.6889146,9,119.4316642,816.7805,18.2498,-1.939
1/1/2022 2:49,55.0745015,9,119.4173371,706.6353,18.2384,-1.939
1/1/2022 2:49,55.28392343,10,119.389349,716.3024,18.2711,-1.939
1/1/2022 2:49,55.61583665,10,119.4102757,796.0169,18.3074,-1.939
1/1/2022 2:49,55.57721197,9,119.4423673,853.1316,18.2871,-1.939
1/1/2022 2:49,55.86355159,8,119.4533636,891.9235,18.2673,-1.939
1/1/2022 2:50,55.16872794,9,119.4466219,697.5817,18.167,-1.939
1/1/2022 2:50,55.00806912,11,119.4540031,602.5285,18.108,-1.939
1/1/2022 2:50,55.70115069,11,119.462459,694.1806,18.2806,-1.939
1/1/2022 2:50,55.45275033,9,119.4206591,805.79,18.2856,-1.939
1/1/2022 2:50,55.49072024,9,119.4434421,600.5175,18.1329,-1.939
1/1/2022 2:50,55.07890164,9,119.4276228,655.3345,18.2738,-1.939
1/1/2022 2:51,55.2515432,8,119.4386545,705.8574,18.29,-1.939
1/1/2022 2:51,55.37611645,8,119.4590216,667.72,18.2579,-1.939
1/1/2022 2:51,55.01673526,8,119.441186,704.4703,18.2442,-1.939
1/1/2022 2:51,53.38182596,8,119.420739,539.5979,17.6128,-1.939
1/1/2022 2:51,52.52320823,7,119.4141572,463.033,16.7329,-1.939
1/1/2022 2:51,52.27530448,6,119.4106221,424.8815,16.2394,-1.939
1/1/2022 2:52,52.21682428,7,119.4101158,430.4234,16.2852,-1.939
1/1/2022 2:52,50.78750442,7,119.4418966,392.8555,15.8656,-1.939
1/1/2022 2:52,49.97033337,7,119.4336183,333.8776,15.0002,-1.939
1/1/2022 2:52,49.09866012,5,119.443975,294.0616,14.3918,-1.939
1/1/2022 2:52,48.11154289,8,119.4452097,256.0379,13.7542,-1.939
1/1/2022 2:52,47.72094258,7,119.3913742,219.0475,13.0558,-1.939
1/1/2022 2:53,48.64792997,7,119.5389701,216.5574,12.9209,-1.939
1/1/2022 2:53,49.5457324,9,120.0097758,270.7643,13.9212,-1.939
1/1/2022 2:53,50.78630131,9,120.0571538,294.7897,14.3265,-1.939
1/1/2022 2:53,52.89481232,10,119.9583918,382.5385,15.5791,-1.939
1/1/2022 2:53,53.88372748,9,120.03398,476.4427,16.8146,-1.939
1/1/2022 2:53,53.34424382,7,120.0288016,506.9935,17.2159,-1.939
1/1/2022 2:54,52.07296072,8,120.0344152,427.1229,16.2928,-1.939
1/1/2022 2:54,50.12694271,7,120.0277802,350.9167,15.2696,-1.939
1/1/2022 2:54,48.64145879,8,120.0322124,245.7961,13.5634,-1.939
1/1/2022 2:54,46.9129338,8,120.0261636,211.7824,12.8965,-1.939
1/1/2022 2:54,47.65012271,7,120.0350636,183.891,12.2727,-1.939
1/1/2022 2:54,49.47343897,9,120.030658,227.8155,13.1117,-1.939
1/1/2022 2:55,50.54281273,10,120.0291747,284.8737,14.1715,-1.939
1/1/2022 2:55,51.2024126,10,120.0350192,318.6292,14.7188,-1.939
1/1/2022 2:55,54.36618623,11,120.0302938,442.5685,16.2483,-1.939
1/1/2022 2:55,56.36514807,11,120.0078039,758.2972,18.1688,-1.939
1/1/2022 2:55,56.37347669,10,120.0161799,894.8836,18.2978,-1.939
1/1/2022 2:55,56.00663877,10,120.0162687,869.7846,18.2429,-1.939
1/1/2022 2:56,55.19152293,11,120.0118631,595.6066,18.0493,-1.939
1/1/2022 2:56,55.70629449,12,120.0194308,702.9035,18.1307,-1.939
1/1/2022 2:56,56.10502156,12,120.000556,838.9385,18.2704,-1.939
1/1/2022 2:56,57.30410931,12,120.0027854,1179.2494,18.4302,-1.7272
1/1/2022 2:56,57.09200037,11,119.9924554,1084.7635,18.2149,-2.0146
1/1/2022 2:56,55.82939756,11,119.9966833,820.498,18.1452,-2
1/1/2022 2:57,56.54480238,12,120.009385,979.2218,18.3482,-1.9917
1/1/2022 2:57,57.370506,13,119.9946582,1012.9095,18.295,-1.992
1/1/2022 2:57,56.54457715,12,119.9772311,1372.2933,18.3893,-0.7365
1/1/2022 2:57,55.8394697,11,119.9504689,1437.2494,18.289,0.5203
1/1/2022 2:57,56.71244437,10,119.9361329,1268.3687,18.1932,-0.9265
1/1/2022 2:57,55.78212843,9,119.9451573,838.629,18.0704,-2.0657
1/1/2022 2:58,55.19123256,11,119.9581876,646.7419,18.147,-2.0833
1/1/2022 2:58,56.72518134,11,119.9360973,694.974,18.1906,-2.0889
1/1/2022 2:58,57.26380343,11,119.937101,1027.1959,18.3958,-2.089
1/1/2022 2:58,57.15076677,13,119.9683933,1105.8816,18.2689,-2.089
1/1/2022 2:58,57.46879289,11,119.956873,1289.6249,18.3601,-1.4151
1/1/2022 2:58,57.28760753,12,119.9435762,1141.7309,18.1374,-1.5732
1/1/2022 2:59,57.67799836,11,119.9676472,873.9681,18.2452,-1.9938
1/1/2022 2:59,56.85862793,9,121.9094429,1254.0323,18.3749,-1.1841
1/1/2022 2:59,55.78939177,12,122.3711813,885.3076,18.14,-2.0022
1/1/2022 2:59,57.52496799,13,122.3252955,928.5108,18.3149,-1.9466
1/1/2022 2:59,57.59338519,14,122.3181275,1365.0809,18.3991,-0.5749
1/1/2022 2:59,55.6128767,13,122.3323036,1486.4449,18.5012,2.5883
1/1/2022 3:00,56.27799978,13,122.2918182,1494.04,18.2705,2.2154
1/1/2022 3:00,55.4728679,13,122.2934614,1497.2491,18.4649,3.6305
1/1/2022 3:00,57.92077111,14,122.2987375,1223.7161,18.0958,-1.0596
1/1/2022 3:00,56.41938345,11,122.2996079,1423.4561,18.4033,0.1835
1/1/2022 3:00,56.4219352,11,122.2982578,1374.6753,18.2409,0.4339
1/1/2022 3:00,57.91537023,12,122.2952112,1114.3757,18.1869,-1.9314
1/1/2022 3:01,57.54826138,11,122.3150897,1195.5418,18.3132,-2.0086
1/1/2022 3:01,57.38986419,13,122.3133932,1122.4426,18.2224,-2.0058
1/1/2022 3:01,57.70399057,12,122.2979469,1243.8494,18.3383,-1.8338
1/1/2022 3:01,57.78732882,12,122.2974495,1235.0963,18.2487,-2.0104
1/1/2022 3:01,57.37657894,11,122.292884,1181.7884,18.256,-2.0444
1/1/2022 3:01,56.68960594,10,122.3023081,1096.5862,18.2195,-2.0378
1/1/2022 3:02,56.18264662,10,122.2932571,982.1106,18.2246,-2.0353
1/1/2022 3:02,56.85177173,9,122.2978848,844.1456,18.2277,-2.0338
1/1/2022 3:02,55.55544867,9,122.2927863,842.55,18.242,-2.034
1/1/2022 3:02,55.96075447,10,122.3060565,782.9465,18.2815,-2.034
1/1/2022 3:02,55.96539813,10,122.2993859,817.3087,18.2696,-2.034
1/1/2022 3:02,55.88731584,11,122.3031608,785.1101,18.2426,-2.034
1/1/2022 3:03,56.31988426,12,122.3415944,814.7953,18.2985,-2.034
1/1/2022 3:03,57.5239866,12,125.7801197,1103.0801,18.3876,-2.0257
1/1/2022 3:03,57.54821851,11,131.4609638,1247.4576,18.2773,-1.0803
1/1/2022 3:03,57.90237147,11,134.0054485,1275.2443,18.3127,-1.5235
1/1/2022 3:03,58.32930407,11,133.8873231,1103.0413,18.179,-2.0334
1/1/2022 3:03,56.56783714,12,133.8475128,1313.1499,18.3563,-0.4438
1/1/2022 3:04,55.23007194,13,133.8359392,1460.838,18.4457,1.5799
1/1/2022 3:04,55.66129132,12,133.8371028,1500.0074,18.4027,2.2517
1/1/2022 3:04,55.78556663,12,133.704597,1491.8435,18.4131,4.0298
1/1/2022 3:04,56.20192979,13,133.6802951,1484.7554,18.3455,2.2847
1/1/2022 3:04,57.73117756,13,133.6744506,1411.4012,18.2447,0.4427
1/1/2022 3:04,55.30943428,13,133.6812722,1495.8771,18.4757,3.3806
1/1/2022 3:05,55.02751298,12,133.6810945,1499.1077,18.3949,3.8726
1/1/2022 3:05,56.97550809,11,133.6800642,1392.177,18.1783,0.2573
1/1/2022 3:05,57.37914256,10,133.6760938,1296.5101,18.2228,-1.0003
1/1/2022 3:05,57.29479269,11,133.6619266,1095.107,18.1919,-2.0145
1/1/2022 3:05,57.61962056,12,133.691247,1125.5409,18.2954,-1.9811
1/1/2022 3:05,57.22661132,10,133.6809702,1257.5175,18.318,-1.9437
1/1/2022 3:06,57.2082235,9,133.6906963,1105.0826,18.1919,-2.0794
1/1/2022 3:06,55.92131439,10,138.7724487,993.6329,18.2249,-1.975
1/1/2022 3:06,55.94242843,12,138.7740387,1003.4483,18.3133,-1.9521
1/1/2022 3:06,56.58787363,13,138.7796256,1161.2142,18.3313,-1.7275
1/1/2022 3:06,55.50593604,11,138.7783555,1439.7397,18.3498,0.481
1/1/2022 3:06,54.05219715,13,138.7781689,1497.0631,18.5161,4.2574
1/1/2022 3:07,54.20976999,12,138.7828943,1501.0106,18.4948,4.9066
1/1/2022 3:07,53.22672418,11,138.7818995,1500.3186,18.3483,5.7927
1/1/2022 3:07,54.933711,11,138.7732481,1497.9293,18.2396,2.7315
1/1/2022 3:07,54.87082274,10,138.773559,1467.238,18.3144,1.0012
1/1/2022 3:07,54.87643078,9,138.7811445,1436.4768,18.2685,0.354
1/1/2022 3:07,56.22101553,8,138.7738344,1271.9918,18.2033,-1.1346
1/1/2022 3:08,55.95823334,7,138.78714,1013.8342,18.1223,-2.0487
1/1/2022 3:08,54.75604899,7,138.7885878,781.1161,18.2362,-2.0727
1/1/2022 3:08,54.90411713,7,138.7901778,790.6535,18.2961,-2.0848
1/1/2022 3:08,55.26589312,9,138.7871578,1039.7131,18.3352,-2.086
1/1/2022 3:08,55.59988355,10,138.7871578,1032.0329,18.2791,-2.086
1/1/2022 3:08,55.95276213,10,138.787895,1097.6491,18.3056,-2.0657
1/1/2022 3:09,56.05023532,11,138.7866248,1259.6241,18.3098,-1.8686
1/1/2022 3:09,56.31167302,10,138.7910482,1297.4728,18.3065,-1.2417
1/1/2022 3:09,55.42386435,10,138.7772807,1293.0934,18.211,-0.6014
1/1/2022 3:09,55.82096436,11,138.7760638,1057.0407,18.1967,-2.0698
1/1/2022 3:09,56.55034971,11,138.7800342,1124.7216,18.3277,-2.071
1/1/2022 3:09,56.70594505,11,138.7812511,1278.0522,18.2935,-1.8472
1/1/2022 3:10,56.83212092,11,138.7834894,1265.2917,18.2738,-1.8567
1/1/2022 3:10,55.60941942,11,138.7940948,1369.8999,18.3142,-0.503
1/1/2022 3:10,55.12633194,11,138.7907906,1305.3041,18.2184,-0.8045
1/1/2022 3:10,56.50956211,10,138.7988291,1199.016,18.2366,-2.0426
1/1/2022 3:10,56.26713073,10,138.7982162,1036.353,18.2053,-1.9553
1/1/2022 3:10,56.38051105,10,138.7864472,1044.5809,18.2912,-1.9389
1/1/2022 3:11,56.02870892,10,138.7954361,1059.0918,18.2532,-1.9319
1/1/2022 3:11,56.41219323,10,138.7937751,1035.1058,18.2801,-1.931
1/1/2022 3:11,56.7449017,9,138.7912347,1140.7994,18.3038,-1.9223
1/1/2022 3:11,55.77987977,10,138.7883036,1031.6002,18.2116,-1.9953
1/1/2022 3:11,55.71906944,10,138.7893606,1215.5825,18.3591,-1.9953
1/1/2022 3:11,55.80383087,10,138.7908883,1275.647,18.265,-1.727
1/1/2022 3:12,56.30054896,10,138.7907551,1133.9144,18.1994,-2.0688
1/1/2022 3:12,56.17593922,10,138.7967684,1146.3694,18.3272,-2.0014
1/1/2022 3:12,55.7863532,8,138.805926,1149.7062,18.2421,-2.0775
1/1/2022 3:12,55.67256031,9,138.7942991,1106.9186,18.2378,-1.9374
1/1/2022 3:12,55.37999952,9,138.7845819,988.626,18.2165,-2.0073
1/1/2022 3:12,55.47352492,9,138.7907285,880.1008,18.2549,-2.0663
1/1/2022 3:13,54.93338209,9,138.7916344,1017.3001,18.2979,-2.08
1/1/2022 3:13,54.65081986,9,138.791821,897.0258,18.2408,-2.08
1/1/2022 3:13,54.87900941,8,138.7891741,843.5924,18.2265,-2.08
1/1/2022 3:13,54.6860451,8,138.7936951,725.8979,18.2292,-2.08
1/1/2022 3:13,53.60410023,8,138.7979231,594.5604,18.0447,-2.08
1/1/2022 3:13,52.21359677,8,138.7936863,466.7272,16.766,-2.08
1/1/2022 3:14,53.0011179,9,138.7987669,470.1749,16.7275,-2.08
1/1/2022 3:14,55.15990352,9,138.7969727,849.5104,18.1465,-2.08
1/1/2022 3:14,55.56270285,9,138.7917322,1095.4703,18.2766,-2.08
1/1/2022 3:14,55.02117785,10,138.7931533,1004.0548,18.2241,-2.08
1/1/2022 3:14,54.84777325,10,138.7894405,830.9207,18.2201,-2.08
1/1/2022 3:14,55.02282075,8,138.796875,870.9966,18.287,-2.08
1/1/2022 3:15,54.4269816,10,138.7932866,680.5119,18.1502,-2.08
1/1/2022 3:15,54.1044379,9,138.7925227,565.4808,17.8329,-2.08
1/1/2022 3:15,54.5044028,10,138.801627,622.3793,18.0688,-2.08
1/1/2022 3:15,54.66073113,9,138.7873354,717.1853,18.2822,-2.08
1/1/2022 3:15,54.77274441,7,138.7887832,708.1588,18.2729,-2.08
1/1/2022 3:15,54.6518891,8,138.7900001,631.4052,18.165,-2.08
1/1/2022 3:16,54.88413813,9,138.7834628,651.0631,18.171,-2.08
1/1/2022 3:16,54.48816429,9,138.7820505,620.1127,18.1525,-2.08
1/1/2022 3:16,54.18183828,11,138.7747315,567.8628,17.8398,-2.08
1/1/2022 3:16,54.40821705,9,138.7864738,559.7108,17.7465,-2.08
1/1/2022 3:16,55.45421311,9,138.7858343,662.9156,18.2006,-2.08
1/1/2022 3:16,55.11248789,9,138.7878595,768.6375,18.2917,-2.08
1/1/2022 3:17,54.8351219,10,138.7816952,774.2076,18.281,-2.08
1/1/2022 3:17,55.29567934,10,138.7875841,851.3775,18.3334,-2.08
1/1/2022 3:17,55.81612163,10,138.7889431,1110.6787,18.3179,-2.08
1/1/2022 3:17,55.6739961,9,138.7854169,1304.5819,18.3544,-1.5039
1/1/2022 3:17,56.02360026,9,138.7873621,1112.618,18.1841,-1.9426
1/1/2022 3:17,55.92066868,10,138.7846086,1024.8861,18.2386,-1.9647
1/1/2022 3:18,56.11647557,10,138.7906663,1058.3985,18.2913,-1.9453
1/1/2022 3:18,56.73093712,10,138.7859587,1275.8548,18.3537,-1.6419
1/1/2022 3:18,54.30995754,10,138.7880194,1477.1052,18.3927,0.9533
1/1/2022 3:18,54.68224559,10,138.7880993,1452.8953,18.2919,1.2152
1/1/2022 3:18,55.23198568,10,138.7854879,1311.1618,18.224,-0.8496
1/1/2022 3:18,55.78880648,10,138.7871489,1268.7824,18.2472,-1.8832
1/1/2022 3:19,55.98100947,11,138.7879661,1221.4499,18.2646,-2.0495
1/1/2022 3:19,55.3581635,11,138.786687,1414.4459,18.3751,-0.2135
1/1/2022 3:19,55.06152139,11,138.7881348,1426.1604,18.28,0.479
1/1/2022 3:19,54.9616335,10,138.7857899,1462.3338,18.3119,0.8972
1/1/2022 3:19,55.20721233,11,138.7836226,1377.9323,18.2448,-0.2271
1/1/2022 3:19,55.82319419,11,138.7898758,1394.7293,18.2935,-0.5459
1/1/2022 3:20,54.80838821,10,138.7898047,1404.8785,18.2457,0.2523
1/1/2022 3:20,55.02785866,11,138.7864028,1441.3687,18.3055,0.3533
1/1/2022 3:20,54.94473347,11,138.7908617,1441.305,18.2468,0.7161
1/1/2022 3:20,56.46346177,10,138.7893961,1275.02,18.2097,-1.0868
1/1/2022 3:20,56.78417914,10,138.7898935,1234.7699,18.257,-2.0698
1/1/2022 3:20,55.53372386,9,138.78722,1257.0735,18.2675,-1.8812
1/1/2022 3:21,55.55950043,9,138.7893339,1034.9482,18.1862,-2.0222
1/1/2022 3:21,55.06617973,8,138.7881615,909.0545,18.2223,-2.0474
1/1/2022 3:21,55.44070879,9,138.7822104,1029.2836,18.3289,-2.0568
1/1/2022 3:21,55.16131999,9,138.7841645,978.641,18.2268,-2.057
1/1/2022 3:21,55.0880148,8,138.7888188,720.2101,18.1638,-2.057
1/1/2022 3:21,54.78504202,10,138.7823702,625.3801,18.187,-2.057
1/1/2022 3:22,54.67619974,10,138.7787019,611.6523,18.1178,-2.057
1/1/2022 3:22,55.34147215,10,138.7800253,661.9534,18.2553,-2.057
1/1/2022 3:22,56.04124255,9,138.7798832,993.6077,18.4023,-2.057
1/1/2022 3:22,54.93003283,10,138.7817574,1035.5729,18.2467,-2.057
1/1/2022 3:22,54.48766517,11,138.7807714,653.2995,18.0717,-2.057
1/1/2022 3:22,55.33998678,10,138.7831164,735.7936,18.2665,-2.057
1/1/2022 3:23,55.79446472,10,138.7872288,1018.6928,18.3226,-2.057
1/1/2022 3:23,55.4501991,9,138.7830275,981.9975,18.2681,-2.057
1/1/2022 3:23,56.09816108,7,138.7864561,1000.6346,18.2583,-2.057
1/1/2022 3:23,54.62646198,8,138.7878062,645.5544,18.1144,-2.057
1/1/2022 3:23,54.68346123,9,138.7826456,643.1521,18.1713,-2.057
1/1/2022 3:23,55.1488049,9,138.782992,883.0893,18.3068,-2.057
1/1/2022 3:24,54.82784007,10,138.7866781,828.4428,18.2804,-2.057
1/1/2022 3:24,54.75439496,10,138.7857721,814.091,18.2544,-2.057
1/1/2022 3:24,55.62330552,10,138.7826722,934.8,18.3352,-2.057
1/1/2022 3:24,56.16218934,11,138.7830542,1154.8233,18.3633,-2.0107
1/1/2022 3:24,56.40691613,11,138.7825479,1313.4872,18.3049,-1.5395
1/1/2022 3:24,55.73689278,11,138.7828588,1334.6943,18.2642,-1.1566
1/1/2022 3:25,56.13154566,11,138.7843066,1201.956,18.19,-1.7033
1/1/2022 3:25,56.56939795,11,138.7879838,1294.559,18.3617,-1.3624
1/1/2022 3:25,56.48065574,11,138.787744,1279.1125,18.2205,-1.2963
1/1/2022 3:25,54.97539331,10,138.7898491,1398.1887,18.345,-0.3852
1/1/2022 3:25,54.83165662,10,138.785781,1356.282,18.2334,-0.3008
1/1/2022 3:25,56.80550832,10,138.7815087,1273.521,18.2295,-1.6494
1/1/2022 3:26,55.3860404,9,138.786465,1123.7885,18.2145,-1.9895
1/1/2022 3:26,55.42875187,8,138.7859764,1151.4606,18.2824,-1.9315
1/1/2022 3:26,54.93128613,8,138.7839602,920.4244,18.1318,-1.9184
1/1/2022 3:26,54.63679262,8,138.7812155,670.867,18.2191,-1.9098
1/1/2022 3:26,54.44952465,8,138.7827788,713.5894,18.3,-1.9056
1/1/2022 3:26,54.8196669,8,138.788348,749.7122,18.2637,-1.905
1/1/2022 3:27,54.8440913,9,138.7744473,693.814,18.2705,-1.905
1/1/2022 3:27,55.08849927,9,138.7884635,982.7256,18.37,-1.905
1/1/2022 3:27,55.14743302,10,138.7829476,1013.1823,18.2553,-1.905
1/1/2022 3:27,54.82973124,9,138.7873798,828.7025,18.2055,-1.905
1/1/2022 3:27,54.87397085,7,138.7877529,796.7695,18.2663,-1.905
1/1/2022 3:27,54.7888246,10,138.7847862,796.8434,18.2676,-1.905
1/1/2022 3:28,55.36063597,10,138.7875664,941.7724,18.3353,-1.905
1/1/2022 3:28,55.26314384,10,138.7876996,1105.6967,18.3191,-1.905
1/1/2022 3:28,55.47876713,10,138.7865271,1112.8408,18.2855,-1.905
1/1/2022 3:28,55.41102256,10,138.7890142,1070.5967,18.2141,-1.905
1/1/2022 3:28,55.21466471,11,138.7845553,1022.7552,18.2868,-1.905
1/1/2022 3:28,55.95058222,10,138.7850882,1247.0611,18.3516,-1.9657
1/1/2022 3:29,56.13855691,11,138.7774672,1306.6461,18.2813,-1.6988
1/1/2022 3:29,55.95327418,11,138.7857011,1285.6645,18.2481,-1.4663
1/1/2022 3:29,56.3820326,10,138.7886855,1275.329,18.2788,-1.8868
1/1/2022 3:29,55.84505351,10,138.7839602,1266.2514,18.2599,-2.0122
1/1/2022 3:29,55.48530134,10,138.7770142,1074.8421,18.1876,-2.0641
1/1/2022 3:29,56.3002713,10,138.7782755,1104.1657,18.3193,-2.0883
1/1/2022 3:30,56.51364499,9,138.7845286,1233.4327,18.2738,-2.0055
1/1/2022 3:30,55.70749728,9,138.7892007,1027.0107,18.1857,-1.9574
1/1/2022 3:30,55.25638717,10,138.7847507,928.2688,18.2166,-1.937
1/1/2022 3:30,55.31460894,9,138.7854346,883.2359,18.3167,-1.9303
1/1/2022 3:30,55.13058568,9,138.79318,1121.374,18.3086,-1.93
1/1/2022 3:30,55.47707573,9,138.785026,1050.9113,18.2628,-1.93
1/1/2022 3:31,56.42918594,11,138.7875575,1157.7791,18.4645,-1.84
1/1/2022 3:31,55.47809866,10,138.7905064,1365.4228,18.3098,-0.5623
1/1/2022 3:31,55.73685674,10,138.7834894,1305.0908,18.2467,-1.4813
1/1/2022 3:31,55.14175805,9,138.7913147,1130.2226,18.1802,-2.0365
1/1/2022 3:31,55.35328246,8,138.7824857,931.4865,18.2014,-1.937
1/1/2022 3:31,55.0051351,9,138.7874509,928.2485,18.2635,-1.9071
1/1/2022 3:32,55.51056268,10,138.786838,846.5054,18.261,-1.903
1/1/2022 3:32,55.32706236,9,138.779972,1070.8832,18.3315,-1.903
1/1/2022 3:32,55.44786938,10,138.7888543,1045.1504,18.2701,-1.903
1/1/2022 3:32,55.83692414,11,138.7873443,1010.7773,18.2639,-1.903
1/1/2022 3:32,56.75885886,11,138.787895,1276.5009,18.3664,-1.6851
1/1/2022 3:32,56.61366499,10,138.7904442,1304.0559,18.2454,-1.3419
1/1/2022 3:33,56.81098666,10,138.7863673,1299.4426,18.2846,-1.6467
1/1/2022 3:33,57.02644727,10,138.7884724,1254.9128,18.2422,-1.9895
1/1/2022 3:33,55.78615391,10,138.7814287,1154.5208,18.2137,-1.9574
1/1/2022 3:33,56.22247337,11,138.7888099,1077.7186,18.2504,-1.9231
1/1/2022 3:33,56.39001461,10,138.78722,1176.1108,18.3196,-1.9139
1/1/2022 3:33,56.98152287,11,138.7860031,1232.4591,18.2891,-2.0584
1/1/2022 3:34,56.608601,9,138.7848395,1215.4601,18.2454,-1.9749
1/1/2022 3:34,55.58889384,10,138.78563,1168.1033,18.2008,-1.9236
1/1/2022 3:34,55.23167826,9,138.7888277,851.2766,18.1664,-1.9185
1/1/2022 3:34,55.14743358,10,138.7832762,829.1854,18.2797,-2.0765
1/1/2022 3:34,55.38147459,10,138.7824147,917.9185,18.3155,-2.093
1/1/2022 3:34,55.4046379,10,138.7853902,904.8226,18.1812,-2.093
1/1/2022 3:35,56.03809694,11,138.791137,911.4855,18.3382,-2.093
1/1/2022 3:35,55.60412368,11,138.784955,1005.2087,18.2707,-2.093
1/1/2022 3:35,56.63042926,10,138.788499,951.1685,18.2479,-2.093
1/1/2022 3:35,56.60875648,11,138.7891563,1004.1368,18.2882,-2.093
1/1/2022 3:35,56.59858208,10,138.7892806,1240.592,18.3815,-1.5928
1/1/2022 3:35,56.50715073,11,138.7882414,1072.7306,18.1997,-2.0318
1/1/2022 3:36,56.92229616,11,138.7880815,1232.3203,18.2981,-1.9903
1/1/2022 3:36,56.51261008,11,138.7849372,1153.7247,18.2268,-1.9681
1/1/2022 3:36,56.43722931,11,138.7755753,1069.3131,18.2703,-1.9559
1/1/2022 3:36,57.30496421,12,138.7747404,1075.8158,18.2628,-1.9488
1/1/2022 3:36,56.85332521,12,138.7765257,1309.0855,18.3673,-1.2673
1/1/2022 3:36,56.97080913,12,138.7787285,1306.9774,18.2469,-1.4336
1/1/2022 3:37,56.67543929,11,138.7775205,1323.4323,18.294,-1.3445
1/1/2022 3:37,55.22952242,11,138.7833739,1440.2577,18.292,0.5062
1/1/2022 3:37,55.69933526,9,138.7839513,1353.4438,18.2411,-0.5703
1/1/2022 3:37,56.36723711,10,138.7820771,1190.8909,18.1767,-1.7983
1/1/2022 3:37,56.28550825,9,138.7804694,1052.0491,18.244,-2.0409
1/1/2022 3:37,55.59292222,9,138.7737544,1025.1535,18.2501,-2.058
1/1/2022 3:38,54.77748367,9,138.7780268,904.609,18.1732,-2.062
1/1/2022 3:38,55.08319779,9,138.7832496,764.7,18.3037,-2.062
1/1/2022 3:38,54.95348517,10,138.7884191,831.4338,18.2235,-2.062
1/1/2022 3:38,55.23741614,10,138.788499,728.9873,18.2503,-2.062
1/1/2022 3:38,57.14930973,10,138.7888721,909.4633,18.3663,-2.062
1/1/2022 3:38,57.95382237,9,138.7822015,925.0143,18.244,-2.062
1/1/2022 3:39,57.44083121,8,138.7885701,973.0662,18.287,-2.062
1/1/2022 3:39,56.01404566,10,138.7793858,917.5773,18.2418,-2.062
1/1/2022 3:39,55.63273848,11,138.7886855,873.0475,18.2611,-2.062
1/1/2022 3:39,55.81808585,10,138.7643392,886.7705,18.3274,-2.062
1/1/2022 3:39,55.66008047,9,138.7872288,1072.7478,18.2659,-2.062
1/1/2022 3:39,55.27388817,8,138.7871489,786.947,18.189,-2.062
1/1/2022 3:40,54.92048441,9,138.7862429,775.1847,18.1901,-2.062
1/1/2022 3:40,52.41853437,10,138.7878506,484.3496,16.8473,-2.062
1/1/2022 3:40,53.41945928,12,138.7925316,446.4217,16.5223,-2.062
1/1/2022 3:40,56.64244944,11,138.790986,878.1284,18.2077,-2.062
1/1/2022 3:40,55.20512186,10,138.7593385,1418.665,18.4363,0.1712
1/1/2022 3:40,56.40111887,12,138.7819439,1325.633,18.2227,-0.342
1/1/2022 3:41,57.44257457,12,138.7834805,1334.5903,18.297,-1.218
1/1/2022 3:41,55.73969462,12,138.7806648,1448.7718,18.3141,0.576
1/1/2022 3:41,55.62104666,12,138.7879572,1403.3157,18.2457,-0.0221
1/1/2022 3:41,55.5672257,11,138.7835338,1439.8996,18.294,0.4043
1/1/2022 3:41,55.23254429,11,138.7742163,1432.5718,18.2576,0.3695
1/1/2022 3:41,56.04123165,11,138.7861363,1350.7638,18.2436,-0.7603
1/1/2022 3:42,55.81072627,10,138.751451,1349.4554,18.2657,-0.9276
1/1/2022 3:42,56.95952079,11,138.7676345,1302.1387,18.2437,-1.565
1/1/2022 3:42,57.68407318,11,138.7502431,1230.9373,18.2654,-2.0214
1/1/2022 3:42,56.94185004,11,138.7568071,1334.862,18.3093,-1.2005
1/1/2022 3:42,56.3976833,11,138.7467079,1283.4785,18.2101,-1.2642
1/1/2022 3:42,56.49328897,11,138.7666131,1344.2751,18.3588,-0.9241
1/1/2022 3:43,55.6998768,14,138.7659824,1337.743,18.2236,-0.1498
1/1/2022 3:43,54.89365234,13,138.7522949,1464.2677,18.5962,3.1156
1/1/2022 3:43,53.9185531,12,138.7841556,1497.4557,18.3414,4.3741
1/1/2022 3:43,54.94584829,12,138.773559,1495.183,18.2684,2.4318
1/1/2022 3:43,55.07497827,12,138.7638063,1474.2333,18.3051,1.0001
1/1/2022 3:43,54.82054279,12,138.7699528,1499.8458,18.4452,2.7633
1/1/2022 3:44,54.51239554,12,138.7521972,1499.0571,18.4608,3.6453
1/1/2022 3:44,54.83780797,11,138.758015,1413.1458,18.166,1.0889
1/1/2022 3:44,55.6869454,10,138.7628648,1354.3764,18.2404,-0.3334
1/1/2022 3:44,56.48823394,10,138.7647389,1285.2484,18.2684,-1.5918
1/1/2022 3:44,56.43154893,10,138.749719,1170.2173,18.2043,-1.9179
1/1/2022 3:44,55.98524507,10,138.7197413,1105.8041,18.247,-2.0236
1/1/2022 3:45,56.1181156,11,138.7284371,1062.0429,18.2618,-2.0346
1/1/2022 3:45,56.55237826,12,138.7415295,1168.2875,18.3084,-2.0226
1/1/2022 3:45,57.43559602,11,138.745118,1259.0419,18.2743,-1.7706
1/1/2022 3:45,56.25242054,10,138.7423822,1136.8599,18.2253,-1.9464
1/1/2022 3:45,55.3829026,10,138.7474451,946.8464,18.1891,-1.9048
1/1/2022 3:45,55.78529439,10,138.7403038,942.8411,18.3276,-2.0345
1/1/2022 3:46,55.59388021,10,138.7516465,1097.7174,18.269,-2.089
1/1/2022 3:46,55.82977408,10,138.7492216,1080.284,18.2842,-2.089
1/1/2022 3:46,55.6158009,9,138.7505184,1041.1977,18.2547,-2.089
1/1/2022 3:46,55.16800187,9,138.7417516,890.1144,18.1848,-2.089
1/1/2022 3:46,55.13006362,8,138.7613903,704.5515,18.2046,-2.089
1/1/2022 3:46,54.78959695,8,138.7515932,715.5567,18.2624,-2.089
1/1/2022 3:47,54.43430827,9,138.7462816,628.035,18.2012,-2.089
1/1/2022 3:47,53.42463531,10,138.7474007,551.395,17.6456,-2.089
1/1/2022 3:47,52.7726981,10,138.7421957,488.5586,16.9781,-2.089
1/1/2022 3:47,53.8113817,9,138.7380566,536.9022,17.5237,-2.089
1/1/2022 3:47,54.93590296,9,138.7398863,687.7772,18.1905,-2.089
1/1/2022 3:47,56.05133698,9,138.7453933,1072.1341,18.3712,-2.068
1/1/2022 3:48,55.8835905,10,138.753494,814.5992,18.136,-1.9757
1/1/2022 3:48,56.24014101,10,138.7499588,932.1562,18.3686,-1.937
1/1/2022 3:48,55.76458282,9,138.76926,960.3385,18.2475,-1.93
1/1/2022 3:48,55.43563875,8,138.744363,957.3815,18.2605,-1.93
1/1/2022 3:48,55.44185744,8,138.7385096,969.0173,18.2758,-1.93
1/1/2022 3:48,54.95645627,9,138.7578907,807.2313,18.1938,-1.93
1/1/2022 3:49,55.01220042,8,138.7504207,748.5297,18.2725,-1.93
1/1/2022 3:49,54.88170061,7,138.7513,759.5194,18.2402,-1.93
1/1/2022 3:49,54.95363234,7,138.7555102,645.5817,18.2359,-1.93
1/1/2022 3:49,53.9693336,7,138.7455532,598.1479,18.098,-1.93
1/1/2022 3:49,54.07752415,7,138.7564518,578.537,17.9008,-1.93
1/1/2022 3:49,54.21787756,8,138.7470543,623.9633,18.1368,-1.93
1/1/2022 3:50,52.38073985,7,138.7454377,508.2282,17.1681,-1.93
1/1/2022 3:50,51.72979271,7,138.7542401,438.4652,16.3668,-1.93
1/1/2022 3:50,51.86054507,6,138.735383,442.6277,16.419,-1.93
1/1/2022 3:50,51.27517755,6,138.7302579,399.5154,15.8464,-1.93
1/1/2022 3:50,50.23016076,6,138.7398064,347.3733,15.1414,-1.93
1/1/2022 3:50,50.67895255,7,138.7371861,339.2617,15.0416,-1.93
1/1/2022 3:51,51.52365077,7,138.7277443,369.0526,15.4767,-1.93
1/1/2022 3:51,51.86079554,7,138.7197946,414.2619,16.063,-1.93
1/1/2022 3:51,51.096515,8,138.7289789,391.4078,15.7388,-1.93
1/1/2022 3:51,50.07210443,7,138.7355251,334.7449,14.9505,-1.93
1/1/2022 3:51,50.06533088,8,138.7253372,325.4326,14.8375,-1.93
1/1/2022 3:51,49.49494123,9,138.7337309,308.625,14.5596,-1.93
1/1/2022 3:52,49.81169086,9,138.7281351,305.6565,14.5312,-1.93
1/1/2022 3:52,51.24099561,8,138.7616657,353.7582,15.2224,-1.93
1/1/2022 3:52,54.31085494,7,138.8007032,564.2339,17.3605,-1.93
1/1/2022 3:52,54.86618995,7,138.774918,788.8945,18.2082,-1.93
1/1/2022 3:52,54.49454885,6,138.7789861,574.1701,17.8746,-1.93
1/1/2022 3:52,54.11440039,6,138.7616213,626.397,18.1039,-1.93
1/1/2022 3:53,52.34634474,6,138.7581572,480.921,16.8361,-1.93
1/1/2022 3:53,50.91477011,7,138.7372039,386.9186,15.7032,-1.93
1/1/2022 3:53,50.05270714,9,138.7491505,340.1256,15.0272,-1.93
1/1/2022 3:53,50.77673625,8,138.7477383,336.1328,14.9896,-1.93
1/1/2022 3:53,53.65855613,9,138.7605554,445.7278,16.5129,-1.93
1/1/2022 3:53,54.97504636,9,138.7686471,727.5603,18.1806,-1.93
1/1/2022 3:54,55.57698891,10,138.7543289,900.4014,18.3107,-1.93
1/1/2022 3:54,55.45868585,9,138.745189,816.5653,18.2014,-1.93
1/1/2022 3:54,55.86648903,10,138.7462993,874.7286,18.312,-1.93
1/1/2022 3:54,55.33762523,10,138.7418848,719.6145,18.1861,-1.93
1/1/2022 3:54,55.79231782,10,138.7390603,793.3616,18.3391,-1.93
1/1/2022 3:54,55.76492231,10,138.7398064,849.3627,18.2672,-1.93
1/1/2022 3:55,55.51516647,10,138.7407746,954.2278,18.3201,-1.93
1/1/2022 3:55,55.69391625,10,138.7395932,918.5356,18.2226,-1.93
1/1/2022 3:55,56.01318536,9,138.7420802,1001.8264,18.3388,-1.93
1/1/2022 3:55,55.32296536,9,138.7459973,1027.8404,18.2505,-1.93
1/1/2022 3:55,55.27577746,10,138.7410499,835.5342,18.2023,-1.93
1/1/2022 3:55,49.71914484,7,138.7338464,339.9701,15.085,-1.93
1/1/2022 3:56,48.75203607,7,138.7193949,278.7053,14.1025,-1.93
1/1/2022 3:56,48.92427032,7,138.7358271,275.903,14.0155,-1.93
1/1/2022 3:56,50.18201288,8,138.7402061,317.5229,14.6753,-1.93
1/1/2022 3:56,50.9884266,7,138.7447893,371.0731,15.4834,-1.93
1/1/2022 3:56,51.48391486,8,138.7416983,390.2698,15.7546,-1.93
1/1/2022 3:56,51.47141709,9,138.7395044,387.6838,15.7202,-1.93
1/1/2022 3:57,52.12298242,9,138.7414585,407.5532,15.9631,-1.93
1/1/2022 3:57,53.7289603,9,138.7259145,486.4199,16.9221,-1.93
1/1/2022 3:57,54.95399052,10,138.7132306,611.0773,18.0608,-1.93
1/1/2022 3:57,55.29922565,9,138.7172809,654.9709,18.2577,-1.93
1/1/2022 3:57,56.12307509,10,138.7169257,712.0286,18.2883,-1.93
1/1/2022 3:57,55.69598597,9,138.7184623,606.9476,18.1723,-1.93
1/1/2022 3:58,55.87707002,9,138.7189686,665.8553,18.2665,-1.93
1/1/2022 3:58,55.23825689,8,138.7141189,694.2159,18.26,-1.93
1/1/2022 3:58,55.2334549,9,138.71411,667.5343,18.2655,-1.93
1/1/2022 3:58,54.44357602,9,138.7195282,614.1153,18.2176,-1.93
1/1/2022 3:58,54.83562066,9,138.7199723,674.2276,18.2659,-1.93
1/1/2022 3:58,55.09083105,9,138.7171211,715.8951,18.2608,-1.93
1/1/2022 3:59,55.13850672,9,138.7200433,809.604,18.3181,-1.93
1/1/2022 3:59,55.18794156,10,138.7199812,818.539,18.2646,-1.93
1/1/2022 3:59,55.34784546,8,138.718933,851.5491,18.2846,-1.93
1/1/2022 3:59,54.43604135,8,138.7176096,786.9585,18.2064,-1.93
1/1/2022 3:59,53.80989088,8,138.7203187,583.8014,17.9841,-1.93
1/1/2022 3:59,53.99638161,10,138.7196969,556.8914,17.7008,-1.93
1/1/2022 4:00,54.62300642,9,138.715469,585.114,18.0203,-1.93
1/1/2022 4:00,55.0909403,8,138.7172898,782.0247,18.3319,-1.93
1/1/2022 4:00,55.11338071,7,138.7168191,780.5189,18.2522,-1.93
1/1/2022 4:00,54.76672859,7,138.7171122,673.3465,18.1987,-1.93
1/1/2022 4:00,54.21803485,8,138.7159308,557.3671,17.7453,-1.93
1/1/2022 4:00,53.36381602,8,138.7149449,498.724,17.093,-1.93
1/1/2022 4:01,53.39494839,8,138.7199012,497.8487,17.0821,-1.93
1/1/2022 4:01,54.39625222,8,138.7165526,511.571,17.2291,-1.93
1/1/2022 4:01,55.76243269,7,138.7122891,555.5177,17.707,-1.93
1/1/2022 4:01,55.81979019,7,138.7157621,558.5306,17.7708,-1.93
1/1/2022 4:01,54.35632753,7,138.7140478,442.8755,16.4418,-1.93
1/1/2022 4:01,52.96686676,6,138.7151847,361.9224,15.3634,-1.93
1/1/2022 4:02,50.97972303,7,138.7170411,305.492,14.5376,-1.93
1/1/2022 4:02,50.51882255,7,138.7213135,262.4145,13.8138,-1.93
1/1/2022 4:02,48.98158474,7,138.7165171,226.0719,13.1569,-1.93
1/1/2022 4:02,47.44582333,7,138.7189242,190.7071,12.4003,-1.93
1/1/2022 4:02,46.73897812,8,138.7172454,171.2448,11.9681,-1.93
1/1/2022 4:02,48.80321303,8,138.7190752,216.5883,12.8955,-1.93
1/1/2022 4:03,49.53462006,9,138.7111166,272.1192,13.9468,-1.93
1/1/2022 4:03,50.44538483,8,138.7016215,302.6715,14.4487,-1.93
1/1/2022 4:03,52.21630368,6,138.7021011,405.7201,15.9258,-1.93
1/1/2022 4:03,53.16744098,6,138.7159575,486.5108,16.9463,-1.93
1/1/2022 4:03,53.90033835,6,138.7096422,470.6593,16.7776,-1.93
1/1/2022 4:03,51.99861233,4,138.6964964,341.1726,15.1056,-1.93
1/1/2022 4:04,50.79639461,5,138.7134704,248.8975,13.5608,-1.93
1/1/2022 4:04,50.05078469,5,138.7068176,209.4601,12.817,-1.93
1/1/2022 4:04,48.05585844,7,138.6980419,124.8949,11.4941,-1.93
1/1/2022 4:04,48.45304234,6,138.7114098,94.2654,11.135,-1.93
1/1/2022 4:04,46.9516595,4,138.6764491,118.2168,11.128,-1.93
1/1/2022 4:04,47.13096235,5,138.6867437,112.8257,11.1075,-1.93
1/1/2022 4:05,45.99715094,5,138.6739799,67.8927,11.0693,-1.93
1/1/2022 4:05,45.11615885,5,138.6721856,-2.9752,11.0718,-1.93
1/1/2022 4:05,45.22380401,5,138.6763248,-5.6393,11.0849,-1.93
1/1/2022 4:05,44.29449255,5,138.6748592,7.9279,11.1187,-1.2324
1/1/2022 4:05,43.89869075,5,138.6710576,17.0185,11.1257,-0.98
1/1/2022 4:05,44.29749089,5,138.6712885,22.5672,11.1096,-0.98
1/1/2022 4:06,44.47419614,5,138.6722922,5.2102,11.1035,-0.98
1/1/2022 4:06,44.66505104,6,138.67684,-6.9147,11.0997,-0.98
1/1/2022 4:06,44.9467223,5,138.6809613,4.9718,11.118,-0.98
1/1/2022 4:06,53.10008378,6,181.4448141,525.3072,17.391,-1.9
1/1/2022 4:06,51.68115332,7,181.4462352,452.6136,16.5745,-1.9
1/1/2022 4:06,52.05635098,7,181.4454891,409.1127,15.9804,-1.9
1/1/2022 4:07,52.33485819,8,181.4450539,417.5888,16.0759,-1.9
1/1/2022 4:07,52.59984331,8,181.4437304,424.6322,16.1867,-1.9
1/1/2022 4:07,52.84162426,7,181.4429932,400.5618,15.8843,-1.9
1/1/2022 4:07,52.81722086,7,181.4350613,423.257,16.1215,-1.9
1/1/2022 4:07,53.16013803,8,181.4506053,484.5467,16.8761,-1.9
1/1/2022 4:07,52.66418815,7,181.4424869,487.4038,16.9633,-1.9
1/1/2022 4:08,53.58222559,7,181.4465372,468.941,16.727,-1.9
1/1/2022 4:08,53.70819378,7,181.439609,519.0644,17.2232,-1.9
1/1/2022 4:08,54.2487388,8,181.4423448,613.2495,18.1727,-1.9
1/1/2022 4:08,54.22882217,9,181.4437837,683.6136,18.2857,-1.9
1/1/2022 4:08,54.13872956,9,181.4465905,699.5261,18.2914,-1.9
1/1/2022 4:08,55.52428407,9,181.4437571,837.9974,18.3042,-1.9
1/1/2022 4:09,54.96977892,9,181.4432952,758.5457,18.2382,-1.9
1/1/2022 4:09,54.40011253,8,181.442256,753.8958,18.2579,-1.9
1/1/2022 4:09,54.79109806,8,181.4441479,766.4511,18.2828,-1.9
1/1/2022 4:09,54.47596262,8,181.4432863,718.6544,18.2423,-1.9
1/1/2022 4:09,54.81149872,8,181.4442101,680.3446,18.2593,-1.9
1/1/2022 4:09,55.35838409,8,181.440968,718.9669,18.2717,-1.9
1/1/2022 4:10,54.6919589,8,181.4365891,652.518,18.257,-1.9
1/1/2022 4:10,54.57519715,8,181.4370065,690.064,18.2656,-1.9
1/1/2022 4:10,54.09999219,8,181.4419895,641.8356,18.2483,-1.9
1/1/2022 4:10,54.29576866,7,181.4474254,615.7565,18.2403,-1.9
1/1/2022 4:10,54.40878462,7,181.4459776,631.7667,18.2625,-1.9
1/1/2022 4:10,54.11299707,6,181.4699598,588.2801,18.0127,-1.9
1/1/2022 4:11,53.41079631,6,181.4703239,515.0518,17.2551,-1.9
1/1/2022 4:11,52.69947922,6,181.4577822,498.3946,17.0683,-1.9
1/1/2022 4:11,51.39348888,5,181.4521153,428.272,16.2516,-1.9
1/1/2022 4:11,50.39062789,5,181.4618503,362.0968,15.3751,-1.9
1/1/2022 4:11,49.06953587,4,181.446555,302.9039,14.4885,-1.9
1/1/2022 4:11,48.10614619,4,181.4571515,247.4365,13.5518,-1.9
1/1/2022 4:12,46.95016876,4,181.4699065,199.0172,12.6112,-1.9
1/1/2022 4:12,45.79977602,6,181.4546201,151.0015,11.5639,-1.9
1/1/2022 4:12,46.07297284,7,181.453341,104.1507,11.1111,-1.9
1/1/2022 4:12,45.67577082,7,181.5057819,127.6459,11.1361,-1.9
1/1/2022 4:12,46.35122274,7,181.4823239,153.2287,11.4564,-1.9
1/1/2022 4:12,49.21226272,7,181.4243937,240.5205,13.2467,-1.9
1/1/2022 4:13,50.57104674,7,181.4247312,350.6827,15.1054,-1.9
1/1/2022 4:13,50.59892566,5,181.4288437,365.3358,15.4035,-1.9
1/1/2022 4:13,50.24476408,5,181.4401509,364.9683,15.3845,-1.9
1/1/2022 4:13,49.73632088,6,181.4716829,326.3791,14.8557,-1.9
1/1/2022 4:13,48.80361292,6,181.4620634,280.412,14.1233,-1.9
1/1/2022 4:13,47.78068695,6,181.4304603,241.9277,13.4417,-1.9
1/1/2022 4:14,47.20499987,6,181.4278223,220.5454,13.0054,-1.9
1/1/2022 4:14,47.18448804,5,181.4356475,222.5862,13.0597,-1.9
1/1/2022 4:14,47.65074023,5,181.4877687,214.4501,12.884,-1.9
1/1/2022 4:14,48.48686982,4,181.5010921,217.1249,12.9042,-1.9
1/1/2022 4:14,48.42007266,5,181.4923786,246.0289,13.4518,-1.9
1/1/2022 4:14,46.46022857,7,181.7066535,207.2533,12.8107,-1.9
1/1/2022 4:15,46.10106198,5,183.6905419,149.3944,11.4741,-1.9
1/1/2022 4:15,45.33217725,5,185.2273729,146.1794,11.3168,-1.9
1/1/2022 4:15,45.24492221,5,185.873302,147.2151,11.4047,-1.9
1/1/2022 4:15,45.21928279,4,185.8276738,104.7683,11.1267,-1.9
1/1/2022 4:15,45.30742815,4,185.8195376,102.0856,11.118,-1.9
1/1/2022 4:15,45.91502109,5,185.8182763,91.5265,11.1103,-1.9
1/1/2022 4:16,45.55890044,7,185.8688253,123.9188,11.1325,-1.9
1/1/2022 4:16,45.24300032,7,185.8128137,134.4392,11.1306,-1.9
1/1/2022 4:16,45.84954951,6,185.8174769,143.6923,11.2478,-1.9
1/1/2022 4:16,47.25618539,5,185.8190758,168.8041,11.8082,-1.9
1/1/2022 4:16,48.76744193,7,185.8154251,235.2722,13.2096,-1.9
1/1/2022 4:16,49.36717955,7,185.81189,288.4452,14.1974,-1.9
1/1/2022 4:17,49.89702251,6,186.0124693,318.0695,14.6659,-1.9
1/1/2022 4:17,50.92718765,8,186.5155615,350.8499,15.1679,-1.9
1/1/2022 4:17,50.54744524,8,186.5899238,336.1558,14.9752,-1.9
1/1/2022 4:17,51.47876822,7,186.5840792,331.3541,14.8653,-1.9
1/1/2022 4:17,53.40510468,5,186.5903679,377.1446,15.5102,-1.9
1/1/2022 4:17,53.54368995,5,186.5854382,376.6733,15.5538,-1.9
1/1/2022 4:18,53.08752349,4,186.581228,321.5994,14.7794,-1.9
1/1/2022 4:18,51.89953482,4,186.5808727,261.7655,13.8152,-1.9
1/1/2022 4:18,49.55745225,4,186.5806685,197.4254,12.5728,-1.9
1/1/2022 4:18,48.8620084,5,186.5836618,162.1242,11.7572,-1.9
1/1/2022 4:18,48.67750033,5,186.6316705,108.7787,11.159,-1.9
1/1/2022 4:18,46.11859125,4,186.6094204,81.7101,11.1066,-1.9
1/1/2022 4:19,46.49322537,4,186.6062316,90.1365,11.1175,-1.9
1/1/2022 4:19,46.85073105,3,187.8717958,89.0936,11.1096,-1.9
1/1/2022 4:19,47.80721229,3,190.3373804,83.2567,11.1093,-1.4531
1/1/2022 4:19,49.96189776,3,191.2658719,48.6661,11.0929,-0.808
1/1/2022 4:19,51.91477872,4,191.2452472,26.6497,11.1008,-0.808
1/1/2022 4:19,53.10977492,4,191.2150297,26.7457,11.1198,-0.808
1/1/2022 4:20,52.04067801,5,191.2531968,41.2316,11.1239,-0.808
1/1/2022 4:20,52.67488511,6,191.1596399,47.7389,11.1114,-0.808
1/1/2022 4:20,49.21642312,8,191.1600041,38.214,11.1098,-0.808
1/1/2022 4:20,46.36948373,7,191.1880898,75.4436,11.152,-0.808
1/1/2022 4:20,46.60957421,10,191.2182807,149.0048,11.384,-0.808
1/1/2022 4:20,49.38858036,11,191.1965813,227.6936,12.9831,-0.808
1/1/2022 4:21,53.82519895,9,191.1976915,428.9123,15.9135,-0.8974
1/1/2022 4:21,55.68899481,8,191.1908966,879.9898,18.2609,-2.0118
1/1/2022 4:21,54.70235047,7,191.1933304,711.0703,18.1807,-1.9708
1/1/2022 4:21,54.34236297,7,191.18634,596.713,18.1132,-1.967
1/1/2022 4:21,52.85121127,6,191.1970787,529.6382,17.4402,-1.967
1/1/2022 4:21,52.17756963,5,191.196297,484.1846,16.8878,-1.967
1/1/2022 4:22,50.8987122,5,191.228442,441.0862,16.4371,-1.967
1/1/2022 4:22,50.14877153,4,191.2400689,292.3431,14.3788,-1.967
1/1/2022 4:22,46.32430793,3,191.2137063,170.7295,12.1077,-1.967
1/1/2022 4:22,44.026663,4,191.2357787,65.0319,11.1126,-1.967
1/1/2022 4:22,43.92451311,4,191.3058325,57.9628,11.1122,-1.967
1/1/2022 4:22,43.85849423,4,191.2151985,49.04,11.1101,-1.967
1/1/2022 4:23,44.19224316,5,191.2261592,32.1137,11.1001,-1.967
1/1/2022 4:23,44.09438603,4,191.2663337,36.901,11.1253,-1.967
1/1/2022 4:23,44.22398075,4,191.2678881,68.6253,11.1371,-1.3195
1/1/2022 4:23,44.48252728,5,191.2144257,88.9831,11.1225,-1.073
1/1/2022 4:23,44.22268588,5,191.2064939,124.1694,11.1372,-1.073
1/1/2022 4:23,43.82336353,5,191.5720443,115.8752,11.1003,-1.073
1/1/2022 4:24,44.16095719,5,191.6137017,61.935,11.0897,-1.073
1/1/2022 4:24,46.28274514,8,199.5311996,165.3723,11.7845,-2.093
1/1/2022 4:24,49.56798414,8,199.5331271,244.2273,13.2954,-2.093
1/1/2022 4:24,53.04947578,9,199.5352322,439.9266,16.1907,-2.093
1/1/2022 4:24,53.86497166,8,199.5331804,577.4049,17.8827,-2.093
1/1/2022 4:24,53.9182724,8,199.5367955,594.6803,18.0806,-2.093
1/1/2022 4:25,53.81343341,8,199.5309953,564.788,17.797,-2.093
1/1/2022 4:25,54.0671389,7,199.530267,559.1853,17.7111,-2.093
1/1/2022 4:25,53.86900191,7,199.5309598,570.1412,17.8414,-2.093
1/1/2022 4:25,53.00309586,7,199.5277267,549.9022,17.6529,-2.093
1/1/2022 4:25,51.73056719,6,199.5387496,468.5579,16.7543,-2.093
1/1/2022 4:25,50.6987483,5,199.7300379,387.8673,15.7044,-2.093
1/1/2022 4:26,49.85147046,6,200.1321919,359.1827,15.3261,-2.093
1/1/2022 4:26,48.25811897,5,200.1283992,284.5496,14.2175,-2.093
1/1/2022 4:26,46.10265013,6,200.0853735,214.0454,12.9527,-2.093
1/1/2022 4:26,45.41159799,5,200.1011573,169.8672,11.9605,-2.093
1/1/2022 4:26,44.61870059,6,201.5863642,132.7035,11.2978,-2.093
1/1/2022 4:26,44.76871581,5,205.8423389,91.5169,11.1072,-2.093
1/1/2022 4:27,55.79658513,10,142.4244484,1084.3518,18.2749,-1.957
1/1/2022 4:27,56.16900888,10,142.4158149,859.8837,18.2076,-1.957
1/1/2022 4:27,55.8966473,9,142.3952346,1091.9358,18.2885,-1.9411
1/1/2022 4:27,55.99425128,7,142.3944441,773.596,18.1773,-2.0618
1/1/2022 4:27,55.09270297,8,142.4112671,788.4045,18.2433,-2.0754
1/1/2022 4:27,54.05049229,9,142.3895944,599.2105,18.1296,-2.077
1/1/2022 4:28,53.48307717,8,142.3949149,583.1956,18.0117,-2.077
1/1/2022 4:28,53.18200256,5,142.4025625,509.1743,17.2252,-2.077
1/1/2022 4:28,52.87777074,5,142.4018247,532.082,17.462,-2.077
1/1/2022 4:28,51.2108457,4,142.4932772,418.1963,16.1882,-2.077
1/1/2022 4:28,49.57183891,5,142.4318829,287.9838,14.3077,-2.077
1/1/2022 4:28,47.63264965,5,144.049413,203.2815,12.7631,-2.077
1/1/2022 4:29,45.53304994,4,144.1096465,148.2459,11.5233,-2.077
1/1/2022 4:29,47.47906822,6,147.2346562,108.2015,11.1324,-2.077
1/1/2022 4:29,53.41599474,10,157.9911407,219.5135,12.6943,-2.077
1/1/2022 4:29,58.27317024,9,164.4592263,788.3989,17.3356,-2.0734
1/1/2022 4:29,54.72091429,7,164.4560375,1375.5847,18.0086,2.0406
1/1/2022 4:29,49.10685417,8,167.5391946,915.8539,15.1403,8.1111
1/1/2022 4:30,46.3642768,8,169.6866778,424.6921,12.1777,14.7551
1/1/2022 4:30,54.08938843,10,183.1198822,88.8302,11.0419,13.8145
1/1/2022 4:30,51.73494454,9,199.9712176,77.9003,11.1886,14.3234
1/1/2022 4:30,55.97399884,10,211.4866918,207.9822,12.8704,1.9939
1/1/2022 4:30,56.53915345,10,215.4441379,606.7013,17.1546,-1.9377
1/1/2022 4:30,55.77376436,8,220.1083347,984.4041,18.3289,-2.0298
1/1/2022 4:31,56.10955646,7,220.2039165,918.4047,18.2276,-2.034
1/1/2022 4:31,56.10955646,14,328.3600287,-6.1367,3.096,63.7215
1/1/2022 4:31,56.52638606,13,335.6036198,99.9633,12.6279,21.1026
1/1/2022 4:31,56.52638606,14,335.6037974,300.0319,13.7394,17.5051
1/1/2022 4:31,57.44625089,13,335.6028559,319.4035,13.9351,17.0959
1/1/2022 4:31,57.44625089,11,335.604508,656.5049,15.4176,13.7035
1/1/2022 4:32,57.66452776,11,335.6049077,694.7213,15.5579,13.1481
1/1/2022 4:32,57.66452776,11,335.6008219,1028.7309,16.9281,7.1427
1/1/2022 4:32,59.42430433,11,335.5999336,1074.7741,17.0933,6.483
1/1/2022 4:32,59.42430433,13,335.6015147,1277.7111,18.1628,-0.8266
1/1/2022 4:32,60.90415508,13,335.6018966,1298.8948,18.2231,-1.1756
1/1/2022 4:32,60.90415508,13,335.6173251,1491.1716,18.4947,2.9122
1/1/2022 4:33,58.54665094,13,336.4829355,1496.621,18.4796,3.155
1/1/2022 4:33,58.54665094,11,345.0739191,1500.1588,18.5839,5.9938
1/1/2022 4:33,56.28006535,11,345.1677046,1499.2954,18.61,6.5777
1/1/2022 4:33,56.28006535,11,348.0544188,1472.115,18.1268,3.0937
1/1/2022 4:33,59.56794519,11,348.8403921,1472.0096,18.1158,2.5084
1/1/2022 4:33,59.56794519,11,354.4334373,1428.4994,18.2717,0.8382
1/1/2022 4:34,63.89928515,11,354.6026062,1421.5361,18.2641,0.6147
1/1/2022 4:34,56.51172109,9,110.626489,1108.5979,18.1877,-1.9796
1/1/2022 4:34,55.77924318,9,112.1618248,780.6695,18.1391,-1.9479
1/1/2022 4:34,57.81358637,8,114.7563112,841.6392,18.3208,-1.9409
1/1/2022 4:34,55.25990555,11,124.6051098,858.0343,18.2749,-1.94
1/1/2022 4:34,56.69366314,12,130.6649323,747.1703,18.2218,-1.94
1/1/2022 4:35,55.79776991,12,130.6218622,1328.7455,18.4537,-0.278
1/1/2022 4:35,55.2741081,12,130.6352122,1470.8952,18.4307,1.7054
1/1/2022 4:35,54.98034815,10,130.6373973,1498.6052,18.4678,3.4304
1/1/2022 4:35,56.83374262,10,139.5335468,1378.3659,18.1328,0.7343
1/1/2022 4:35,57.4576688,12,142.3224675,1007.6809,18.1269,-1.9605
1/1/2022 4:35,56.57847606,9,148.2225229,1193.5212,18.3871,-1.8586
1/1/2022 4:36,56.38499262,10,153.4220228,1044.6298,18.1272,-1.6864
1/1/2022 4:36,56.46946365,9,156.4745208,902.8733,18.2589,-1.9467
1/1/2022 4:36,56.730301,9,162.9148189,666.7358,18.1017,-1.936
1/1/2022 4:36,54.18180785,9,164.8442644,556.3037,17.7609,-1.936
1/1/2022 4:36,55.99260795,9,165.0423208,764.7434,18.1122,-1.936
1/1/2022 4:36,55.91283027,11,283.7133474,448.1058,15.9898,9.4503
1/1/2022 4:37,57.58823063,12,283.6971017,1065.0549,18.4502,5.8931
1/1/2022 4:37,59.26582572,12,283.673688,1478.3708,18.381,1.4716
1/1/2022 4:37,56.91892919,11,286.2607011,1500.4353,18.5054,3.3068
1/1/2022 4:37,57.89292107,9,296.5637753,1310.6334,18.1003,1.0361
1/1/2022 4:37,56.80941695,12,296.6002459,1067.7316,18.1919,-1.9846
1/1/2022 4:37,56.38766864,10,298.0602696,1093.5686,18.3586,-1.7376
1/1/2022 4:38,56.24757895,16,300.3109347,1459.2184,18.7556,6.6859
1/1/2022 4:38,56.95075432,15,300.536487,1494.0774,18.311,11.7285
1/1/2022 4:38,56.19250203,14,300.852332,1501.6162,18.5678,11.9676
1/1/2022 4:38,60.19273412,13,310.5334746,1494.1413,17.9274,7.7008
1/1/2022 4:38,63.38297734,12,320.6272618,1317.1472,18.0588,0.1624
1/1/2022 4:38,59.97274669,10,322.52887,1256.5466,18.2503,-1.562
1/1/2022 4:39,65.49545606,9,322.4756208,1266.8416,18.2801,-1.993
1/1/2022 4:39,60.36959815,10,322.510537,1062.8123,18.1654,-2.0065
1/1/2022 4:39,55.77628723,10,322.5198278,888.1525,18.2147,-1.9646
1/1/2022 4:39,56.34800515,10,322.5228034,855.5718,18.2951,-1.9587
1/1/2022 4:39,55.6693754,10,322.5153778,1075.0807,18.3122,-1.958
1/1/2022 4:39,55.78578542,9,322.5240292,957.2412,18.2289,-1.958
1/1/2022 4:40,55.32802677,9,322.52148,800.7957,18.2161,-1.958
1/1/2022 4:40,55.74968022,8,322.4963342,889.855,18.2995,-1.958
1/1/2022 4:40,54.87937421,6,322.5465635,745.4437,18.1991,-1.958
1/1/2022 4:40,53.67717389,5,322.6371449,554.9924,17.7814,-1.958
1/1/2022 4:40,51.88534302,5,322.6940447,378.7685,15.7127,-1.958
1/1/2022 4:40,50.23782678,4,322.7933219,273.45,14.0607,-1.958
1/1/2022 4:41,49.37418357,7,325.6960917,248.9241,13.5837,-1.958
1/1/2022 4:41,47.90755163,10,340.4866076,219.2402,13.0895,-1.958
1/1/2022 4:41,47.29189631,8,348.2813869,191.8872,12.4633,-1.958
1/1/2022 4:41,48.95716765,9,352.0235223,214.0391,12.8377,-1.958
1/1/2022 4:41,50.19166441,11,25.2230791,291.9936,14.2445,-1.958
1/1/2022 4:41,52.61734766,11,33.75416236,375.9203,15.4891,-1.958
1/1/2022 4:42,56.8470667,12,33.75573452,662.1972,17.5344,-1.958
1/1/2022 4:42,56.84415933,12,33.75928743,1291.7594,18.4638,-1.0319
1/1/2022 4:42,54.24905676,10,33.75200397,1497.3097,18.4904,2.9006
1/1/2022 4:42,55.23581988,10,33.75950949,1453.8279,18.2262,0.9307
1/1/2022 4:42,55.61264321,9,33.78581878,1308.9236,18.2038,-0.4495
1/1/2022 4:42,56.20104501,11,33.87928695,1154.7368,18.2006,-2.028
1/1/2022 4:43,58.14559121,10,33.93649765,1017.4062,18.226,-1.9367
1/1/2022 4:43,56.86102159,9,37.5944681,1216.0904,18.3809,-1.5288
1/1/2022 4:43,62.8106637,7,39.83747103,1162.0096,18.1945,-1.8137
1/1/2022 4:43,57.37401429,7,40.93285065,997.4209,18.1915,-2.0069
1/1/2022 4:43,55.45858107,8,40.91429559,589.5411,17.8817,-1.9927
1/1/2022 4:43,53.97230506,9,44.1228534,488.7498,16.9667,-1.991
1/1/2022 4:44,55.06083372,8,45.17620542,638.6467,18.1618,-1.991
1/1/2022 4:44,55.22387164,7,45.18840966,657.8135,18.2552,-1.991
1/1/2022 4:44,54.93458422,10,47.58084146,673.1096,18.2304,-1.991
1/1/2022 4:44,56.86635735,11,49.7526595,1097.6685,18.4575,-1.7439
1/1/2022 4:44,57.05069027,11,50.65110505,1289.5704,18.3024,-1.4326
1/1/2022 4:44,57.23041236,9,50.64709915,1195.656,18.2155,-1.9366
1/1/2022 4:45,56.77710052,11,50.61723695,1130.4992,18.2547,-1.9192
1/1/2022 4:45,56.24581789,12,50.61277804,1111.5719,18.2855,-1.896
1/1/2022 4:45,55.4004722,11,50.61303563,1454.0842,18.4703,1.2652
1/1/2022 4:45,54.82192693,13,50.61306228,1501.5302,18.4144,3.9124
1/1/2022 4:45,54.20092132,11,50.62406741,1496.8346,18.5053,8.2346
1/1/2022 4:45,55.20192807,10,50.6455714,1499.1636,18.3216,4.6703
1/1/2022 4:46,55.16369788,11,50.85110731,1460.03,18.2262,4.0827
1/1/2022 4:46,58.14923793,9,51.70287277,1358.2419,18.2419,-0.2213
1/1/2022 4:46,58.67873879,11,60.84392015,1361.8816,18.2549,0.6117
1/1/2022 4:46,58.6762181,13,69.63477782,1175.3533,18.2571,-1.9739
1/1/2022 4:46,56.99799068,12,69.61912726,1471.4623,18.6101,3.0687
1/1/2022 4:46,58.01786008,9,72.88682394,1475.007,18.2734,4.82
1/1/2022 4:47,60.92698636,12,73.70078079,1140.0626,18.0807,-1.4652
1/1/2022 4:47,58.09436735,13,73.78684059,1201.0542,18.4585,0.1914
1/1/2022 4:47,55.73794887,12,75.64078112,1495.653,18.547,5.2324
1/1/2022 4:47,58.93899758,10,76.47668587,1499.7505,18.2369,3.3269
1/1/2022 4:47,58.23965863,10,76.46449051,1265.6745,18.1489,-0.1564
1/1/2022 4:47,57.3940532,9,76.44336846,1033.6197,18.2121,-1.9815
1/1/2022 4:48,57.1496148,8,92.67959128,1245.3669,18.1737,-0.4803
1/1/2022 4:48,57.1496148,8,92.67885406,1200.9105,18.1536,-0.6233
1/1/2022 4:48,55.9736034,8,92.6773796,850.9301,18.1537,-2.0133
1/1/2022 4:48,55.9736034,8,92.67811683,829.0498,18.1651,-2.0013
1/1/2022 4:48,54.78296511,7,92.68118121,644.5041,18.1801,-1.9721
1/1/2022 4:48,54.78296511,7,92.68102133,631.0926,18.1683,-1.9712
1/1/2022 4:49,53.26534659,7,92.6833396,546.0282,17.6853,-1.969
1/1/2022 4:49,53.26534659,7,92.68245138,537.033,17.5926,-1.969
1/1/2022 4:49,52.91266395,7,92.70377771,466.7465,16.7662,-1.969
1/1/2022 4:49,52.91266395,7,92.70650457,464.9069,16.7358,-1.969
1/1/2022 4:49,53.80479954,7,92.72677392,482.4189,16.9225,-1.969
1/1/2022 4:49,53.80479954,7,92.7316414,485.5008,16.9546,-1.969
1/1/2022 4:50,53.37366288,8,92.7080945,526.607,17.4306,-1.969
1/1/2022 4:50,53.37366288,9,92.70300496,524.141,17.4206,-1.969
1/1/2022 4:50,51.83716728,9,92.69697389,452.3792,16.6063,-1.969
1/1/2022 4:50,51.83716728,10,92.6959702,446.253,16.5241,-1.969
1/1/2022 4:50,50.64884902,11,98.91339485,364.5453,15.472,-1.969
1/1/2022 4:50,50.64884902,11,101.2124269,355.8229,15.3448,-1.969
1/1/2022 4:51,51.67457328,12,132.9802258,357.1762,15.2691,-1.969
1/1/2022 4:51,51.67457328,12,135.4407811,363.2129,15.3532,-1.969
1/1/2022 4:51,53.94106657,14,164.6221782,799.4481,16.7991,0.2562
1/1/2022 4:51,53.94106657,14,168.0581065,871.8813,16.8574,0.6719
1/1/2022 4:51,50.25114506,11,185.76001,882.472,14.9758,1.4883
1/1/2022 4:51,50.25114506,11,187.4635911,833.687,14.6819,1.5462
1/1/2022 4:52,49.11683669,7,192.2538826,464.0959,12.1549,4.9437
1/1/2022 4:52,49.11683669,7,192.2515466,432.8089,11.9244,5.2826
1/1/2022 4:52,51.85759305,7,188.840434,262.4924,11.197,6.5634
1/1/2022 4:52,51.85759305,7,188.1513977,249.6271,11.2369,6.9272
1/1/2022 4:52,46.38060739,9,184.8475882,108.3416,11.3132,10.5697
1/1/2022 4:52,46.38060739,9,184.8934469,91.3447,11.2796,10.7015
1/1/2022 4:53,46.38060739,7,252.6236965,555.7403,12.9002,-0.3356
1/1/2022 4:53,45.81827379,8,252.6109771,240.7913,11.1135,2.8828
1/1/2022 4:53,45.81827379,8,252.6112969,232.9008,11.1265,3.2471
1/1/2022 4:53,46.11426989,9,252.6394537,148.3326,11.498,9.484
1/1/2022 4:53,46.11426989,9,252.6448363,131.1559,11.5089,10.1764
1/1/2022 4:53,48.11208916,8,252.6885194,102.2415,11.6761,4.8945
1/1/2022 4:54,48.11208916,9,252.6873114,117.8856,11.7936,3.4091
1/1/2022 4:54,53.27787461,12,252.6804809,280.2522,13.8968,-1.9648
1/1/2022 4:54,53.27787461,12,252.6802233,299.6646,14.2103,-1.957
1/1/2022 4:54,57.03547616,11,252.6824439,748.3071,17.3971,-1.9098
1/1/2022 4:54,57.03547616,11,252.6822662,850.036,17.6793,-1.7129
1/1/2022 4:54,55.01605004,9,253.3136149,1463.6915,18.4338,0.754
1/1/2022 4:55,55.01605004,9,253.5225073,1468.7104,18.4029,0.8601
1/1/2022 4:55,54.9852808,9,254.7918415,1330.6118,18.2071,0.0641
1/1/2022 4:55,54.9852808,9,254.8067549,1286.2603,18.1775,-0.254
1/1/2022 4:55,56.21852302,10,257.2941894,786.2489,18.0508,-2.0094
1/1/2022 4:55,56.21852302,10,257.7814948,751.5478,18.0726,-1.9985
1/1/2022 4:55,57.20827284,9,259.7845848,895.3775,18.376,-1.9412
1/1/2022 4:56,57.20827284,9,259.7850111,937.5399,18.3903,-1.9388
1/1/2022 4:56,56.23061928,9,259.7307315,940.9628,18.2361,-1.93
1/1/2022 4:56,56.23061928,9,259.7330853,920.5371,18.2234,-1.93
1/1/2022 4:56,56.21515217,8,259.7764131,993.9112,18.3268,-1.93
1/1/2022 4:56,56.21515217,8,259.7684368,1003.7129,18.3259,-1.93
1/1/2022 4:56,54.83103131,10,259.8922557,893.9569,18.211,-1.93
1/1/2022 4:57,54.83103131,10,259.9129158,882.3336,18.2117,-1.93
1/1/2022 4:57,55.49909789,11,259.9025502,851.4018,18.2505,-1.93
1/1/2022 4:57,55.49909789,11,259.9073111,845.8858,18.2488,-1.93
1/1/2022 4:57,56.49436429,13,259.9020706,1200.0927,18.4599,-0.9912
1/1/2022 4:57,56.49436429,13,259.8897775,1259.6854,18.4751,-0.7714
1/1/2022 4:57,55.62740414,14,259.9032519,1489.9824,18.6105,3.35
1/1/2022 4:58,55.62740414,14,259.9088389,1498.1291,18.6731,4.2692
1/1/2022 4:58,54.91846097,13,259.8971498,1499.9557,18.4986,8.47
1/1/2022 4:58,54.91846097,13,259.8966879,1500.3154,18.4156,8.2014
1/1/2022 4:58,55.63369906,13,259.8669412,1499.7512,18.332,6.6067
1/1/2022 4:58,55.63369906,14,259.8671188,1498.5205,18.3445,6.5502
1/1/2022 4:58,55.87134871,14,259.9886283,1499.3859,18.3776,6.573
1/1/2022 4:59,55.87134871,13,259.9852619,1501.1153,18.3685,6.4934
1/1/2022 4:59,56.54520541,12,259.9390652,1501.4862,18.3704,6.4063
1/1/2022 4:59,56.54520541,12,259.9423339,1500.0734,18.3891,6.4701
1/1/2022 4:59,53.9900789,12,259.9130135,1502.9638,18.374,5.5426
1/1/2022 4:59,53.9900789,12,259.9148877,1503.1043,18.3789,5.5399
1/1/2022 4:59,57.20210254,12,259.9071157,1501.2147,18.272,3.252
1/1/2022 5:00,57.20210254,12,259.8951513,1501.4371,18.2785,3.0281
1/1/2022 5:00,58.74208413,11,259.970322,1498.7212,18.4205,3.773
1/1/2022 5:00,58.74208413,11,259.9830947,1498.8548,18.3893,3.5874
1/1/2022 5:00,59.14867453,12,259.8974607,1396.1954,18.2045,0.8045
1/1/2022 5:00,59.14867453,12,259.8961994,1370.189,18.202,0.4872
1/1/2022 5:00,57.48042021,12,259.934704,1372.2791,18.32,-0.7134
1/1/2022 5:01,57.48042021,12,259.9468106,1395.1411,18.3397,-0.4823
1/1/2022 5:01,56.4344189,11,259.9546181,1497.8986,18.4974,2.6594
1/1/2022 5:01,56.4344189,11,259.9569897,1499.639,18.5493,3.2736
1/1/2022 5:01,57.3874909,11,260.0005395,1478.087,18.2803,3.2228
1/1/2022 5:01,57.3874909,11,260.0027156,1463.0015,18.1997,2.5568
1/1/2022 5:01,58.66305937,10,260.0306148,1265.3917,18.1807,-1.1339
1/1/2022 5:02,58.66305937,10,260.021697,1263.8771,18.2022,-1.3317
1/1/2022 5:02,56.86351718,10,260.003968,1340.7285,18.2765,-0.5885
1/1/2022 5:02,56.86351718,10,260.0042611,1326.9709,18.2585,-0.6033
1/1/2022 5:02,57.11926557,9,260.0220967,1214.8909,18.273,-1.5869
1/1/2022 5:02,57.11926557,9,260.0469226,1233.4177,18.2947,-1.4049
1/1/2022 5:02,56.19161554,7,262.5706274,1233.6558,18.2173,-1.1185
1/1/2022 5:03,56.19161554,7,263.0446279,1209.6524,18.2047,-1.3529
1/1/2022 5:03,56.01607431,6,266.4911923,904.6168,18.1091,-2.0014
1/1/2022 5:03,56.01607431,5,267.0126338,852.4031,18.0922,-1.9874
1/1/2022 5:03,54.53524406,6,273.3534463,581.2562,17.9559,-1.9517
1/1/2022 5:03,54.53524406,6,273.979994,575.861,17.9156,-1.9501
1/1/2022 5:03,55.93689241,7,276.4778925,612.6446,18.0365,-1.9427
1/1/2022 5:04,55.93689241,8,276.4776082,615.7639,18.0824,-1.9424
1/1/2022 5:04,64.28262667,11,286.7878306,1501.8906,18.5323,4.9764
1/1/2022 5:04,64.28262667,11,286.7882836,1500.3637,18.4984,5.0364
1/1/2022 5:04,57.60970269,10,286.7778025,1500.0072,18.3622,3.465
1/1/2022 5:04,57.60970269,9,286.7770031,1501.3916,18.3914,3.5891
1/1/2022 5:04,56.52581949,10,286.8006122,1304.8754,18.1023,1.5421
1/1/2022 5:05,56.52581949,10,286.8001947,1268.3347,18.0666,0.825
1/1/2022 5:05,56.80955622,10,286.8036677,1337.6501,18.3276,-0.7376
1/1/2022 5:05,56.80955622,10,286.8039963,1348.893,18.3273,-0.6319
1/1/2022 5:05,56.0570678,11,286.8038986,1296.9681,18.2597,-0.968
1/1/2022 5:05,56.0570678,11,286.8043605,1280.0736,18.248,-0.9848
1/1/2022 5:05,56.98486667,11,286.8056573,1032.4772,18.2006,-1.728
1/1/2022 5:06,56.98486667,11,286.8054086,1068.1365,18.2566,-1.5467
1/1/2022 5:06,57.20849674,10,286.8259355,1281.266,18.3136,-0.8407
1/1/2022 5:06,57.20849674,10,286.8255003,1267.643,18.2842,-1.0052
1/1/2022 5:06,56.91199433,11,286.7946699,1093.1765,18.1642,-1.7913
1/1/2022 5:06,56.91199433,11,286.8067676,1058.0706,18.1552,-1.8914
1/1/2022 5:06,56.23729696,14,286.7235584,1000.0516,18.2708,-1.9863
1/1/2022 5:07,56.23729696,14,286.6955438,1019.8156,18.2914,-1.985
1/1/2022 5:07,56.70832121,15,286.605513,1321.9761,18.5431,0.0104
1/1/2022 5:07,56.70832121,15,286.5995175,1356.1605,18.6255,1.1386
1/1/2022 5:07,54.99628872,13,286.559867,1497.6399,18.545,7.6534
1/1/2022 5:07,54.99628872,13,286.5593963,1498.4879,18.4671,7.486
1/1/2022 5:07,54.24008125,12,286.5430884,1497.264,18.2193,4.6707
1/1/2022 5:08,54.24008125,12,286.543728,1496.5408,18.232,4.403
1/1/2022 5:08,54.04587789,12,286.5357517,1499.4755,18.4104,4.0347
1/1/2022 5:08,54.04587789,12,286.5306888,1499.7381,18.4088,4.079
1/1/2022 5:08,57.10714765,12,286.5414452,1501.5529,18.4197,4.8095
1/1/2022 5:08,57.10714765,12,286.5423068,1501.232,18.4239,4.8708
1/1/2022 5:08,54.92331239,11,286.5397931,1490.0854,18.3086,4.262
1/1/2022 5:09,54.92331239,11,286.5387716,1485.2669,18.2558,3.7519
1/1/2022 5:09,56.41177068,10,286.5312039,1184.6737,18.0708,-0.6668
1/1/2022 5:09,56.41177068,10,286.5313905,1145.1725,18.0842,-0.9517
1/1/2022 5:09,56.9856562,10,286.5376791,807.1222,18.1219,-2.031
1/1/2022 5:09,56.9856562,10,286.5379278,761.8905,18.1137,-2.0421
1/1/2022 5:09,54.11841986,9,286.5375015,882.2224,16.4938,-1.9705
1/1/2022 5:10,54.11841986,9,286.5377946,888.1379,16.0183,-1.9609
1/1/2022 5:10,53.07467009,8,286.5349434,460.9758,11.9795,-1.9542
1/1/2022 5:10,53.07467009,8,286.5351388,430.2798,11.7561,-1.9541
1/1/2022 5:10,46.95288218,9,286.5316747,299.9159,11.2866,1.3909
1/1/2022 5:10,46.95288218,9,286.5309286,286.9683,11.3507,2.4571
1/1/2022 5:10,45.16447196,7,286.5359915,142.6871,11.6059,11.5614
1/1/2022 5:11,45.16447196,6,286.5361691,125.265,11.5722,12.1068
1/1/2022 5:11,48.87131675,6,286.532483,117.6124,11.9096,5.6005
1/1/2022 5:11,48.87131675,6,286.531728,137.1485,12.1006,3.9909
1/1/2022 5:11,51.47112498,7,286.5313638,298.4884,14.3446,-1.9152
1/1/2022 5:11,51.47112498,7,286.5317635,307.9127,14.509,-1.9121
1/1/2022 5:11,50.93177211,7,286.5342861,331.2053,14.9488,-2.0268
1/1/2022 5:12,50.93177211,7,286.5346503,329.9893,14.929,-2.0415
1/1/2022 5:12,50.45905905,8,286.5298983,324.9324,14.8464,-2.051
1/1/2022 5:12,50.45905905,8,286.5297206,325.8669,14.8606,-2.051
1/1/2022 5:12,52.64509745,8,286.5700639,374.9115,15.5142,-2.051
1/1/2022 5:12,52.64509745,8,286.5695754,386.4864,15.6632,-2.051
1/1/2022 5:12,53.85403532,9,286.5492616,534.298,17.4472,-2.051
1/1/2022 5:13,53.85403532,10,286.5504252,546.4665,17.5983,-2.051
1/1/2022 5:13,54.793214,9,286.5348102,663.0785,18.1392,-2.051
1/1/2022 5:13,54.793214,9,286.5341617,683.6383,18.1723,-2.051
1/1/2022 5:13,55.54686005,9,286.6384041,847.7255,18.3449,-2.051
1/1/2022 5:13,55.54686005,9,286.6570835,881.2476,18.3623,-2.051
1/1/2022 5:13,55.56915542,11,286.6984394,938.4115,18.2319,-2.051
1/1/2022 5:14,55.56915542,11,286.7028627,908.4714,18.2048,-2.051
1/1/2022 5:14,57.1619856,12,288.4657052,769.7698,18.2454,-2.051
1/1/2022 5:14,57.1619856,12,289.3723631,792.9525,18.2801,-2.051
1/1/2022 5:14,56.42955753,13,297.2228264,1391.7118,18.7092,1.8383
1/1/2022 5:14,56.42955753,13,297.3684026,1437.7179,18.7194,2.6462
1/1/2022 5:14,55.35693426,14,297.3150202,1502.0428,18.4295,6.0045
1/1/2022 5:15,55.35693426,14,297.316237,1502.2765,18.4033,5.9066
1/1/2022 5:15,54.56438957,14,297.2855843,1496.2211,18.3872,6.271
1/1/2022 5:15,54.56438957,13,297.2777946,1495.3462,18.3905,6.2982
1/1/2022 5:15,54.13217864,11,297.2467333,1496.276,18.4137,6.4511
1/1/2022 5:15,54.13217864,11,297.247284,1495.27,18.3564,6.0506
1/1/2022 5:15,58.70766081,13,297.238153,1265.8307,18.0077,-0.5702
1/1/2022 5:16,58.70766081,13,297.2400272,1234.8058,18.0403,-0.9068
1/1/2022 5:16,59.05375839,13,297.2362788,1412.2,18.5886,2.2244
1/1/2022 5:16,59.05375839,13,297.2332322,1442.7895,18.6223,3.4357
1/1/2022 5:16,61.09372854,12,297.237247,1495.9217,18.1978,7.0816
1/1/2022 5:16,61.09372854,12,297.2381974,1497.3464,18.1655,6.5913
1/1/2022 5:16,59.09534034,13,297.2994407,1501.2072,18.303,4.3421
1/1/2022 5:17,59.09534034,13,297.3057382,1501.0817,18.3306,4.3219
1/1/2022 5:17,55.03434586,12,297.2834615,1497.2304,18.5535,7.3703
1/1/2022 5:17,55.03434586,12,297.2804415,1496.7457,18.4769,7.2072
1/1/2022 5:17,56.98540736,11,297.2602077,1501.5512,18.1963,2.8817
1/1/2022 5:17,56.98540736,11,297.2588132,1501.4939,18.2745,2.9865
1/1/2022 5:17,59.60237162,15,297.3084029,1488.9626,18.3078,2.1931
1/1/2022 5:18,59.60237162,15,297.3161394,1485.7021,18.2863,1.8476
1/1/2022 5:18,58.17765276,14,297.3255457,1487.7587,18.5285,3.0672
1/1/2022 5:18,58.17765276,14,297.3194347,1491.5457,18.5891,3.8084
1/1/2022 5:18,56.07009915,13,297.2526933,1501.6433,18.5397,8.1067
1/1/2022 5:18,56.07009915,13,297.2489627,1501.3596,18.4938,8.0973
1/1/2022 5:18,60.01250481,13,297.3007375,1497.6688,18.3768,8.2204
1/1/2022 5:19,60.01250481,13,297.3185909,1497.9313,18.3625,8.1124
1/1/2022 5:19,59.97829187,12,297.3605596,1501.5236,18.3967,7.5735
1/1/2022 5:19,59.97829187,12,297.3490393,1501.9564,18.4156,7.6616
1/1/2022 5:19,57.16400384,11,297.31073,1502.1605,18.2398,6.183
1/1/2022 5:19,57.16400384,11,297.3187152,1502.4897,18.2103,5.6914
1/1/2022 5:19,56.99355912,10,297.2775725,1386.7712,18.1173,0.9383
1/1/2022 5:20,56.99355912,10,297.2657591,1361.9881,18.1236,0.5109
1/1/2022 5:20,58.32479111,9,297.3385049,1037.2853,18.1275,-1.8448
1/1/2022 5:20,58.32479111,9,297.3632154,1004.1066,18.128,-1.9249
1/1/2022 5:20,56.8034703,9,297.3984336,733.1675,18.1366,-1.9464
1/1/2022 5:20,56.8034703,9,297.3851369,698.8918,18.1131,-1.9454
1/1/2022 5:20,55.97357338,10,297.3303688,712.5948,18.2126,-1.9402
1/1/2022 5:21,55.97357338,10,297.3232541,732.1572,18.2379,-1.94
1/1/2022 5:21,55.49383235,9,297.3179425,872.814,18.3008,-1.94
1/1/2022 5:21,55.49383235,9,297.3203051,874.6734,18.2959,-1.94
1/1/2022 5:21,55.19414516,10,297.3250127,831.9371,18.2699,-1.94
1/1/2022 5:21,55.19414516,10,297.3248085,850.8894,18.2855,-1.94
1/1/2022 5:21,55.19414516,12,304.2662512,799.4708,18.1116,-2.08
1/1/2022 5:22,55.98559128,12,304.26642,860.8234,18.2118,-2.08
1/1/2022 5:22,55.98559128,15,304.2652831,1295.8255,18.4336,-1.2535
1/1/2022 5:22,56.6012688,15,304.2672638,1330.9663,18.466,-0.6697
1/1/2022 5:22,56.6012688,14,304.2642438,1501.0039,18.5795,4.5323
1/1/2022 5:22,57.14476419,14,304.2632224,1501.2395,18.5905,4.9357
1/1/2022 5:22,57.14476419,13,304.2631691,1500.7179,18.5326,7.17
1/1/2022 5:23,55.5130703,13,304.2612594,1501.4154,18.5027,7.2524
1/1/2022 5:23,55.5130703,13,304.2512402,1499.7632,18.3226,7.041
1/1/2022 5:23,53.9820846,14,304.251711,1499.257,18.2882,6.6887
1/1/2022 5:23,53.9820846,14,304.2562143,1499.5807,18.2303,3.304
1/1/2022 5:23,57.44381829,14,304.2560011,1499.4638,18.2652,3.2296
1/1/2022 5:23,57.44381829,14,304.2519508,1500.0044,18.4139,4.0342
1/1/2022 5:24,58.6399288,14,304.2539671,1499.6017,18.3894,3.8921
1/1/2022 5:24,58.6399288,16,304.2607442,1357.538,18.1535,0.5465
1/1/2022 5:24,57.36104348,16,304.2592787,1329.901,18.1382,0.0633
1/1/2022 5:24,57.36104348,16,304.2466125,1370.6627,18.342,0.2115
1/1/2022 5:24,56.24281174,16,304.3429641,1371.2975,18.3358,0.3332
1/1/2022 5:24,56.24281174,14,305.1877604,1074.4333,18.0943,-1.4986
1/1/2022 5:25,57.01349597,13,305.1855753,1007.6677,18.0448,-1.6344
1/1/2022 5:25,57.01349597,13,305.1929121,626.2858,17.8719,-2.0222
1/1/2022 5:25,57.77679173,13,305.1936849,638.1285,17.9281,-2.0196
1/1/2022 5:25,57.77679173,14,305.1958077,600.3278,17.762,-2.0006
1/1/2022 5:25,56.90434616,14,305.1948751,624.9807,17.6551,-1.9939
1/1/2022 5:25,56.90434616,13,305.1857974,869.1275,15.2996,-1.3484
1/1/2022 5:26,53.3905994,13,305.1865169,839.4874,14.9211,-1.0951
1/1/2022 5:26,53.3905994,13,305.1871386,572.3352,13.107,4.4935
1/1/2022 5:26,52.15381929,13,305.1865968,560.678,13.0417,5.837
1/1/2022 5:26,52.15381929,14,305.1970068,322.8364,11.499,14.0008
1/1/2022 5:26,51.09222536,14,305.1967226,300.0036,11.3577,14.038
1/1/2022 5:26,51.09222536,13,305.1967759,210.2716,11.7126,18.3987
1/1/2022 5:27,53.43801583,13,305.1973444,189.5453,11.7329,19.0926
1/1/2022 5:27,53.43801583,12,305.1936849,64.9655,11.4751,20.5233
1/1/2022 5:27,54.70842496,12,305.1940046,79.1026,11.5739,19.3437
1/1/2022 5:27,54.70842496,14,320.0667218,424.6201,11.788,24.045
1/1/2022 5:27,56.83000265,14,320.063684,416.847,11.7677,24.6746
1/1/2022 5:27,56.83000265,14,320.071456,160.245,11.2261,24.7496
1/1/2022 5:28,60.97696753,14,320.0715804,137.9671,11.2314,23.0594
1/1/2022 5:28,60.97696753,12,320.0665353,444.7558,15.6429,7.8078
1/1/2022 5:28,65.35888552,12,320.0669883,505.2767,16.2675,7.8836
1/1/2022 5:28,65.35888552,15,320.0655493,1032.1788,18.4147,8.8746
1/1/2022 5:28,58.66411751,15,320.067459,1098.9705,18.4462,8.1671
1/1/2022 5:28,58.66411751,14,320.0678143,1440.3808,18.2862,2.14
1/1/2022 5:29,56.04743495,14,320.0653717,1444.9206,18.3423,2.5291
1/1/2022 5:29,56.04743495,13,320.0639061,1497.79,18.6413,9.828
1/1/2022 5:29,53.32237446,13,320.0641459,1497.0052,18.5575,9.8698
1/1/2022 5:29,53.32237446,13,320.0659224,1500.8388,18.2245,7.5192
1/1/2022 5:29,53.00476816,13,320.0660112,1500.0939,18.2058,7.1014
1/1/2022 5:29,53.00476816,13,320.0656648,1499.0788,18.3504,4.8586
1/1/2022 5:30,56.79599079,12,320.06618,1498.6493,18.3905,5.0153
1/1/2022 5:30,56.79599079,12,320.063915,1495.7444,18.2565,4.0042
1/1/2022 5:30,59.31392633,12,320.0660379,1492.1708,18.2204,3.4757
1/1/2022 5:30,59.31392633,12,320.0708343,1490.0392,18.3342,1.6409
1/1/2022 5:30,55.27084058,12,320.0689246,1494.1506,18.3634,1.8013
1/1/2022 5:30,55.27084058,13,320.0400927,1494.8003,18.434,3.1597
1/1/2022 5:31,56.4764936,13,320.0401727,1489.189,18.3949,2.9854
1/1/2022 5:31,56.4764936,12,320.0318589,1492.2819,18.4352,3.1412
1/1/2022 5:31,58.29061434,11,320.0261831,1497.961,18.4741,3.5575
1/1/2022 5:31,58.29061434,10,320.0183756,1480.1895,18.2455,2.5277
1/1/2022 5:31,57.46417718,10,320.0180736,1472.2696,18.224,2.0953
1/1/2022 5:31,57.46417718,10,320.0172564,1390.1438,18.2277,0.409
1/1/2022 5:32,55.75652433,10,320.0172386,1383.9477,18.2324,0.28
1/1/2022 5:32,55.75652433,10,320.0130995,1197.6522,18.1826,-1.5546
1/1/2022 5:32,56.44694473,10,320.0129574,1155.5999,18.166,-1.6888
1/1/2022 5:32,56.44694473,10,320.0212534,828.3996,18.135,-1.9917
1/1/2022 5:32,55.12328606,10,320.0222394,794.6672,18.1364,-1.9869
1/1/2022 5:32,55.12328606,8,320.0134548,545.6297,17.6737,-1.9667
1/1/2022 5:33,53.56462151,8,320.0185355,532.567,17.5479,-1.966
1/1/2022 5:33,53.56462151,6,320.0182335,387.0326,15.807,-1.964
1/1/2022 5:33,51.29951908,6,320.0127264,370.658,15.5846,-1.964
1/1/2022 5:33,51.29951908,6,320.0305532,251.8576,13.7156,-1.964
1/1/2022 5:33,48.34431745,6,320.0306509,241.6761,13.5279,-1.964
1/1/2022 5:33,48.34431745,6,320.0211291,185.9136,12.3597,-1.964
1/1/2022 5:34,46.76765518,6,320.0206494,182.7334,12.281,-1.964
1/1/2022 5:34,46.76765518,9,320.0115273,167.2942,11.8906,-1.964
1/1/2022 5:34,45.93617201,9,320.0122468,167.3796,11.8919,-1.964
1/1/2022 5:34,45.93617201,10,320.0208804,186.3108,12.2958,-1.964
1/1/2022 5:34,48.64577204,10,320.0204451,189.7772,12.3678,-1.964
1/1/2022 5:34,48.64577204,9,320.021813,284.4648,13.9179,-1.964
1/1/2022 5:35,53.19581731,9,320.0220262,311.8866,14.2996,-1.964
1/1/2022 5:35,53.19581731,8,320.0292919,848.2999,17.895,-1.964
1/1/2022 5:35,55.84264867,8,320.0289544,876.6707,18.0548,-1.964
1/1/2022 5:35,55.84264867,8,320.0131528,735.4018,18.179,-1.964
1/1/2022 5:35,54.5975629,9,320.0135259,717.5006,18.1714,-1.964
1/1/2022 5:35,54.5975629,12,320.0280217,616.6566,18.115,-1.964
1/1/2022 5:36,54.73489584,12,320.0281727,633.7268,18.1441,-1.964
1/1/2022 5:36,54.73489584,16,320.0168212,988.5323,18.4506,-1.6894
1/1/2022 5:36,56.29195382,16,320.0161372,1062.2188,18.496,-1.3008
1/1/2022 5:36,56.29195382,16,320.0232786,1498.1618,18.643,3.232
1/1/2022 5:36,56.31364653,16,320.0281727,1498.2247,18.6504,3.8178
1/1/2022 5:36,56.31364653,16,320.0320809,1498.4832,18.4466,15.1471
1/1/2022 5:37,57.18745345,16,320.0282349,1498.7912,18.4107,15.0622
1/1/2022 5:37,57.18745345,15,320.0236516,1501.5501,18.0827,12.1665
1/1/2022 5:37,67.08989911,14,320.0230388,1501.5828,18.1072,11.8594
1/1/2022 5:37,67.08989911,12,320.0219107,1501.5134,18.2205,9.445
1/1/2022 5:37,60.85112621,12,320.0226657,1501.2215,18.2163,9.1277
1/1/2022 5:37,60.85112621,11,320.0136413,1502.6784,18.2378,6.4665
1/1/2022 5:38,60.36343749,11,320.0130906,1501.0808,18.2273,6.0802
1/1/2022 5:38,60.36343749,12,320.0240247,1433.7764,18.105,0.9128
1/1/2022 5:38,59.75089075,12,320.0250106,1422.3356,18.1199,0.6104
1/1/2022 5:38,59.75089075,12,320.0240958,1321.3735,18.2172,-0.717
1/1/2022 5:38,56.48713108,12,320.0243445,1318.3487,18.2269,-0.8951
1/1/2022 5:38,56.48713108,15,320.0157375,1435.7876,18.3633,0.451
1/1/2022 5:39,57.5213845,15,320.0152757,1451.5084,18.3981,0.9687
1/1/2022 5:39,57.5213845,14,320.0142364,1502.2838,18.5519,5.1934
1/1/2022 5:39,59.24201929,15,320.013215,1501.8231,18.5461,5.5293
1/1/2022 5:39,59.24201929,16,320.0399329,1499.7543,18.2651,12.7504
1/1/2022 5:39,56.81046904,16,320.0345324,1500.8892,18.1829,12.2192
1/1/2022 5:39,56.81046904,15,320.0242201,1496.2877,18.1202,12.3362
1/1/2022 5:40,66.38781019,15,320.0289277,1496.6898,18.161,12.1362
1/1/2022 5:40,66.38781019,15,320.0376768,1495.1249,18.3543,12.0026
1/1/2022 5:40,54.71203114,15,320.0329514,1495.36,18.2664,11.5353
1/1/2022 5:40,54.71203114,16,320.0298781,1499.677,18.3569,9.5488
1/1/2022 5:40,55.07818991,16,320.0346213,1498.3978,18.4087,9.7477
1/1/2022 5:40,58.39827598,11,214.5110459,1191.5419,18.1311,-1.5277
1/1/2022 5:41,57.5888768,9,215.1408836,1244.3604,18.2691,-1.4987
1/1/2022 5:41,56.33130709,9,221.5649554,863.0211,18.0671,-2.0638
1/1/2022 5:41,56.35150179,13,231.0581719,597.2863,18.0834,-2.0968
1/1/2022 5:41,57.24147221,13,244.7099585,1236.9707,18.6602,0.3494
1/1/2022 5:41,54.97039224,12,255.1067955,1494.0841,18.5109,5.974
1/1/2022 5:41,55.71367254,16,268.1522999,1501.9546,18.5814,5.5464
1/1/2022 5:42,55.0583413,15,271.2774489,1496.3388,18.3198,9.0226
1/1/2022 5:42,55.75887963,12,273.6059162,1497.3902,18.4014,7.8982
1/1/2022 5:42,56.04337918,14,273.1011189,1495.6067,18.1317,4.279
1/1/2022 5:42,57.7994067,12,310.8770603,1496.0711,18.59,8.5453
1/1/2022 5:42,58.6328786,11,310.9061586,1450.6185,18.0543,3.1316
1/1/2022 5:42,58.82111256,10,310.9520711,1056.5237,18.0941,-1.6297
1/1/2022 5:43,56.79182229,12,310.8313344,853.9057,18.1731,-1.9217
1/1/2022 5:43,56.56084027,12,310.8357489,1043.9994,18.3591,-1.9618
1/1/2022 5:43,55.01398676,11,310.8041369,634.3114,17.8728,-2.0396
1/1/2022 5:43,55.96090318,14,310.8491344,712.9343,18.0324,-1.9534
1/1/2022 5:43,55.95827942,10,324.2208889,651.2777,18.1834,-1.947
1/1/2022 5:43,56.70612573,7,335.0270813,745.6067,18.271,-1.947
1/1/2022 5:44,56.90049309,8,335.1885867,868.8967,18.3384,-1.947
1/1/2022 5:44,54.69773376,10,335.1993076,637.0609,17.8928,-1.947
1/1/2022 5:44,52.89847898,14,335.1930545,422.1195,16.201,-1.947
1/1/2022 5:44,58.05098383,15,335.1926637,704.1462,17.4017,-1.8584
1/1/2022 5:44,56.00818776,13,335.1925748,1474.8506,18.497,1.0623
1/1/2022 5:44,56.25962475,10,335.1917221,971.5413,18.037,-1.2665
1/1/2022 5:45,54.1122214,9,335.1933831,594.37,18.0064,-1.9365
1/1/2022 5:45,52.65658517,11,335.1939605,498.619,17.142,-1.9352
1/1/2022 5:45,51.05975886,6,335.1929479,419.8891,16.2234,-1.934
1/1/2022 5:45,48.18408075,5,335.1914734,281.4096,14.2268,-1.934
1/1/2022 5:45,46.99848708,9,335.1942181,181.5327,12.3487,-1.934
1/1/2022 5:45,48.92160026,12,335.1921574,118.8676,11.2945,-1.934
1/1/2022 5:46,52.39296112,11,335.1933032,260.1615,13.4614,-1.8728
1/1/2022 5:46,56.52974626,11,335.1920241,867.1536,17.6084,-2.0268
1/1/2022 5:46,55.2460014,11,335.1969627,870.6191,18.1826,-1.972
1/1/2022 5:46,55.64888931,10,335.1865349,615.1642,18.0047,-1.972
1/1/2022 5:46,56.1402461,10,335.1930811,902.3535,18.3232,-1.972
1/1/2022 5:46,55.74769698,11,335.1843499,689.5261,18.1634,-1.972
1/1/2022 5:47,56.73006038,12,336.5327562,675.8823,17.9687,-1.972
1/1/2022 5:47,55.56680644,13,339.1825805,1462.1191,18.731,2.5411
1/1/2022 5:47,57.66390251,13,339.1921379,1351.569,18.117,0.7031
1/1/2022 5:47,57.33719992,12,339.1831224,1385.3637,18.2757,0.132
1/1/2022 5:47,56.44904773,10,339.1956908,1182.0457,18.1368,-0.7322
1/1/2022 5:47,55.41044542,9,339.1841261,785.8151,18.1569,-1.9939
1/1/2022 5:48,56.16217792,12,339.1405763,619.864,17.9015,-1.9601
1/1/2022 5:48,57.11721736,13,339.1704029,1257.5644,18.4681,-1.7015
1/1/2022 5:48,55.89631108,13,339.1888159,1479.9184,18.3985,1.2609
1/1/2022 5:48,55.70983052,13,339.1988884,1489.1094,18.3788,2.0996
1/1/2022 5:48,55.44974218,14,339.1725258,1490.2982,18.3249,1.4406
1/1/2022 5:48,55.83881488,13,339.1579056,1489.9492,18.3419,2.4037
1/1/2022 5:49,55.2123078,13,339.1594067,1497.7517,18.5459,4.8636
1/1/2022 5:49,56.63335334,13,339.1899262,1499.3108,18.404,3.4748
1/1/2022 5:49,55.52517489,14,339.1711135,1499.0972,18.3545,4.9986
1/1/2022 5:49,55.65162681,12,339.18775,1499.032,18.264,2.8632
1/1/2022 5:49,56.3696002,13,339.1873414,1119.3397,18.0985,-1.0874
1/1/2022 5:49,56.44457675,13,339.1886294,1069.1181,18.2426,-1.9756
1/1/2022 5:49,56.82620819,13,339.1820298,982.8359,18.2782,-1.9714
1/1/2022 5:50,57.71722087,15,339.191223,1183.961,18.3167,-1.9378
1/1/2022 5:50,53.98093592,16,339.1906723,1498.7597,18.6883,10.3334
1/1/2022 5:50,54.89121925,15,339.1859647,1497.3042,18.1484,8.446
1/1/2022 5:50,55.63556558,16,339.1925909,1501.344,18.463,6.4814
1/1/2022 5:50,55.2542204,14,339.1567953,1497.4963,18.174,5.5507
1/1/2022 5:50,54.75330265,14,339.1463586,1500.8074,18.4254,5.4881
1/1/2022 5:51,54.82414282,15,339.1861068,1500.0693,18.3562,4.8234
1/1/2022 5:51,55.494168,13,339.1732453,1498.2718,18.3155,2.6283
1/1/2022 5:51,55.7612791,10,339.1891001,1439.923,18.2939,1.6159
1/1/2022 5:51,56.46549888,10,339.1864976,971.1555,18.0791,-1.7557
1/1/2022 5:51,56.87311967,10,339.1679337,900.3163,18.268,-1.9311
1/1/2022 5:51,56.54145187,12,339.1529049,929.5466,18.2667,-1.9209
1/1/2022 5:52,56.31397171,8,339.1819588,962.7874,18.2877,-1.921
1/1/2022 5:52,55.45498432,8,339.1717175,759.2241,18.1694,-1.921
1/1/2022 5:52,53.02420335,8,339.1643364,547.5905,17.6036,-1.921
1/1/2022 5:52,52.13911396,9,339.1568575,431.6501,16.315,-1.921
1/1/2022 5:52,52.06748836,9,339.206989,393.458,15.816,-1.921
1/1/2022 5:52,54.17148092,9,339.1807774,429.7486,16.1414,-1.921
1/1/2022 5:53,55.71597478,7,339.2021215,909.7358,18.2002,-1.921
1/1/2022 5:53,55.21946156,8,339.1875546,643.341,18.1381,-1.921
1/1/2022 5:53,55.38076031,10,340.5935297,607.0663,18.1706,-1.921
1/1/2022 5:53,54.93571929,10,358.0782754,546.667,17.6588,-1.921
1/1/2022 5:53,55.60607778,9,0.239491218,559.0317,17.69,-1.921
1/1/2022 5:53,55.87880839,9,0.234366147,728.6007,18.2431,-1.921
1/1/2022 5:54,54.05445694,8,0.24266219,502.5315,17.2358,-1.921
1/1/2022 5:54,52.10705232,6,0.247414206,360.7454,15.4133,-1.921
1/1/2022 5:54,49.44426778,6,0.268074372,266.8092,13.9817,-1.921
1/1/2022 5:54,47.66031295,8,0.259067748,180.7152,12.2503,-1.921
1/1/2022 5:54,47.65702633,10,0.2682609,157.4866,11.6669,-1.921
1/1/2022 5:54,47.66900183,8,0.263500002,151.4081,11.523,-1.921
1/1/2022 5:55,46.90706036,10,0.266262389,111.439,11.1574,-1.921
1/1/2022 5:55,47.55693584,10,0.248488961,140.1455,11.3268,-1.921
1/1/2022 5:55,49.04841358,8,0.221451323,204.3409,12.6208,-1.921
1/1/2022 5:55,51.2986773,6,0.213004282,277.8184,13.9555,-1.921
1/1/2022 5:55,54.28923054,7,0.369552769,446.428,16.3467,-1.921
1/1/2022 5:55,52.87544411,7,5.344003379,479.0286,16.9229,-1.921
1/1/2022 5:56,54.14492477,15,92.68786956,1500.3151,18.5023,6.9268
1/1/2022 5:56,53.51846373,15,92.6855957,1495.2268,18.5459,10.8776
1/1/2022 5:56,58.13793704,14,92.70570517,1499.3992,18.2679,8.637
1/1/2022 5:56,57.06226563,13,92.69890135,1499.2491,18.3098,7.1925
1/1/2022 5:56,59.89934005,12,92.69252387,1402.2295,18.0245,1.2409
1/1/2022 5:56,59.2234068,13,92.69836841,1352.2376,18.2649,-0.0474
1/1/2022 5:57,56.94579726,14,92.69091618,1457.0622,18.3743,2.0872
1/1/2022 5:57,55.29390618,13,92.69210641,1455.382,18.3732,3.1405
1/1/2022 5:57,57.9922083,12,92.68126115,1410.1283,18.4763,2.0096
1/1/2022 5:57,54.28801915,14,92.67063795,1498.6243,18.1665,9.9725
1/1/2022 5:57,54.96454271,15,92.67213018,1502.4995,18.3171,7.6151
1/1/2022 5:57,54.64551994,11,92.67240553,1498.9063,18.3875,7.3894
1/1/2022 5:58,55.18585389,12,92.67312499,1471.5281,18.0698,2.5704
1/1/2022 5:58,56.70918286,13,92.69336769,1309.3353,18.215,-0.4328
1/1/2022 5:58,55.83231818,12,92.66672087,1388.8673,18.2924,0.6961
1/1/2022 5:58,57.77969924,10,92.67300952,1202.4719,18.2294,-1.9802
1/1/2022 5:58,57.96515373,11,92.68736327,1097.48,18.2486,-2.0172
1/1/2022 5:58,57.43607352,10,92.6934121,1143.9005,18.2545,-2.0039
1/1/2022 5:59,56.91320903,8,92.68686587,1023.5135,18.2314,-1.9973
1/1/2022 5:59,55.64779336,7,92.71780281,722.3748,18.1337,-1.9925
1/1/2022 5:59,54.15919894,9,92.69543726,509.6898,17.2645,-1.992
1/1/2022 5:59,52.19331094,9,92.69147577,385.8004,15.7014,-1.992
1/1/2022 5:59,54.3202248,11,92.6895039,450.7064,16.4337,-1.992
1/1/2022 5:59,57.48619558,11,92.69108495,1020.4129,18.1381,-1.1953
1/1/2022 6:00,57.96229871,10,92.67991993,1117.7096,18.2177,-1.5619
1/1/2022 6:00,58.94983977,12,92.69093395,1200.6114,18.2732,-1.6988
1/1/2022 6:00,56.56061643,12,92.68847356,1348.6804,18.3583,-0.4491
1/1/2022 6:00,54.964072,12,92.68540917,1488.0599,18.4522,3.2563
1/1/2022 6:00,46.11488685,10,92.68490288,121.2015,11.2389,12.3216
1/1/2022 6:00,51.03700358,11,92.69891911,165.7803,12.4093,3.8354
1/1/2022 6:01,54.37284308,12,92.7092936,569.413,16.8494,-1.9973
1/1/2022 6:01,57.02219084,11,92.7224216,832.0904,18.3034,-1.9716
1/1/2022 6:01,58.23694358,10,92.71556449,1270.6789,18.4106,-1.6486
1/1/2022 6:01,56.53943627,9,92.70680657,1348.9352,18.2624,0.2897
1/1/2022 6:01,56.79449843,12,92.70662004,1002.0191,18.163,-1.9892
1/1/2022 6:01,57.94462971,13,92.68570229,1263.0664,18.4436,-0.8702
1/1/2022 6:02,53.81416899,11,92.69567708,1497.1508,18.5585,4.8143
1/1/2022 6:02,56.39392535,11,92.70793462,1500.2118,18.3306,3.5635
1/1/2022 6:02,56.42135201,12,92.72687162,1301.0861,18.1449,-0.4055
1/1/2022 6:02,59.00425103,12,92.70851196,1123.4326,18.2092,-2.0118
1/1/2022 6:02,54.322687,12,92.69636102,1489.5313,18.6123,3.6307
1/1/2022 6:02,56.42134504,13,92.70423959,1400.5311,18.1452,0.2516
1/1/2022 6:03,53.93647895,11,92.70014486,1497.7334,18.4974,4.4914
1/1/2022 6:03,57.45496825,13,92.69609455,1419.6196,18.2036,0.8556
1/1/2022 6:03,56.55219854,13,92.69826182,1504.6505,18.5836,5.1422
1/1/2022 6:03,55.5352538,12,92.67630484,1481.9281,18.3539,4.302
1/1/2022 6:03,54.2826931,12,92.69874146,1496.6584,18.4288,7.6757
1/1/2022 6:03,55.85735498,11,92.69603237,1482.6212,18.1407,1.4941
1/1/2022 6:04,54.478534,11,92.69822629,1459.7613,18.3549,2.7441
1/1/2022 6:04,56.55652804,12,92.69417598,1429.5297,18.2541,0.5145
1/1/2022 6:04,56.79336755,10,130.5697943,992.0014,18.387,-1.9363
1/1/2022 6:04,55.7383169,9,130.5669697,1041.5141,18.2317,-1.9883
1/1/2022 6:04,56.22678583,10,130.5683287,1013.575,18.27,-2.0513
1/1/2022 6:04,55.7203722,9,130.529904,907.5331,18.2174,-2.0655
1/1/2022 6:05,55.53971308,8,130.5298063,911.6383,18.2925,-2.067
1/1/2022 6:05,54.83958508,9,133.3007386,746.4992,18.1602,-2.067
1/1/2022 6:05,55.24606576,9,133.9675034,696.3207,18.2846,-2.067
1/1/2022 6:05,55.24606576,9,142.8700188,1139.9429,18.3023,-2.067
1/1/2022 6:05,56.90750245,9,142.871733,1125.4422,18.2741,-2.067
1/1/2022 6:05,56.90750245,9,142.8520322,992.6688,18.2019,-2.067
1/1/2022 6:06,56.08450921,9,142.8500869,972.7564,18.2038,-2.067
1/1/2022 6:06,56.08450921,7,142.8700365,847.5016,18.2562,-2.067
1/1/2022 6:06,55.84030588,7,142.8703829,877.5142,18.2893,-2.067
1/1/2022 6:06,55.84030588,7,142.8583919,1062.0766,18.3151,-2.067
1/1/2022 6:06,56.36089536,7,142.8542438,1055.1662,18.2929,-2.067
1/1/2022 6:06,56.36089536,7,142.8545458,949.5158,18.2126,-2.067
1/1/2022 6:07,55.79926668,7,142.8587205,923.6657,18.2026,-2.067
1/1/2022 6:07,55.79926668,7,142.8640854,755.9623,18.2,-2.067
1/1/2022 6:07,55.28455771,7,142.8652223,736.4963,18.1968,-2.067
1/1/2022 6:07,55.28455771,7,142.8541994,587.3721,18.0067,-2.067
1/1/2022 6:07,54.56345029,6,142.8528671,582.1393,17.9644,-2.067
1/1/2022 6:07,54.56345029,7,142.8732519,529.9143,17.4236,-2.067
1/1/2022 6:08,53.55682976,7,142.8732253,525.9462,17.3748,-2.067
1/1/2022 6:08,53.55682976,7,142.8863532,529.8167,17.3889,-2.067
1/1/2022 6:08,53.9906141,7,142.8816723,531.0341,17.4111,-2.067
1/1/2022 6:08,53.9906141,8,142.8719817,516.1763,17.2585,-2.067
1/1/2022 6:08,53.84722156,8,142.8721772,517.1945,17.2582,-2.067
1/1/2022 6:08,53.84722156,7,83.66851104,372.7978,15.4749,-1.963
1/1/2022 6:09,51.24240582,7,83.67286335,371.9251,15.4586,-1.963
1/1/2022 6:09,51.24240582,7,83.68076858,388.892,15.6688,-1.963
1/1/2022 6:09,51.83492248,7,83.68134592,390.6224,15.6992,-1.963
1/1/2022 6:09,51.83492248,7,83.68054652,365.284,15.4074,-1.963
1/1/2022 6:09,50.31944122,7,83.67622974,358.5953,15.3167,-1.963
1/1/2022 6:09,50.31944122,7,83.67881448,315.3857,14.6309,-1.963
1/1/2022 6:10,49.84082595,7,83.68357537,315.1479,14.6186,-1.963
1/1/2022 6:10,49.84082595,7,83.7002474,322.8788,14.7442,-1.963
1/1/2022 6:10,49.66629146,7,83.69915488,322.506,14.7391,-1.963
1/1/2022 6:10,49.66629146,7,83.67020755,336.9212,14.8916,-1.963
1/1/2022 6:10,50.69751427,7,83.6662283,344.7027,14.989,-1.963
1/1/2022 6:10,50.69751427,6,83.68919785,463.1206,16.5225,-1.963
1/1/2022 6:11,53.13267284,6,83.69458051,476.502,16.6929,-1.963
1/1/2022 6:11,51.02120353,7,83.70261897,361.3914,15.306,-1.963
1/1/2022 6:11,51.02120353,7,83.7046086,359.8329,15.2958,-1.963
1/1/2022 6:11,49.74422574,6,83.74502294,302.0935,14.4758,-1.963
1/1/2022 6:11,49.74422574,6,83.75045001,295.3756,14.3656,-1.963
1/1/2022 6:11,50.01097904,7,83.75051218,280.2314,14.0203,-1.963
1/1/2022 6:12,50.01097904,7,83.75101847,285.3604,14.0912,-1.963
1/1/2022 6:12,51.18204219,7,83.75180011,351.1717,15.113,-1.963
1/1/2022 6:12,51.18204219,7,83.75052106,355.8984,15.1845,-1.963
1/1/2022 6:12,50.48912561,5,83.72991419,354.2106,15.2292,-1.963
1/1/2022 6:12,50.48912561,5,83.73287199,350.715,15.1845,-1.963
1/1/2022 6:12,49.53090065,6,84.19508119,311.9779,14.6214,-1.963
1/1/2022 6:13,49.53090065,6,84.36199152,306.1107,14.5298,-1.963
1/1/2022 6:13,49.44855517,7,85.37975192,253.0409,13.5938,-1.963
1/1/2022 6:13,49.44855517,7,85.36895996,251.5808,13.5513,-1.963
1/1/2022 6:13,51.77579617,9,85.36610875,309.8989,14.4057,-1.963
1/1/2022 6:13,51.77579617,9,85.36607323,321.9458,14.5964,-1.963
1/1/2022 6:13,53.80001067,9,85.43522097,442.6274,16.2779,-1.963
1/1/2022 6:14,53.80001067,8,85.49618868,455.6786,16.4406,-1.963
1/1/2022 6:14,55.06219005,8,85.98721943,558.9221,17.5767,-1.963
1/1/2022 6:14,55.06219005,9,85.99619941,582.3687,17.6888,-1.963
1/1/2022 6:14,55.53813184,9,85.4076715,814.3264,18.2754,-1.963
1/1/2022 6:14,55.53813184,9,86.08419246,806.5622,18.269,-1.963
1/1/2022 6:14,55.27847373,8,92.74307289,703.8386,18.2645,-1.963
1/1/2022 6:15,55.27847373,8,92.74282418,722.9553,18.2893,-1.963
1/1/2022 6:15,56.5100242,9,92.70397312,936.1844,18.3499,-1.963
1/1/2022 6:15,56.5100242,9,92.69931881,952.651,18.3404,-1.963
1/1/2022 6:15,56.06136821,10,92.72782203,960.0715,18.2403,-1.963
1/1/2022 6:15,56.06136821,10,92.72774209,939.4462,18.2268,-1.963
1/1/2022 6:15,55.91616769,9,92.7079435,922.3031,18.296,-1.963
1/1/2022 6:16,55.91616769,9,92.70759709,938.258,18.3071,-1.963
1/1/2022 6:16,55.6675653,8,92.72275025,930.2422,18.2481,-1.963
1/1/2022 6:16,55.6675653,8,92.72299895,913.2325,18.2309,-1.963
1/1/2022 6:16,55.54376747,7,92.73293821,828.3247,18.2341,-1.963
1/1/2022 6:16,55.54376747,7,92.73732606,820.445,18.2388,-1.963
1/1/2022 6:16,54.61256885,8,92.75071164,641.0179,18.1467,-1.963
1/1/2022 6:17,54.61256885,8,92.7507827,626.4638,18.1277,-1.963
1/1/2022 6:17,53.78669454,7,92.73030018,539.4751,17.5412,-1.963
1/1/2022 6:17,53.78669454,7,92.73021136,528.4488,17.4198,-1.963
1/1/2022 6:17,53.12917139,5,92.74245113,462.957,16.6219,-1.963
1/1/2022 6:17,53.12917139,5,92.74238895,461.1137,16.6008,-1.963
1/1/2022 6:17,51.58104718,5,92.7448227,426.5909,16.1975,-1.963
1/1/2022 6:18,51.58104718,5,92.74570204,423.0924,16.1489,-1.963
1/1/2022 6:18,51.81076954,5,92.74802031,416.8578,16.0582,-1.963
1/1/2022 6:18,51.81076954,5,92.74817131,413.557,16.0195,-1.963
1/1/2022 6:18,50.69491697,5,92.72757332,347.4964,15.1645,-1.963
1/1/2022 6:18,50.69491697,5,92.7225726,339.6045,15.0473,-1.963
1/1/2022 6:18,48.74307595,5,92.71901081,256.2824,13.7238,-1.963
1/1/2022 6:19,48.74307595,5,92.72546822,246.3501,13.5516,-1.963
1/1/2022 6:19,48.14454284,7,92.75297662,192.5849,12.4547,-1.963
1/1/2022 6:19,48.14454284,7,92.75077382,190.7024,12.3963,-1.963
1/1/2022 6:19,49.34428253,7,92.73550519,215.8755,12.7829,-1.963
1/1/2022 6:19,49.34428253,7,92.73075318,223.1369,12.927,-1.963
1/1/2022 6:19,50.34844826,7,92.70518111,280.4947,14.058,-1.963
1/1/2022 6:20,50.34844826,7,92.70496794,283.6448,14.1187,-1.963
1/1/2022 6:20,51.10486516,7,92.70975548,295.1002,14.3057,-1.963
1/1/2022 6:20,51.10486516,7,92.71747418,297.2493,14.3417,-1.963
1/1/2022 6:20,55.6738412,9,197.2132196,673.3821,18.2429,-1.957
1/1/2022 6:20,55.6738412,8,197.2133262,680.1781,18.262,-1.957
1/1/2022 6:20,55.01545224,8,197.1985727,671.9683,18.2503,-1.957
1/1/2022 6:21,55.01545224,8,197.1981819,666.009,18.242,-1.957
1/1/2022 6:21,54.79920847,9,197.2043906,630.5852,18.2397,-1.957
1/1/2022 6:21,54.79920847,9,197.2046038,630.0401,18.2428,-1.957
1/1/2022 6:21,54.21002148,9,197.230993,576.1873,17.917,-1.957
1/1/2022 6:21,54.21002148,9,197.2358872,571.6807,17.8673,-1.957
1/1/2022 6:21,54.12926687,9,197.2768255,548.4034,17.6345,-1.957
1/1/2022 6:22,54.12926687,9,197.2779802,545.1089,17.6019,-1.957
1/1/2022 6:22,54.17804317,9,197.2647012,519.4855,17.2951,-1.957
1/1/2022 6:22,54.17804317,9,197.2653852,520.3132,17.2969,-1.957
1/1/2022 6:22,55.52970248,9,197.2704658,679.6405,17.9874,-1.957
1/1/2022 6:22,55.52970248,9,197.2706257,704.2769,18.0742,-1.957
1/1/2022 6:22,55.55576316,8,197.2637953,847.4421,18.3013,-1.957
1/1/2022 6:23,55.55576316,9,197.2640617,850.355,18.2916,-1.957
1/1/2022 6:23,54.69103144,14,271.3644747,1497.5909,18.6183,4.8995
1/1/2022 6:23,54.69103144,13,271.3610372,1497.5311,18.6205,5.376
1/1/2022 6:23,53.34434517,12,271.3505473,1499.6383,18.5152,8.4606
1/1/2022 6:23,53.34434517,11,271.3501742,1500.1318,18.4803,8.4505
1/1/2022 6:23,55.88979416,12,274.6292499,1493.8227,18.0783,4.1491
1/1/2022 6:24,55.88979416,12,275.2140326,1488.7476,18.0671,3.48
1/1/2022 6:24,56.48109245,11,277.1165279,1421.2007,18.247,0.7302
1/1/2022 6:24,56.48109245,11,277.1106567,1423.0965,18.2673,0.7266
1/1/2022 6:24,57.2845447,12,277.0513231,1492.5256,18.3695,1.2534
1/1/2022 6:24,57.2845447,12,277.0480722,1495.6688,18.3843,1.3872
1/1/2022 6:24,55.64868933,11,277.0466866,1498.1456,18.5028,4.0277
1/1/2022 6:25,55.64868933,11,277.0329457,1497.9731,18.4836,4.1461
1/1/2022 6:25,55.40200896,10,276.9748112,1471.195,18.2417,1.9901
1/1/2022 6:25,55.40200896,10,276.9613812,1458.805,18.2318,1.6994
1/1/2022 6:25,55.49204561,7,277.0807856,799.317,18.2457,-2.086
1/1/2022 6:25,55.49204561,7,277.0772682,785.966,18.238,-2.086
1/1/2022 6:25,55.8246488,8,277.1193968,672.5357,18.1951,-2.086
1/1/2022 6:26,55.8246488,8,277.1196633,657.8454,18.1808,-2.086
1/1/2022 6:26,54.90824126,8,277.1161726,573.3315,17.881,-2.086
1/1/2022 6:26,54.90824126,8,277.1162081,567.9134,17.8225,-2.086
1/1/2022 6:26,55.06203734,9,277.0992696,585.2822,17.8171,-2.086
1/1/2022 6:26,55.06203734,9,277.1007618,599.0482,17.8909,-2.086
1/1/2022 6:26,55.5714748,8,277.1272665,697.3747,18.2832,-2.086
1/1/2022 6:27,55.5714748,8,277.1257832,709.999,18.2943,-2.086
1/1/2022 6:27,54.66543676,8,277.1067041,755.6416,18.2562,-2.086
1/1/2022 6:27,54.66543676,7,277.0977596,734.1523,18.2243,-2.086
1/1/2022 6:27,49.47103184,11,284.1074183,232.772,13.1341,-2.086
1/1/2022 6:27,49.47103184,11,284.107587,240.7512,13.264,-2.086
1/1/2022 6:27,55.18874089,11,284.1111488,409.0256,15.4929,-2.086
1/1/2022 6:28,55.18874089,11,284.1111044,463.1001,15.8852,-2.086
1/1/2022 6:28,57.23861774,10,284.1106514,1142.01,18.3026,-2.0301
1/1/2022 6:28,57.23861774,10,284.1107136,1174.7333,18.3366,-2.0171
1/1/2022 6:28,57.6250285,11,284.1118416,1161.3068,18.2654,-1.9358
1/1/2022 6:28,57.6250285,11,284.1120282,1164.8465,18.2688,-1.932
1/1/2022 6:28,57.2064402,10,284.1132006,1236.6382,18.2911,-1.8138
1/1/2022 6:29,57.2064402,10,284.1139556,1235.9079,18.2845,-1.8252
1/1/2022 6:29,56.89634502,12,284.1060326,1242.4462,18.2771,-1.7377
1/1/2022 6:29,56.89634502,12,284.1048691,1230.9434,18.2694,-1.7344
1/1/2022 6:29,56.36334331,11,284.1089993,961.2809,18.1661,-2.0436
1/1/2022 6:29,56.36334331,11,284.1091592,956.6825,18.1839,-2.0505
1/1/2022 6:29,56.3491683,9,284.1107314,1018.964,18.2901,-2.0775
1/1/2022 6:30,56.3491683,9,284.109781,1014.9114,18.2806,-2.0792
1/1/2022 6:30,55.72212174,9,284.1043095,934.1517,18.2286,-2.085
1/1/2022 6:30,55.72212174,9,284.1057484,930.7411,18.2366,-2.085
1/1/2022 6:30,55.24405347,9,284.1065567,806.5313,18.2,-2.085
1/1/2022 6:30,55.24405347,9,284.1068054,791.371,18.202,-2.085
1/1/2022 6:30,55.89073742,11,284.1021422,914.6174,18.3363,-2.085
1/1/2022 6:31,55.89073742,10,284.1015649,923.0086,18.3282,-2.085
1/1/2022 6:31,55.83125819,11,284.106983,931.3164,18.294,-2.085
1/1/2022 6:31,55.83125819,11,284.1070274,939.4568,18.2984,-2.085
1/1/2022 6:31,55.39863426,10,284.107818,717.3631,18.1322,-2.085
1/1/2022 6:31,55.39863426,10,284.1072673,683.8026,18.124,-2.085
1/1/2022 6:31,56.06670735,10,284.1070807,891.4094,18.383,-2.085
1/1/2022 6:32,56.06670735,10,284.1067521,925.296,18.3902,-2.085
1/1/2022 6:32,55.34234684,10,284.1053309,803.9525,18.1845,-2.085
1/1/2022 6:32,55.34234684,10,284.1058461,788.1326,18.1879,-2.085
1/1/2022 6:32,55.97177101,11,284.1102251,892.0756,18.3219,-2.085
1/1/2022 6:32,55.97177101,11,284.1104738,897.1074,18.311,-2.085
1/1/2022 6:32,56.18865812,10,284.1050645,982.4931,18.314,-2.085
1/1/2022 6:33,56.18865812,10,284.1059172,1000.5158,18.3221,-2.085
1/1/2022 6:33,56.22201374,9,284.1070097,1026.3734,18.2629,-2.085
1/1/2022 6:33,56.22201374,9,284.106912,1033.2134,18.2699,-2.085
1/1/2022 6:33,55.08220849,9,284.1071696,971.6309,18.2185,-2.085
1/1/2022 6:33,55.08220849,9,284.1066988,940.6047,18.1983,-2.085
1/1/2022 6:33,54.9557442,11,284.1061659,732.7641,18.2065,-2.085
1/1/2022 6:34,54.9557442,11,284.1054375,729.0955,18.2185,-2.085
1/1/2022 6:34,54.85968802,11,284.1114419,741.6721,18.2688,-2.085
1/1/2022 6:34,54.85968802,11,284.1126499,748.0979,18.275,-2.085
1/1/2022 6:34,56.02745537,10,284.1096832,951.9916,18.3648,-2.085
1/1/2022 6:34,56.02745537,10,284.1109356,960.9539,18.3516,-2.085
1/1/2022 6:34,56.36017319,12,284.1078269,856.5543,18.2209,-2.085
1/1/2022 6:35,56.36017319,12,284.1059172,857.6347,18.2346,-2.085
1/1/2022 6:35,56.28818993,10,284.1073294,986.004,18.3296,-2.085
1/1/2022 6:35,56.28818993,10,284.1075071,1013.442,18.3444,-2.08
1/1/2022 6:35,56.64606305,10,284.1064767,1140.4343,18.2991,-1.9537
1/1/2022 6:35,56.64606305,10,284.1062192,1131.2673,18.2768,-1.9422
1/1/2022 6:35,55.58350234,9,284.1061303,1006.2308,18.2053,-1.9101
1/1/2022 6:36,55.58350234,9,284.1059793,993.7015,18.2068,-1.9086
1/1/2022 6:36,55.31736025,10,284.1111844,928.5901,18.2401,-1.9513
1/1/2022 6:36,55.31736025,10,284.1129164,912.8169,18.234,-1.9642
1/1/2022 6:36,56.46069571,10,284.1588466,947.6524,18.3181,-2.0485
1/1/2022 6:36,56.46069571,10,284.1710686,975.1738,18.3334,-2.0503
1/1/2022 6:36,56.69407168,9,284.2215288,1125.9977,18.3222,-2.046
1/1/2022 6:37,56.69407168,9,284.2165459,1142.0586,18.3251,-2.0369
1/1/2022 6:37,55.80125786,8,284.2054253,1128.4777,18.2343,-1.9413
1/1/2022 6:37,55.80125786,7,284.2057983,1105.8145,18.2172,-1.9375
1/1/2022 6:37,56.13228372,7,284.177828,1000.1016,18.2329,-1.9153
1/1/2022 6:37,56.13228372,7,284.1707489,987.3908,18.2293,-1.9136
1/1/2022 6:37,55.29029516,8,284.1300148,728.6388,18.1491,-1.9025
1/1/2022 6:38,55.29029516,8,284.1348645,700.1839,18.1472,-1.902
1/1/2022 6:38,54.46137721,8,284.1723654,599.776,18.0908,-1.901
1/1/2022 6:38,54.46137721,8,284.1715927,595.3038,18.0651,-1.901
1/1/2022 6:38,54.01818873,8,284.1555513,573.3008,17.8535,-1.901
1/1/2022 6:38,54.01818873,8,284.156555,572.5692,17.8393,-1.901
1/1/2022 6:38,54.81382157,8,284.1373071,654.8015,18.0283,-1.901
1/1/2022 6:39,54.81382157,8,284.1322797,673.7717,18.0803,-1.901
1/1/2022 6:39,54.18364887,8,284.1378845,626.5095,18.0891,-1.901
1/1/2022 6:39,54.18364887,7,284.1382398,606.9469,18.0382,-1.901
1/1/2022 6:39,54.01586775,8,284.1302279,558.8083,17.6906,-1.901
1/1/2022 6:39,54.01586775,8,284.1297927,559.9155,17.6911,-1.901
1/1/2022 6:39,54.42195379,9,284.1391635,597.9024,18.0469,-1.901
1/1/2022 6:40,54.42195379,9,284.1392168,603.6037,18.091,-1.901
1/1/2022 6:40,54.77934772,9,284.1318889,675.4992,18.2702,-1.901
1/1/2022 6:40,54.77934772,9,284.1317646,680.4424,18.2758,-1.901
1/1/2022 6:40,54.76777168,8,284.1266573,677.9425,18.2479,-1.901
1/1/2022 6:40,54.76777168,8,284.1275544,669.6013,18.2311,-1.901
1/1/2022 6:40,53.83541935,10,284.1309208,579.25,17.9183,-1.901
1/1/2022 6:41,53.83541935,10,284.1299526,575.9774,17.8851,-1.901
1/1/2022 6:41,53.83618926,9,284.1288068,547.2349,17.5967,-1.901
1/1/2022 6:41,53.83618926,9,284.1300858,543.5978,17.5509,-1.901
1/1/2022 6:41,53.3425514,8,284.1310362,524.7386,17.3099,-1.901
1/1/2022 6:41,53.3425514,8,284.1304944,525.4574,17.3181,-1.901
1/1/2022 6:41,54.72345323,8,284.1258579,649.9633,17.8917,-1.901
1/1/2022 6:42,54.72345323,8,284.1226514,672.7966,17.9805,-1.901
1/1/2022 6:42,54.60567629,8,284.0995575,667.4667,18.2186,-1.901
1/1/2022 6:42,54.60567629,8,284.0948232,654.5949,18.2151,-1.901
1/1/2022 6:42,54.61883639,8,284.0785331,618.9273,18.2217,-1.901
1/1/2022 6:42,54.61883639,8,284.0782489,616.3415,18.2187,-1.901
1/1/2022 6:42,53.6275072,9,284.0993709,572.5632,17.8598,-1.901
1/1/2022 6:43,53.6275072,9,284.1052688,563.8305,17.768,-1.901
1/1/2022 6:43,53.9231466,9,284.091519,537.6418,17.4631,-1.901
1/1/2022 6:43,53.9231466,8,284.0863229,543.8754,17.513,-1.901
1/1/2022 6:43,54.59409838,10,284.0851682,643.6222,18.1108,-1.901
1/1/2022 6:43,54.59409838,10,284.0890497,645.7167,18.1438,-1.901
1/1/2022 6:43,56.60835664,12,284.0796168,880.7242,18.3635,-1.901
1/1/2022 6:44,56.60835664,12,284.0804961,939.1805,18.3907,-1.901
1/1/2022 6:44,57.72785544,10,284.1018136,1146.7445,18.2996,-1.9549
1/1/2022 6:44,57.72785544,10,284.1017691,1138.0998,18.2808,-1.9718
1/1/2022 6:44,57.56547963,11,284.0964043,1219.1825,18.3321,-1.8431
1/1/2022 6:44,57.56547963,11,284.0911637,1252.8031,18.353,-1.6223
1/1/2022 6:44,55.75568866,10,284.0860031,1283.1725,18.2337,-0.509
1/1/2022 6:45,55.75568866,10,284.0911459,1240.975,18.2001,-0.7285
1/1/2022 6:45,56.98045467,10,284.086616,1084.9602,18.25,-2.0286
1/1/2022 6:45,56.98045467,10,284.0819439,1116.6358,18.2869,-2.0157
1/1/2022 6:45,56.15572167,9,284.0752467,1178.4278,18.2512,-1.7725
1/1/2022 6:45,56.15572167,9,284.081331,1154.4436,18.2296,-1.7886
1/1/2022 6:45,56.20617688,8,284.0714184,1046.3328,18.2293,-2.0164
1/1/2022 6:46,56.20617688,8,284.070397,1023.3359,18.2179,-2.0006
1/1/2022 6:46,56.37678805,11,284.0901955,782.4167,18.1725,-1.925
1/1/2022 6:46,56.37678805,11,284.0895649,767.5356,18.1846,-1.9241
1/1/2022 6:46,55.54600314,10,284.1052776,704.0471,18.2563,-1.922
1/1/2022 6:46,55.54600314,10,284.1009431,723.8334,18.2748,-1.922
1/1/2022 6:46,56.59625734,12,284.0900179,1166.7303,18.4506,-1.9257
1/1/2022 6:47,56.59625734,12,284.0899468,1188.7638,18.4293,-1.9308
1/1/2022 6:47,56.44759536,12,284.0875397,1112.0804,18.2474,-1.9965
1/1/2022 6:47,56.44759536,12,284.091821,1129.6721,18.2665,-2.001
1/1/2022 6:47,55.35035053,12,284.0791726,1415.7475,18.4034,-0.2918
1/1/2022 6:47,55.35035053,12,284.0750424,1430.6801,18.3992,0.0152
1/1/2022 6:47,55.41324877,11,284.0581305,1400.3306,18.2781,0.2523
1/1/2022 6:48,55.41324877,11,284.057642,1395.5951,18.2678,0.1481
1/1/2022 6:48,55.85502194,9,284.0849728,1386.9966,18.2616,-0.3569
1/1/2022 6:48,55.85502194,9,284.0851682,1377.8585,18.2525,-0.4166
1/1/2022 6:48,56.13822553,8,284.0627049,1187.711,18.1707,-1.5695
1/1/2022 6:48,56.13822553,8,284.0630602,1155.4628,18.165,-1.7084
1/1/2022 6:48,55.14927435,9,284.0625006,736.0897,18.0873,-1.9612
1/1/2022 6:49,55.14927435,9,284.0626694,702.616,18.0987,-1.9587
1/1/2022 6:49,55.93853717,8,284.0680787,759.6826,18.3246,-1.9445
1/1/2022 6:49,55.93853717,8,284.073035,799.0724,18.349,-1.9436
1/1/2022 6:49,55.99023134,10,284.0622164,992.7268,18.3024,-1.942
1/1/2022 6:49,55.99023134,10,284.0564074,989.4849,18.2898,-1.942
1/1/2022 6:49,55.75433969,10,284.0714984,927.1541,18.2366,-1.942
1/1/2022 6:50,55.75433969,10,284.0708677,910.7412,18.228,-1.942
1/1/2022 6:50,56.3172321,8,284.0565673,830.514,18.2435,-1.942
1/1/2022 6:50,56.3172321,8,284.062394,829.3443,18.2474,-1.942
1/1/2022 6:50,56.15470239,10,284.0845375,905.7949,18.2904,-1.942
1/1/2022 6:50,56.15470239,10,284.0850971,914.3582,18.2867,-1.942
1/1/2022 6:50,56.7902041,13,284.0775383,1164.364,18.4123,-1.8199
1/1/2022 6:51,56.7902041,13,284.0720579,1202.6481,18.4207,-1.7518
1/1/2022 6:51,57.02262059,11,284.0759928,1253.1266,18.2784,-1.7482
1/1/2022 6:51,57.02262059,11,284.0808514,1259.8494,18.2793,-1.7007
1/1/2022 6:51,56.7878534,10,284.095445,1315.6022,18.2735,-1.0595
1/1/2022 6:51,56.7878534,10,284.10216,1305.5258,18.2643,-1.1542
1/1/2022 6:51,57.75149532,8,284.199785,1261.8725,18.2668,-1.8447
1/1/2022 6:52,57.75149532,8,284.1935319,1260.7526,18.2657,-1.8379
1/1/2022 6:52,56.65341011,10,284.0910394,1032.1563,18.123,-1.9649
1/1/2022 6:52,56.65341011,10,284.0904887,986.6864,18.1111,-2.0048
1/1/2022 6:52,55.94414408,9,284.0834628,752.5178,18.2013,-2.0702
1/1/2022 6:52,55.94414408,9,284.0836138,744.1891,18.2164,-2.0713
1/1/2022 6:52,54.96390348,7,284.3175818,655.5275,18.222,-2.0768
1/1/2022 6:53,54.96390348,7,284.3515743,642.3814,18.2107,-2.077
1/1/2022 6:53,54.93649813,4,284.3821736,595.9582,18.0419,-2.077
1/1/2022 6:53,54.93649813,4,284.3748191,593.5415,18.0134,-2.077
1/1/2022 6:53,53.92763257,5,284.4161483,546.7594,17.5917,-2.077
1/1/2022 6:53,53.92763257,5,284.4237426,538.6904,17.5085,-2.077
1/1/2022 6:53,51.81139037,5,284.4089448,428.9319,16.2545,-2.077
1/1/2022 6:54,51.81139037,5,284.4115917,413.5938,16.0648,-2.077
1/1/2022 6:54,49.24015523,6,286.4940373,288.2246,14.2676,-2.077
1/1/2022 6:54,49.24015523,6,286.8696793,277.7336,14.0909,-2.077
1/1/2022 6:54,48.30940465,6,288.2593212,223.2385,13.0585,-2.077
1/1/2022 6:54,48.30940465,6,288.2663737,220.8874,13.0084,-2.077
1/1/2022 6:54,52.85859576,8,341.0025671,500.5587,17.1187,-1.967
1/1/2022 6:55,52.85859576,8,341.0026115,481.7197,16.9039,-1.967
1/1/2022 6:55,50.63984935,9,341.0040149,375.3603,15.5168,-1.967
1/1/2022 6:55,50.63984935,9,340.9963051,370.4005,15.443,-1.967
1/1/2022 6:55,50.97239733,8,340.96432,325.6036,14.7997,-1.967
1/1/2022 6:55,50.97239733,8,340.9650217,322.5804,14.7508,-1.967
1/1/2022 6:55,51.78693546,9,340.9567168,376.4071,15.4361,-1.967
1/1/2022 6:56,51.78693546,9,340.9564681,386.7808,15.5835,-1.967
1/1/2022 6:56,52.3919965,9,340.9842696,436.3963,16.273,-1.967
1/1/2022 6:56,52.3919965,9,340.9869432,440.3783,16.3201,-1.967
1/1/2022 6:56,53.92726414,9,340.9770927,509.2435,17.1017,-1.967
1/1/2022 6:56,53.92726414,9,340.976924,517.7671,17.195,-1.967
1/1/2022 6:56,55.44579877,9,340.9905671,701.7299,18.0636,-1.967
1/1/2022 6:57,55.44579877,9,340.9898121,722.7234,18.1321,-1.967
1/1/2022 6:57,55.44579877,9,340.9771727,723.3878,18.247,-1.967
1/1/2022 6:57,55.44579877,9,341.0175959,632.4453,18.1139,-1.967
1/1/2022 6:57,55.44579877,8,341.0006308,545.6834,17.5776,-1.967
1/1/2022 6:57,55.44579877,7,340.9904961,553.276,17.6287,-1.967
1/1/2022 6:57,55.44579877,7,340.9843495,557.9348,17.6898,-1.967
1/1/2022 6:58,55.44579877,8,340.9802015,461.721,16.6691,-1.967
1/1/2022 6:58,55.44579877,7,340.9844828,391.1525,15.741,-1.967
1/1/2022 6:58,55.44579877,6,340.9830794,309.5644,14.5961,-1.967
1/1/2022 6:58,55.44579877,5,340.9797929,241.7909,13.4242,-1.967
1/1/2022 6:58,55.44579877,4,340.9811075,202.405,12.6513,-1.967
1/1/2022 6:58,55.44579877,4,341.0943447,132.1592,11.4993,-1.967
1/1/2022 6:59,55.44579877,4,341.9825216,89.8846,11.1178,-1.967
1/1/2022 6:59,55.44579877,4,341.9780893,87.8896,11.111,-1.967
1/1/2022 6:59,55.44579877,8,342.3533805,132.5246,11.2093,-1.967
1/1/2022 6:59,55.44579877,8,344.7069251,160.5251,11.6154,-1.967
1/1/2022 6:59,55.44579877,8,352.965415,262.7328,13.5278,-1.967
1/1/2022 6:59,55.44579877,9,358.833693,543.9893,17.0473,-1.967
1/1/2022 7:00,55.44579877,9,359.3695526,653.4907,18.1925,-1.967
1/1/2022 7:00,55.44579877,8,359.4965957,599.6999,17.9948,-1.967
1/1/2022 7:00,55.44579877,8,359.6845003,733.7411,18.28,-1.967
1/1/2022 7:00,55.44579877,7,359.8091362,610.3576,18.122,-1.967
1/1/2022 7:00,55.44579877,7,359.8070844,525.3548,17.365,-1.967
1/1/2022 7:00,55.44579877,7,359.8018794,421.8558,16.1568,-1.967
1/1/2022 7:01,55.44579877,7,359.7900571,373.1826,15.4838,-1.967
1/1/2022 7:01,55.44579877,7,359.7898439,342.7509,15.0512,-1.967
1/1/2022 7:01,55.44579877,7,359.785687,311.5286,14.5629,-1.967
1/1/2022 7:01,55.44579877,8,359.78312,324.4304,14.7348,-1.967
1/1/2022 7:01,55.44579877,7,359.7805175,308.2115,14.5279,-1.967
1/1/2022 7:01,55.44579877,6,359.7673096,243.8258,13.4806,-1.967
1/1/2022 7:02,55.44579877,6,359.7843103,124.4091,11.6568,-1.967
1/1/2022 7:02,55.44579877,7,359.7772755,67.7647,11.1453,-1.967
1/1/2022 7:02,55.44579877,8,359.7874546,143.4514,11.2441,-1.967
1/1/2022 7:02,55.44579877,7,359.7853495,160.2091,11.6406,-1.967
1/1/2022 7:02,55.44579877,6,359.783724,202.7421,12.5258,-1.967
1/1/2022 7:02,55.44579877,6,359.7906611,245.1432,13.4223,-1.967
1/1/2022 7:03,55.44579877,7,359.7797093,252.1333,13.5769,-1.967
1/1/2022 7:03,55.44579877,6,359.8186225,255.1901,13.6488,-1.967
1/1/2022 7:03,55.44579877,6,359.8058853,237.6921,13.3134,-1.967
1/1/2022 7:03,55.44579877,6,359.8090829,219.7555,12.9618,-1.967
1/1/2022 7:03,55.44579877,5,359.8110548,219.481,12.9558,-1.967
1/1/2022 7:03,55.44579877,5,359.8015596,198.0762,12.547,-1.967
1/1/2022 7:04,55.44579877,6,359.8024745,183.8143,12.2065,-1.967
1/1/2022 7:04,55.44579877,5,359.8039667,201.5345,12.584,-1.967
1/1/2022 7:04,55.44579877,4,0.19284199,194.635,12.4796,-1.967
1/1/2022 7:04,55.44579877,5,0.40958674,175.2014,12.0694,-1.967
1/1/2022 7:04,55.44579877,5,0.416283973,136.3114,11.3508,-1.967
1/1/2022 7:04,55.44579877,6,0.395232988,105.7001,11.1252,-1.967
1/1/2022 7:05,55.44579877,5,0.363594332,113.4499,11.1048,-1.967
1/1/2022 7:05,55.44579877,4,0.342108115,77.2368,11.0951,-1.967
1/1/2022 7:05,55.44579877,4,0.345678788,87.5928,11.1251,-1.967
1/1/2022 7:05,55.44579877,6,0.343049636,127.0865,11.15,-1.967
1/1/2022 7:05,55.44579877,5,0.375745282,93.1603,11.1012,-1.967
1/1/2022 7:05,55.44579877,5,0.376127219,98.0748,11.1067,-1.967
1/1/2022 7:06,55.44579877,4,0.591087148,75.7239,11.1127,-1.967
1/1/2022 7:06,55.44579877,6,1.776078001,59.0568,11.0955,-1.6364
1/1/2022 7:06,55.44579877,7,2.435668663,71.9059,11.1379,-0.833
1/1/2022 7:06,55.44579877,6,2.438963986,142.1596,11.2689,-0.833
1/1/2022 7:06,55.44579877,6,2.45543172,175.4586,11.9708,-0.833
1/1/2022 7:06,55.44579877,6,2.429184604,202.1189,12.6099,-0.8892
1/1/2022 7:07,55.44579877,7,2.543257835,223.3432,12.9813,-2.0926
1/1/2022 7:07,55.44579877,10,7.328587537,267.2871,13.7765,-1.9906
1/1/2022 7:07,55.44579877,12,13.22206145,377.7355,15.3836,-1.901
1/1/2022 7:07,55.44579877,11,15.37618297,835.9159,17.7588,-1.8664
1/1/2022 7:07,55.44579877,10,18.98554965,1348.2646,18.3184,-0.0392
1/1/2022 7:07,55.44579877,12,21.77708101,1240.3671,18.2831,-1.8225
1/1/2022 7:08,55.44579877,16,28.88232624,1377.0538,18.2811,0.3859
1/1/2022 7:08,55.44579877,13,31.59651736,1480.8027,18.6187,5.0003
1/1/2022 7:08,55.44579877,15,40.7157219,1454.0854,18.3292,2.8322
1/1/2022 7:08,55.44579877,15,42.88991732,1498.1351,18.5193,6.0507
1/1/2022 7:08,55.44579877,14,42.83879096,1501.6191,18.2841,5.9885
1/1/2022 7:08,55.44579877,13,42.81991613,1411.0921,18.1385,2.7386
1/1/2022 7:09,55.44579877,13,43.9753767,1151.6342,18.1566,-1.8995
1/1/2022 7:09,55.44579877,13,49.49023426,999.2136,18.212,-2.0177
1/1/2022 7:09,55.44579877,12,51.84346179,1351.4534,18.4985,-0.1253
1/1/2022 7:09,55.44579877,9,52.03868478,1494.5848,18.5056,4.0164
1/1/2022 7:09,55.44579877,11,52.52449196,924.8519,17.9053,-1.2867
1/1/2022 7:09,55.44579877,10,52.78371207,736.4074,18.08,-2.0026
1/1/2022 7:10,55.44579877,9,52.74649535,1041.4733,18.3146,-2.0529
1/1/2022 7:10,55.44579877,8,52.78869503,720.9486,18.1019,-2.054
1/1/2022 7:10,55.44579877,7,52.77874688,593.5571,18.0537,-2.054
1/1/2022 7:10,55.44579877,8,52.7629542,499.763,17.0972,-2.054
1/1/2022 7:10,55.44579877,7,52.91051527,383.0242,15.6398,-2.054
1/1/2022 7:10,55.44579877,9,53.11280915,294.9125,14.3381,-2.054
1/1/2022 7:11,55.44579877,9,53.11631765,320.2815,14.5501,-2.054
1/1/2022 7:11,55.44579877,8,53.11295127,505.8976,17.0291,-2.054
1/1/2022 7:11,55.44579877,6,53.11910669,579.2605,17.9056,-2.054
1/1/2022 7:11,55.44579877,7,53.14754772,510.3304,17.2112,-2.054
1/1/2022 7:11,55.44579877,7,53.13041382,400.1938,15.8849,-2.054
1/1/2022 7:11,55.44579877,8,53.1441014,335.8395,14.9391,-2.054
1/1/2022 7:12,55.44579877,8,53.2442668,349.5567,15.1424,-2.054
1/1/2022 7:12,55.44579877,9,54.37327135,349.2979,15.1076,-2.054
1/1/2022 7:12,55.44579877,8,57.58498922,435.6155,16.1538,-2.054
1/1/2022 7:12,55.44579877,9,57.71243188,597.2715,18.0093,-2.054
1/1/2022 7:12,55.44579877,7,57.71999069,552.1645,17.6527,-2.054
1/1/2022 7:12,55.44579877,8,57.96757215,510.7236,17.1695,-2.054
1/1/2022 7:13,55.44579877,7,59.84385401,481.3927,16.8631,-2.054
1/1/2022 7:13,55.44579877,7,67.44528873,400.6204,15.8775,-2.054
1/1/2022 7:13,55.44579877,7,67.63654963,377.5312,15.5122,-2.054
1/1/2022 7:13,55.44579877,7,68.07319435,372.0078,15.4524,-2.054
1/1/2022 7:13,55.44579877,7,68.04191987,343.8328,15.0574,-2.054
1/1/2022 7:13,55.44579877,8,68.06412555,368.6175,15.3578,-2.054
1/1/2022 7:14,55.44579877,9,70.31570297,417.7675,16.043,-2.054
1/1/2022 7:14,55.44579877,8,74.23321404,385.1161,15.6503,-2.054
1/1/2022 7:14,55.44579877,6,75.93406783,351.1918,15.1727,-2.054
1/1/2022 7:14,55.44579877,6,78.79849843,328.0008,14.8433,-2.054
1/1/2022 7:14,55.44579877,6,86.07967501,66.3017,11.1549,-0.888
1/1/2022 7:14,55.44579877,7,86.07753438,80.6115,11.1027,-0.888
1/1/2022 7:15,55.44579877,6,86.07432788,145.4567,11.3608,-0.888
1/1/2022 7:15,55.44579877,6,86.00277358,207.7885,12.6252,-0.888
1/1/2022 7:15,55.44579877,5,85.34749151,249.6053,13.5002,-0.888
1/1/2022 7:15,55.44579877,6,85.3403324,231.026,13.1843,-1.9279
1/1/2022 7:15,55.44579877,6,85.33930206,198.2576,12.5491,-2.106
1/1/2022 7:15,55.44579877,6,85.29132024,161.0147,11.7535,-2.106
1/1/2022 7:16,55.44579877,6,85.33458557,116.1244,11.1481,-2.106
1/1/2022 7:16,55.44579877,6,52.58581452,148.4908,11.3551,-2.106
1/1/2022 7:16,55.44579877,8,187.2724733,180.0683,12.0951,-2.106
1/1/2022 7:16,55.44579877,8,72.20455884,202.7856,12.5882,-2.106
1/1/2022 7:16,55.44579877,7,72.46936168,261.3506,13.6144,-2.106
1/1/2022 7:16,55.44579877,7,72.20568636,345.1054,15.0181,-2.106
1/1/2022 7:17,55.44579877,8,72.28420438,388.2222,15.6584,-2.106
1/1/2022 7:17,55.44579877,9,72.22055575,412.0128,15.9525,-2.106
1/1/2022 7:17,55.44579877,9,72.05057445,445.3408,16.394,-2.106
1/1/2022 7:17,55.44579877,9,72.0398113,577.8022,17.3512,-2.106
1/1/2022 7:17,55.44579877,9,72.09553785,823.3918,18.2661,-2.106
1/1/2022 7:17,55.44579877,10,71.97027094,961.1858,18.3727,-2.106
1/1/2022 7:18,55.44579877,9,72.04293918,899.8248,18.1903,-2.106
1/1/2022 7:18,55.44579877,7,72.2346788,612.4204,18.1404,-2.106
1/1/2022 7:18,55.44579877,7,72.23585888,578.5697,17.919,-2.106
1/1/2022 7:18,55.44579877,6,71.96494855,469.1333,16.7324,-2.106
1/1/2022 7:18,55.44579877,6,72.36840954,401.5447,15.8731,-2.106
1/1/2022 7:18,55.44579877,6,72.40097441,352.3534,15.1945,-2.106
1/1/2022 7:19,53.09791677,14,197.789386,1500.7826,18.3862,11.7199
1/1/2022 7:19,53.09791677,15,197.7903986,1498.593,18.317,11.3235
1/1/2022 7:19,53.13579653,16,197.7819782,1499.8291,18.3248,10.0511
1/1/2022 7:19,53.13579653,16,197.7802639,1499.1677,18.3674,10.0673
1/1/2022 7:19,54.04911942,15,197.7791447,1501.7495,18.3228,9.2765
1/1/2022 7:19,54.04911942,15,197.7765511,1501.1579,18.4116,9.575
1/1/2022 7:20,53.01693635,14,197.7723142,1499.4259,18.3906,9.7628
1/1/2022 7:20,53.01693635,14,197.7747658,1498.867,18.2642,9.0561
1/1/2022 7:20,54.8276247,14,197.7753342,1497.5364,18.2919,7.2767
1/1/2022 7:20,54.8276247,13,197.774215,1499.4729,18.2619,6.6556
1/1/2022 7:20,56.12452185,11,197.7735666,1503.0544,18.4148,6.1173
1/1/2022 7:20,56.12452185,11,197.7716303,1501.5186,18.4803,6.657
1/1/2022 7:21,54.68002417,12,197.7699516,1456.4441,18.0915,3.5023
1/1/2022 7:21,54.68002417,12,197.7704223,1449.1323,18.045,2.036
1/1/2022 7:21,55.41356111,13,197.7676955,1483.2441,18.3738,1.4439
1/1/2022 7:21,55.41356111,13,197.7679975,1470.2534,18.366,1.5159
1/1/2022 7:21,54.8344844,11,197.769543,1478.7331,18.3881,1.8254
1/1/2022 7:21,54.8344844,11,197.7717902,1498.4957,18.4297,2.2044
1/1/2022 7:22,54.2814102,12,197.7773505,1482.0771,18.3773,3.0484
1/1/2022 7:22,54.2814102,12,197.7745259,1451.0535,18.3084,2.6089
1/1/2022 7:22,55.20574745,11,197.7713105,1455.3827,18.2861,0.8294
1/1/2022 7:22,55.20574745,11,197.7704845,1486.7054,18.3641,1.134
1/1/2022 7:22,55.82846307,11,197.7805037,1443.5279,18.297,0.7947
1/1/2022 7:22,55.82846307,11,197.7841454,1436.4085,18.2752,0.4759
1/1/2022 7:23,56.58655458,12,197.7975221,1359.8853,18.2355,-0.2266
1/1/2022 7:23,56.58655458,12,197.7997693,1342.4448,18.2347,-0.4683
1/1/2022 7:23,55.8904628,12,197.7918819,1409.3433,18.3256,-0.217
1/1/2022 7:23,55.8904628,12,197.790514,1433.8665,18.3387,0.1987
1/1/2022 7:23,54.97329015,12,197.7917575,1497.5488,18.5079,2.8903
1/1/2022 7:23,54.97329015,12,197.7914378,1497.0037,18.5614,3.8709
1/1/2022 7:24,54.56084608,11,197.790292,1497.4618,18.4133,4.7085
1/1/2022 7:24,54.56084608,10,197.794058,1497.3704,18.3525,4.2939
1/1/2022 7:24,55.10909695,10,197.7952927,1435.6217,18.1782,1.5418
1/1/2022 7:24,55.10909695,10,197.7910914,1393.8895,18.1444,0.6448
1/1/2022 7:24,55.96816351,11,197.7889419,1285.5853,18.2413,-1.1846
1/1/2022 7:24,55.96816351,11,197.7918375,1284.5807,18.2545,-1.2048
1/1/2022 7:25,55.58776125,10,197.7950706,1218.8921,18.2331,-1.6033
1/1/2022 7:25,55.58776125,9,197.793907,1226.2787,18.255,-1.697
1/1/2022 7:25,55.63772448,9,197.7955059,1234.03,18.2617,-1.7309
1/1/2022 7:25,55.63772448,9,197.7950529,1168.1569,18.2067,-1.9056
1/1/2022 7:25,55.13121499,9,197.7918375,712.1292,18.008,-1.9396
1/1/2022 7:25,55.13121499,9,197.7910914,649.9613,18.0445,-1.9373
1/1/2022 7:26,54.87268546,8,197.7921839,685.3782,18.2725,-1.9314
1/1/2022 7:26,54.87268546,8,197.7947242,710.752,18.2953,-1.9303
1/1/2022 7:26,55.0645476,9,197.8115206,861.8161,18.3468,-1.928
1/1/2022 7:26,55.0645476,9,197.8140698,901.5996,18.3489,-1.928
1/1/2022 7:26,55.83569345,9,197.8128529,867.2869,18.2259,-1.928
1/1/2022 7:26,55.83569345,9,197.8104547,800.8131,18.1819,-1.928
1/1/2022 7:27,56.86017237,9,197.8034466,867.7676,18.3491,-1.928
1/1/2022 7:27,56.86017237,9,197.8056316,955.4407,18.39,-1.928
1/1/2022 7:27,55.28987288,7,197.8077723,999.0011,18.2502,-1.928
1/1/2022 7:27,55.28987288,7,197.8036154,950.9309,18.2155,-1.928
1/1/2022 7:27,55.82793774,8,198.0312442,809.7083,18.2068,-1.928
1/1/2022 7:27,55.82793774,8,198.3642408,784.5726,18.2116,-1.928
1/1/2022 7:28,54.26724383,7,199.7414956,630.2619,18.0502,-1.928
1/1/2022 7:28,54.26724383,7,199.8802115,588.126,17.8995,-1.928
1/1/2022 7:28,52.85265431,6,200.0755142,497.9977,17.0588,-1.928
1/1/2022 7:28,52.85265431,6,200.0565417,483.2278,16.88,-1.928
1/1/2022 7:28,51.01455456,5,200.0530865,411.2215,16.027,-1.928
1/1/2022 7:28,51.01455456,5,200.044595,384.973,15.6899,-1.928
1/1/2022 7:29,48.90245713,4,200.0830019,277.88,14.0802,-1.928
1/1/2022 7:29,48.90245713,5,200.1230166,259.4965,13.7515,-1.928
1/1/2022 7:29,49.18534859,5,200.2014559,235.0777,13.2476,-1.928
1/1/2022 7:29,49.18534859,5,200.1969437,236.7726,13.2707,-1.928
1/1/2022 7:29,49.89959964,6,200.1862228,266.7226,13.7664,-1.928
1/1/2022 7:29,49.89959964,7,200.1893139,280.9586,13.9974,-1.928
1/1/2022 7:30,50.28376029,7,201.8211999,329.4285,14.7962,-1.928
1/1/2022 7:30,50.28376029,6,202.4674689,332.507,14.8665,-1.928
1/1/2022 7:30,51.12194939,8,206.9242675,333.0711,14.8805,-1.928
1/1/2022 7:30,51.12194939,10,212.4834797,341.7937,14.9764,-1.928
1/1/2022 7:30,56.71501929,13,233.9082277,438.0436,16.0872,-1.928
1/1/2022 7:30,56.71501929,13,234.6916529,536.1261,16.6173,-1.928
1/1/2022 7:31,58.64307272,12,240.8577254,1147.9001,18.3206,-1.8216
1/1/2022 7:31,58.64307272,11,243.3692725,1187.7955,18.3469,-1.8454
1/1/2022 7:31,57.01470709,9,248.9752275,1075.1714,18.2134,-1.9425
1/1/2022 7:31,57.01470709,9,250.0342531,1039.4437,18.2084,-1.9513
1/1/2022 7:31,56.98028822,8,254.1153942,976.913,18.2702,-2.0109
1/1/2022 7:31,56.98028822,8,254.3812053,1022.4385,18.3133,-1.9797
1/1/2022 7:32,56.61462467,6,254.6800493,1073.2119,18.2675,-1.935
1/1/2022 7:32,56.61462467,6,254.7227819,1027.2828,18.2249,-1.935
1/1/2022 7:32,55.26119011,6,257.223265,676.0507,17.9947,-1.935
1/1/2022 7:32,55.26119011,6,258.4759174,607.8017,17.8866,-1.935
1/1/2022 7:32,55.76456961,15,260.9028629,1472.6376,17.944,5.0103
1/1/2022 7:32,55.76456961,15,260.9036534,1475.9639,18.0609,4.4418
1/1/2022 7:33,53.48930193,15,260.9092404,1502.6587,18.7574,11.1299
1/1/2022 7:33,53.48930193,15,260.9175275,1498.3097,18.6619,11.9562
1/1/2022 7:33,55.01755103,15,260.9173676,1494.0769,18.435,12.202
1/1/2022 7:33,55.01755103,15,260.913042,1496.9033,18.3892,12.0391
1/1/2022 7:33,55.93974862,15,260.9095512,1500.7407,18.2213,9.9663
1/1/2022 7:33,55.93974862,14,260.9113543,1500.2059,18.2503,9.6155
1/1/2022 7:34,58.93816944,12,260.933489,1501.6315,18.4383,10.4196
1/1/2022 7:34,58.93816944,12,260.9359405,1499.4422,18.389,10.2886
1/1/2022 7:34,56.44274855,12,260.9339952,1490.3183,17.9645,3.882
1/1/2022 7:34,56.44274855,11,260.932885,1475.6971,17.9594,2.2126
1/1/2022 7:34,57.10096421,12,260.9325652,1376.8932,18.2182,0.0765
1/1/2022 7:34,57.10096421,12,260.9330448,1374.1227,18.2405,-0.0596
1/1/2022 7:35,56.38227047,12,260.9325297,1459.6185,18.3233,0.6707
1/1/2022 7:35,56.38227047,12,260.9281418,1477.1691,18.3586,1.0537
1/1/2022 7:35,55.21280468,13,260.9271026,1429.6616,18.2981,0.7698
1/1/2022 7:35,55.21280468,13,260.931295,1428.9658,18.2867,0.6505
1/1/2022 7:35,54.37990592,12,260.9268894,1497.5588,18.5288,3.8527
1/1/2022 7:35,54.37990592,11,260.9238339,1501.1207,18.5008,4.2324
1/1/2022 7:36,55.39749844,9,260.9263654,1468.6296,18.2015,1.4772
1/1/2022 7:36,55.39749844,9,260.9298028,1465.5729,18.2359,1.094
1/1/2022 7:36,55.60439188,9,260.9314816,1338.9396,18.2496,0.1392
1/1/2022 7:36,55.60439188,9,260.9312862,1273.4894,18.1973,-0.5466
1/1/2022 7:36,55.69175279,10,260.9238428,1034.0326,18.1556,-1.9958
1/1/2022 7:36,55.69175279,10,260.9232743,979.4879,18.1582,-2.0011
1/1/2022 7:37,55.44173104,10,260.9277777,940.3483,18.2655,-1.9799
1/1/2022 7:37,55.44173104,10,260.9291011,980.3342,18.3052,-1.9778
1/1/2022 7:37,55.69844649,9,260.9294653,1065.2324,18.2954,-1.9731
1/1/2022 7:37,55.69844649,9,260.9254416,1055.3723,18.2762,-1.973
1/1/2022 7:37,55.61855707,10,260.9322454,994.1893,18.2485,-1.973
1/1/2022 7:37,55.61855707,10,260.9348213,979.6592,18.2436,-1.973
1/1/2022 7:38,55.87345659,11,260.9270848,990.2429,18.2777,-1.973
1/1/2022 7:38,55.87345659,11,260.9240382,1016.8527,18.2972,-1.973
1/1/2022 7:38,56.32793063,10,260.9300959,1151.0486,18.3129,-1.9475
1/1/2022 7:38,56.32793063,10,260.9327695,1178.0329,18.3118,-1.9334
1/1/2022 7:38,56.16126317,11,260.9231589,1309.1109,18.3387,-1.3856
1/1/2022 7:38,56.16126317,11,260.9248998,1313.1842,18.3163,-1.2168
1/1/2022 7:39,56.18325694,10,260.9780691,1206.3084,18.222,-1.7889
1/1/2022 7:39,56.18325694,10,260.9855657,1218.1004,18.2531,-1.9002
1/1/2022 7:39,55.67517258,13,260.9951675,1187.4443,18.2435,-1.8503
1/1/2022 7:39,55.67517258,13,261.0030283,1116.1671,18.187,-1.9358
1/1/2022 7:39,57.36342356,14,260.9531099,984.8106,18.2574,-1.8862
1/1/2022 7:39,57.36342356,13,260.938312,1093.5899,18.4047,-0.9387
1/1/2022 7:40,53.93718315,12,260.9484645,1497.8176,18.6325,4.6325
1/1/2022 7:40,53.93718315,13,260.94246,1497.0366,18.5611,5.0984
1/1/2022 7:40,55.09415943,13,260.9080768,1494.2534,18.359,4.9607
1/1/2022 7:40,55.09415943,13,260.9036001,1491.5004,18.2803,4.1263
1/1/2022 7:40,54.1592986,12,260.8906231,1495.4789,18.4864,3.982
1/1/2022 7:40,54.1592986,12,260.8885713,1496.4885,18.5063,4.6746
1/1/2022 7:41,54.7374553,11,260.8724145,1492.4139,18.1773,2.0968
1/1/2022 7:41,54.7374553,11,260.874182,1496.2572,18.2526,1.959
1/1/2022 7:41,55.74419824,11,260.8738445,1435.8773,18.3086,2.3266
1/1/2022 7:41,55.74419824,11,260.8704071,1365.5879,18.1938,1.3942
1/1/2022 7:41,56.29767847,13,260.9101819,1349.9123,18.2643,-0.0938
1/1/2022 7:41,56.29767847,13,260.9191974,1387.6382,18.3124,0.1057
1/1/2022 7:42,56.08802214,13,260.9110346,1431.4069,18.3577,0.9338
1/1/2022 7:42,56.08802214,13,260.905039,1459.9949,18.5055,2.3364
1/1/2022 7:42,53.52886285,13,260.8960146,1495.1033,18.701,8.7032
1/1/2022 7:42,53.52886285,13,260.8986172,1496.6555,18.5378,8.7023
1/1/2022 7:42,54.72752338,12,260.89931,1501.7346,18.3261,7.1587
1/1/2022 7:42,54.72752338,12,260.89931,1502.1159,18.3529,7.105
1/1/2022 7:43,53.8220983,11,260.8943359,1499.3103,18.4026,7.0054
1/1/2022 7:43,53.8220983,11,260.9026053,1497.1693,18.3698,6.7694
1/1/2022 7:43,57.33813011,12,260.9176874,1222.2671,17.9035,0.7077
1/1/2022 7:43,57.33813011,12,260.898102,1118.6634,17.8978,-0.788
1/1/2022 7:43,56.62872445,10,260.9620366,1135.8441,18.3302,-1.5543
1/1/2022 7:43,56.62872445,9,261.0258644,1209.2026,18.3779,-1.211
1/1/2022 7:44,55.66280322,9,264.2118918,1295.8575,18.2634,-1.0959
1/1/2022 7:44,55.66280322,9,265.295317,1255.3442,18.2258,-1.4679
1/1/2022 7:44,56.23107577,9,266.5499987,1062.4552,18.1851,-1.9789
1/1/2022 7:44,56.23107577,10,266.5470586,1015.2042,18.1834,-1.9453
1/1/2022 7:44,56.00789971,8,266.5448114,775.3821,18.1456,-1.9263
1/1/2022 7:44,56.00789971,8,266.5410453,743.9683,18.1726,-1.9245
1/1/2022 7:45,55.73281122,9,266.5349521,887.5683,18.3425,-1.9246
1/1/2022 7:45,55.73281122,10,266.5341527,911.6544,18.3297,-1.925
1/1/2022 7:45,56.09673937,9,266.5544487,861.6667,18.2455,-1.925
1/1/2022 7:45,56.09673937,8,266.5665197,877.0642,18.2678,-1.925
1/1/2022 7:45,55.86651726,8,266.5451933,1069.664,18.3596,-1.925
1/1/2022 7:45,55.86651726,8,266.5303511,1078.0533,18.3257,-1.925
1/1/2022 7:46,55.32766779,9,266.508927,829.1051,18.1363,-1.925
1/1/2022 7:46,55.32766779,9,266.5074615,752.7161,18.1289,-1.925
1/1/2022 7:46,55.47779824,8,266.52432,811.8074,18.3114,-1.925
1/1/2022 7:46,55.47779824,8,266.5403614,853.498,18.3236,-1.925
1/1/2022 7:46,54.90755583,10,266.5133238,693.6029,18.1607,-1.925
1/1/2022 7:46,54.90755583,11,266.4842077,650.3267,18.1333,-1.925
1/1/2022 7:47,54.76188708,11,266.4443618,615.449,18.0187,-1.925
1/1/2022 7:47,54.76188708,11,266.4367852,673.7793,18.0937,-1.925
1/1/2022 7:47,56.35985041,11,266.4641693,1090.3933,18.4423,-1.9211
1/1/2022 7:47,56.35985041,11,266.4874053,1177.6341,18.4468,-1.8327
1/1/2022 7:47,57.39661723,10,266.5248352,1145.0802,18.2481,-1.8488
1/1/2022 7:47,57.39661723,10,266.5361423,1153.7303,18.2604,-1.8317
1/1/2022 7:48,56.75343641,9,266.8810977,1273.0189,18.3034,-1.0719
1/1/2022 7:48,56.75343641,9,267.1389807,1235.6985,18.2577,-1.2111
1/1/2022 7:48,56.75343641,9,274.1700116,740.7363,18.2359,-1.9574
1/1/2022 7:48,55.55621852,9,274.1642292,719.5071,18.272,-1.957
1/1/2022 7:48,55.55621852,10,274.1587133,751.7358,18.3006,-1.957
1/1/2022 7:48,55.99848414,12,274.1259555,768.5976,18.2581,-1.957
1/1/2022 7:49,55.99848414,13,274.1188941,748.1245,18.2422,-1.957
1/1/2022 7:49,56.5903177,12,274.119729,1017.9066,18.4699,-1.3924
1/1/2022 7:49,56.5903177,12,274.1197024,1163.0941,18.5459,-0.5655
1/1/2022 7:49,55.75745926,10,274.1111399,1429.5016,18.3897,0.8698
1/1/2022 7:49,55.75745926,10,274.101547,1429.719,18.3384,0.6801
1/1/2022 7:49,55.1588906,9,274.0970526,1405.1943,18.3139,0.8189
1/1/2022 7:50,55.1588906,10,274.1010141,1344.094,18.2561,0.2979
1/1/2022 7:50,57.57922412,11,274.1158297,1221.2068,18.2313,-1.8887
1/1/2022 7:50,57.57922412,11,274.1229799,1204.2779,18.2433,-2.0159
1/1/2022 7:50,56.89796007,11,274.1243034,1205.9952,18.2977,-1.7275
1/1/2022 7:50,56.89796007,12,274.1226513,1282.0975,18.3505,-1.1269
1/1/2022 7:50,56.89796007,10,274.1110244,1131.2188,18.2241,-2.0236
1/1/2022 7:51,56.15648208,10,274.1130407,1143.3719,18.2498,-2.0064
1/1/2022 7:51,56.15648208,9,274.1153945,1161.1347,18.2727,-1.8819
1/1/2022 7:51,56.15648208,8,274.1309296,1148.6384,18.2209,-1.4726
1/1/2022 7:51,55.85113979,9,274.1243922,1097.4715,18.1758,-1.4759
1/1/2022 7:51,55.85113979,9,274.1177127,1050.848,18.1478,-1.5859
1/1/2022 7:51,55.85113979,9,274.0930023,1082.7794,18.3232,-1.935
1/1/2022 7:52,56.61033659,9,274.0927003,1107.2424,18.3426,-1.9311
1/1/2022 7:52,56.61033659,9,274.0971503,1119.7653,18.3364,-1.9275
1/1/2022 7:52,56.61033659,9,274.0536005,1077.458,18.2605,-1.9154
1/1/2022 7:52,55.5175672,9,274.0533074,1091.4089,18.2764,-1.9147
1/1/2022 7:52,55.5175672,9,274.0530231,1111.2582,18.299,-1.9141
1/1/2022 7:52,55.5175672,8,274.1242146,1049.8173,18.2044,-1.9102
1/1/2022 7:53,54.97067419,8,274.1290021,1007.8426,18.1726,-1.9099
1/1/2022 7:53,54.97067419,8,274.1303256,959.4453,18.1462,-1.9096
1/1/2022 7:53,54.97067419,7,274.1342426,694.1517,18.1459,-1.9071
1/1/2022 7:53,54.72531822,7,274.1348022,673.3398,18.1453,-1.9068
1/1/2022 7:53,54.72531822,7,274.1344203,657.0293,18.1394,-1.9065
1/1/2022 7:53,54.72531822,8,274.1288955,586.2978,17.9685,-1.9045
1/1/2022 7:54,53.81617116,8,274.1238149,584.9082,17.952,-1.9043
1/1/2022 7:54,53.81617116,8,274.1232464,583.3564,17.9412,-1.9042
1/1/2022 7:54,53.81617116,9,274.1191961,597.801,18.004,-1.904
1/1/2022 7:54,54.45415922,10,274.1241169,609.6768,18.0375,-1.904
1/1/2022 7:54,54.45415922,10,274.1238504,626.2564,18.0754,-1.904
1/1/2022 7:54,54.45415922,12,274.1168956,884.3309,18.3849,-1.904
1/1/2022 7:55,55.80924431,13,274.1118416,935.1449,18.4121,-1.9032
1/1/2022 7:55,55.80924431,13,274.1119926,992.0231,18.4327,-1.9024
1/1/2022 7:55,55.80924431,15,274.1163271,1440.5512,18.6362,1.5677
1/1/2022 7:55,55.37510466,14,274.116789,1469.0068,18.68,2.5337
1/1/2022 7:55,55.37510466,14,274.1165936,1487.0745,18.708,3.5195
1/1/2022 7:55,55.37510466,12,274.1180947,1501.8782,18.583,7.7124
1/1/2022 7:56,53.23858777,12,274.117846,1502.3701,18.519,7.6746
1/1/2022 7:56,53.23858777,12,274.1135381,1503.0834,18.4637,7.5902
1/1/2022 7:56,53.23858777,12,274.0983671,1486.4967,18.188,5.6583
1/1/2022 7:56,54.40922008,12,274.1101539,1479.331,18.1526,5.0044
1/1/2022 7:56,54.40922008,11,274.1210791,1471.2968,18.1308,4.3707
1/1/2022 7:56,54.40922008,9,274.9833011,1465.509,18.3369,2.0825
1/1/2022 7:57,56.64847282,9,275.1525173,1471.4215,18.3601,2.1799
1/1/2022 7:57,56.64847282,9,275.3223889,1471.3447,18.3619,2.1784
1/1/2022 7:57,56.64847282,9,275.8783835,1282.6425,18.1042,-0.2442
1/1/2022 7:57,56.24774553,9,275.875177,1241.6181,18.0975,-0.6349
1/1/2022 7:57,56.24774553,9,275.8730363,1201.6674,18.1024,-0.9216
1/1/2022 7:57,56.24774553,10,275.8054334,1006.7744,18.1945,-2.0145
1/1/2022 7:58,56.61272939,10,275.7914349,1006.6485,18.2152,-2.0023
1/1/2022 7:58,56.61272939,10,275.7776851,1011.3769,18.2312,-1.9879
1/1/2022 7:58,56.61272939,9,275.7822329,1000.6482,18.258,-1.9561
1/1/2022 7:58,55.84667074,9,275.7891522,996.1218,18.2541,-1.9552
1/1/2022 7:58,55.84667074,9,275.7961692,989.4324,18.2544,-1.955
1/1/2022 7:58,55.84667074,8,275.8244059,1032.8729,18.2925,-1.955
1/1/2022 7:59,55.17826673,8,275.8187212,1044.1229,18.2968,-1.955
1/1/2022 7:59,55.17826673,8,275.8165895,1056.7877,18.3026,-1.955
1/1/2022 7:59,55.17826673,9,275.741481,964.7065,18.199,-1.955
1/1/2022 7:59,55.23898412,9,275.7426268,925.7774,18.1788,-1.955
1/1/2022 7:59,55.23898412,9,275.736196,883.7849,18.1583,-1.955
1/1/2022 7:59,55.23898412,10,275.7560124,742.0905,18.2211,-1.955
1/1/2022 8:00,55.07782491,10,275.7760685,742.2226,18.2303,-1.955
1/1/2022 8:00,55.07782491,10,275.7893209,749.0567,18.2448,-1.955
1/1/2022 8:00,55.07782491,10,275.8593665,985.4146,18.3819,-1.955
1/1/2022 8:00,55.85823899,9,275.8587004,1016.6222,18.3861,-1.955
1/1/2022 8:00,55.85823899,9,275.86816,1048.652,18.3903,-1.955
1/1/2022 8:00,55.85823899,8,275.9510582,1150.5864,18.2974,-1.9412
1/1/2022 8:01,56.31893957,8,275.9472388,1147.8283,18.2827,-1.9474
1/1/2022 8:01,56.31893957,8,275.942176,1140.5567,18.2671,-1.9544
1/1/2022 8:01,56.31893957,7,275.888376,825.2926,18.099,-2.0534
1/1/2022 8:01,54.44645531,7,275.8864752,779.5517,18.082,-2.0597
1/1/2022 8:01,54.44645531,7,275.8841747,734.9907,18.0551,-2.0655
1/1/2022 8:01,54.44645531,7,275.8871947,571.6114,17.8163,-2.0909
1/1/2022 8:02,53.7341958,8,275.8873634,570.3782,17.7971,-2.0926
1/1/2022 8:02,53.7341958,8,275.8903923,569.8493,17.7934,-2.094
1/1/2022 8:02,53.7341958,10,275.8832776,598.9215,18.0314,-2.097
1/1/2022 8:02,54.26626585,10,275.8826914,603.3063,18.0743,-2.097
1/1/2022 8:02,54.26626585,10,275.8823361,607.848,18.1087,-2.097
1/1/2022 8:02,54.26626585,10,275.8812969,643.9503,18.2493,-2.097
1/1/2022 8:03,55.09705376,10,275.8819808,646.5917,18.2503,-2.097
1/1/2022 8:03,55.09705376,10,275.8797247,655.0244,18.2591,-2.097
1/1/2022 8:03,55.09705376,10,275.8792717,921.0383,18.393,-2.097
1/1/2022 8:03,55.43591031,10,275.8792717,950.451,18.3922,-2.097
1/1/2022 8:03,55.43591031,10,275.8787388,976.3975,18.3891,-2.097
1/1/2022 8:03,55.43591031,9,275.8745819,995.9616,18.2721,-2.097
1/1/2022 8:04,55.23341923,9,275.8741999,1003.4613,18.2807,-2.097
1/1/2022 8:04,55.23341923,9,275.8748927,1011.254,18.2845,-2.097
1/1/2022 8:04,55.23341923,9,275.8782147,1078.3545,18.2969,-2.097
1/1/2022 8:04,55.41797906,9,275.8781525,1077.659,18.2877,-2.097
1/1/2022 8:04,55.41797906,9,275.8770422,1073.6542,18.2802,-2.097
1/1/2022 8:04,55.41797906,9,275.8735426,978.7647,18.2229,-2.097
1/1/2022 8:05,55.20458909,8,275.8722103,967.73,18.2267,-2.097
1/1/2022 8:05,55.20458909,8,275.870194,953.9771,18.2223,-2.097
1/1/2022 8:05,55.20458909,7,275.8456967,901.376,18.2521,-2.097
1/1/2022 8:05,55.19431019,7,275.8467448,900.9701,18.2562,-2.097
1/1/2022 8:05,55.19431019,7,275.8470912,901.6507,18.2613,-2.097
1/1/2022 8:05,55.19431019,7,275.8565064,784.8821,18.1976,-2.097
1/1/2022 8:06,55.02340223,7,275.8537973,756.6404,18.1818,-2.097
1/1/2022 8:06,55.02340223,7,275.8542059,730.0212,18.1737,-2.097
1/1/2022 8:06,55.02340223,6,275.8509639,602.7173,18.1068,-2.097
1/1/2022 8:06,54.736492,6,275.8516389,600.2311,18.0872,-2.097
1/1/2022 8:06,54.736492,6,275.8542415,596.9566,18.0609,-2.097
1/1/2022 8:06,54.736492,6,275.8855159,529.4194,17.4292,-2.097
1/1/2022 8:07,52.58283254,6,275.8992923,515.4659,17.2847,-2.097
1/1/2022 8:07,52.58283254,6,275.9201124,500.0106,17.1171,-2.097
1/1/2022 8:07,52.58283254,7,276.013243,362.8881,15.3974,-2.097
1/1/2022 8:07,49.48676218,7,276.0351467,348.3976,15.1886,-2.097
1/1/2022 8:07,49.48676218,7,276.07493,335.4678,14.9921,-2.097
1/1/2022 8:07,49.48676218,7,277.1930976,269.8823,13.9181,-2.097
1/1/2022 8:08,48.87970173,7,277.384864,265.1707,13.8309,-2.097
1/1/2022 8:08,48.87970173,7,277.548331,260.7556,13.7564,-2.097
1/1/2022 8:08,48.87970173,8,281.4463797,230.1285,13.2211,-2.097
1/1/2022 8:08,47.67975407,8,282.2032657,226.0248,13.1507,-2.097
1/1/2022 8:08,47.67975407,8,282.9620826,222.4376,13.0761,-2.097
1/1/2022 8:08,47.67975407,9,285.720439,238.5834,13.1999,-2.097
1/1/2022 8:09,50.07906951,9,285.7216292,248.8675,13.3528,-2.097
1/1/2022 8:09,50.07906951,9,285.7193287,261.4254,13.5503,-2.097
1/1/2022 8:09,50.07906951,8,285.7455314,442.9499,16.0506,-2.097
1/1/2022 8:09,54.33671961,8,285.7500969,481.4189,16.4124,-2.097
1/1/2022 8:09,54.33671961,12,288.3416953,1496.5711,18.3917,1.4811
1/1/2022 8:09,54.33671961,12,288.2626342,1473.9408,18.3019,0.9633
1/1/2022 8:10,55.89152572,12,288.2283398,1475.3466,18.3018,0.9602
1/1/2022 8:10,55.89152572,12,288.2116145,1476.2402,18.3105,1.009
1/1/2022 8:10,55.89152572,13,288.0636358,1495.3212,18.4307,2.5835
1/1/2022 8:10,54.80506713,12,288.0553753,1485.5681,18.4087,2.5542
1/1/2022 8:10,54.80506713,12,288.0346707,1473.6935,18.3855,2.4819
1/1/2022 8:10,54.80506713,12,287.9523853,1453.4097,18.3639,1.8994
1/1/2022 8:11,55.78950817,12,287.9449686,1463.6518,18.4002,2.2061
1/1/2022 8:11,55.78950817,12,287.9360864,1475.6823,18.431,2.5431
1/1/2022 8:11,55.78950817,13,287.8761133,1503.952,18.4112,3.2902
1/1/2022 8:11,54.78545922,13,287.8699845,1503.2139,18.4108,3.3508
1/1/2022 8:11,54.78545922,12,287.8609512,1503.1929,18.4074,3.345
1/1/2022 8:11,54.78545922,12,287.7500472,1501.1103,18.4555,4.589
1/1/2022 8:12,54.43641741,12,287.7379762,1501.4769,18.4601,4.7303
1/1/2022 8:12,54.43641741,12,287.7320339,1501.3475,18.473,4.9591
1/1/2022 8:12,54.43641741,12,287.7160902,1498.0009,18.3627,5.3084
1/1/2022 8:12,54.28649032,12,287.7204692,1497.901,18.3227,4.9532
1/1/2022 8:12,54.28649032,12,287.7251324,1497.3576,18.2826,4.4923
1/1/2022 8:12,54.28649032,11,287.7438385,1499.7375,18.2881,1.7042
1/1/2022 8:13,55.87561206,11,287.7459524,1500.2648,18.3259,1.6957
1/1/2022 8:13,55.87561206,11,287.7415824,1501.0778,18.3599,1.8032
1/1/2022 8:13,55.87561206,10,287.6648573,1495.2459,18.4133,2.5718
1/1/2022 8:13,55.75559674,10,287.6468174,1488.2121,18.3809,2.428
1/1/2022 8:13,55.75559674,10,287.6352882,1480.7568,18.3524,2.2237
1/1/2022 8:13,55.75559674,12,287.6635161,1404.7571,18.2278,0.2545
1/1/2022 8:14,55.99938485,12,287.6752229,1403.1295,18.2356,0.179
1/1/2022 8:14,55.99938485,12,287.6843361,1401.7896,18.2404,0.0928
1/1/2022 8:14,55.99938485,13,287.7581744,1417.5476,18.2979,0.2412
1/1/2022 8:14,55.81617547,13,287.7696059,1425.898,18.3267,0.4833
1/1/2022 8:14,55.81617547,13,287.7781951,1435.0181,18.354,0.7599
1/1/2022 8:14,55.81617547,11,287.7882232,1499.1865,18.5494,4.0531
1/1/2022 8:15,54.44799704,11,287.7818812,1498.4452,18.5526,4.4052
1/1/2022 8:15,54.44799704,11,287.7801225,1497.006,18.5525,4.7616
1/1/2022 8:15,54.44799704,10,287.6794597,1499.2731,18.3183,4.5011
1/1/2022 8:15,54.67024776,10,287.6626545,1500.6987,18.284,4.0971
1/1/2022 8:15,54.67024776,10,287.6492511,1501.4516,18.2698,3.7639
1/1/2022 8:15,54.67024776,9,287.6454495,1430.3231,18.2511,1.6589
1/1/2022 8:16,55.37050709,9,287.6455739,1402.2074,18.2384,1.4053
1/1/2022 8:16,55.37050709,9,287.6496775,1370.4736,18.2105,1.0102
1/1/2022 8:16,55.37050709,11,287.5968724,1117.6745,18.155,-1.744
1/1/2022 8:16,57.04243141,11,287.5896244,1101.6265,18.168,-1.8862
1/1/2022 8:16,57.04243141,11,287.5777222,1095.7934,18.1853,-1.976
1/1/2022 8:16,57.04243141,12,287.5311791,1188.9906,18.315,-1.9676
1/1/2022 8:17,56.68064715,12,287.5314456,1201.3139,18.3136,-1.9655
1/1/2022 8:17,56.68064715,12,287.5298823,1210.211,18.3117,-1.9637
1/1/2022 8:17,56.68064715,11,287.5309481,1412.3199,18.5183,1.296
1/1/2022 8:17,55.99831256,11,287.5314633,1442.8126,18.5386,1.8314
1/1/2022 8:17,55.99831256,11,287.5223057,1471.751,18.5351,2.2833
1/1/2022 8:17,55.99831256,12,287.5223412,1481.6476,18.2632,1.4954
1/1/2022 8:18,58.30410555,12,287.5282391,1481.9995,18.2691,1.4058
1/1/2022 8:18,58.30410555,12,287.5433833,1481.7679,18.3035,1.4949
1/1/2022 8:18,58.30410555,12,287.5894557,1498.0584,18.4567,3.2619
1/1/2022 8:18,55.64306931,12,287.5894734,1499.091,18.4675,3.4666
1/1/2022 8:18,55.64306931,12,287.5919605,1499.7733,18.4695,3.6214
1/1/2022 8:18,55.64306931,12,287.6738106,1501.1245,18.4678,4.719
1/1/2022 8:19,55.34534315,11,287.6859971,1499.4989,18.4658,4.8702
1/1/2022 8:19,55.34534315,11,287.6991162,1498.8679,18.465,4.977
1/1/2022 8:19,55.34534315,9,287.7815615,1454.2365,18.2175,3.1523
1/1/2022 8:19,56.06259819,9,287.7929752,1445.1036,18.1739,2.5662
1/1/2022 8:19,56.06259819,10,287.7845459,1434.5604,18.1382,1.9582
1/1/2022 8:19,56.06259819,12,287.8179877,1245.015,18.1439,-0.888
1/1/2022 8:20,57.15311006,12,287.8476278,1208.8308,18.142,-1.1087
1/1/2022 8:20,57.15311006,12,288.1868215,1176.9694,18.1381,-1.3047
1/1/2022 8:20,57.15311006,10,293.3487943,1241.7344,18.3316,-1.4701
1/1/2022 8:20,57.63155223,9,294.0118464,1263.8224,18.3358,-1.3682
1/1/2022 8:20,57.63155223,9,294.45446,1279.9977,18.3374,-1.3016
1/1/2022 8:20,57.63155223,10,297.8011485,1220.7192,18.2336,-1.8391
1/1/2022 8:21,58.16971239,10,298.2758994,1223.258,18.2495,-1.935
1/1/2022 8:21,58.16971239,10,298.6779904,1233.6636,18.2639,-1.9914
1/1/2022 8:21,58.16971239,10,299.4043528,1271.9937,18.2581,-1.3114
1/1/2022 8:21,56.63006769,10,299.4009242,1268.1186,18.2557,-1.324
1/1/2022 8:21,56.63006769,10,299.3981885,1265.4503,18.2561,-1.344
1/1/2022 8:21,56.63006769,10,299.4454777,1391.1346,18.3494,-0.6435
1/1/2022 8:22,55.88732422,10,299.4464903,1408.7779,18.3507,-0.3684
1/1/2022 8:22,55.88732422,10,299.4463215,1415.5505,18.3416,-0.1101
1/1/2022 8:22,55.88732422,10,300.0175447,1207.7129,18.1507,-0.8393
1/1/2022 8:22,55.79754151,9,300.2885902,1166.8976,18.1375,-1.1044
1/1/2022 8:22,55.79754151,9,300.558426,1128.6416,18.1265,-1.3526
1/1/2022 8:22,55.79754151,8,302.2908941,1003.814,18.2208,-1.9563
1/1/2022 8:23,56.38725626,8,302.4343445,994.0584,18.2261,-1.9527
1/1/2022 8:23,56.38725626,8,302.7633621,980.52,18.2253,-1.9497
1/1/2022 8:23,56.38725626,7,305.4524912,885.499,18.2451,-1.9354
1/1/2022 8:23,55.85262754,7,305.6710538,886.6646,18.2519,-1.9348
1/1/2022 8:23,55.85262754,11,84.77565077,1135.1094,18.3988,-1.8684
1/1/2022 8:23,56.479109,11,85.75031067,1172.8914,18.4035,-1.7876
1/1/2022 8:24,56.479109,11,86.73316989,1204.4123,18.4046,-1.7032
1/1/2022 8:24,56.479109,12,92.73643783,1264.6004,18.2845,-1.6098
1/1/2022 8:24,57.41163575,12,92.74345483,1249.8489,18.2676,-1.6725
1/1/2022 8:24,57.41163575,12,92.743668,1224.3876,18.2394,-1.7732
1/1/2022 8:24,57.41163575,13,92.72695156,1195.8994,18.2742,-1.7429
1/1/2022 8:24,57.7701864,14,92.72291013,1222.9506,18.2939,-1.5485
1/1/2022 8:25,57.7701864,14,92.71813147,1264.527,18.3339,-1.2442
1/1/2022 8:25,57.7701864,14,92.70305825,1466.3061,18.5693,3.0406
1/1/2022 8:25,55.60301831,13,92.70307601,1467.6271,18.6123,3.9607
1/1/2022 8:25,55.60301831,13,92.70294278,1471.0584,18.6105,4.626
1/1/2022 8:25,55.60301831,12,92.69787988,1501.59,18.5224,8.3992
1/1/2022 8:25,53.6138069,12,92.69798647,1501.83,18.4706,8.324
1/1/2022 8:26,53.6138069,13,92.69146688,1500.5289,18.4373,8.3082
1/1/2022 8:26,53.6138069,15,92.70656675,1500.386,18.1909,6.0183
1/1/2022 8:26,54.45237165,16,92.711452,1500.6568,18.1809,5.6202
1/1/2022 8:26,54.45237165,16,92.72265254,1500.6482,18.191,5.2685
1/1/2022 8:26,54.45237165,16,92.72878131,1499.3482,18.5654,6.3453
1/1/2022 8:26,54.3635958,15,92.72829279,1499.3111,18.5869,6.7621
1/1/2022 8:27,54.3635958,15,92.72365624,1499.037,18.5882,7.1351
1/1/2022 8:27,54.3635958,14,92.70664669,1496.7087,18.3036,6.7239
1/1/2022 8:27,54.78873849,14,92.70192132,1497.1758,18.2899,6.5042
1/1/2022 8:27,54.78873849,14,92.70226773,1497.7325,18.3003,6.3853
1/1/2022 8:27,56.62766998,11,92.70349348,1052.5067,18.2016,-2.0118
1/1/2022 8:27,56.62766998,11,92.70280066,1059.5536,18.2267,-2.0084
1/1/2022 8:28,57.16431152,11,92.69956752,1069.8182,18.2512,-1.9693
1/1/2022 8:28,57.16431152,11,92.70003828,1051.2656,18.2351,-1.9683
1/1/2022 8:28,56.51497369,9,92.6998784,1012.1074,18.2866,-1.965
1/1/2022 8:28,56.51497369,9,92.70040245,1025.6492,18.3011,-1.965
1/1/2022 8:28,56.11658819,9,92.70296054,1157.051,18.2825,-1.9545
1/1/2022 8:28,56.11658819,9,92.70197461,1148.2432,18.2628,-1.961
1/1/2022 8:29,55.61369171,9,92.6971693,975.142,18.213,-2.0526
1/1/2022 8:29,55.61369171,9,92.69501979,962.0301,18.2181,-2.0565
1/1/2022 8:29,55.72765665,12,92.67957352,818.0634,18.209,-2.0735
1/1/2022 8:29,55.72765665,13,92.68226485,813.5153,18.2205,-2.0743
1/1/2022 8:29,56.22200974,14,92.69933658,932.92,18.3347,-2.077
1/1/2022 8:29,56.22200974,14,92.69978957,965.7602,18.3461,-2.077
1/1/2022 8:30,56.42646723,12,92.6902056,1393.0783,18.4476,-0.1426
1/1/2022 8:30,56.42646723,13,92.69422927,1426.6914,18.4575,0.3008
1/1/2022 8:30,55.81200799,12,92.71142535,1453.2432,18.3507,1.3456
1/1/2022 8:30,55.81200799,12,92.69908787,1453.8059,18.3627,1.4777
1/1/2022 8:30,54.94480813,13,92.66561059,1494.2388,18.4083,3.461
1/1/2022 8:30,54.94480813,13,92.67384446,1494.5506,18.3636,3.1923
1/1/2022 8:31,55.65691463,13,92.67941364,1497.948,18.4151,2.4599
1/1/2022 8:31,55.65691463,13,92.67180153,1496.7701,18.4656,2.9103
1/1/2022 8:31,54.50542973,13,92.65331752,1498.852,18.4865,5.7137
1/1/2022 8:31,54.50542973,13,92.65318429,1498.9002,18.4465,5.625
1/1/2022 8:31,55.14170808,11,92.65147001,1477.7571,18.2578,3.6487
1/1/2022 8:31,55.14170808,11,92.65679937,1463.3483,18.2305,3.2409
1/1/2022 8:32,55.89167396,12,92.6814388,1317.9326,18.144,-0.4426
1/1/2022 8:32,55.89167396,12,92.68134109,1301.4871,18.1607,-0.6866
1/1/2022 8:32,57.659757,14,92.6613471,1363.6101,18.3644,-0.5693
1/1/2022 8:32,57.659757,14,92.66388743,1394.9347,18.4189,0.0009
1/1/2022 8:32,55.30903486,16,92.64226797,1499.936,18.5364,5.0681
1/1/2022 8:32,55.30903486,16,92.63549968,1501.0978,18.4931,5.095
1/1/2022 8:33,54.86789673,15,92.64272097,1499.0949,18.8693,10.1757
1/1/2022 8:33,54.86789673,15,92.64184163,1496.9713,18.8877,11.0473
1/1/2022 8:33,53.41180716,15,92.66022793,1496.0314,18.2769,10.7279
1/1/2022 8:33,53.41180716,15,92.66521977,1496.1033,18.2889,10.6413
1/1/2022 8:33,53.54093694,14,92.63572174,1497.5511,18.3699,11.002
1/1/2022 8:33,53.54093694,14,92.63064996,1497.7747,18.3501,10.8578
1/1/2022 8:34,56.82764621,13,92.63552633,1501.2755,18.2473,8.7949
1/1/2022 8:34,56.82764621,13,92.63557962,1502.8023,18.2752,8.7088
1/1/2022 8:34,57.53741745,11,92.63567733,1498.6697,18.359,8.5313
1/1/2022 8:34,57.53741745,11,92.63556186,1497.5884,18.3173,8.2393
1/1/2022 8:34,55.92510693,10,92.63220436,1488.1923,18.1574,4.5274
1/1/2022 8:34,55.92510693,10,92.63291494,1471.6323,18.1284,3.9205
1/1/2022 8:35,57.57729109,10,92.64790822,1072.4821,18.0305,-1.2607
1/1/2022 8:35,57.57729109,10,92.65195853,1035.5018,18.0541,-1.5289
1/1/2022 8:35,56.37148872,10,92.66498883,849.2997,18.1878,-2.0832
1/1/2022 8:35,56.37148872,10,92.66060099,835.6406,18.1954,-2.086
1/1/2022 8:35,56.73238421,8,92.66798215,925.4667,18.3124,-2.0932
1/1/2022 8:35,56.73238421,8,92.67465274,938.3376,18.313,-2.0935
1/1/2022 8:36,56.95621138,10,92.65883341,1058.3838,18.3331,-2.094
1/1/2022 8:36,56.95621138,10,92.65144336,1049.1014,18.3136,-2.094
1/1/2022 8:36,56.68562968,11,92.62531172,828.5136,18.1862,-2.094
1/1/2022 8:36,56.68562968,11,92.62381949,835.2564,18.2089,-2.094
1/1/2022 8:36,56.72276174,10,92.62439684,1073.3883,18.3646,-2.094
1/1/2022 8:36,56.72276174,10,92.62451231,1090.7125,18.3619,-2.094
1/1/2022 8:37,56.69093411,10,92.62623547,1196.5616,18.3066,-1.9966
1/1/2022 8:37,56.69093411,9,92.62847381,1201.2999,18.2984,-1.9804
1/1/2022 8:37,56.23932058,9,92.63491345,1148.6773,18.2447,-1.9253
1/1/2022 8:37,56.23932058,9,92.63374099,1143.4629,18.2435,-1.9239
1/1/2022 8:37,56.07447642,9,92.62916662,1075.2936,18.2323,-1.9128
1/1/2022 8:37,56.07447642,9,92.63026802,1062.6135,18.2305,-1.912
1/1/2022 8:38,55.10514598,11,92.62811851,832.4175,18.1541,-1.9084
1/1/2022 8:38,55.10514598,11,92.62772769,799.8523,18.1501,-1.908
1/1/2022 8:38,55.67324753,10,92.63011703,830.3526,18.3388,-1.9034
1/1/2022 8:38,55.67324753,10,92.62977062,854.6199,18.348,-1.903
1/1/2022 8:38,55.50414479,7,92.68446765,761.7019,18.1934,-1.902
1/1/2022 8:38,55.50414479,7,92.69188435,743.3858,18.1944,-1.902
1/1/2022 8:39,55.50414479,10,92.66558394,684.7652,18.2341,-1.958
1/1/2022 8:39,55.5959414,11,92.67331152,626.4573,18.2139,-1.958
1/1/2022 8:39,55.5959414,11,92.67521232,624.0502,18.2174,-1.958
1/1/2022 8:39,54.77871906,10,92.67820565,616.0403,18.0904,-1.958
1/1/2022 8:39,54.77871906,10,92.67770824,631.5643,18.0982,-1.958
1/1/2022 8:39,56.39757123,9,92.69581031,782.6724,18.2918,-1.958
1/1/2022 8:40,56.39757123,9,92.69764006,805.559,18.3088,-1.958
1/1/2022 8:40,57.39714013,10,92.709036,1210.3445,18.4824,-1.4018
1/1/2022 8:40,57.39714013,10,92.7141966,1256.3952,18.4869,-1.0868
1/1/2022 8:40,55.89457265,9,92.69786212,1362.6682,18.2926,0.018
1/1/2022 8:40,55.89457265,9,92.69281699,1357.7627,18.2772,-0.1554
1/1/2022 8:40,56.93601434,8,92.69727589,1162.1847,18.159,-1.408
1/1/2022 8:41,56.93601434,9,92.69743577,1111.8381,18.1339,-1.5541
1/1/2022 8:41,55.86238632,11,92.69390951,888.0581,18.1851,-1.9878
1/1/2022 8:41,55.86238632,11,92.69382957,875.0676,18.1905,-1.985
1/1/2022 8:41,55.40893975,11,92.66832856,595.2806,17.9879,-1.9733
1/1/2022 8:41,55.40893975,11,92.67516791,602.6957,18.0206,-1.9697
1/1/2022 8:41,57.06909424,14,92.67223676,934.3125,18.3844,-1.9539
1/1/2022 8:42,57.06909424,14,92.672219,981.2888,18.4043,-1.9531
1/1/2022 8:42,58.06542183,14,92.67401322,1264.4975,18.3852,-1.6865
1/1/2022 8:42,58.06542183,13,92.66733375,1298.2008,18.3918,-1.4436
1/1/2022 8:42,55.79569415,11,92.62579136,1485.1482,18.5212,2.544
1/1/2022 8:42,55.79569415,11,92.62494754,1485.5094,18.512,2.8953
1/1/2022 8:42,57.47011013,11,92.62701711,1223.8043,18.0606,-0.2783
1/1/2022 8:43,57.47011013,11,92.62705264,1198.8565,18.0557,-0.8733
1/1/2022 8:43,57.66449998,10,92.66648993,1203.7023,18.2768,-1.9516
1/1/2022 8:43,57.66449998,10,92.67408428,1206.3589,18.2789,-1.9493
1/1/2022 8:43,57.50444915,11,92.65825607,1216.6124,18.2696,-1.9397
1/1/2022 8:43,57.50444915,11,92.65803401,1199.3371,18.2539,-1.94
1/1/2022 8:43,57.43030701,10,92.64413325,1177.2561,18.2824,-1.9392
1/1/2022 8:44,57.43030701,10,92.6368942,1189.6944,18.2914,-1.9394
1/1/2022 8:44,56.89101119,10,92.62729246,1058.9863,18.1925,-1.9417
1/1/2022 8:44,56.89101119,10,92.62771881,1038.1947,18.1921,-1.9418
1/1/2022 8:44,56.92770795,10,92.6382443,1053.7305,18.2837,-1.9432
1/1/2022 8:44,56.92770795,10,92.64278315,1057.4746,18.2825,-1.9432
1/1/2022 8:44,56.09143157,13,92.68115456,904.6136,18.2037,-1.942
1/1/2022 8:45,56.09143157,13,92.68174079,894.5893,18.2073,-1.9419
1/1/2022 8:45,57.27826297,14,92.67696213,1147.2169,18.4021,-1.812
1/1/2022 8:45,57.27826297,14,92.67635814,1188.4421,18.4118,-1.6937
1/1/2022 8:45,56.68548321,14,92.67137518,1369.5567,18.3138,-0.6473
1/1/2022 8:45,56.68548321,14,92.67158836,1384.44,18.3135,-0.4951
1/1/2022 8:45,55.35924791,13,92.66852397,1489.942,18.5116,3.8531
1/1/2022 8:46,55.35924791,13,92.67048696,1469.7191,18.4625,3.8322
1/1/2022 8:46,56.5632694,12,92.678632,1442.8568,18.38,2.4735
1/1/2022 8:46,56.5632694,12,92.68365048,1462.3278,18.4561,3.0577
1/1/2022 8:46,56.25189375,12,92.68452983,1499.7588,18.2512,2.6915
1/1/2022 8:46,56.25189375,11,92.68032851,1501.1669,18.2445,2.3735
1/1/2022 8:46,56.87887863,10,92.7010775,1406.7949,18.3074,3.0049
1/1/2022 8:47,56.87887863,10,92.70062451,1379.9832,18.2598,2.5765
1/1/2022 8:47,57.71113978,11,92.68612864,1264.8437,18.2013,-1.2223
1/1/2022 8:47,57.71113978,10,92.68358831,1249.867,18.2023,-1.3185
1/1/2022 8:47,57.06052885,10,92.68384589,944.7942,18.13,-2.0596
1/1/2022 8:47,57.06052885,10,92.68722116,916.075,18.1368,-2.0652
1/1/2022 8:47,57.15127494,11,92.70035804,992.4071,18.3367,-2.0581
1/1/2022 8:48,57.15127494,11,92.69743577,1008.2307,18.3384,-2.0484
1/1/2022 8:48,57.69051424,11,92.68413013,979.9743,18.2491,-1.989
1/1/2022 8:48,57.69051424,11,92.68435218,989.7454,18.2637,-1.989
1/1/2022 8:48,57.08307419,8,92.68387254,1081.9827,18.3174,-1.989
1/1/2022 8:48,57.08307419,8,92.68438771,1090.4178,18.3161,-1.989
1/1/2022 8:48,57.1185695,9,92.68360607,905.0891,18.1451,-1.989
1/1/2022 8:49,57.1185695,10,92.68251355,856.8473,18.1244,-1.989
1/1/2022 8:49,56.31562603,11,92.68441436,835.5542,18.3193,-1.989
1/1/2022 8:49,56.31562603,11,92.68729222,863.6505,18.3367,-1.989
1/1/2022 8:49,55.94041045,10,92.68775409,778.9032,18.1894,-1.989
1/1/2022 8:49,55.94041045,10,92.68530259,754.0951,18.1825,-1.989
1/1/2022 8:49,55.589813,10,92.68571117,785.4081,18.2989,-1.989
1/1/2022 8:50,55.589813,10,92.68829591,795.1457,18.3039,-1.989
1/1/2022 8:50,55.60793313,11,92.66490889,864.9296,18.2886,-1.989
1/1/2022 8:50,55.60793313,11,92.66863944,876.8691,18.2918,-1.989
1/1/2022 8:50,56.56349804,9,92.68344619,1025.8041,18.3646,-1.9844
1/1/2022 8:50,56.56349804,9,92.67681113,1061.2682,18.3825,-1.9786
1/1/2022 8:50,57.55866788,11,128.3243168,1325.5338,17.9059,0.015
1/1/2022 8:51,57.55866788,12,128.5082709,1325.6546,17.9944,-0.1785
1/1/2022 8:51,56.11339013,14,129.9438694,1498.3356,18.5653,3.7277
1/1/2022 8:51,56.11339013,14,129.9438072,1497.49,18.5432,3.9654
1/1/2022 8:51,57.02008694,16,129.9399523,1500.5041,18.448,4.9956
1/1/2022 8:51,57.02008694,16,129.9399257,1500.1646,18.4974,5.4298
1/1/2022 8:51,58.25379917,16,129.9243373,1495.0477,18.5398,7.5248
1/1/2022 8:52,58.25379917,16,129.9213529,1494.8657,18.5426,7.7533
1/1/2022 8:52,55.17061115,12,129.9003552,1500.8718,18.4751,9.4305
1/1/2022 8:52,55.17061115,12,129.8968023,1502.4206,18.4477,9.4182
1/1/2022 8:52,57.42357384,14,129.9002752,1499.6331,18.3102,9.0987
1/1/2022 8:52,57.42357384,14,129.9051161,1499.103,18.261,8.6879
1/1/2022 8:52,55.23624892,13,129.9059776,1497.2455,18.2482,5.6683
1/1/2022 8:53,55.23624892,13,129.9064395,1497.207,18.283,5.5933
1/1/2022 8:53,55.21349111,15,129.8980547,1500.2159,18.2835,4.0735
1/1/2022 8:53,55.21349111,15,129.8931428,1501.2243,18.2941,3.9021
1/1/2022 8:53,54.69545583,16,129.895008,1504.4415,18.655,7.1313
1/1/2022 8:53,54.69545583,16,129.8989606,1503.412,18.683,7.7941
1/1/2022 8:53,54.40786789,13,129.8894566,1496.6089,18.7473,12.7608
1/1/2022 8:54,54.40786789,13,129.8890569,1496.6098,18.691,12.989
1/1/2022 8:54,54.29232078,14,129.8968644,1501.9465,18.0275,9.1339
1/1/2022 8:54,54.29232078,14,129.8925921,1501.9382,18.0444,8.6735
1/1/2022 8:54,56.53534362,13,129.9067238,1499.4328,18.4758,8.7767
1/1/2022 8:54,56.53534362,13,129.9081627,1499.3337,18.4571,8.8057
1/1/2022 8:54,55.28554939,13,129.8741436,1501.5616,18.2323,7.0586
1/1/2022 8:55,55.28554939,13,129.8783982,1501.2457,18.2432,6.8344
1/1/2022 8:55,55.53906118,11,129.9141049,1499.6739,18.3178,5.1273
1/1/2022 8:55,55.53906118,11,129.9143803,1500.4417,18.3146,4.9233
1/1/2022 8:55,57.39851354,10,129.9120709,1455.4229,18.1911,2.1071
1/1/2022 8:55,57.39851354,9,129.9114758,1445.6519,18.1897,1.7401
1/1/2022 8:55,57.67568683,9,135.2396578,1212.4507,18.1489,-1.0935
1/1/2022 8:56,57.67568683,9,135.8688265,1185.8103,18.1527,-1.3118
1/1/2022 8:56,57.57150766,9,136.2315503,1127.6089,18.2371,-2.0111
1/1/2022 8:56,57.57150766,9,136.2366576,1105.3781,18.2228,-2.0057
1/1/2022 8:56,55.78494389,11,136.2451846,695.2908,18.0254,-1.9894
1/1/2022 8:56,55.78494389,12,136.2450958,660.6358,17.9939,-1.9887
1/1/2022 8:56,56.17807071,9,136.2501587,674.9134,18.1173,-1.9811
1/1/2022 8:57,56.17807071,9,136.2441631,704.467,18.1787,-1.9803
1/1/2022 8:57,56.16221695,8,136.2567493,705.6524,18.2382,-1.978
1/1/2022 8:57,56.16221695,8,136.2621497,682.4607,18.2135,-1.978
1/1/2022 8:57,56.54807266,9,136.2490573,711.6566,18.2846,-1.978
1/1/2022 8:57,56.54807266,9,136.2490395,757.2999,18.3198,-1.978
1/1/2022 8:57,57.59489055,9,136.2449448,1399.5058,18.65,1.265
1/1/2022 8:58,57.59489055,10,136.2445539,1439.9653,18.6539,1.8973
1/1/2022 8:58,57.52426129,11,136.6184946,1270.7428,18.1463,1.3314
1/1/2022 8:58,57.52426129,11,136.7578927,1227.4242,18.1055,0.7945
1/1/2022 8:58,58.47490414,12,137.6278169,1207.1502,18.3192,-1.4846
1/1/2022 8:58,58.47490414,12,137.6230294,1247.7477,18.3471,-1.3222
1/1/2022 8:58,58.07218947,10,137.6045187,1453.2722,18.3563,1.2509
1/1/2022 8:59,58.07218947,10,137.6013477,1455.2656,18.3463,1.294
1/1/2022 8:59,56.66085353,11,137.5882819,1420.4366,18.3011,1.047
1/1/2022 8:59,56.66085353,11,137.589481,1402.2201,18.2864,0.8713
1/1/2022 8:59,56.24610589,12,140.836365,1396.8553,18.2969,-0.2967
1/1/2022 8:59,56.24610589,12,141.2419979,1410.145,18.309,-0.1544
1/1/2022 8:59,56.16757689,13,141.6721199,1418.9489,18.2811,0.3257
1/1/2022 9:00,56.16757689,13,141.675886,1425.3969,18.2962,0.4312
1/1/2022 9:00,56.68449903,12,141.6890229,1467.9315,18.3934,2.4665
1/1/2022 9:00,56.68449903,12,141.6893338,1449.7975,18.3554,2.3198
1/1/2022 9:00,57.91831959,12,141.687051,1243.5375,18.1598,-1.0552
1/1/2022 9:00,57.91831959,12,141.6876373,1232.5734,18.1793,-1.2934
1/1/2022 9:00,57.28251882,9,141.6918475,1314.1525,18.3067,-0.8176
1/1/2022 9:01,57.28251882,9,141.6923182,1306.6974,18.2866,-0.7368
1/1/2022 9:01,58.24778267,11,141.6880281,1127.8422,18.2086,-1.9266
1/1/2022 9:01,58.24778267,12,141.6877439,1138.5942,18.2363,-1.9937
1/1/2022 9:01,57.54924642,11,141.6682739,1326.2968,18.3257,-1.0265
1/1/2022 9:01,57.54924642,11,141.662989,1322.3279,18.3061,-0.9912
1/1/2022 9:01,57.67309115,12,141.6767654,1264.656,18.2598,-1.5439
1/1/2022 9:02,57.67309115,12,141.6818016,1275.3827,18.2675,-1.5628
1/1/2022 9:02,56.31206689,11,141.683054,1449.8576,18.438,0.9868
1/1/2022 9:02,56.31206689,11,141.683054,1466.4196,18.4373,1.2581
1/1/2022 9:02,56.07127833,11,141.6602888,1365.9577,18.21,-0.0082
1/1/2022 9:02,56.07127833,10,141.6551903,1358.5246,18.2201,-0.0789
1/1/2022 9:02,56.94456317,9,141.6581126,1330.0983,18.2502,-0.7236
1/1/2022 9:03,56.94456317,9,141.6633176,1327.2693,18.2481,-0.818
1/1/2022 9:03,56.4275763,10,141.6837113,1263.0354,18.2162,-1.1869
1/1/2022 9:03,56.4275763,10,141.6878949,1239.3735,18.2069,-1.315
1/1/2022 9:03,56.58507415,10,141.6946454,1079.6781,18.2114,-1.9812
1/1/2022 9:03,56.58507415,10,141.690524,1069.308,18.2168,-1.9765
1/1/2022 9:03,55.35548272,9,141.6938726,955.897,18.215,-1.9627
1/1/2022 9:04,55.35548272,9,141.6936062,939.3149,18.2103,-1.962
1/1/2022 9:04,55.66237986,9,141.6919274,852.2383,18.2475,-1.961
1/1/2022 9:04,55.66237986,9,141.6920162,849.4213,18.2484,-1.961
1/1/2022 9:04,56.08745639,12,142.7448992,810.3397,18.2482,-1.961
1/1/2022 9:04,56.08745639,12,143.8311728,814.9225,18.256,-1.961
1/1/2022 9:04,57.34997193,9,152.5631008,1022.5498,18.3658,-1.961
1/1/2022 9:05,57.34997193,9,152.562479,1045.1393,18.3692,-1.961
1/1/2022 9:05,57.68282107,10,154.6720433,1163.8246,18.3204,-1.9422
1/1/2022 9:05,57.68282107,10,155.304116,1171.752,18.3148,-1.9363
1/1/2022 9:05,56.87914878,9,159.7586125,1042.4364,18.2084,-2.0074
1/1/2022 9:05,56.87914878,9,159.9797007,1031.414,18.2117,-2.0239
1/1/2022 9:05,56.08024069,10,161.2211934,911.9254,18.2026,-1.9681
1/1/2022 9:06,56.08024069,10,161.2684384,894.7325,18.1989,-1.9548
1/1/2022 9:06,56.77419837,10,161.5482035,1023.5739,18.3467,-1.928
1/1/2022 9:06,56.77419837,10,161.5456277,1043.9282,18.3513,-1.9272
1/1/2022 9:06,57.39633655,10,169.0241388,1102.8785,18.279,-1.926
1/1/2022 9:06,57.39633655,10,170.2312252,1103.4093,18.2712,-1.926
1/1/2022 9:06,57.59395978,10,173.5933469,1270.5556,18.3679,-1.098
1/1/2022 9:07,57.59395978,10,173.5939065,1291.8847,18.3675,-0.918
1/1/2022 9:07,57.60087789,11,176.7466839,1374.6524,18.268,0.0653
1/1/2022 9:07,57.60087789,11,177.1389231,1371.0293,18.2632,0.0153
1/1/2022 9:07,58.26715889,16,177.5368095,1003.4621,18.1274,-1.6187
1/1/2022 9:07,58.26715889,16,177.5364897,1024.3613,18.1976,-1.2688
1/1/2022 9:07,56.74337211,16,177.512028,1500.032,18.8877,8.9863
1/1/2022 9:08,56.74337211,16,177.5118148,1499.2334,18.8302,9.6738
1/1/2022 9:08,57.72096748,14,177.5202529,1504.1178,18.3015,8.3234
1/1/2022 9:08,57.72096748,14,177.5185831,1504.6523,18.3293,8.3016
1/1/2022 9:08,55.63295995,14,177.5502661,1497.3686,18.3205,8.4091
1/1/2022 9:08,55.63295995,15,177.5559064,1498.0598,18.2585,7.9281
1/1/2022 9:08,55.8862171,15,177.5450789,1503.0824,18.4802,6.6041
1/1/2022 9:09,55.8862171,15,177.5416148,1502.194,18.5513,7.148
1/1/2022 9:09,57.33473295,16,177.5366763,1500.739,18.5611,11.1976
1/1/2022 9:09,57.33473295,16,177.5366407,1500.4868,18.5323,11.3032
1/1/2022 9:09,55.00261574,16,177.5226423,1499.2639,18.5205,12.1606
1/1/2022 9:09,55.00261574,16,177.5225623,1499.1357,18.5032,12.2564
1/1/2022 9:09,56.84935249,16,180.8136454,1501.2564,18.3797,12.1911
1/1/2022 9:10,56.84935249,16,181.7728492,1501.3767,18.4366,12.4067
1/1/2022 9:10,53.36427995,13,187.1145552,1497.4813,18.2412,11.8687
1/1/2022 9:10,53.36427995,13,187.1152924,1498.257,18.1595,11.284
1/1/2022 9:10,54.11549024,12,187.1034524,1499.1612,18.1981,7.9874
1/1/2022 9:10,54.11549024,12,187.0987448,1498.9079,18.2221,7.767
1/1/2022 9:10,54.73774184,12,187.0710765,1498.9962,18.4118,6.3496
1/1/2022 9:11,54.73774184,13,187.0717338,1498.4086,18.4598,6.633
1/1/2022 9:11,55.30163875,14,187.0740076,1438.0452,18.0908,4.5578
1/1/2022 9:11,55.30163875,14,187.0732971,1413.4841,18.0133,3.5987
1/1/2022 9:11,57.50302204,14,187.0727641,1422.8777,18.3046,0.6119
1/1/2022 9:11,57.50302204,14,187.0735102,1427.6237,18.3201,0.7221
1/1/2022 9:11,57.56435215,14,187.0744606,1406.4076,18.2545,0.5523
1/1/2022 9:12,57.56435215,14,187.0740343,1424.6982,18.2764,0.5957
1/1/2022 9:12,58.35003192,13,187.0750025,1418.763,18.2531,0.4794
1/1/2022 9:12,58.35003192,13,187.0741409,1420.9511,18.256,0.4538
1/1/2022 9:12,56.6625884,11,187.0723822,1500.4101,18.4505,2.3555
1/1/2022 9:12,56.6625884,12,187.072773,1499.8666,18.4535,2.532
1/1/2022 9:12,57.68165506,14,187.070286,1189.9889,18.0958,-0.4329
1/1/2022 9:13,57.68165506,14,187.0705791,1167.224,18.0985,-0.8737
1/1/2022 9:13,57.59262116,15,187.0731994,1434.0126,18.44,0.5785
1/1/2022 9:13,57.59262116,15,187.0728352,1456.5887,18.4349,0.8908
1/1/2022 9:13,57.03563611,14,187.0744518,1502.1276,18.525,3.7584
1/1/2022 9:13,57.03563611,14,187.0732171,1503.1539,18.5399,4.1877
1/1/2022 9:13,58.53360023,14,187.0724444,1497.6399,18.4598,6.5429
1/1/2022 9:14,58.53360023,14,187.0745939,1497.4924,18.4141,6.3558
1/1/2022 9:14,59.69527718,12,187.0754999,1503.0766,18.2159,2.2686
1/1/2022 9:14,59.69527718,12,187.0752512,1490.676,18.2305,1.9804
1/1/2022 9:14,59.76965208,11,187.0796568,1244.3243,18.1872,-0.9219
1/1/2022 9:14,59.76965208,11,187.0890098,1255.2654,18.2131,-0.9579
1/1/2022 9:14,57.65624166,13,190.4612652,1392.93,18.3305,0.7831
1/1/2022 9:15,57.65624166,13,191.0418453,1365.1623,18.3008,0.6292
1/1/2022 9:15,58.01222175,14,199.866842,1223.9284,18.2502,-1.7361
1/1/2022 9:15,58.01222175,13,201.0512785,1243.3612,18.2747,-1.6889
1/1/2022 9:15,57.6180241,12,204.7766169,1480.6885,18.4178,1.172
1/1/2022 9:15,57.6180241,12,204.7730906,1484.7009,18.4056,1.3241
1/1/2022 9:15,56.50695279,10,204.7566851,1406.2747,18.2325,0.6459
1/1/2022 9:16,56.50695279,10,204.7561965,1376.5366,18.2191,0.4766
1/1/2022 9:16,57.18152915,10,204.7512846,922.3209,18.1108,-1.8192
1/1/2022 9:16,57.18152915,11,204.750654,925.3545,18.1507,-1.9343
1/1/2022 9:16,58.49058876,12,204.7561965,1174.2935,18.3399,-1.9203
1/1/2022 9:16,58.49058876,12,204.7569338,1178.8358,18.3211,-1.9191
1/1/2022 9:16,56.89450627,11,204.7704615,1381.6398,18.3769,-0.377
1/1/2022 9:17,56.89450627,11,204.7745295,1395.1906,18.3636,-0.1745
1/1/2022 9:17,57.11942908,11,204.7829322,1352.0128,18.2854,-0.2508
1/1/2022 9:17,57.11942908,11,204.7852504,1365.1317,18.3079,-0.1581
1/1/2022 9:17,57.11942908,11,249.1048421,1498.4882,18.3211,2.0212
1/1/2022 9:17,56.99861123,10,249.118885,1463.2008,18.3145,1.0315
1/1/2022 9:17,56.99861123,10,249.119409,1434.8656,18.2989,0.935
1/1/2022 9:18,57.51661523,13,249.0681672,1091.7115,18.1355,-1.5693
1/1/2022 9:18,57.51661523,13,249.0673056,1068.8437,18.1444,-1.7838
1/1/2022 9:18,59.02205787,13,249.0798652,1116.2347,18.3204,-1.9495
1/1/2022 9:18,59.02205787,13,249.0802382,1149.8992,18.339,-1.9087
1/1/2022 9:18,57.36888719,12,249.0783463,1132.9155,18.2132,-1.7936
1/1/2022 9:18,57.36888719,12,249.0835069,1105.4825,18.199,-1.8288
1/1/2022 9:19,57.70475555,13,249.1073913,1350.3724,18.424,-0.2986
1/1/2022 9:19,57.70475555,13,249.1016267,1388.4653,18.4266,-0.0321
1/1/2022 9:19,57.65709131,12,249.1288154,1476.0107,18.3638,1.2493
1/1/2022 9:19,57.65709131,12,249.1362321,1480.3955,18.3688,1.2755
1/1/2022 9:19,56.62600057,12,251.7419244,1478.3948,18.2939,0.9686
1/1/2022 9:19,56.62600057,12,253.1054856,1481.4267,18.2875,0.9513
1/1/2022 9:20,57.80252518,10,296.598798,1503.7845,18.2303,5.9529
1/1/2022 9:20,57.80252518,10,297.0585137,1503.3988,18.2546,5.797
1/1/2022 9:20,57.5438909,12,299.8013895,1045.4611,17.8492,-0.1531
1/1/2022 9:20,57.5438909,12,300.4937848,1002.6464,17.8674,-0.8653
1/1/2022 9:20,56.33643072,13,306.316596,1414.7683,18.6479,1.893
1/1/2022 9:20,56.33643072,13,306.6857131,1459.8672,18.6491,2.4812
1/1/2022 9:21,55.49350046,14,308.1614475,1503.6853,18.4371,3.739
1/1/2022 9:21,55.49350046,14,308.1806155,1503.1205,18.4878,4.1367
1/1/2022 9:21,54.20810196,15,308.2567188,1496.9647,18.7182,9.6709
1/1/2022 9:21,54.20810196,15,308.2433243,1496.2339,18.6641,9.9068
1/1/2022 9:21,54.98223271,16,308.1771159,1501.004,18.3537,9.0195
1/1/2022 9:21,54.98223271,16,308.1762987,1499.2428,18.4086,9.2261
1/1/2022 9:22,56.48565599,15,308.1690419,1496.2753,18.2235,8.1268
1/1/2022 9:22,56.48565599,15,308.1696193,1498.3176,18.1607,7.5153
1/1/2022 9:22,58.20786088,14,308.177338,1498.0842,18.2206,4.1725
1/1/2022 9:22,58.20786088,14,308.1770448,1496.6551,18.2482,3.987
1/1/2022 9:22,55.76373117,13,308.1690241,1476.346,18.3553,4.017
1/1/2022 9:22,55.76373117,14,308.1688643,1448.1406,18.2868,3.6213
1/1/2022 9:23,58.38959726,16,308.1340458,1112.3979,18.0643,-1.496
1/1/2022 9:23,58.38959726,16,308.129427,1103.9887,18.1064,-1.728
1/1/2022 9:23,58.2148857,14,308.1212109,1369.5487,18.3882,-0.3503
1/1/2022 9:23,58.2148857,14,308.1219659,1407.5131,18.3922,-0.0949
1/1/2022 9:23,57.7302909,14,308.126407,1417.4383,18.2906,0.9855
1/1/2022 9:23,57.7302909,14,308.1266202,1383.7384,18.2676,0.8284
1/1/2022 9:24,58.51136202,16,308.1198519,1267.8673,18.2835,-1.2692
1/1/2022 9:24,58.51136202,16,308.1165388,1300.4313,18.3165,-1.0959
1/1/2022 9:24,56.42019722,13,308.1355913,1496.1904,18.5992,4.0127
1/1/2022 9:24,56.42019722,13,308.1377319,1495.9464,18.596,4.5075
1/1/2022 9:24,57.53911697,10,308.1891069,1342.2966,18.0805,0.8164
1/1/2022 9:24,57.53911697,10,308.1901106,1327.1938,18.0719,0.1351
1/1/2022 9:25,56.60816006,9,308.2388033,1421.2031,18.3233,0.3943
1/1/2022 9:25,56.60816006,9,308.2352948,1413.805,18.3101,0.5046
1/1/2022 9:25,56.74267182,10,308.1325979,953.0894,18.0756,-1.5705
1/1/2022 9:25,56.74267182,10,308.1354225,928.3913,18.093,-1.765
1/1/2022 9:25,56.85558243,11,308.14768,1068.0727,18.3346,-1.9103
1/1/2022 9:25,56.85558243,11,308.1527874,1062.7638,18.3151,-1.9086
1/1/2022 9:26,56.02656181,11,308.1605593,807.2255,18.1676,-1.9002
1/1/2022 9:26,56.02656181,10,308.1616696,799.9544,18.1876,-1.9
1/1/2022 9:26,56.72794378,10,308.1402367,1013.4404,18.3577,-1.899
1/1/2022 9:26,56.72794378,10,308.1383004,1023.2034,18.3413,-1.899
1/1/2022 9:26,56.84560284,10,308.1107476,936.5924,18.2146,-1.899
1/1/2022 9:26,56.84560284,10,308.1068394,923.0972,18.2134,-1.899
1/1/2022 9:27,56.63034897,11,308.1254211,913.7309,18.2603,-1.899
1/1/2022 9:27,56.63034897,11,308.1211753,903.7793,18.2558,-1.899
1/1/2022 9:27,56.79722918,12,308.0783806,863.6672,18.259,-1.899
1/1/2022 9:27,56.79722918,12,308.0789845,871.9476,18.2666,-1.899
1/1/2022 9:27,57.46310667,12,308.111245,975.8824,18.3227,-1.899
1/1/2022 9:27,57.46310667,12,308.1115736,1009.5987,18.3472,-1.8982
1/1/2022 9:28,57.10414343,10,308.1005951,1068.7751,18.262,-1.989
1/1/2022 9:28,57.10414343,10,308.1091487,1055.869,18.2466,-1.9981
1/1/2022 9:28,57.03484038,9,308.119541,983.8625,18.2444,-1.9718
1/1/2022 9:28,57.03484038,10,308.1094685,967.6662,18.2305,-1.9703
1/1/2022 9:28,57.05340953,11,308.2768905,916.1124,18.2588,-1.9609
1/1/2022 9:28,57.05340953,11,308.2935003,920.6176,18.2698,-1.96
1/1/2022 9:29,56.50527197,10,308.2854796,944.4411,18.2736,-1.958
1/1/2022 9:29,56.50527197,10,308.2897698,931.5302,18.2599,-1.958
1/1/2022 9:29,56.68089068,10,308.2735241,875.2408,18.289,-1.958
1/1/2022 9:29,56.68089068,10,308.264171,900.5823,18.3119,-1.958
1/1/2022 9:29,56.82220974,11,308.2285975,939.9906,18.254,-1.958
1/1/2022 9:29,56.82220974,12,308.2323725,944.7137,18.2639,-1.958
1/1/2022 9:30,57.14604495,13,308.2034785,1163.998,18.3621,-1.9515
1/1/2022 9:30,57.14604495,13,308.2000144,1168.5698,18.3414,-1.9481
1/1/2022 9:30,57.72187723,13,308.1998723,1193.8266,18.2762,-1.9241
1/1/2022 9:30,57.72187723,13,308.1998545,1195.6485,18.268,-1.9271
1/1/2022 9:30,58.07555257,12,308.2180543,1322.0531,18.3375,-1.0496
1/1/2022 9:30,58.07555257,12,308.2222911,1356.1388,18.3598,-0.7581
1/1/2022 9:31,56.5607407,13,308.2280113,1471.8265,18.3551,1.2517
1/1/2022 9:31,56.5607407,13,308.2278248,1472.2248,18.3607,1.3543
1/1/2022 9:31,54.80209774,14,308.2608224,1498.584,18.6296,5.9441
1/1/2022 9:31,54.80209774,15,308.2660985,1498.4151,18.6132,6.3442
1/1/2022 9:31,54.80209774,16,308.1934237,1502.5768,18.598,12.4837
1/1/2022 9:31,56.7431284,16,308.1883076,1490.5491,18.0448,11.4959
1/1/2022 9:32,56.7431284,16,308.1858028,1491.6998,17.9127,10.4059
1/1/2022 9:32,57.59871792,16,308.1551678,1495.368,18.5251,14.7046
1/1/2022 9:32,57.59871792,16,308.1495808,1496.8,18.4668,14.6632
1/1/2022 9:32,59.31457685,16,308.1227742,1498.8851,18.4452,14.5145
1/1/2022 9:32,59.31457685,16,308.1223833,1499.494,18.3989,14.3926
1/1/2022 9:32,61.23377057,15,308.1203848,1499.2019,18.198,11.8266
1/1/2022 9:33,61.23377057,15,308.1204292,1498.8678,18.2085,11.6038
1/1/2022 9:33,58.93556586,14,308.1618739,1500.6063,18.2784,10.558
1/1/2022 9:33,58.93556586,14,308.1811129,1500.5441,18.2553,10.2497
1/1/2022 9:33,60.15429969,13,308.2163933,1501.1965,18.3756,8.4813
1/1/2022 9:33,60.15429969,13,308.1958042,1500.5709,18.4117,8.6434
1/1/2022 9:33,56.38898416,13,308.1293737,1501.8108,18.2777,8.2334
1/1/2022 9:34,56.38898416,13,308.1356002,1502.3282,18.2575,7.9317
1/1/2022 9:34,55.6182691,13,308.1180221,1500.4065,18.2955,6.186
1/1/2022 9:34,55.6182691,14,308.1202338,1499.9843,18.2667,5.7457
1/1/2022 9:34,57.1385083,16,308.166164,1490.1184,18.3271,3.2327
1/1/2022 9:34,57.1385083,16,308.1641744,1490.4184,18.3602,3.4349
1/1/2022 9:34,55.42692854,16,308.1316475,1499.4185,18.5947,8.695
1/1/2022 9:35,55.42692854,15,308.1266113,1500.0846,18.6089,9.3017
1/1/2022 9:35,55.04128747,14,308.1324736,1497.5895,18.3517,10.0388
1/1/2022 9:35,55.04128747,14,308.1306083,1497.0073,18.3323,9.8522
1/1/2022 9:35,58.8967727,14,308.0923168,1497.2108,18.5164,9.8849
1/1/2022 9:35,58.8967727,14,308.1054004,1496.3466,18.5363,10.161
1/1/2022 9:35,56.55866808,14,308.1194877,1496.0082,18.2643,9.4022
1/1/2022 9:36,56.55866808,14,308.1083316,1497.6309,18.2445,9.0846
1/1/2022 9:36,55.4073492,14,308.1146558,1500.0345,18.276,7.6955
1/1/2022 9:36,55.4073492,14,308.1121421,1499.2462,18.2823,7.5394
1/1/2022 9:36,56.67347028,12,308.1179422,1501.1205,18.3261,6.147
1/1/2022 9:36,56.67347028,12,308.1183597,1501.866,18.3302,6.0609
1/1/2022 9:36,58.30751425,11,308.1130481,1441.2444,18.1494,2.6976
1/1/2022 9:37,58.30751425,10,308.1131191,1435.3576,18.1381,2.1463
1/1/2022 9:37,57.04100882,11,308.0985255,1489.6216,18.3925,2.2085
1/1/2022 9:37,57.04100882,11,308.1010925,1489.2815,18.3959,2.3209
1/1/2022 9:37,57.69738133,13,308.1354225,1266.4746,18.1874,-0.7997
1/1/2022 9:37,57.69738133,13,308.1325624,1260.8526,18.1991,-0.9773
1/1/2022 9:37,55.68406056,13,308.0977528,1481.4425,18.5369,2.3685
1/1/2022 9:38,55.68406056,13,308.0965004,1492.3575,18.5503,2.9567
1/1/2022 9:38,55.66411691,13,308.0625879,1497.6966,18.4627,5.5409
1/1/2022 9:38,55.66411691,13,308.063787,1497.4213,18.4595,5.6567
1/1/2022 9:38,56.96469932,12,308.1122575,1500.6492,18.3831,5.7904
1/1/2022 9:38,56.96469932,12,308.1152065,1501.0637,18.36,5.6057
1/1/2022 9:38,57.29972089,12,308.0621438,1453.0473,18.1313,1.4808
1/1/2022 9:39,57.29972089,12,308.052693,1453.0987,18.1404,1.1025
1/1/2022 9:39,56.9746351,13,308.0315177,1500.1228,18.4291,2.2928
1/1/2022 9:39,56.9746351,13,308.0296169,1500.2253,18.448,2.5523
1/1/2022 9:39,54.88511019,12,308.1093264,1499.8008,18.4922,4.7421
1/1/2022 9:39,54.88511019,12,308.1160147,1499.32,18.46,4.7282
1/1/2022 9:39,57.04753622,12,308.0537678,1399.3451,18.1373,0.6926
1/1/2022 9:40,57.04753622,12,308.0587507,1383.2349,18.1419,0.3082
1/1/2022 9:40,56.8868228,12,308.0842073,1354.7169,18.2684,-0.6854
1/1/2022 9:40,56.8868228,12,308.0880445,1363.9572,18.2741,-0.6329
1/1/2022 9:40,57.5109705,13,308.0999201,1444.6268,18.2934,0.5621
1/1/2022 9:40,57.5109705,13,308.086419,1450.6929,18.2984,0.6854
1/1/2022 9:40,57.21754516,16,308.0800682,1432.821,18.3689,1.4297
1/1/2022 9:41,55.95043954,15,308.0817913,1502.4452,18.654,9.4858
1/1/2022 9:41,55.95043954,15,308.0803169,1499.8832,18.6465,9.982
1/1/2022 9:41,59.16216166,16,308.0762133,1383.2185,18.1492,5.0132
1/1/2022 9:41,59.16216166,16,308.0771459,1359.1995,18.0385,3.9848
1/1/2022 9:41,59.16216166,16,308.0558817,1463.19,18.5796,3.7674
1/1/2022 9:41,58.23101195,14,308.0658921,1492.0812,18.4197,8.6671
1/1/2022 9:42,58.23101195,14,308.0701556,1492.1429,18.3049,8.0959
1/1/2022 9:42,60.41434979,14,308.12988,1496.94,18.2997,4.4678
1/1/2022 9:42,60.41434979,14,308.1503536,1496.4499,18.314,4.3329
1/1/2022 9:42,57.1701798,13,308.2345753,1500.5307,18.4261,4.4722
1/1/2022 9:42,57.1701798,13,308.244781,1502.0532,18.4591,4.744
1/1/2022 9:42,55.14393889,12,309.1629367,1500.1907,18.3962,7.1855
1/1/2022 9:43,55.14393889,12,309.2637139,1500.0931,18.328,6.7508
1/1/2022 9:43,57.77113235,12,309.4359293,1416.5361,18.1063,1.3561
1/1/2022 9:43,57.77113235,12,309.4386118,1367.3558,18.1015,0.9756
1/1/2022 9:43,58.82595228,11,309.3821827,1179.3235,18.2344,-1.9338
1/1/2022 9:43,58.82595228,11,309.3796424,1202.1996,18.2761,-2.0014
1/1/2022 9:43,57.4547268,12,309.3888355,1123.2346,18.2018,-1.9258
1/1/2022 9:44,57.4547268,12,309.3894218,1086.6738,18.1805,-1.9255
1/1/2022 9:44,55.87443275,11,309.3907719,742.8171,18.1441,-1.9263
1/1/2022 9:44,55.87443275,11,309.3903278,728.3025,18.1639,-1.9266
1/1/2022 9:44,57.44292438,13,309.3893329,781.1964,18.2875,-1.9262
1/1/2022 9:44,57.44292438,13,309.3844832,782.5037,18.2785,-1.9265
1/1/2022 9:44,57.62098139,11,309.3802553,816.6772,18.2912,-1.927
1/1/2022 9:45,57.62098139,11,309.3853714,823.9869,18.2968,-1.927
1/1/2022 9:45,56.45556952,9,309.3968207,741.3766,18.2188,-1.927
1/1/2022 9:45,56.45556952,8,309.3988725,732.4302,18.2219,-1.927
1/1/2022 9:45,56.02353236,9,309.9742682,704.7258,18.2546,-1.927
1/1/2022 9:45,56.02353236,9,310.1016732,698.0226,18.2494,-1.927
1/1/2022 9:45,56.30247776,11,310.6614964,709.4793,18.2851,-1.927
1/1/2022 9:46,56.30247776,11,310.6611856,730.0646,18.3025,-1.927
1/1/2022 9:46,56.84941924,11,310.6390776,960.1091,18.3435,-1.927
1/1/2022 9:46,56.84941924,11,310.6342456,961.2635,18.3238,-1.927
1/1/2022 9:46,57.6411051,10,310.6244751,1152.0065,18.3858,-1.8891
1/1/2022 9:46,57.6411051,10,310.6233027,1183.7178,18.3923,-1.9056
1/1/2022 9:46,57.0160753,12,310.6324425,922.2444,18.123,-2.0066
1/1/2022 9:47,57.0160753,12,310.6334551,903.5171,18.1314,-1.9905
1/1/2022 9:47,58.37821807,13,310.6356046,1236.3747,18.4289,-1.7952
1/1/2022 9:47,58.37821807,13,310.6358888,1275.8616,18.4311,-1.6843
1/1/2022 9:47,56.22724132,12,310.6665593,1468.1908,18.4491,2.5148
1/1/2022 9:47,56.22724132,11,310.6667903,1473.9636,18.4321,2.6875
1/1/2022 9:47,56.1410322,11,310.6297334,1492.8952,18.3734,1.994
1/1/2022 9:48,56.1410322,11,310.6290673,1479.0963,18.3618,1.9751
1/1/2022 9:48,57.31831429,13,310.6352671,1196.3703,18.1484,-1.2733
1/1/2022 9:48,57.31831429,13,310.635347,1184.1811,18.1691,-1.5448
1/1/2022 9:48,58.01388732,13,310.6379407,1221.3211,18.2856,-1.557
1/1/2022 9:48,58.01388732,13,310.638669,1252.0088,18.3041,-1.2561
1/1/2022 9:48,55.23281929,11,310.636786,1496.5102,18.596,3.7618
1/1/2022 9:49,55.23281929,11,310.6368748,1494.6689,18.5901,4.2164
1/1/2022 9:49,55.79631228,11,310.6365639,1441.1222,18.1571,2.2979
1/1/2022 9:49,55.79631228,11,310.6412982,1428.0902,18.1318,1.735
1/1/2022 9:49,57.06381995,10,310.6400458,1300.9135,18.2054,-0.8526
1/1/2022 9:49,57.06381995,10,310.6329577,1284.1396,18.2061,-1.0512
1/1/2022 9:49,56.75530494,11,310.6164722,1256.2155,18.2665,-1.3423
1/1/2022 9:50,56.75530494,11,310.6156373,1250.9062,18.2643,-1.3311
1/1/2022 9:50,57.34929424,9,310.6345743,1158.977,18.2195,-2.0064
1/1/2022 9:50,57.34929424,9,310.6445402,1157.0072,18.2321,-2.0098
1/1/2022 9:50,57.41714298,10,310.6912521,1184.8189,18.2933,-1.9726
1/1/2022 9:50,57.41714298,10,310.6896177,1195.2493,18.2953,-1.9708
1/1/2022 9:50,57.17827732,12,313.0322524,1175.7725,18.2746,-1.9592
1/1/2022 9:51,57.17827732,13,313.4209727,1173.0558,18.276,-1.9578
1/1/2022 9:51,55.7978241,11,92.63187572,974.9384,16.519,-0.751
1/1/2022 9:51,55.7978241,11,92.63196454,992.537,16.6474,-0.938
1/1/2022 9:51,57.60166651,12,92.6340874,1080.1221,17.8814,-1.855
1/1/2022 9:51,57.60166651,12,92.63390087,1122.4984,18.0199,-1.6673
1/1/2022 9:51,55.64979339,11,92.62842051,1421.3113,18.3899,0.5177
1/1/2022 9:52,55.64979339,11,92.63531315,1424.1239,18.3799,0.694
1/1/2022 9:52,54.48973249,11,92.68543582,1374.059,18.2979,1.5858
1/1/2022 9:52,54.48973249,11,92.68609311,1344.1633,18.2593,1.1958
1/1/2022 9:52,56.31347769,12,92.69930993,1335.3125,18.2971,-0.2447
1/1/2022 9:52,56.31347769,12,92.69916782,1329.5,18.2913,-0.1823
1/1/2022 9:52,57.45935785,10,92.68450318,1331.6422,18.3005,-0.9058
1/1/2022 9:53,57.45935785,10,92.67679337,1362.3515,18.3331,-0.6624
1/1/2022 9:53,57.06023534,15,92.65140783,1230.3501,18.168,-0.161
1/1/2022 9:53,57.06023534,16,92.65196742,1200.968,18.1559,-0.5041
1/1/2022 9:53,55.49780129,16,92.6736224,1499.5342,18.4373,8.8906
1/1/2022 9:53,55.49780129,16,92.65984599,1499.9537,18.4785,9.2519
1/1/2022 9:53,55.73444072,15,92.64468395,1498.714,18.3929,10.826
1/1/2022 9:54,55.73444072,15,92.652829,1500.3912,18.3503,10.6067
1/1/2022 9:54,55.25094709,15,92.6500222,1499.5569,18.3568,10.5532
1/1/2022 9:54,55.25094709,14,92.64348485,1499.4559,18.3637,10.4942
1/1/2022 9:54,56.13216569,13,92.65601773,1503.827,18.392,9.7782
1/1/2022 9:54,56.13216569,13,92.658487,1503.454,18.3896,9.7467
1/1/2022 9:54,57.00223237,14,92.65616873,1502.4335,18.2812,8.5614
1/1/2022 9:55,55.28435486,11,92.67117089,1433.8435,18.2615,0.6296
1/1/2022 9:55,55.28435486,12,92.67022937,1421.9806,18.2557,0.5458
1/1/2022 9:55,56.30390582,12,92.67267199,1302.4276,18.2283,-0.6026
1/1/2022 9:55,56.30390582,11,92.66339002,1291.0329,18.2466,-0.6025
1/1/2022 9:55,56.59752244,12,92.62635982,1304.4451,18.2608,-0.7414
1/1/2022 9:55,56.59752244,12,92.62619994,1300.6486,18.25,-1.1146
1/1/2022 9:56,56.01316953,10,92.63758702,1350.3859,18.2814,-0.9218
1/1/2022 9:56,56.01316953,10,92.65737672,1350.519,18.2768,-0.8248
1/1/2022 9:56,56.10855664,10,92.67590514,1276.2555,18.2229,-1.2899
1/1/2022 9:56,56.10855664,10,92.65751884,1231.1808,18.2006,-1.5101
1/1/2022 9:56,55.89865786,9,92.66949214,1028.7825,18.1772,-1.9642
1/1/2022 9:56,55.89865786,9,92.68381036,1020.9541,18.2155,-1.9349
1/1/2022 9:57,55.44734783,9,92.68258461,952.597,18.2197,-1.9166
1/1/2022 9:57,55.44734783,9,92.68271784,908.9209,18.1993,-1.9144
1/1/2022 9:57,54.79992391,9,92.69876811,795.2644,18.2237,-1.912
1/1/2022 9:57,54.79992391,9,92.69609455,787.6433,18.2345,-1.912
1/1/2022 9:57,55.32901288,9,92.69239952,860.1988,18.3189,-1.912
1/1/2022 9:57,55.32901288,9,92.6900546,859.476,18.3005,-1.912
1/1/2022 9:58,55.01399635,9,92.68050616,769.961,18.2271,-1.912
1/1/2022 9:58,55.01399635,9,92.68061275,763.1759,18.2414,-1.912
1/1/2022 9:58,54.47637779,8,92.68072822,678.5379,18.2167,-1.912
1/1/2022 9:58,54.47637779,8,92.68243361,660.5682,18.2228,-1.912
1/1/2022 9:58,54.76777741,8,92.67965346,681.4411,18.2789,-1.912
1/1/2022 9:58,54.76777741,8,92.67812571,681.8654,18.2718,-1.912
1/1/2022 9:59,54.80347333,8,92.67957352,645.7994,18.2519,-1.912
1/1/2022 9:59,54.80347333,8,92.68210497,639.7135,18.2578,-1.912
1/1/2022 9:59,55.0813513,10,92.68332184,655.442,18.2808,-1.912
1/1/2022 9:59,55.0813513,10,92.67666013,665.6072,18.2845,-1.912
1/1/2022 9:59,55.13622233,9,92.6681598,856.7734,18.3843,-1.912
1/1/2022 9:59,55.13622233,9,92.67189924,961.1429,18.428,-1.9108
1/1/2022 10:00,55.88571301,9,92.68386366,1124.8829,18.31,-1.9873
1/1/2022 10:00,55.88571301,9,92.6874521,1066.4744,18.2299,-2.0182
1/1/2022 10:00,55.59855028,9,92.69899017,826.9385,18.1743,-2.0815
1/1/2022 10:00,55.59855028,9,92.69736471,808.5122,18.2,-2.0774
1/1/2022 10:00,55.40808473,10,92.69640543,755.977,18.2261,-2.0091
1/1/2022 10:00,55.40808473,10,92.69811971,752.3345,18.2428,-1.9983
1/1/2022 10:01,55.78428727,11,92.69626331,1000.5396,18.3825,-1.986
1/1/2022 10:01,55.78428727,11,92.69483326,1017.6125,18.3423,-1.986
1/1/2022 10:01,56.33377425,9,92.70382212,1065.5221,18.3147,-1.9825
1/1/2022 10:01,56.33377425,9,92.69191988,1130.2787,18.362,-1.9751
1/1/2022 10:01,58.19739488,11,92.69555273,1127.3444,18.257,-1.9293
1/1/2022 10:01,58.19739488,12,92.71283763,1138.9787,18.2732,-1.9349
1/1/2022 10:02,57.70465946,13,92.70445277,1378.5119,18.4046,-0.5132
1/1/2022 10:02,57.70465946,13,92.70186802,1424.4517,18.4371,0.5166
1/1/2022 10:02,54.67276891,13,92.70121074,1501.6935,18.5935,5.3199
1/1/2022 10:02,54.67276891,14,92.68667046,1501.8875,18.5855,6.0775
1/1/2022 10:02,53.62574755,12,92.67854318,1498.2018,18.4665,7.3652
1/1/2022 10:02,53.62574755,11,92.69907899,1497.8415,18.3866,7.0437
1/1/2022 10:03,55.19168878,11,92.68026633,1469.8261,18.1151,2.9884
1/1/2022 10:03,55.19168878,10,92.66503324,1445.7526,18.116,1.943
1/1/2022 10:03,55.93826916,10,92.6604944,1449.5843,18.2856,0.8539
1/1/2022 10:03,55.93826916,11,92.66071646,1473.3713,18.3081,1.0426
1/1/2022 10:03,56.9094282,12,92.66148033,1276.4322,18.1538,-0.1851
1/1/2022 10:03,56.9094282,12,92.66179121,1237.811,18.174,-0.7854
1/1/2022 10:04,55.82704052,11,92.67021161,1408.7098,18.473,0.4
1/1/2022 10:04,55.82704052,12,92.68382813,1446.0196,18.5875,2.2044
1/1/2022 10:04,54.12103458,13,92.70005604,1492.7889,18.5253,5.6587
1/1/2022 10:04,54.12103458,13,92.69041878,1493.1845,18.4597,5.7031
1/1/2022 10:04,56.52389111,12,92.66239521,1431.3012,18.1536,3.5068
1/1/2022 10:04,56.52389111,12,92.65789189,1373.6894,18.0313,1.8358
1/1/2022 10:05,56.90991723,15,92.66071646,1385.3672,18.5577,2.9857
1/1/2022 10:05,56.90991723,16,92.66479342,1443.5038,18.715,5.2349
1/1/2022 10:05,55.19447738,15,92.67764607,1492.9005,18.4996,9.9209
1/1/2022 10:05,55.19447738,15,92.6788807,1493.4791,18.4976,10.2278
1/1/2022 10:05,54.72036923,15,92.65784748,1491.9218,18.7105,13.755
1/1/2022 10:05,54.72036923,16,92.64701999,1492.7882,18.5114,13.5537
1/1/2022 10:06,54.53718606,16,92.62926433,1492.881,18.3234,12.3148
1/1/2022 10:06,54.53718606,16,92.62868698,1492.1094,18.4779,12.8952
1/1/2022 10:06,52.97298939,15,92.62819846,1499.1418,18.3559,13.0759
1/1/2022 10:06,52.97298939,15,92.62946862,1499.316,18.3057,12.7101
1/1/2022 10:06,53.02345655,15,92.62894457,1503.9885,18.3377,11.5786
1/1/2022 10:06,53.02345655,15,92.62948638,1504.3108,18.3658,11.5806
1/1/2022 10:07,58.05336358,14,92.64757957,1499.4935,18.3822,11.5246
1/1/2022 10:07,58.05336358,14,92.64655811,1498.1073,18.3639,11.3936
1/1/2022 10:07,54.87047475,15,92.6502709,1498.7603,18.2864,10.0133
1/1/2022 10:07,54.87047475,14,92.65166542,1501.4074,18.2797,9.6593
1/1/2022 10:07,54.7800424,12,92.6549341,1499.8481,18.3065,8.7472
1/1/2022 10:07,54.7800424,12,92.65958841,1497.592,18.2788,8.2549
1/1/2022 10:08,56.25233757,12,92.64545671,1499.0003,18.1422,4.4231
1/1/2022 10:08,56.25233757,12,92.63946118,1498.5451,18.1639,3.5071
1/1/2022 10:08,55.7889336,14,92.62991273,1495.5349,18.326,1.786
1/1/2022 10:08,55.7889336,14,92.63614809,1498.078,18.44,2.51
1/1/2022 10:08,53.6282841,12,92.69518856,1498.2295,18.8268,9.4031
1/1/2022 10:08,53.6282841,12,92.70426624,1493.6542,18.6866,10.0189
1/1/2022 10:09,53.9772108,11,92.69980734,1457.5898,17.9869,5.4913
1/1/2022 10:09,53.9772108,11,92.69618337,1384.1948,17.9091,3.5892
1/1/2022 10:09,59.20969425,12,92.68067492,1273.1386,18.1545,-0.7175
1/1/2022 10:09,59.20969425,12,92.68452983,1286.2489,18.2251,-0.7432
1/1/2022 10:09,58.37549914,12,92.69986951,1221.1722,18.2292,-1.7172
1/1/2022 10:09,58.37549914,12,92.69883917,1249.847,18.2699,-1.9196
1/1/2022 10:10,56.26854068,10,92.71363704,1376.5794,18.3131,-0.0575
1/1/2022 10:10,56.26854068,10,92.71729653,1389.739,18.3061,0.1538
1/1/2022 10:10,56.27173845,7,92.70360895,1254.7475,18.1994,-0.8177
1/1/2022 10:10,56.27173845,8,92.69819076,1185.4889,18.1676,-1.1096
1/1/2022 10:10,57.00585067,10,92.70491464,961.9775,18.1627,-1.9366
1/1/2022 10:10,57.00585067,9,92.70324477,911.8012,18.1691,-1.9167
1/1/2022 10:11,56.05173069,8,92.67611832,783.8935,18.236,-1.9054
1/1/2022 10:11,56.05173069,8,92.68273561,782.9657,18.2536,-1.9045
1/1/2022 10:11,56.05173069,15,189.5006328,1114.1235,18.435,8.594
1/1/2022 10:11,54.70677897,16,194.0923209,1482.2741,18.6028,7.0831
1/1/2022 10:11,54.70677897,16,327.1372595,1501.5286,18.5768,13.5721
1/1/2022 10:11,56.10633723,15,327.1343195,1499.0771,18.3417,13.483
1/1/2022 10:12,56.10633723,15,327.1365134,1499.759,18.2687,12.9691
1/1/2022 10:12,59.37526211,16,327.1372151,1500.3912,18.3148,11.1907
1/1/2022 10:12,59.37526211,16,327.1378191,1501.312,18.4313,11.5826
1/1/2022 10:12,55.10089621,16,327.1151338,1499.9384,18.5246,13.7774
1/1/2022 10:12,55.10089621,15,327.1238206,1498.6844,18.4798,13.9083
1/1/2022 10:12,56.36556161,15,327.1014462,1500.5965,18.2286,12.0099
1/1/2022 10:13,56.36556161,15,327.1012419,1500.9797,18.3073,11.9411
1/1/2022 10:13,54.15149473,16,327.0845788,1501.5526,18.3328,11.3475
1/1/2022 10:13,54.15149473,16,327.0746484,1504.0158,18.3246,11.1195
1/1/2022 10:13,59.42776936,15,327.0749681,1499.4977,18.4539,11.81
1/1/2022 10:13,59.42776936,15,327.0742309,1496.9849,18.396,11.6937
1/1/2022 10:13,59.42776936,13,340.5707686,1298.169,18.2485,-1.0283
1/1/2022 10:14,57.41239576,14,341.9157824,1287.0914,18.2403,-1.1209
1/1/2022 10:14,57.41239576,15,343.2852563,1270.4001,18.2299,-1.1902
1/1/2022 10:14,57.41239576,15,0.463964828,1396.6687,18.4298,0.6633
1/1/2022 10:14,57.18479036,15,3.703886282,1434.596,18.4562,1.0705
1/1/2022 10:14,57.18479036,15,7.008878124,1471.1834,18.4948,1.6347
1/1/2022 10:14,57.18479036,14,31.69549509,1497.7517,18.5796,6.1552
1/1/2022 10:15,55.95403866,13,33.93611798,1497.4402,18.5964,6.696
1/1/2022 10:15,55.95403866,14,36.36213195,1497.527,18.6046,7.1541
1/1/2022 10:15,55.95403866,14,53.20490014,1499.1678,18.4762,7.9061
1/1/2022 10:15,55.97374898,14,55.68338481,1498.3626,18.4687,7.9932
1/1/2022 10:15,55.97374898,14,58.47137795,1497.8166,18.4429,7.9536
1/1/2022 10:15,55.97374898,12,74.27958269,1497.1923,18.316,6.6489
1/1/2022 10:16,57.01651477,12,74.86167552,1498.4982,18.2835,6.2788
1/1/2022 10:16,57.01651477,11,74.86201305,1499.9973,18.2467,5.8314
1/1/2022 10:16,57.01651477,11,75.83465757,1504.7899,18.3108,4.095
1/1/2022 10:16,59.46209101,11,76.82295346,1503.7661,18.3414,4.1526
1/1/2022 10:16,59.46209101,12,78.60957984,1503.4373,18.3677,4.2156
1/1/2022 10:16,59.46209101,11,95.86128595,1505.0144,18.6038,7.1016
1/1/2022 10:17,57.89536124,11,97.27349299,1504.6268,18.585,7.3712
1/1/2022 10:17,57.89536124,11,97.8853388,1501.2836,18.5502,7.5077
1/1/2022 10:17,57.89536124,9,98.93504728,1428.3067,17.9567,1.9795
1/1/2022 10:17,58.57846508,9,98.93219607,1424.6549,17.9559,1.265
1/1/2022 10:17,58.57846508,9,98.93046402,1419.7033,17.9943,0.8153
1/1/2022 10:17,58.57846508,15,161.466538,1409.3207,18.2769,0.6002
1/1/2022 10:18,57.53596985,15,162.0688979,1410.4919,18.2915,0.6291
1/1/2022 10:18,57.53596985,15,162.4805481,1420.6525,18.3224,0.8586
1/1/2022 10:18,57.53596985,14,162.6710916,1497.1052,18.8188,7.6202
1/1/2022 10:18,54.55040289,15,162.667361,1497.9275,18.8176,8.4321
1/1/2022 10:18,54.55040289,15,162.6630797,1497.883,18.8155,9.1802
1/1/2022 10:18,54.55040289,15,163.3323571,1499.4647,18.3936,9.6059
1/1/2022 10:19,53.36712377,15,163.5478759,1498.3806,18.4009,9.6278
1/1/2022 10:19,53.36712377,14,163.758523,1496.5491,18.3958,9.5843
1/1/2022 10:19,53.36712377,12,165.4582184,1495.1771,18.337,8.5291
1/1/2022 10:19,54.43436453,12,165.5413558,1495.0664,18.2901,8.1623
1/1/2022 10:19,54.43436453,12,165.6257529,1494.8302,18.2278,7.6246
1/1/2022 10:19,54.43436453,11,165.6245094,1376.4508,17.9268,1.3817
1/1/2022 10:20,56.67191482,10,165.6264546,1352.1342,17.9294,0.5912
1/1/2022 10:20,56.67191482,10,165.6257618,1330.3509,17.9606,-0.0316
1/1/2022 10:20,56.67191482,10,165.5970632,1390.2808,18.2927,-0.4221
1/1/2022 10:20,57.57236675,10,165.591343,1411.9076,18.3138,-0.1838
1/1/2022 10:20,57.57236675,10,165.5929418,1431.9342,18.3313,0.0782
1/1/2022 10:20,57.57236675,10,166.8342933,1256.0097,18.1842,-0.4206
1/1/2022 10:21,56.32285001,11,167.9479864,1218.7288,18.1632,-0.7471
1/1/2022 10:21,56.32285001,11,169.2597962,1176.9319,18.1431,-1.0719
1/1/2022 10:21,56.32285001,12,178.5445598,1097.3084,18.2591,-2.006
1/1/2022 10:21,57.31543724,11,178.7432886,1133.9786,18.303,-1.8285
1/1/2022 10:21,57.31543724,11,178.7402242,1178.9441,18.3461,-1.4947
1/1/2022 10:21,57.31543724,10,178.7288549,1489.1629,18.706,3.7315
1/1/2022 10:22,55.16870028,10,178.7300895,1492.6229,18.7052,4.4912
1/1/2022 10:22,55.16870028,10,178.730658,1490.6423,18.679,4.9747
1/1/2022 10:22,55.16870028,13,178.7464773,1419.9615,18.1018,2.9773
1/1/2022 10:22,56.32242448,13,178.7477208,1393.3831,18.051,2.1726
1/1/2022 10:22,56.32242448,14,178.7494173,1365.8158,18.031,1.4512
1/1/2022 10:22,56.32242448,14,178.7038335,1497.3088,18.7086,8.1925
1/1/2022 10:23,55.77910288,13,178.6965678,1496.9627,18.6827,8.5524
1/1/2022 10:23,55.77910288,13,178.688707,1496.7042,18.6556,8.8601
1/1/2022 10:23,55.77910288,12,178.6587382,1494.7529,18.3399,9.2159
1/1/2022 10:23,54.22571932,12,178.658303,1493.2895,18.2548,8.6392
1/1/2022 10:23,54.22571932,12,178.6587382,1491.6693,18.1628,7.8038
1/1/2022 10:23,54.22571932,12,178.6642275,1400.5465,17.9945,0.894
1/1/2022 10:24,57.61286445,12,178.6720972,1400.2502,18.0425,0.5273
1/1/2022 10:24,57.61286445,12,178.6816811,1400.9566,18.1021,0.3628
1/1/2022 10:24,57.61286445,12,178.4351267,1385.7983,18.2693,0.5612
1/1/2022 10:24,56.19389193,12,178.3946768,1365.5503,18.246,0.2915
1/1/2022 10:24,56.19389193,12,178.351589,1348.6873,18.2306,0.052
1/1/2022 10:24,56.19389193,14,178.5975207,1389.8629,18.3039,-0.2296
1/1/2022 10:25,55.92722435,14,178.666981,1401.4258,18.3076,-0.1136
1/1/2022 10:25,55.92722435,14,178.7404916,1409.7309,18.3054,0.0027
1/1/2022 10:25,55.92722435,12,184.2924522,1399.5174,18.2975,-0.0389
1/1/2022 10:25,57.09569727,12,185.0202529,1410.2486,18.3318,0.2634
1/1/2022 10:25,57.09569727,12,185.745804,1420.4319,18.3757,0.6887
1/1/2022 10:25,57.09569727,14,186.2694159,1502.0041,18.4217,3.1061
1/1/2022 10:26,55.70757803,14,186.2654544,1501.8609,18.3973,2.9763
1/1/2022 10:26,55.70757803,14,186.2600984,1502.2725,18.3655,2.7351
1/1/2022 10:26,55.70757803,12,186.267293,1504.6083,18.5209,3.6264
1/1/2022 10:26,55.32445479,12,186.4173468,1504.7156,18.5652,4.1852
1/1/2022 10:26,55.32445479,12,186.5665473,1503.5301,18.6001,4.7916
1/1/2022 10:26,55.32445479,14,187.7273077,1480.8811,18.2683,4.4577
1/1/2022 10:27,55.62532404,14,187.7198288,1469.475,18.1994,3.8046
1/1/2022 10:27,55.62532404,14,187.7132204,1458.5494,18.14,3.0695
1/1/2022 10:27,55.62532404,15,187.6800806,1471.3073,18.5288,3.5435
1/1/2022 10:27,55.09768792,15,187.6731525,1482.8287,18.6149,4.434
1/1/2022 10:27,55.09768792,15,187.6686936,1494.8477,18.686,5.3896
1/1/2022 10:27,55.09768792,15,195.3789762,1499.9959,18.3856,12.9728
1/1/2022 10:28,54.91083746,14,196.5283443,1498.1839,18.4026,13.0438
1/1/2022 10:28,54.91083746,14,197.6666365,1497.1815,18.4061,13.0816
1/1/2022 10:28,54.91083746,12,211.4756035,1494.7607,17.9804,9.1061
1/1/2022 10:28,54.38754529,12,213.0922224,1495.202,17.9935,8.5075
1/1/2022 10:28,54.38754529,12,214.6905325,1495.555,18.005,7.9158
1/1/2022 10:28,54.38754529,12,215.6372222,1498.7547,18.3984,6.1692
1/1/2022 10:29,54.51329022,12,215.7458821,1498.3703,18.4293,6.3235
1/1/2022 10:29,54.51329022,12,215.8635762,1499.0966,18.4432,6.4306
1/1/2022 10:29,54.51329022,10,218.3036147,1498.7819,18.3515,6.6949
1/1/2022 10:29,55.99486757,10,218.8111798,1499.0963,18.3203,6.4281
1/1/2022 10:29,55.99486757,10,219.6238625,1498.3279,18.2906,6.1059
1/1/2022 10:29,55.99486757,12,228.9532543,1376.2715,18.0511,1.0491
1/1/2022 10:30,57.55151531,12,230.5293364,1360.8964,18.052,0.4379
1/1/2022 10:30,57.55151531,12,231.8275448,1351.3165,18.0702,-0.0615
1/1/2022 10:30,57.55151531,12,237.8664341,1458.187,18.4269,1.2921
1/1/2022 10:30,56.21201461,12,238.061219,1473.6785,18.4739,1.9558
1/1/2022 10:30,56.21201461,12,238.2330029,1484.438,18.5007,2.5677
1/1/2022 10:30,56.21201461,13,239.3706529,1501.8073,18.4852,5.5967
1/1/2022 10:31,54.37089768,14,239.4000799,1502.5497,18.4564,5.6126
1/1/2022 10:31,54.37089768,14,239.4199318,1502.4811,18.4594,5.7499
1/1/2022 10:31,54.37089768,16,285.4963457,1506.5182,18.7105,14.1953
1/1/2022 10:31,55.56976117,15,287.437569,1505.2376,18.7027,14.5523
1/1/2022 10:31,55.56976117,15,290.3462533,1504.4067,18.6826,14.8979
1/1/2022 10:31,55.56976117,16,1.892117987,1499.3727,18.2127,13.6669
1/1/2022 10:32,59.38695742,16,1.89259763,1500.3512,18.2173,13.4848
1/1/2022 10:32,59.38695742,16,1.897536174,1501.6811,18.2662,13.4791
1/1/2022 10:32,59.38695742,13,20.69804684,1503.6882,18.0795,7.1175
1/1/2022 10:32,56.01903327,13,20.78162093,1504.1676,18.1242,6.7968
1/1/2022 10:32,56.01903327,13,20.85444744,1503.7335,18.1624,6.4864
1/1/2022 10:32,56.01903327,14,21.13549953,1501.5367,18.2694,4.0205
1/1/2022 10:33,55.89795899,14,21.13488665,1501.4162,18.3094,4.0112
1/1/2022 10:33,55.89795899,14,21.13540183,1502.3767,18.3392,4.061
1/1/2022 10:33,55.89795899,14,294.9721342,1499.473,18.7323,7.7651
1/1/2022 10:33,54.90840689,14,294.9638737,1499.4582,18.6772,8.0605
1/1/2022 10:33,54.90840689,14,294.9549204,1500.4837,18.6208,8.2831
1/1/2022 10:33,54.90840689,14,294.88539,1497.1434,18.2557,7.3095
1/1/2022 10:34,55.65443149,14,294.8865091,1498.2772,18.247,6.9929
1/1/2022 10:34,55.65443149,14,294.8865091,1498.4081,18.2432,6.6739
1/1/2022 10:34,55.65443149,14,294.8738608,1493.7577,18.1768,2.5778
1/1/2022 10:34,56.50127034,14,294.871658,1493.6588,18.2275,2.4788
1/1/2022 10:34,56.50127034,14,294.8710806,1494.0067,18.2772,2.5054
1/1/2022 10:34,56.50127034,13,294.9104113,1500.3976,18.6166,5.9946
1/1/2022 10:35,54.2522521,13,294.910509,1501.0202,18.6128,6.3703
1/1/2022 10:35,54.2522521,13,294.9131915,1500.8773,18.5836,6.6017
1/1/2022 10:35,54.2522521,15,299.9352995,1500.9914,18.6844,5.8144
1/1/2022 10:35,56.15095839,15,300.282577,1500.849,18.7885,6.9467
1/1/2022 10:35,56.15095839,15,301.8486391,1499.5707,18.8571,7.9899
1/1/2022 10:35,56.15095839,14,323.1589446,1499.8394,18.5171,11.2909
1/1/2022 10:36,57.0474987,14,326.500335,1498.1172,18.4525,11.1859
1/1/2022 10:36,57.0474987,14,328.920398,1497.0107,18.3719,10.879
1/1/2022 10:36,57.0474987,16,358.2932086,1497.2175,18.8793,12.1237
1/1/2022 10:36,54.58252901,15,0.394612996,1498.1604,18.8295,12.6246
1/1/2022 10:36,54.58252901,15,2.940601197,1499.5225,18.7647,12.9752
1/1/2022 10:36,54.58252901,15,8.635636451,1499.8577,18.1058,10.7679
1/1/2022 10:37,54.25962667,15,9.21604032,1499.5542,18.06,10.1166
1/1/2022 10:37,54.25962667,15,9.218340829,1499.0135,18.0277,9.4254
1/1/2022 10:37,54.25962667,16,9.217479247,1500.7639,18.4953,8.5223
1/1/2022 10:37,55.30645691,16,9.224007718,1500.837,18.5537,8.9702
1/1/2022 10:37,55.30645691,16,24.49318512,1501.1474,18.1925,13.5257
1/1/2022 10:37,56.19918548,16,24.48660336,1500.653,18.1708,13.1814
1/1/2022 10:38,56.19918548,16,24.48090094,1501.0599,18.1557,12.8004
1/1/2022 10:38,56.19918548,15,25.4182553,1498.6634,18.1925,10.8037
1/1/2022 10:38,55.24619314,15,26.34446691,1499.8168,18.1944,10.4937
1/1/2022 10:38,55.24619314,15,27.45087726,1499.0227,18.2148,10.3136
1/1/2022 10:38,55.24619314,15,50.64556937,1504.1004,18.3765,8.6219
1/1/2022 10:38,55.89554561,15,54.27208289,1503.4831,18.4496,8.9501
1/1/2022 10:39,55.89554561,15,57.70986625,1503.6739,18.4818,9.1799
1/1/2022 10:39,55.89554561,13,69.76494753,1498.6575,18.6475,12.289
1/1/2022 10:39,57.70505585,13,69.7651607,1497.9288,18.6457,12.6079
1/1/2022 10:39,57.70505585,12,69.76287796,1496.2297,18.6404,12.9115
1/1/2022 10:39,57.70505585,13,69.75916517,1493.1144,18.1054,10.6109
1/1/2022 10:39,54.13670883,14,69.75650937,1492.9904,18.0131,9.7226
1/1/2022 10:40,54.13670883,14,69.75686466,1494.4741,17.9299,8.733
1/1/2022 10:40,54.13670883,15,69.75706895,1504.8624,18.1144,3.0359
1/1/2022 10:40,58.85219394,15,69.75727325,1506.5953,18.2392,3.3897
1/1/2022 10:40,58.85219394,15,69.75740648,1506.2857,18.3779,4.0492
1/1/2022 10:40,58.85219394,14,69.75651825,1501.332,18.6649,9.8732
1/1/2022 10:40,55.67005538,14,69.75703342,1500.3409,18.5894,9.9413
1/1/2022 10:41,55.67005538,14,69.75662484,1500.7469,18.5002,9.8057
1/1/2022 10:41,55.67005538,15,69.76157227,1497.6489,18.2087,8.4681
1/1/2022 10:41,54.87873152,15,69.76395271,1498.1838,18.1713,7.9553
1/1/2022 10:41,54.87873152,15,69.76636869,1498.9056,18.146,7.3919
1/1/2022 10:41,54.87873152,12,69.82324188,1505.5859,18.5344,7.7068
1/1/2022 10:41,55.12387275,12,69.82713232,1504.8575,18.5458,8.2836
1/1/2022 10:42,55.12387275,12,69.83158234,1503.7129,18.5352,8.8287
1/1/2022 10:42,55.12387275,14,69.82386364,1474.3471,17.8308,5.0851
1/1/2022 10:42,56.06696774,14,69.8240857,1474.2287,17.8269,4.1514
1/1/2022 10:42,56.06696774,14,194.3513869,1500.0063,18.6115,7.1146
1/1/2022 10:42,56.68859717,14,194.3547,1499.4582,18.5659,7.2477
1/1/2022 10:42,56.68859717,14,194.357187,1498.9511,18.5209,7.3279
1/1/2022 10:43,56.68859717,12,195.4709128,1498.0507,18.4328,7.7297
1/1/2022 10:43,57.42074694,12,195.8613447,1499.1123,18.4531,7.8874
1/1/2022 10:43,57.42074694,11,196.2596346,1500.439,18.4646,8.0421
1/1/2022 10:43,57.42074694,10,198.3119745,1467.0952,18.1068,5.0046
1/1/2022 10:43,55.67694303,10,198.314124,1448.451,18.0421,4.0929
1/1/2022 10:43,55.67694303,10,198.3081018,1431.9787,17.9956,3.1683
1/1/2022 10:44,55.67694303,11,198.2914209,1213.7911,18.0802,-1.0152
1/1/2022 10:44,58.48835142,11,198.2919983,1205.1448,18.1172,-1.2235
1/1/2022 10:44,58.48835142,11,198.9095597,1205.2945,18.1542,-1.393
1/1/2022 10:44,58.48835142,10,205.0314154,1335.2523,18.3357,-0.2823
1/1/2022 10:44,57.10388633,10,205.9823185,1339.6154,18.3245,-0.218
1/1/2022 10:44,57.10388633,10,206.3590456,1336.8897,18.3061,-0.1968
1/1/2022 10:45,57.79847068,14,216.3236647,1345.162,18.2308,-0.2952
1/1/2022 10:45,57.79847068,13,216.4656222,1364.822,18.31,0.1527
1/1/2022 10:45,55.30456821,12,217.8800833,1496.4361,18.4857,4.6491
1/1/2022 10:45,55.30456821,12,217.9855236,1494.8482,18.4109,4.2689
1/1/2022 10:45,57.07838933,12,219.799392,1483.7761,18.2661,1.2049
1/1/2022 10:45,57.07838933,11,219.9378036,1486.5335,18.3016,1.3374
1/1/2022 10:46,55.79432039,10,219.9141412,1481.1309,18.427,3.9511
1/1/2022 10:46,55.79432039,10,219.9088563,1458.8672,18.3766,3.7866
1/1/2022 10:46,58.01226144,13,219.9535607,1099.6678,18.0644,-1.3486
1/1/2022 10:46,58.01226144,13,219.9762638,1082.1453,18.0993,-1.6037
1/1/2022 10:46,57.27465905,14,236.6883931,1380.9157,18.5022,0.4791
1/1/2022 10:46,57.27465905,14,240.1851202,1420.4945,18.5152,0.8865
1/1/2022 10:47,55.37639478,9,261.5574242,1500.1685,18.6117,5.257
1/1/2022 10:47,55.37639478,9,262.3361498,1498.6259,18.5955,5.6363
1/1/2022 10:47,58.16411683,13,262.753289,1369.3479,18.0385,1.2205
1/1/2022 10:47,58.16411683,14,262.7506954,1361.0217,18.0374,0.5201
1/1/2022 10:47,57.96808546,14,262.7201226,1345.7164,18.247,-0.2209
1/1/2022 10:47,57.96808546,13,262.7225918,1346.3702,18.2601,-0.1774
1/1/2022 10:48,55.76008238,15,263.8143938,1492.3305,18.6103,4.7823
1/1/2022 10:48,55.76008238,16,263.9752317,1499.5743,18.5648,5.0804
1/1/2022 10:48,58.01288701,16,264.2261563,1499.8271,18.3996,14.0234
1/1/2022 10:48,58.01288701,15,264.2245486,1499.2469,18.3672,13.919
1/1/2022 10:48,58.83442433,14,264.232445,1502.8311,18.2836,12.3848
1/1/2022 10:48,58.83442433,14,264.2350031,1502.2861,18.2693,12.1492
1/1/2022 10:49,55.72024051,13,267.4535352,1501.7884,18.0108,7.5383
1/1/2022 10:49,55.72024051,13,268.1312608,1501.9307,18.0421,7.0598
1/1/2022 10:49,57.06157498,15,275.7993369,1501.5622,18.6422,9.1915
1/1/2022 10:49,57.06157498,15,277.3496861,1500.2364,18.6204,9.513
1/1/2022 10:49,57.96664628,15,311.7330094,1498.3755,18.3457,14.8268
1/1/2022 10:49,57.96664628,15,311.7297318,1497.2796,18.3014,14.5591
1/1/2022 10:50,59.14291333,14,311.7272981,1485.2309,17.669,4.914
1/1/2022 10:50,59.14291333,14,311.7303891,1486.3897,17.725,4.0636
1/1/2022 10:50,57.08175787,11,311.7373528,1499.7314,18.4631,5.1824
1/1/2022 10:50,57.08175787,11,311.7349191,1498.9692,18.4767,5.4068
1/1/2022 10:50,57.01118757,14,311.7384276,1371.0968,18.1263,1.4882
1/1/2022 10:50,57.01118757,14,311.7389339,1372.506,18.1362,1.1227
1/1/2022 10:51,55.45910447,13,311.7157511,1488.9038,18.578,5.5874
1/1/2022 10:51,55.45910447,13,311.7152093,1487.8033,18.5279,5.6026
1/1/2022 10:51,55.06565447,13,317.2188243,1498.5944,18.5885,6.3275
1/1/2022 10:51,55.06565447,14,318.0048059,1498.5432,18.6314,7.0155
1/1/2022 10:51,55.63091145,15,319.589877,1504.3673,18.1894,5.6706
1/1/2022 10:51,55.63091145,14,319.5939273,1504.6264,18.2087,5.4276
1/1/2022 10:52,55.6287346,14,320.7363999,1500.4525,18.4999,6.6201
1/1/2022 10:52,55.6287346,14,321.0404806,1501.1135,18.4466,6.4785
1/1/2022 10:52,55.32722584,16,322.9194736,1496.7623,18.6648,8.4417
1/1/2022 10:52,55.32722584,16,323.019498,1494.9374,18.717,9.1522
1/1/2022 10:52,54.70358623,15,323.6450786,1492.0548,18.0075,13.5939
1/1/2022 10:52,54.70358623,14,323.6428491,1491.0647,17.8952,12.5239
1/1/2022 10:53,56.98427151,10,323.6417122,1500.4521,17.9788,3.937
1/1/2022 10:53,56.98427151,10,323.6440305,1496.6013,18.0447,3.4483
1/1/2022 10:53,56.3464747,12,323.6523443,1494.9553,18.2772,1.7846
1/1/2022 10:53,56.3464747,13,323.65206,1482.4167,18.2833,1.7726
1/1/2022 10:53,57.58888375,12,326.648013,1427.7147,18.2857,0.8357
1/1/2022 10:53,57.58888375,12,327.3902269,1432.8735,18.3021,0.8424
1/1/2022 10:54,57.26849881,16,331.0661108,1409.9427,18.4954,2.5106
1/1/2022 10:54,57.26849881,16,331.0595024,1421.3395,18.5277,3.0612
1/1/2022 10:54,58.44270539,13,351.7217065,1499.0886,18.4343,13.4436
1/1/2022 10:54,58.44270539,14,351.8308811,1499.3722,18.3469,13.1189
1/1/2022 10:54,58.44270539,16,15.18080768,1497.9957,18.7949,11.6955
1/1/2022 10:54,58.53987454,15,18.70451033,1493.9187,18.422,14.1277
1/1/2022 10:55,58.53987454,14,18.70300034,1494.8976,18.2983,13.6443
1/1/2022 10:55,56.26355041,14,19.85496599,1500.917,18.2316,9.0283
1/1/2022 10:55,56.26355041,13,20.43141173,1499.3754,18.3476,9.3662
1/1/2022 10:55,54.99472623,11,24.41456813,1498.38,18.3016,11.0531
1/1/2022 10:55,54.99472623,10,24.41000264,1499.9158,18.2077,10.4579
1/1/2022 10:55,56.90747909,10,24.41122839,1327.0504,17.8152,2.2162
1/1/2022 10:56,56.90747909,11,24.41089087,1247.0488,17.7922,1.2645
1/1/2022 10:56,56.33766923,11,31.7384808,784.5847,18.1365,-1.9896
1/1/2022 10:56,56.33766923,11,34.56073676,810.9015,18.2032,-1.9706
1/1/2022 10:56,58.73147936,10,53.73811689,985.8984,18.329,-1.9493
1/1/2022 10:56,58.73147936,9,55.25551186,1012.9521,18.3439,-1.946
1/1/2022 10:56,58.49795452,9,75.89826876,999.0978,18.1768,-1.9585
1/1/2022 10:57,58.49795452,9,77.08269683,949.6291,18.1399,-1.9645
1/1/2022 10:57,58.99379835,12,79.59297793,987.4307,18.3549,-1.9686
1/1/2022 10:57,58.99379835,13,79.58932732,1027.8669,18.3826,-1.9667
1/1/2022 10:57,57.55066675,13,79.53988859,1263.2572,18.3592,-1.6425
1/1/2022 10:57,57.55066675,13,79.53929348,1281.2241,18.3462,-1.6392
1/1/2022 10:57,58.18426132,13,79.55279453,1416.797,18.3742,0.7142
1/1/2022 10:58,58.18426132,13,79.55132008,1403.4194,18.3507,0.893
1/1/2022 10:58,59.90641577,11,79.52329651,1202.6992,18.1897,-1.5997
1/1/2022 10:58,59.90641577,10,79.52332315,1200.488,18.2099,-1.7788
1/1/2022 10:58,56.397031,9,79.52147564,883.1051,18.0984,-1.9221
1/1/2022 10:58,56.397031,10,79.52070288,827.1768,18.0816,-1.9198
1/1/2022 10:58,54.47281045,13,79.52464661,555.8712,17.6371,-1.9093
1/1/2022 10:59,54.47281045,13,79.52603225,548.8207,17.5727,-1.9095
1/1/2022 10:59,56.79599789,12,79.52764882,782.5924,18.0368,-1.9102
1/1/2022 10:59,56.79599789,12,79.52706259,838.0752,18.1345,-1.9099
1/1/2022 10:59,55.71519551,9,79.51453859,738.1719,17.9389,-1.91
1/1/2022 10:59,55.71519551,10,79.51367701,678.8241,17.811,-1.91
1/1/2022 10:59,58.33436981,15,79.52232834,1366.5921,18.7138,6.9722
1/1/2022 11:00,58.33436981,16,79.52233722,1450.7564,18.8064,8.6765
1/1/2022 11:00,55.7629301,13,79.51485835,1497.0825,17.9161,10.7851
1/1/2022 11:00,55.7629301,12,79.51025733,1480.7054,17.7905,9.3482
1/1/2022 11:00,58.11763393,16,79.49222632,707.3589,17.2071,-1.4104
1/1/2022 11:00,54.88162299,15,79.4870213,1496.6585,18.0779,12.9199
1/1/2022 11:00,54.88162299,16,79.48648837,1492.7261,17.9702,11.928
1/1/2022 11:01,62.01038394,14,79.49985619,1453.1884,17.9788,3.0467
1/1/2022 11:01,62.01038394,14,79.50106418,1456.5914,18.0732,2.8908
1/1/2022 11:01,58.70830062,16,79.50198793,1474.1777,18.4682,5.6408
1/1/2022 11:01,58.70830062,16,79.50499902,1475.5015,18.4461,6.1178
1/1/2022 11:01,55.09400297,13,79.50925363,1497.5324,18.337,10.1769
1/1/2022 11:01,55.09400297,13,79.50990204,1496.6541,18.3396,10.1104
1/1/2022 11:02,54.87294744,13,79.4997496,1497.0041,18.2292,6.6543
1/1/2022 11:02,54.87294744,13,79.50017595,1496.6724,18.2583,6.5008
1/1/2022 11:02,55.05385424,12,79.50549643,1493.5706,18.4647,8.215
1/1/2022 11:02,55.05385424,12,79.50604713,1494.6752,18.4225,8.1311
1/1/2022 11:02,55.59850155,10,79.50762818,1490.4481,18.1337,3.6052
1/1/2022 11:02,55.59850155,10,79.50284063,1487.4005,18.1387,3.0933
1/1/2022 11:03,56.14861552,11,80.18564682,1231.12,18.0947,-0.6405
1/1/2022 11:03,56.14861552,11,80.52331708,1199.0475,18.1089,-0.935
1/1/2022 11:03,56.31062899,14,82.8239135,1285.9494,18.3074,-0.7827
1/1/2022 11:03,56.31062899,14,82.82381579,1283.0062,18.2996,-0.7637
1/1/2022 11:03,58.15548408,10,89.87660239,1296.7007,18.377,-0.5817
1/1/2022 11:03,58.15548408,10,90.86706099,1335.2852,18.4328,-0.0102
1/1/2022 11:04,55.58612591,11,92.74988559,1355.042,18.2683,1.8757
1/1/2022 11:04,55.58612591,11,92.75143999,1309.3109,18.1986,1.2823
1/1/2022 11:04,57.15059739,13,92.76288924,1314.6231,18.3921,-0.4615
1/1/2022 11:04,57.15059739,13,92.76057096,1359.317,18.4338,-0.0687
1/1/2022 11:04,56.69712786,13,92.74504475,1416.3612,18.3233,0.8423
1/1/2022 11:04,56.69712786,13,92.74570204,1415.9621,18.3381,0.9734
1/1/2022 11:05,57.86104584,10,92.74397888,1330.6385,18.2477,1.3879
1/1/2022 11:05,57.86104584,10,92.74338377,1284.6962,18.1947,0.8649
1/1/2022 11:05,57.64153567,12,92.74668797,1026.4313,18.1791,-1.9795
1/1/2022 11:05,57.64153567,13,92.74675015,1026.3148,18.198,-1.9615
1/1/2022 11:05,56.8920998,16,92.744121,1358.2483,18.5963,1.1629
1/1/2022 11:05,56.8920998,15,92.74338377,1403.0987,18.7168,2.9359
1/1/2022 11:06,54.93210103,11,92.75433561,1490.8505,18.4796,13.9807
1/1/2022 11:06,54.93210103,11,92.75466425,1492.7903,18.2451,13.0171
1/1/2022 11:06,56.74334083,10,92.74566651,1445.8189,17.7023,1.9119
1/1/2022 11:06,56.74334083,10,92.74713209,1445.385,17.8164,1.4082
1/1/2022 11:06,55.54027467,9,92.75104917,1473.4287,18.4084,3.5358
1/1/2022 11:06,55.54027467,9,92.74987671,1455.2439,18.3776,3.4568
1/1/2022 11:07,56.40578565,12,92.74824237,1309.0435,18.1246,-0.0699
1/1/2022 11:07,56.40578565,11,92.74805584,1282.6216,18.1366,-0.3092
1/1/2022 11:07,57.82257832,12,92.74501811,1206.7961,18.2367,-0.9857
1/1/2022 11:07,57.82257832,12,92.74518687,1172.4297,18.2136,-0.9906
1/1/2022 11:07,57.29653231,11,92.74474275,732.3728,18.1354,-1.9864
1/1/2022 11:07,57.29653231,12,92.74457399,760.8646,18.1963,-1.9712
1/1/2022 11:08,57.38762672,12,92.74529346,1312.3192,18.4753,-0.4329
1/1/2022 11:08,57.38762672,12,92.7456221,1355.7824,18.4667,-0.1977
1/1/2022 11:08,58.34052254,11,92.75086264,1295.5687,18.2017,-0.361
1/1/2022 11:08,58.34052254,11,92.75022312,1243.2023,18.1597,-0.6
1/1/2022 11:08,57.66515804,7,92.74694556,660.7077,17.9237,-2.0286
1/1/2022 11:08,57.66515804,7,92.74723867,629.5126,17.931,-2.0275
1/1/2022 11:09,54.95665688,7,94.07244968,509.9191,17.2386,-1.9881
1/1/2022 11:09,54.95665688,8,94.73463655,488.1215,16.9987,-1.988
1/1/2022 11:09,52.40691592,9,102.648323,316.9967,14.704,-1.989
1/1/2022 11:09,52.40691592,9,103.4667384,310.9499,14.5916,-1.989
1/1/2022 11:09,55.91004613,12,107.5512959,409.3788,15.6944,-1.989
1/1/2022 11:09,55.91004613,12,107.5536141,451.8233,16.0332,-1.989
1/1/2022 11:10,58.0655438,14,107.5512603,1067.99,18.3086,-1.9722
1/1/2022 11:10,58.0655438,14,107.5511893,1098.4262,18.3415,-1.9743
1/1/2022 11:10,58.09499283,14,107.5627629,958.0789,18.1566,-2.0461
1/1/2022 11:10,58.09499283,13,107.5632958,918.4811,18.1434,-2.0519
1/1/2022 11:10,58.73563553,14,107.5559147,1214.6511,18.6327,0.9019
1/1/2022 11:10,58.73563553,14,107.5564654,1300.075,18.6813,1.5615
1/1/2022 11:11,56.11131129,15,107.5693713,1494.3548,18.5688,10.0505
1/1/2022 11:11,56.11131129,15,107.5703661,1492.6404,18.5599,10.2513
1/1/2022 11:11,55.2753677,12,107.5757221,1499.2141,18.3538,9.5312
1/1/2022 11:11,55.2753677,12,107.5792573,1498.2704,18.3513,9.4503
1/1/2022 11:11,55.82357158,15,107.575278,1497.2744,18.1876,7.8631
1/1/2022 11:11,55.82357158,16,107.5752069,1499.8083,18.1568,7.3458
1/1/2022 11:12,57.39077161,14,107.8098411,1492.5455,17.836,10.5165
1/1/2022 11:12,57.39077161,14,107.8093969,1493.2515,17.7736,9.2234
1/1/2022 11:12,56.96367774,13,109.5896004,1456.9929,18.2102,4.8545
1/1/2022 11:12,56.96367774,14,109.8836501,1394.9301,18.1658,4.5687
1/1/2022 11:12,57.26469771,16,112.3532035,1505.8032,18.7307,12.6228
1/1/2022 11:12,57.26469771,16,112.3538608,1506.4544,18.6038,12.5287
1/1/2022 11:13,56.76805472,16,125.8329138,1494.9424,18.046,8.1535
1/1/2022 11:13,56.76805472,16,125.8340507,1493.0623,18.0342,7.4815
1/1/2022 11:13,56.40056008,14,125.8142344,1500.6443,18.4906,8.9296
1/1/2022 11:13,56.40056008,14,125.8144032,1492.4513,18.4034,8.5798
1/1/2022 11:13,58.03757542,12,125.8178228,1144.7396,17.7608,-0.7759
1/1/2022 11:13,58.03757542,12,125.8164727,1094.5057,17.8338,-1.0827
1/1/2022 11:14,57.92883768,15,125.8105838,1408.8462,18.6792,5.6096
1/1/2022 11:14,57.92883768,15,125.8112144,1466.1933,18.6965,6.8443
1/1/2022 11:14,57.0776864,14,125.8099176,1123.8405,17.5692,2.9378
1/1/2022 11:14,57.0776864,14,125.8104772,1043.2934,17.53,1.7035
1/1/2022 11:14,59.39565846,10,125.8139857,959.6492,18.2935,-2.0344
1/1/2022 11:14,59.39565846,10,125.8135771,999.1906,18.3431,-2.0413
1/1/2022 11:15,55.88439997,7,125.8123158,810.1734,18.1497,-2.0583
1/1/2022 11:15,55.88439997,6,125.8112322,766.7368,18.1367,-2.0584
1/1/2022 11:15,54.47171636,7,125.8101752,591.8332,17.9707,-2.06
1/1/2022 11:15,54.47171636,7,125.8112055,583.571,17.9185,-2.06
1/1/2022 11:15,55.64558218,9,125.8163217,592.3714,17.797,-2.06
1/1/2022 11:15,55.64558218,9,125.816073,613.3066,17.8594,-2.06
1/1/2022 11:16,55.91945788,9,131.5149366,712.1557,18.2427,-2.06
1/1/2022 11:16,55.91945788,9,132.4646216,693.8057,18.2132,-2.06
1/1/2022 11:16,55.59614474,12,135.2924098,551.0629,17.6503,-2.06
1/1/2022 11:16,55.59614474,12,135.2920634,547.701,17.6075,-2.06
1/1/2022 11:16,57.38009519,12,135.3084335,881.8365,18.1804,-1.872
1/1/2022 11:16,57.38009519,12,135.3112669,958.1978,18.2765,-1.6806
1/1/2022 11:17,56.84903531,14,135.3101122,1118.7824,18.2706,-1.5703
1/1/2022 11:17,56.84903531,14,135.3092506,1095.6524,18.2411,-1.7532
1/1/2022 11:17,57.19068755,12,135.3077318,1339.7677,18.643,2.6002
1/1/2022 11:17,57.19068755,12,135.3059464,1380.6719,18.657,3.5244
1/1/2022 11:17,56.38294218,12,135.2998798,1375.5904,18.0099,2.3514
1/1/2022 11:17,56.38294218,12,135.301603,1349.8377,17.9809,1.4747
1/1/2022 11:18,56.48313051,10,135.3087532,1421.686,18.4643,1.2704
1/1/2022 11:18,56.48313051,10,135.3082203,1444.6614,18.4775,1.644
1/1/2022 11:18,59.18647672,12,135.2947192,1338.2323,18.1725,0.0016
1/1/2022 11:18,59.18647672,12,135.289905,1325.8818,18.1723,-0.288
1/1/2022 11:18,58.09348337,11,135.7311772,1316.9087,18.2255,-0.4521
1/1/2022 11:18,58.09348337,11,135.7882011,1277.8443,18.1997,-0.5794
1/1/2022 11:19,57.70866898,13,135.8349746,856.1518,18.1411,-1.978
1/1/2022 11:19,57.70866898,13,135.8361382,883.4195,18.2032,-1.9774
1/1/2022 11:19,57.02345397,15,135.8416008,932.4319,18.2194,-1.9269
1/1/2022 11:19,57.02345397,15,135.8408902,904.0663,18.1949,-1.9262
1/1/2022 11:19,57.88274905,14,135.8369642,1111.4311,18.3836,-1.9452
1/1/2022 11:19,57.88274905,14,135.8398598,1145.8685,18.3912,-1.9447
1/1/2022 11:20,56.39355337,15,135.8498879,1440.4445,18.6145,2.6504
1/1/2022 11:20,56.39355337,14,135.8498702,1449.2232,18.5623,2.8884
1/1/2022 11:20,57.41421841,12,135.8557413,1390.0262,18.2864,1.3356
1/1/2022 11:20,57.41421841,12,135.8555282,1402.492,18.4056,2.102
1/1/2022 11:20,52.5597475,14,156.7883533,207.5494,11.1323,16.5324
1/1/2022 11:20,52.5597475,15,156.7360806,199.1756,11.1645,16.6683
1/1/2022 11:21,55.79809565,15,156.4736013,1497.012,18.289,12.8757
1/1/2022 11:21,55.79809565,15,156.4738233,1496.6466,18.2747,12.6476
1/1/2022 11:21,58.59914253,16,164.9003102,1499.9368,17.9847,7.8007
1/1/2022 11:21,58.59914253,16,166.5992409,1502.5527,18.0394,7.4607
1/1/2022 11:21,56.8274814,15,175.6329186,1494.5256,18.5367,12.45
1/1/2022 11:21,56.8274814,15,176.3527843,1491.7729,18.4394,12.4409
1/1/2022 11:22,58.54597176,15,277.8647883,1489.8371,18.1805,16.5274
1/1/2022 11:22,58.54597176,15,277.86541,1486.0911,18.0646,15.7788
1/1/2022 11:22,66.43842518,15,277.8697357,1489.9435,18.1524,10.8405
1/1/2022 11:22,66.43842518,15,277.8707572,1494.3102,18.2176,10.7551
1/1/2022 11:22,57.10563267,14,277.8717342,1502.9555,18.097,7.7561
1/1/2022 11:22,57.10563267,14,277.8703575,1502.5421,18.1277,7.4543
1/1/2022 11:22,61.37888287,14,277.8666447,1366.9857,17.9876,1.9147
1/1/2022 11:23,61.37888287,14,277.8668845,1325.639,17.9544,1.022
1/1/2022 11:23,58.2539767,14,277.8547957,1025.5963,18.1449,-1.9559
1/1/2022 11:23,58.2539767,14,277.8577446,1042.9563,18.1966,-1.9683
1/1/2022 11:23,57.15296413,13,277.8973507,1419.4945,18.5428,0.5922
1/1/2022 11:23,57.15296413,13,277.9076275,1444.9613,18.5439,1.1602
1/1/2022 11:23,54.98621692,14,277.9982355,1497.3527,18.5349,5.8516
1/1/2022 11:24,54.98621692,13,278.0001097,1496.4387,18.4811,5.7692
1/1/2022 11:24,57.6838964,12,280.4726665,1392.0864,18.0882,0.5331
1/1/2022 11:24,57.6838964,12,280.9875647,1392.0993,18.1326,0.4189
1/1/2022 11:24,57.8868744,10,283.7219275,1304.2276,18.2557,1.8771
1/1/2022 11:24,57.8868744,10,283.8318756,1214.6588,18.1748,1.4838
1/1/2022 11:24,58.14619557,10,284.2254548,770.3954,18.1376,-1.9803
1/1/2022 11:25,58.14619557,10,284.2201343,787.1923,18.1893,-1.9611
1/1/2022 11:25,57.75270016,12,284.218349,723.8138,18.151,-1.9297
1/1/2022 11:25,57.75270016,12,284.2183845,703.6647,18.1093,-1.9284
1/1/2022 11:25,56.88480987,10,284.2308907,776.0344,18.1538,-1.925
1/1/2022 11:25,56.88480987,10,284.2358382,811.2687,18.2041,-1.925
1/1/2022 11:25,57.436855,10,284.2437612,983.3374,18.3004,-1.925
1/1/2022 11:26,57.436855,10,284.2432549,1003.0197,18.3133,-1.925
1/1/2022 11:26,56.99353945,10,284.2256591,1053.9794,18.2655,-1.9473
1/1/2022 11:26,56.99353945,10,284.2226924,1016.5649,18.2264,-1.9616
1/1/2022 11:26,54.26200973,12,286.9750679,556.0436,17.507,-2.0315
1/1/2022 11:26,54.26200973,12,287.3663702,526.6271,17.3582,-2.0194
1/1/2022 11:26,53.54720497,8,288.2425958,400.5729,15.8832,-1.942
1/1/2022 11:27,53.54720497,7,288.2695091,395.4219,15.8093,-1.9413
1/1/2022 11:27,57.26797203,7,288.3523985,815.7549,17.3535,-1.9374
1/1/2022 11:27,57.26797203,7,288.3427523,890.0236,17.6037,-1.951
1/1/2022 11:27,57.8769615,9,288.3312853,1017.7518,18.1959,-1.9565
1/1/2022 11:27,57.8769615,10,288.3310011,998.9174,18.1901,-1.9411
1/1/2022 11:27,58.19092363,15,288.306415,1056.286,18.3082,-1.9139
1/1/2022 11:28,58.19092363,15,288.3092573,1097.4686,18.3396,-1.8729
1/1/2022 11:28,56.70799216,15,288.2754958,1486.4665,18.7553,5.4175
1/1/2022 11:28,56.70799216,15,288.2647571,1501.2413,18.7415,6.3281
1/1/2022 11:28,55.36548864,13,288.1858736,1489.7823,18.369,8.2169
1/1/2022 11:28,55.36548864,13,288.1812637,1485.1844,18.3002,7.6238
1/1/2022 11:28,58.38642321,12,288.1672386,1119.3348,17.878,-1.0476
1/1/2022 11:29,58.38642321,13,288.1713511,1071.847,17.9249,-1.4089
1/1/2022 11:29,55.95468376,16,288.1634104,1490.4721,18.1077,6.1735
1/1/2022 11:29,55.95468376,16,288.1636857,1478.2131,18.0819,5.4472
1/1/2022 11:29,58.08033915,16,288.1502735,1502.8313,18.5451,10.4095
1/1/2022 11:29,58.08033915,16,288.1499715,1501.6924,18.5362,10.5895
1/1/2022 11:29,57.60602372,16,288.1599907,1496.5468,18.3196,9.6426
1/1/2022 11:30,57.60602372,15,288.1605059,1496.9821,18.3824,9.8535
1/1/2022 11:30,63.12055415,14,288.1479197,1489.5745,18.5518,13.9726
1/1/2022 11:30,63.12055415,14,288.1434253,1491.0292,18.4407,13.6835
1/1/2022 11:30,59.42517522,14,288.1481062,1504.0435,18.2754,10.3826
1/1/2022 11:30,59.42517522,14,288.1519789,1503.1167,18.3943,10.7544
1/1/2022 11:30,57.46540292,15,288.1728433,1497.0523,18.2445,10.5428
1/1/2022 11:31,57.46540292,14,288.1735095,1497.803,18.1537,9.8741
1/1/2022 11:31,57.50855953,10,288.1657109,1470.753,18.0747,4.6831
1/1/2022 11:31,57.50855953,10,288.1706672,1459.0988,18.0655,4.0304
1/1/2022 11:31,57.1288152,9,288.1711824,1410.0723,18.2655,2.2558
1/1/2022 11:31,57.1288152,9,288.1542705,1386.9396,18.2566,2.1095
1/1/2022 11:31,57.43817036,10,288.0363495,1110.9352,18.1436,-1.8974
1/1/2022 11:32,57.43817036,10,288.0364649,1095.2173,18.1709,-1.987
1/1/2022 11:32,56.04598683,11,288.037362,819.7071,18.1481,-1.9499
1/1/2022 11:32,56.04598683,11,288.0360652,791.942,18.1499,-1.9481
1/1/2022 11:32,57.13644833,11,288.0272718,993.4639,18.4004,-1.932
1/1/2022 11:32,57.13644833,11,288.0265434,1044.2884,18.4206,-1.9285
1/1/2022 11:32,56.87445629,11,288.0294479,1382.2876,18.4124,-0.5051
1/1/2022 11:33,56.87445629,11,288.1245384,1408.7268,18.4184,-0.1665
1/1/2022 11:33,55.69967872,10,290.6663278,1394.4068,18.2929,0.4485
1/1/2022 11:33,55.69967872,11,290.9031561,1383.1082,18.2815,0.39
1/1/2022 11:33,56.68506167,10,291.3480871,1115.5113,18.1395,-1.0478
1/1/2022 11:33,56.68506167,10,291.3499701,1127.1723,18.1711,-1.1779
1/1/2022 11:33,57.04781094,12,291.3538339,1419.757,18.4494,0.9867
1/1/2022 11:34,57.04781094,12,291.3516933,1394.5641,18.399,0.9505
1/1/2022 11:34,59.31945689,10,291.3315394,1221.6545,18.2123,-1.6076
1/1/2022 11:34,59.31945689,10,291.3312996,1214.9839,18.2212,-1.7379
1/1/2022 11:34,58.418421,11,291.3336889,960.1558,18.1328,-1.9489
1/1/2022 11:34,58.418421,11,291.3336001,921.4048,18.1271,-1.9325
1/1/2022 11:34,58.58721402,11,291.3284395,938.6335,18.3287,-1.909
1/1/2022 11:35,58.58721402,11,291.3284306,984.6488,18.3594,-1.9025
1/1/2022 11:35,55.55287807,9,291.3321523,1415.0044,18.469,0.6514
1/1/2022 11:35,55.55287807,9,291.3260857,1413.7989,18.4331,0.8048
1/1/2022 11:35,57.22368555,11,291.3333514,1216.9257,18.2226,-1.5319
1/1/2022 11:35,57.22368555,12,291.3378636,1237.6557,18.2566,-1.4933
1/1/2022 11:35,57.36436808,14,291.3251441,1323.8337,18.245,0.0118
1/1/2022 11:36,57.36436808,14,291.3244513,1274.0711,18.1948,-0.2104
1/1/2022 11:36,58.40573344,16,291.3204099,1130.1917,18.2582,-1.9833
1/1/2022 11:36,58.40573344,16,291.3207119,1166.3327,18.2962,-1.9611
1/1/2022 11:36,56.99527851,15,291.3259702,1430.6624,18.4351,0.4838
1/1/2022 11:36,56.99527851,15,291.3276845,1449.0908,18.4641,1.0629
1/1/2022 11:36,55.5004366,16,291.323341,1492.9697,18.4749,5.382
1/1/2022 11:37,55.5004366,16,291.3231634,1493.4273,18.4222,5.1723
1/1/2022 11:37,55.80547937,16,291.3262633,1504.608,18.6105,5.7356
1/1/2022 11:37,55.80547937,16,291.324549,1504.4391,18.6796,6.5689
1/1/2022 11:37,54.41225551,13,291.3423846,1497.8322,18.6926,11.8974
1/1/2022 11:37,54.41225551,13,291.3416385,1498.0775,18.6585,12.1761
1/1/2022 11:37,54.57496911,11,291.3216712,1492.5413,18.0245,9.1267
1/1/2022 11:38,54.57496911,12,291.3227726,1485.2706,17.9373,7.916
1/1/2022 11:38,56.46889524,11,291.3226393,1410.8897,18.0927,0.7551
1/1/2022 11:38,56.46889524,11,291.3228348,1417.9428,18.1723,0.8518
1/1/2022 11:38,56.57001309,10,291.3210228,1372.5384,18.2549,0.4075
1/1/2022 11:38,56.57001309,11,291.320632,1366.4921,18.2512,0.207
1/1/2022 11:38,56.85510778,11,291.3222752,1476.6695,18.4059,1.2464
1/1/2022 11:39,56.85510778,11,291.3224173,1474.5984,18.3942,1.3389
1/1/2022 11:39,56.24327346,13,291.3238029,1462.8293,18.3414,1.4529
1/1/2022 11:39,56.24327346,13,291.323341,1469.4045,18.3767,1.7632
1/1/2022 11:39,55.34410886,14,291.3154625,1498.9378,18.3734,2.293
1/1/2022 11:39,55.34410886,14,291.3155602,1500.4841,18.3525,2.1248
1/1/2022 11:39,55.75879439,13,291.3122293,1498.3187,18.4746,2.7545
1/1/2022 11:40,55.75879439,14,291.3124159,1497.4124,18.4934,3.0691
1/1/2022 11:40,56.00283987,16,291.276567,1497.0363,18.3022,2.7361
1/1/2022 11:40,55.75764468,16,301.6366207,1498.1745,19.043,11.2439
1/1/2022 11:40,55.75764468,16,305.3486055,1494.9763,19.0249,12.1986
1/1/2022 11:40,57.20886224,13,332.9067844,1497.317,18.1052,12.0864
1/1/2022 11:40,57.20886224,13,334.6907871,1497.0727,18.0482,11.4469
1/1/2022 11:41,56.74950906,16,347.0250677,1498.5933,18.3504,10.2929
1/1/2022 11:41,56.74950906,16,347.0262935,1498.5391,18.3818,10.3483
1/1/2022 11:41,58.03663543,15,352.238642,1501.1217,18.2568,10.6854
1/1/2022 11:41,58.03663543,15,352.2391838,1501.2381,18.2764,10.5701
1/1/2022 11:41,55.36911664,15,352.2239063,1503.255,18.4606,11.9594
1/1/2022 11:41,55.36911664,15,352.2224763,1502.5307,18.4869,12.1578
1/1/2022 11:42,56.29732978,13,352.2263934,1496.1953,17.9211,8.2107
1/1/2022 11:42,56.29732978,13,352.2262068,1497.9998,17.8462,6.9859
1/1/2022 11:42,56.04782545,15,353.8621695,1499.6944,18.491,5.6802
1/1/2022 11:42,56.04782545,15,355.3714249,1497.807,18.5261,6.125
1/1/2022 11:42,57.19245225,16,21.83445499,1509.3148,18.7495,11.0263
1/1/2022 11:42,56.35015574,15,49.20778904,1499.4872,18.485,14.36
1/1/2022 11:43,56.35015574,15,49.20589711,1500.5198,18.4304,14.2518
1/1/2022 11:43,57.23874553,15,49.20885491,1499.808,17.8996,9.1642
1/1/2022 11:43,57.23874553,15,49.21020502,1499.3568,17.9316,8.5443
1/1/2022 11:43,57.31891785,16,49.21822571,1498.0052,18.3675,6.8257
1/1/2022 11:43,57.31891785,16,49.21679566,1497.1164,18.3582,6.6816
1/1/2022 11:43,57.59217883,13,49.20967208,1448.955,18.0914,1.9821
1/1/2022 11:44,57.59217883,13,49.20897926,1436.6319,18.0963,1.5484
1/1/2022 11:44,57.67325719,12,49.20836639,1057.4168,18.0969,-1.3176
1/1/2022 11:44,57.67325719,12,49.21139524,1050.5706,18.1385,-1.5426
1/1/2022 11:44,56.88463157,11,49.21518797,974.8448,18.1675,-1.8391
1/1/2022 11:44,56.88463157,11,49.21232788,923.9072,18.1309,-1.8685
1/1/2022 11:44,55.34914408,13,49.20571947,889.2702,18.3087,-1.9491
1/1/2022 11:45,55.34914408,13,49.2084108,896.6734,18.3116,-1.9469
1/1/2022 11:45,56.92482693,14,49.21525903,1105.0424,18.3593,-1.9359
1/1/2022 11:45,56.92482693,14,49.21263876,1131.5444,18.3556,-1.9351
1/1/2022 11:45,57.52608078,16,49.20869503,1422.0463,18.5728,1.8012
1/1/2022 11:45,57.52608078,16,49.20873056,1459.6174,18.6494,2.7604
1/1/2022 11:45,55.6845521,15,49.20557735,1492.1315,18.6057,9.9189
1/1/2022 11:46,55.6845521,15,49.20627017,1491.3035,18.5256,9.9437
1/1/2022 11:46,56.86897401,14,49.20747816,1500.7046,18.3149,7.6364
1/1/2022 11:46,56.86897401,14,49.20719393,1501.0944,18.3362,7.5893
1/1/2022 11:46,57.39370676,13,49.20776239,1496.255,18.2922,7.0964
1/1/2022 11:46,57.39370676,13,49.20762027,1496.516,18.2484,6.6037
1/1/2022 11:46,57.13079731,12,49.20591488,1394.1391,18.1103,1.7244
1/1/2022 11:47,57.13079731,12,49.20588823,1361.2338,18.1254,1.3317
1/1/2022 11:47,58.43837573,9,49.20971649,1181.4128,18.212,-1.9362
1/1/2022 11:47,58.43837573,10,49.20979643,1177.1843,18.2304,-1.9851
1/1/2022 11:47,56.74172402,11,49.20603035,915.408,18.1217,-1.9067
1/1/2022 11:47,56.74172402,11,49.20580829,869.0557,18.1022,-1.9059
1/1/2022 11:47,56.02056227,12,49.20601258,861.5329,18.3045,-2.014
1/1/2022 11:48,56.02056227,12,49.20573723,882.0463,18.3191,-2.0288
1/1/2022 11:48,57.87296213,14,49.2038986,909.1858,18.2912,-2.0573
1/1/2022 11:48,57.87296213,14,49.20412954,932.778,18.3146,-2.0583
1/1/2022 11:48,57.99411457,13,49.60613923,1096.1604,18.2831,-1.973
1/1/2022 11:48,57.99411457,13,50.02745808,1104.2465,18.2752,-1.9579
1/1/2022 11:48,57.67920132,13,66.422998,1352.7098,18.4098,-0.257
1/1/2022 11:49,57.67920132,13,70.3502036,1377.9587,18.4063,-0.0918
1/1/2022 11:49,58.6528122,10,94.64918904,1080.4449,18.1212,-0.2644
1/1/2022 11:49,58.6528122,10,94.8875565,1039.2823,18.129,-0.4312
1/1/2022 11:49,58.6249092,11,100.025409,1069.8641,18.3407,-1.9187
1/1/2022 11:49,58.6249092,11,100.563683,1092.9704,18.3442,-1.9154
1/1/2022 11:49,57.82895929,10,100.5201777,1357.508,18.3781,-0.1753
1/1/2022 11:50,57.82895929,10,100.5198668,1358.6881,18.3548,-0.0932
1/1/2022 11:50,58.16481463,10,100.5199645,1222.968,18.2291,-1.7798
1/1/2022 11:50,58.16481463,10,100.5199734,1220.1224,18.2369,-1.8797
1/1/2022 11:50,59.03684472,14,100.5310051,1408.876,18.4537,0.2931
1/1/2022 11:50,59.03684472,15,100.530561,1434.2797,18.5271,1.2401
1/1/2022 11:50,56.87669553,15,100.5174597,1490.4589,18.33,14.9972
1/1/2022 11:51,56.87669553,15,100.5165093,1492.0283,18.2713,14.6523
1/1/2022 11:51,57.16413597,15,100.5616135,1505.0012,18.1023,10.9912
1/1/2022 11:51,57.16413597,15,100.5668984,1503.729,18.124,10.6649
1/1/2022 11:51,55.75096464,13,100.5661079,1498.7522,18.3382,8.7051
1/1/2022 11:51,55.75096464,13,100.5686837,1497.7966,18.3819,8.8195
1/1/2022 11:51,54.70768547,12,100.9801468,1501.9354,18.2247,7.4668
1/1/2022 11:52,54.70768547,11,101.1590042,1502.0903,18.1829,6.9312
1/1/2022 11:52,58.21051147,12,107.0017103,1390.6675,18.0897,1.8253
1/1/2022 11:52,58.21051147,13,107.6625885,1371.1886,18.0956,1.2579
1/1/2022 11:52,55.81182106,16,108.9494544,1509.8801,18.8893,13.9768
1/1/2022 11:52,55.81182106,16,108.9496409,1499.6231,18.7625,14.2072
1/1/2022 11:52,55.56228432,15,109.0350528,1497.1683,18.2317,12.0002
1/1/2022 11:53,55.56228432,15,109.0573918,1497.5831,18.3174,12.1375
1/1/2022 11:53,54.81542488,13,109.1578769,1500.9344,18.2146,11.3042
1/1/2022 11:53,54.81542488,13,109.1503803,1502.2994,18.1309,10.6704
1/1/2022 11:53,57.5791027,11,109.1442871,1499.3397,18.2778,8.7969
1/1/2022 11:53,57.5791027,11,109.1561538,1498.153,18.266,8.5097
1/1/2022 11:53,56.37635421,13,109.160737,1499.8871,18.2517,5.3056
1/1/2022 11:54,56.37635421,13,109.1557274,1499.8462,18.2666,5.106
1/1/2022 11:54,55.55439324,12,109.1525831,1502.1682,18.3647,4.1072
1/1/2022 11:54,55.55439324,12,109.1482041,1501.9587,18.4158,4.3998
1/1/2022 11:54,55.56306627,13,109.1468096,1503.1834,18.406,4.7201
1/1/2022 11:54,55.56306627,13,109.1475913,1503.4656,18.4255,4.8684
1/1/2022 11:54,54.39633112,14,109.1422175,1503.8815,18.5142,7.7641
1/1/2022 11:55,54.39633112,14,109.1414181,1504.3109,18.4816,7.7702
1/1/2022 11:55,54.29929303,13,109.1472537,1500.2831,18.4003,7.4953
1/1/2022 11:55,54.29929303,13,109.1474225,1499.8289,18.3876,7.4381
1/1/2022 11:55,54.73430606,13,109.139917,1497.0327,18.2755,5.671
1/1/2022 11:55,54.73430606,13,109.1444469,1497.1746,18.2385,5.155
1/1/2022 11:55,55.02330623,13,111.043562,1501.6793,18.4092,3.7811
1/1/2022 11:56,55.02330623,13,111.9875222,1502.289,18.4689,4.2118
1/1/2022 11:56,54.005828,14,118.6192382,1500.2096,18.4627,7.1007
1/1/2022 11:56,54.005828,14,118.6237327,1500.0718,18.43,7.0106
1/1/2022 11:56,54.79723302,12,118.6420479,1501.1194,18.4001,6.6189
1/1/2022 11:56,54.79723302,12,118.641968,1500.9356,18.4075,6.709
1/1/2022 11:56,55.33396738,13,118.648301,1497.9317,18.1974,4.0617
1/1/2022 11:57,55.33396738,13,118.648532,1497.3507,18.1872,3.5451
1/1/2022 11:57,55.28900404,14,118.6475549,1498.7133,18.4986,3.7188
1/1/2022 11:57,55.28900404,14,118.6479102,1499.3927,18.545,4.2724
1/1/2022 11:57,53.98078388,14,118.6508591,1498.7856,18.6439,8.9612
1/1/2022 11:57,53.98078388,15,118.6526889,1498.3035,18.5884,9.0728
1/1/2022 11:57,56.92181379,15,133.8794438,1498.0262,18.4903,12.2253
1/1/2022 11:58,56.92181379,15,134.4528537,1497.5096,18.4356,12.1339
1/1/2022 11:58,55.96972366,14,138.1430864,1498.2927,18.2744,9.5069
1/1/2022 11:58,55.96972366,14,138.1458399,1498.5177,18.2844,9.3479
1/1/2022 11:58,57.74675208,15,138.1498103,1386.7693,17.8939,4.3138
1/1/2022 11:58,57.74675208,15,138.1408214,1359.2273,17.8575,3.2154
1/1/2022 11:58,57.60298543,16,138.1622544,1416.6714,18.433,1.393
1/1/2022 11:59,57.60298543,16,138.1621389,1444.561,18.518,2.24
1/1/2022 11:59,56.4261268,16,138.1575912,1501.0233,18.5008,10.0966
1/1/2022 11:59,56.4261268,16,138.1536919,1500.6134,18.4741,10.1569
1/1/2022 11:59,57.56763766,15,138.0812303,1496.9441,18.3784,12.21
1/1/2022 11:59,57.56763766,15,138.0941451,1496.5081,18.3496,12.0392
1/1/2022 11:59,59.01116144,14,150.4391007,1499.4507,18.4221,5.2919
1/1/2022 12:00,54.97732631,13,151.2017048,1496.2695,18.5279,8.4638
1/1/2022 12:00,55.88670925,15,156.0953352,1504.0715,18.2476,4.0223
1/1/2022 12:00,55.55494738,16,158.9711836,1495.6793,18.5728,7.881
1/1/2022 12:00,54.31120556,16,159.5621895,1502.6639,18.7221,12.5221
1/1/2022 12:00,62.6907435,16,163.8933811,1499.2568,18.2447,12.5272
1/1/2022 12:00,58.37980849,15,163.8851561,1502.5153,18.2136,8.3661
1/1/2022 12:01,57.49615604,14,163.8845965,1503.1881,18.4632,7.6048
1/1/2022 12:01,58.320004,14,163.9006646,1500.3827,18.329,8.182
1/1/2022 12:01,57.62417139,15,163.895504,1503.8413,18.513,7.0107
1/1/2022 12:01,59.4887368,15,170.1190892,1495.8271,18.3389,9.7307
1/1/2022 12:01,56.48699627,15,175.9721794,1505.9042,18.3865,8.7895
1/1/2022 12:01,55.79401155,16,176.6226761,1500.8211,18.4805,9.306
1/1/2022 12:02,58.09495746,16,176.8922585,1501.9865,18.5636,12.9952
1/1/2022 12:02,62.44726706,15,176.8782245,1494.6966,18.2431,11.1906
1/1/2022 12:02,57.431166,15,176.8747249,1503.1887,18.2599,7.3505
1/1/2022 12:02,57.47442945,16,176.9377713,1499.0788,18.3227,6.3657
1/1/2022 12:02,56.15695072,15,176.9499044,1497.1811,18.4391,8.8644
1/1/2022 12:02,55.92771226,16,176.9335788,1499.2456,18.366,7.4348
1/1/2022 12:03,57.40770009,15,176.9338542,1495.7113,18.5155,8.3537
1/1/2022 12:03,57.39337721,16,176.9298572,1502.5382,18.1671,5.5493
1/1/2022 12:03,54.48791741,16,176.9256914,1502.2037,18.4558,10.8142
1/1/2022 12:03,55.36904289,15,176.9343072,1502.0661,18.4322,9.7099
1/1/2022 12:03,56.532038,15,176.9273701,1501.0122,18.2107,6.9832
1/1/2022 12:03,58.34279362,14,176.932362,1486.0186,18.1328,1.4941
1/1/2022 12:04,55.40220236,14,176.9265885,1498.5168,18.4357,3.306
1/1/2022 12:04,55.19523451,14,176.920513,1500.2617,18.47,4.4335
1/1/2022 12:04,56.51115172,15,176.9270681,1489.7488,18.2208,1.1452
1/1/2022 12:04,55.98267975,12,176.9345736,1492.46,18.4124,2.915
1/1/2022 12:04,57.38434462,15,176.9312606,1221.7622,18.1405,-0.612
1/1/2022 12:04,57.48633397,15,176.9289867,1332.2295,18.4859,0.2347
1/1/2022 12:05,56.51172927,15,176.9316603,1500.206,18.5946,7.4602
1/1/2022 12:05,55.09749593,16,176.9356573,1500.2177,18.3107,5.7329
1/1/2022 12:05,57.54296054,16,176.9298749,1500.7954,18.4845,10.4239
1/1/2022 12:05,58.5628599,16,176.9250696,1494.5168,18.4845,11.1956
1/1/2022 12:05,57.69050171,14,181.2291835,1504.2599,18.331,10.2792
1/1/2022 12:05,55.61091667,14,187.9709959,1500.151,18.3026,10.5851
1/1/2022 12:06,58.34474065,13,188.0671346,1503.2028,18.5313,11.6977
1/1/2022 12:06,55.35134422,14,200.8051358,1497.6404,17.9515,6.2154
1/1/2022 12:06,56.23123323,13,207.3261667,1496.2654,18.4345,4.8279
1/1/2022 12:06,56.57620667,15,207.3320734,1493.6918,18.2784,3.3511
1/1/2022 12:06,54.5600884,15,207.430098,1503.8703,18.7515,8.5926
1/1/2022 12:06,55.55520619,15,212.1593756,1496.036,18.3722,8.5558
1/1/2022 12:07,53.9223739,14,222.6110824,1499.3026,18.3364,9.8804
1/1/2022 12:07,55.09509941,14,223.3996516,1499.1585,18.4128,7.2286
1/1/2022 12:07,56.90189884,13,223.395397,1499.8907,18.3705,9.5414
1/1/2022 12:07,56.94255419,12,223.3589975,1502.3041,18.1287,4.8274
1/1/2022 12:07,58.50174022,12,223.3401582,1380.2906,18.1957,1.5718
1/1/2022 12:07,57.96294634,15,223.3302899,1373.0619,18.4426,0.5691
1/1/2022 12:08,55.3975569,16,223.3661563,1500.257,18.5062,12.3453
1/1/2022 12:08,55.78532182,15,223.6920294,1493.9592,18.3847,10.6023
1/1/2022 12:08,56.1106347,15,223.7208168,1499.0017,18.3114,11.7903
1/1/2022 12:08,56.28096106,15,225.8781403,1500.7937,18.2301,9.7039
1/1/2022 12:08,56.03402704,16,247.4482997,1499.5804,18.7027,11.2899
1/1/2022 12:08,55.81294725,16,252.5993325,1504.3085,18.515,14.1126
1/1/2022 12:09,55.83883981,14,252.5834243,1495.7758,18.2797,13.8324
1/1/2022 12:09,57.30158782,15,252.5646827,1501.8334,17.9922,8.3285
1/1/2022 12:09,58.6138503,16,252.518486,1496.8192,18.4706,14.1031
1/1/2022 12:09,58.0230663,15,252.5183173,1498.4933,17.8511,8.0996
1/1/2022 12:09,57.19085953,14,252.5175178,1499.1053,18.4532,5.9033
1/1/2022 12:09,55.11952741,14,252.53546,1499.454,18.3867,6.3109
1/1/2022 12:10,55.92745465,14,252.5762918,1502.3289,18.4978,8.101
1/1/2022 12:10,56.37042674,16,252.5554984,1500.2674,18.4283,9.3978
1/1/2022 12:10,56.04196131,14,253.0922185,1504.2091,18.5681,10.3119
1/1/2022 12:10,56.18639638,13,254.0002267,1498.1534,18.172,9.3022
1/1/2022 12:10,55.54005873,15,253.9906428,1498.3127,18.2858,7.2287
1/1/2022 12:10,61.6798571,16,253.9944799,1501.4191,18.2414,12.7967
1/1/2022 12:11,58.18780729,16,253.9944444,1500.8093,18.0866,8.8799
1/1/2022 12:11,57.24609197,15,253.9963452,1500.6442,18.2669,4.3735
1/1/2022 12:11,58.04723786,14,253.9995606,1499.8824,18.4966,7.2939
1/1/2022 12:11,55.96071233,15,253.9966649,1497.6932,18.246,5.4546
1/1/2022 12:11,56.45101417,16,253.9950217,1501.6443,18.6173,7.2357
1/1/2022 12:11,55.39715487,14,253.9680285,1499.2703,18.3256,7.3894
1/1/2022 12:12,55.02230092,13,253.9848782,1499.0158,18.4059,8.3918
1/1/2022 12:12,55.4561009,13,253.9966472,1500.7632,18.2935,5.2906
1/1/2022 12:12,56.47235576,12,254.0102459,1496.6091,18.3436,4.8106
1/1/2022 12:12,56.31337533,14,253.9967627,1498.7628,18.276,2.5877
1/1/2022 12:12,55.21232653,15,253.9901631,1499.289,18.654,5.9727
1/1/2022 12:12,55.81160697,14,253.9997737,1494.8268,18.5335,10.5121
1/1/2022 12:13,55.17394196,11,254.0057249,1493.6757,18.2065,7.4368
1/1/2022 12:13,56.52868151,11,254.0110453,1496.2771,18.1769,1.7287
1/1/2022 12:13,55.566344,12,254.0001912,1480.7858,18.3927,3.2247
1/1/2022 12:13,56.63666666,12,253.9981305,1437.1586,18.2727,0.6156
1/1/2022 12:13,55.26541935,9,253.9989122,1496.913,18.5381,4.0063
1/1/2022 12:13,56.87575845,9,254.0016568,1305.4256,18.0739,0.2354
1/1/2022 12:14,57.21352387,12,254.0080343,1086.2647,18.219,-1.987
1/1/2022 12:14,58.02286295,15,254.0380652,1158.2742,18.3192,-1.8538
1/1/2022 12:14,55.96895779,15,254.0395042,1499.2786,18.7859,6.7864
1/1/2022 12:14,55.10217768,15,254.0279927,1501.7764,18.2823,6.9695
1/1/2022 12:14,54.34395648,15,254.0309683,1497.5156,18.455,8.2289
1/1/2022 12:14,55.43657723,14,254.0362266,1501.9857,18.3185,6.1266
1/1/2022 12:15,57.658268,14,254.035445,1500.955,18.3737,7.4725
1/1/2022 12:15,59.03696855,14,254.8531215,1500.7749,18.3011,3.9598
1/1/2022 12:15,57.37762188,15,268.1933745,1499.9285,18.6699,7.6113
1/1/2022 12:15,54.65469017,15,270.9027183,1499.4361,18.3528,11.5554
1/1/2022 12:15,56.84943378,15,274.1839855,1504.3211,18.4657,10.4762
1/1/2022 12:15,59.5186028,15,277.1861826,1488.8486,18.1684,11.016
1/1/2022 12:16,49.13200555,10,276.8837235,253.4166,13.3869,13.2335
1/1/2022 12:16,51.07186843,9,276.8801084,623.3686,15.3688,3.7467
1/1/2022 12:16,54.46193378,10,276.8903497,861.8024,16.79,-1.178
1/1/2022 12:16,57.11456172,9,276.8958478,1086.5855,18.1478,-2.0056
1/1/2022 12:16,56.67360835,9,276.8885466,1064.4693,18.2451,-1.9656
1/1/2022 12:16,56.4268062,9,276.8997915,1300.0545,18.367,-1.5876
1/1/2022 12:17,56.44327991,11,276.8927657,1198.6459,18.2082,-1.3443
1/1/2022 12:17,56.18975449,10,276.9120935,1369.0042,18.3658,-0.6538
1/1/2022 12:17,54.99156448,9,276.9815351,1450.7625,18.3208,0.9715
1/1/2022 12:17,54.99156448,10,276.7930088,876.4965,18.2753,-1.91
1/1/2022 12:17,54.99156448,10,276.8042094,1064.6302,18.3226,-1.91
1/1/2022 12:17,54.99156448,9,276.808011,1145.7167,18.3047,-1.9127
1/1/2022 12:18,54.99156448,10,276.812239,984.0748,18.1732,-2.0398
1/1/2022 12:18,54.99156448,9,276.7769142,861.9861,18.2577,-2.0712
1/1/2022 12:18,54.99156448,9,276.7868712,980.1594,18.2891,-2.0844
1/1/2022 12:18,54.99156448,9,276.7682628,928.9233,18.2709,-2.086
1/1/2022 12:18,54.99156448,8,276.7420868,862.9202,18.214,-2.086
1/1/2022 12:18,54.99156448,8,276.8102849,815.3976,18.2534,-2.086
1/1/2022 12:19,54.99156448,9,276.7804049,587.4999,17.932,-2.086
1/1/2022 12:19,54.99156448,9,276.8150991,695.9605,18.1348,-2.086
1/1/2022 12:19,54.99156448,15,291.0419329,1497.5948,18.4279,9.941
1/1/2022 12:19,54.99156448,13,291.0540838,1498.1596,18.2618,10.0009
1/1/2022 12:19,54.99156448,13,291.077613,1499.284,18.341,8.7384
1/1/2022 12:19,54.99156448,13,291.0797891,1498.4007,18.2392,5.91
1/1/2022 12:20,54.99156448,15,291.2537218,1499.5823,18.4775,5.721
1/1/2022 12:20,54.99156448,14,291.3124425,1494.8101,18.6179,10.2685
1/1/2022 12:20,54.99156448,15,291.1921943,1502.3744,18.2416,8.8185
1/1/2022 12:20,54.99156448,13,291.1004404,1501.6852,18.3348,7.3635
1/1/2022 12:20,54.99156448,13,291.0766359,1500.6144,18.4011,7.5968
1/1/2022 12:20,54.99156448,12,291.0347649,1500.3804,18.2998,5.1598
1/1/2022 12:21,54.99156448,13,291.0169915,1499.5966,18.4771,6.3457
1/1/2022 12:21,54.99156448,14,291.0036059,1502.4931,18.3144,5.603
1/1/2022 12:21,54.99156448,14,291.0033661,1499.1374,18.3648,5.2465
1/1/2022 12:21,54.99156448,15,291.0031795,1498.912,18.6113,7.2435
1/1/2022 12:21,54.99156448,15,291.0090418,1499.3684,18.3713,8.6351
1/1/2022 12:21,54.99156448,14,291.0066703,1500.2438,18.4525,8.9877
1/1/2022 12:22,54.99156448,15,291.0019982,1499.6204,18.3764,7.6956
1/1/2022 12:22,54.99156448,14,291.0101788,1498.3021,18.4742,9.8899
1/1/2022 12:22,54.99156448,13,291.004503,1500.5857,18.3527,9.8863
1/1/2022 12:22,54.99156448,12,291.0057998,1500.4598,18.2392,6.881
1/1/2022 12:22,54.99156448,12,291.0011899,1495.5649,18.2017,4.8263
1/1/2022 12:22,54.99156448,11,290.9887902,1486.5713,18.3339,1.9352
1/1/2022 12:23,54.99156448,12,290.9847399,1497.6524,18.3227,2.425
1/1/2022 12:23,54.99156448,11,290.9896074,1411.4027,18.2885,1.327
1/1/2022 12:23,54.99156448,11,290.986543,1444.3745,18.3628,1.2092
1/1/2022 12:23,54.99156448,12,290.9818177,1219.0696,18.17,-1.1728
1/1/2022 12:23,54.99156448,11,290.9806008,1148.7093,18.2956,-1.9245
1/1/2022 12:23,54.99156448,11,290.987751,1340.7541,18.3116,-0.98
1/1/2022 12:24,54.99156448,11,290.9844823,1412.3476,18.3126,-0.1558
1/1/2022 12:24,54.99156448,12,290.9685387,1499.9225,18.4325,2.2399
1/1/2022 12:24,54.99156448,12,290.9840649,1487.2281,18.3024,1.144
1/1/2022 12:24,54.99156448,15,290.9881596,1498.963,18.6143,5.3631
1/1/2022 12:24,54.99156448,14,290.9802189,1501.4971,18.5811,8.8751
1/1/2022 12:24,54.99156448,12,290.984056,1498.8755,18.4026,9.6815
1/1/2022 12:25,54.99156448,10,290.9856015,1497.0599,18.109,5.7547
1/1/2022 12:25,54.99156448,11,290.9993602,1447.0355,18.2115,1.8345
1/1/2022 12:25,54.99156448,11,291.0089618,1264.5772,18.204,-1.322
1/1/2022 12:25,54.99156448,11,291.2490231,1127.8317,18.2098,-2.0819
1/1/2022 12:25,54.99156448,11,291.2485079,1276.2779,18.3432,-1.8651
1/1/2022 12:25,54.99156448,13,291.2479572,1398.5177,18.3043,-0.1256
1/1/2022 12:26,54.99156448,15,291.2479927,1496.5903,18.6529,5.3791
1/1/2022 12:26,54.99156448,15,291.2495738,1498.6498,18.5606,9.3611
1/1/2022 12:26,54.99156448,14,291.2381778,1499.1323,18.2735,7.8638
1/1/2022 12:26,54.99156448,14,291.2259736,1498.7898,18.417,8.0933
1/1/2022 12:26,54.99156448,14,291.232804,1420.3973,18.0377,4.5239
1/1/2022 12:26,54.99156448,12,291.2410734,1502.4717,18.6145,7.5836
1/1/2022 12:27,54.99156448,14,291.2347848,1456.7854,18.0508,2.0123
1/1/2022 12:27,54.99156448,13,291.2426367,1495.5014,18.5295,6.1085
1/1/2022 12:27,54.99156448,14,291.2385598,1502.4709,18.4432,4.3581
1/1/2022 12:27,54.99156448,15,291.2400786,1500.5385,18.4468,6.8277
1/1/2022 12:27,54.99156448,15,291.2319425,1495.5112,18.3732,7.297
1/1/2022 12:27,54.99156448,15,291.2352023,1501.0109,18.5938,10.3509
1/1/2022 12:28,54.99156448,15,291.2295887,1498.9508,18.4825,10.7017
1/1/2022 12:28,54.99156448,15,291.2345272,1501.7081,18.3414,10.8639
1/1/2022 12:28,54.99156448,15,291.2338699,1497.6038,18.5059,12.0361
1/1/2022 12:28,54.99156448,14,291.2360372,1497.398,18.4364,12.8043
1/1/2022 12:28,54.99156448,15,291.2440668,1499.2403,18.1206,9.4972
1/1/2022 12:28,54.99156448,14,291.2377248,1499.6135,18.6318,12.1565
1/1/2022 12:29,54.99156448,14,291.2453636,1503.4488,18.2084,10.4341
1/1/2022 12:29,54.99156448,13,291.230166,1499.2019,18.2776,8.9124
1/1/2022 12:29,54.99156448,16,291.241713,1499.7147,18.6147,10.4238
1/1/2022 12:29,54.99156448,16,291.2326264,1499.2058,18.5624,13.7116
1/1/2022 12:29,54.99156448,16,291.2357174,1500.1776,18.2483,14.4755
1/1/2022 12:29,54.99156448,16,291.2670718,1500.7955,18.3463,11.9651
1/1/2022 12:30,54.99156448,13,291.2570171,1494.0744,18.2506,11.6543
1/1/2022 12:30,54.99156448,15,294.1703938,1502.8769,18.228,11.5963
1/1/2022 12:30,54.99156448,16,302.0048779,1504.3905,18.606,14.8743
1/1/2022 12:30,54.99156448,15,302.0012628,1501.3079,18.2984,15.0136
1/1/2022 12:30,54.99156448,15,301.9996818,1496.8763,18.3373,13.991
1/1/2022 12:30,54.99156448,15,302.0110333,1502.2749,18.4572,13.0023
1/1/2022 12:31,54.99156448,15,302.0034568,1496.8955,18.287,13.3727
1/1/2022 12:31,54.99156448,15,301.9995219,1502.266,18.3523,11.3017
1/1/2022 12:31,54.99156448,13,301.9993087,1498.7447,18.3493,11.4569
1/1/2022 12:31,54.99156448,14,302.0031103,1501.3705,18.2255,9.1482
1/1/2022 12:31,54.99156448,15,301.9948321,1499.9894,18.4061,8.6196
1/1/2022 12:31,54.99156448,14,302.0068231,1501.1614,18.3168,7.2874
1/1/2022 12:32,54.99156448,13,302.0014227,1498.5424,18.5142,8.6285
1/1/2022 12:32,54.99156448,12,302.0522915,1499.7826,18.2642,7.9714
1/1/2022 12:32,54.99156448,13,302.0403359,1500.949,18.3493,6.415
1/1/2022 12:32,54.99156448,13,302.0642559,1498.4171,18.2673,5.5359
1/1/2022 12:32,54.99156448,12,302.0759361,1500.5804,18.5417,5.8712
1/1/2022 12:32,54.99156448,12,302.0551427,1502.2773,18.327,5.4227
1/1/2022 12:33,54.99156448,11,302.0497423,1416.4433,18.1496,3.7024
1/1/2022 12:33,54.99156448,10,302.0511546,1298.7,18.206,-1.2668
1/1/2022 12:33,54.99156448,9,302.048028,1127.6618,18.1878,-2.0706
1/1/2022 12:33,54.99156448,10,302.0458785,1250.5013,18.3308,-1.6626
1/1/2022 12:33,54.99156448,11,302.0390214,957.6748,18.1564,-2.0264
1/1/2022 12:33,54.99156448,11,302.0597082,1226.8306,18.3834,-1.973
1/1/2022 12:34,54.99156448,11,302.0408156,1301.1009,18.2843,-1.7519
1/1/2022 12:34,54.99156448,12,302.0250318,1182.8115,18.229,-2.0267
1/1/2022 12:34,54.99156448,12,301.9840845,1232.0486,18.2831,-2.0393
1/1/2022 12:34,54.99156448,13,301.9797855,1398.9804,18.3372,0.2148
1/1/2022 12:34,54.99156448,12,301.9934731,1477.5754,18.3781,0.8495
1/1/2022 12:34,54.99156448,11,301.9865982,1424.3034,18.3151,1.3873
1/1/2022 12:35,54.99156448,9,301.9941126,1372.9571,18.2608,0.0569
1/1/2022 12:35,54.99156448,10,301.9832496,1304.8597,18.2322,-0.7067
1/1/2022 12:35,54.99156448,10,301.9955426,1202.4725,18.2761,-1.7038
1/1/2022 12:35,54.99156448,11,301.9889431,1316.9591,18.2658,-0.6085
1/1/2022 12:35,54.99156448,9,302.0351309,580.0983,17.9183,-1.948
1/1/2022 12:35,54.99156448,9,302.02894,655.7495,18.1285,-1.948
1/1/2022 12:36,54.99156448,10,302.0339141,697.7921,18.2789,-1.948
1/1/2022 12:36,54.99156448,9,302.0266839,920.8784,18.3163,-1.948
1/1/2022 12:36,54.99156448,8,302.0379733,795.6227,18.1986,-1.948
1/1/2022 12:36,54.99156448,8,302.0191517,781.9202,18.3268,-1.948
1/1/2022 12:36,54.99156448,9,302.0361613,965.7392,18.3063,-1.948
1/1/2022 12:36,54.99156448,10,302.0299615,1128.115,18.3571,-1.9391
1/1/2022 12:37,56.88349469,9,302.0248275,1279.3323,18.3376,-1.5856
1/1/2022 12:37,56.88349469,9,302.0302812,1278.0365,18.3,-1.6169
1/1/2022 12:37,56.1033255,10,302.0023642,1252.7099,18.2872,-1.9981
1/1/2022 12:37,56.1033255,10,302.0031903,1238.9422,18.2634,-1.991
1/1/2022 12:37,55.69130514,10,301.9979053,1114.9209,18.2153,-2.0536
1/1/2022 12:37,55.69130514,10,301.9998239,1120.8847,18.2436,-2.0331
1/1/2022 12:38,56.31477205,10,302.000801,1246.5151,18.3245,-1.9322
1/1/2022 12:38,56.31477205,10,301.9992998,1272.8463,18.3264,-1.8657
1/1/2022 12:38,56.38087326,10,301.9966352,1259.188,18.2503,-1.4777
1/1/2022 12:38,56.38087326,10,301.9954538,1237.9702,18.2347,-1.5655
1/1/2022 12:38,56.40473819,10,301.9985182,1306.7343,18.3163,-1.5267
1/1/2022 12:38,56.40473819,10,301.999815,1338.8477,18.3282,-1.2826
1/1/2022 12:39,55.16572946,10,301.9982962,1332.5017,18.2503,-0.586
1/1/2022 12:39,55.16572946,10,301.99763,1295.682,18.2216,-0.7958
1/1/2022 12:39,56.5960069,10,301.9994508,1147.6304,18.2127,-2.0119
1/1/2022 12:39,56.5960069,10,302.0004812,1157.7817,18.2452,-2.0336
1/1/2022 12:39,55.58309292,9,301.9989801,1326.0353,18.3374,-0.8194
1/1/2022 12:39,55.58309292,9,301.9972925,1308.6192,18.2913,-0.7115
1/1/2022 12:40,55.6848356,11,301.9997528,994.3382,18.1107,-1.8928
1/1/2022 12:40,55.6848356,11,301.9999838,916.0031,18.1137,-1.9903
1/1/2022 12:40,56.2025287,12,301.9965641,870.8716,18.2867,-1.9364
1/1/2022 12:40,56.2025287,12,301.9985715,959.0794,18.3621,-1.9323
1/1/2022 12:40,56.24318353,12,301.9999927,1342.7342,18.4314,-0.9888
1/1/2022 12:40,56.24318353,12,301.999744,1396.3645,18.4044,-0.476
1/1/2022 12:41,54.8751607,13,301.9992732,1487.1723,18.4304,1.7838
1/1/2022 12:41,54.8751607,13,301.9940238,1492.7149,18.5116,2.8558
1/1/2022 12:41,54.15077757,12,301.9908883,1496.287,18.5299,6.2887
1/1/2022 12:41,54.15077757,12,301.9930023,1495.3374,18.39,5.7587
1/1/2022 12:41,56.2317766,13,301.9941837,1499.2056,18.2405,2.241
1/1/2022 12:41,56.2317766,13,301.9968039,1497.2005,18.3111,2.2114
1/1/2022 12:42,55.38829745,12,301.9942725,1353.3339,18.1936,0.4803
1/1/2022 12:42,55.38829745,12,301.9940415,1315.9666,18.1572,-0.4662
1/1/2022 12:42,56.91038745,12,301.9885967,1189.7018,18.1873,-1.8174
1/1/2022 12:42,56.91038745,11,301.9887566,1117.7978,18.1639,-1.9182
1/1/2022 12:42,55.72627874,11,301.9954094,839.4855,18.1514,-2.0478
1/1/2022 12:42,55.72627874,11,301.9920342,807.65,18.1734,-2.0525
1/1/2022 12:43,55.8569452,12,301.9910571,834.2591,18.291,-2.0633
1/1/2022 12:43,55.8569452,11,301.9929846,883.9491,18.3257,-2.0648
1/1/2022 12:43,56.37344839,12,301.987522,1010.6238,18.3062,-2.066
1/1/2022 12:43,56.37344839,12,301.9861896,1007.7621,18.2852,-2.066
1/1/2022 12:43,56.53226261,11,301.991368,1137.5594,18.3346,-2.0001
1/1/2022 12:43,56.53226261,11,301.9930467,1189.9802,18.3517,-1.9705
1/1/2022 12:44,56.04814467,10,301.9922651,1258.9541,18.2963,-1.4184
1/1/2022 12:44,56.04814467,10,301.9904442,1242.4865,18.2665,-1.4471
1/1/2022 12:44,47.50638739,12,302.0577452,353.3381,11.2318,20.1524
1/1/2022 12:44,47.50638739,12,302.0487208,351.6302,11.2293,20.3892
1/1/2022 12:44,48.49686267,13,302.0345625,261.9444,11.0842,20.4175
1/1/2022 12:44,48.49686267,13,302.0339229,232.7455,11.0491,20.2331
1/1/2022 12:45,49.60265694,13,302.0290999,131.9486,11.3182,21.088
1/1/2022 12:45,49.60265694,13,302.0329459,100.3161,11.4057,21.7516
1/1/2022 12:45,51.51060611,13,302.0265329,191.0479,12.758,13.0148
1/1/2022 12:45,51.51060611,13,302.026826,290.1713,13.8732,10.1334
1/1/2022 12:45,53.32507291,12,302.0288068,657.5027,17.8017,8.2903
1/1/2022 12:45,53.32507291,11,302.0234685,781.0095,18.1003,7.7087
1/1/2022 12:46,54.8110429,10,302.0228468,1394.828,18.6154,5.6351
1/1/2022 12:46,54.8110429,11,302.0274034,1465.2455,18.5628,5.3955
1/1/2022 12:46,57.2675961,10,302.0313027,1172.36,17.9716,0.5956
1/1/2022 12:46,57.2675961,9,302.031658,1109.4563,17.9878,-0.7587
1/1/2022 12:46,56.95050658,8,302.0377779,1185.6951,18.3371,-1.9537
1/1/2022 12:46,56.95050658,9,302.0301391,1157.689,18.2903,-1.9505
1/1/2022 12:47,56.51515217,11,302.0115752,1017.3268,18.2238,-1.9438
1/1/2022 12:47,56.51515217,11,302.019738,1063.9938,18.2848,-1.9422
1/1/2022 12:47,57.23894535,11,302.0239215,1188.8001,18.2999,-1.9379
1/1/2022 12:47,57.23894535,11,302.0198623,1180.6179,18.2782,-1.9374
1/1/2022 12:47,57.09109977,12,302.0246676,1052.7537,18.2075,-1.9369
1/1/2022 12:47,57.09109977,12,302.0207505,996.2985,18.1827,-1.9369
1/1/2022 12:48,57.06877216,11,302.021168,1007.7814,18.3072,-1.9353
1/1/2022 12:48,57.06877216,11,302.0261243,1076.1754,18.3532,-1.9341
1/1/2022 12:48,56.04927614,10,302.0243123,1361.3287,18.3664,-0.847
1/1/2022 12:48,56.04927614,10,302.023353,1381.0834,18.3375,-0.4897
1/1/2022 12:48,56.03840983,10,302.0253516,1272.4548,18.2141,-1.0095
1/1/2022 12:48,56.03840983,10,302.020413,1221.6188,18.1885,-1.3921
1/1/2022 12:49,55.33710503,10,302.01702,1011.4725,18.1598,-2.0775
1/1/2022 12:49,55.33710503,10,302.0259733,954.2806,18.1573,-2.0848
1/1/2022 12:49,55.75023677,10,302.0092835,897.0798,18.2553,-2.0968
1/1/2022 12:49,55.75023677,10,301.998154,908.9957,18.2747,-2.0948
1/1/2022 12:49,55.11898881,10,301.9969016,930.6141,18.2823,-2.0172
1/1/2022 12:49,55.11898881,11,301.997097,919.8164,18.2679,-2.0001
1/1/2022 12:50,56.17915861,11,301.997177,997.5164,18.3459,-1.8695
1/1/2022 12:50,56.17915861,12,301.9985537,1120.8587,18.4246,-1.3406
1/1/2022 12:50,55.44208288,11,301.9964931,1412.8413,18.3628,0.439
1/1/2022 12:50,55.44208288,11,301.9975323,1404.1167,18.3097,0.3417
1/1/2022 12:50,55.77418646,12,302.0012273,1352.1551,18.2407,-0.2892
1/1/2022 12:50,55.77418646,11,301.9978965,1305.3363,18.2122,-0.6723
1/1/2022 12:51,57.2005203,11,301.9954716,1192.1659,18.2269,-1.9714
1/1/2022 12:51,57.2005203,11,301.9986514,1190.7325,18.2448,-2.0184
1/1/2022 12:51,56.15392734,10,301.9929313,1283.9401,18.3128,-1.4595
1/1/2022 12:51,56.15392734,9,301.9937218,1292.5219,18.2966,-1.3753
1/1/2022 12:51,55.45723776,8,301.9993354,1162.9065,18.2053,-1.9662
1/1/2022 12:51,55.45723776,8,301.9959512,1137.963,18.211,-2.0714
1/1/2022 12:52,56.02935022,8,301.9950275,1021.1876,18.2064,-2.0361
1/1/2022 12:52,56.02935022,8,301.9980297,994.871,18.2139,-2.0121
1/1/2022 12:52,55.11297594,8,301.9971503,870.2358,18.1996,-1.9659
1/1/2022 12:52,55.11297594,8,301.997479,829.8939,18.1933,-1.9621
1/1/2022 12:52,55.03490815,7,302.0187165,793.9199,18.2569,-1.9537
1/1/2022 12:52,55.03490815,8,302.0158475,792.7988,18.2657,-1.9532
1/1/2022 12:53,55.09301065,9,301.9777603,769.1306,18.2655,-1.953
1/1/2022 12:53,55.09301065,9,301.9751223,768.7323,18.2648,-1.953
1/1/2022 12:53,54.77047594,8,301.9778492,727.8352,18.2387,-1.953
1/1/2022 12:53,54.77047594,8,301.9784265,709.7561,18.2375,-1.953
1/1/2022 12:53,55.09730607,8,301.9752733,839.8071,18.3574,-1.953
1/1/2022 12:53,55.09730607,7,301.9749002,918.8513,18.3899,-1.953
1/1/2022 12:54,55.23019141,9,301.9762592,972.3093,18.2573,-1.953
1/1/2022 12:54,55.23019141,10,301.9760372,945.8408,18.2314,-1.953
1/1/2022 12:54,55.464772,8,301.9766145,956.1503,18.2899,-1.953
1/1/2022 12:54,55.464772,8,301.9800697,948.0273,18.2783,-1.953
1/1/2022 12:54,56.05589861,8,301.9822281,837.2901,18.2204,-1.953
1/1/2022 12:54,56.05589861,8,301.9798121,867.9547,18.2705,-1.953
1/1/2022 12:55,55.41121817,8,301.9805671,1014.8101,18.3195,-1.953
1/1/2022 12:55,55.41121817,8,301.9821748,965.4975,18.246,-1.953
1/1/2022 12:55,55.23590259,8,301.9969549,717.9289,18.1658,-1.953
1/1/2022 12:55,55.23590259,8,302.0225447,706.9167,18.2019,-1.953
1/1/2022 12:55,55.29195569,8,302.0802618,809.3713,18.3104,-1.953
1/1/2022 12:55,55.29195569,7,302.0571501,806.5782,18.2905,-1.953
1/1/2022 12:56,54.46942,8,301.9918121,664.345,18.1332,-1.953
1/1/2022 12:56,54.46942,9,301.9919986,632.6335,18.0576,-1.953
1/1/2022 12:56,54.48252541,10,301.9965819,581.1401,17.8815,-1.953
1/1/2022 12:56,54.48252541,11,302.0201198,599.4943,17.9339,-1.953
1/1/2022 12:56,57.3888566,14,302.2161784,1018.0699,18.4122,-1.7981
1/1/2022 12:56,57.3888566,14,302.2410753,1181.2412,18.5061,-1.2247
1/1/2022 12:57,56.42766063,14,302.2459606,1499.0696,18.5812,2.5184
1/1/2022 12:57,56.42766063,14,302.2477281,1502.8036,18.6438,3.8477
1/1/2022 12:57,53.63262473,15,302.2523824,1501.1911,18.4654,6.3484
1/1/2022 12:57,53.63262473,15,302.2516452,1500.7403,18.4293,6.3784
1/1/2022 12:57,53.77897178,15,302.2502329,1496.2949,18.4756,7.7422
1/1/2022 12:57,53.77897178,15,302.2515386,1496.2508,18.4464,7.8222
1/1/2022 12:58,54.00021355,16,302.2533595,1497.9196,18.5542,8.7355
1/1/2022 12:58,54.00021355,15,302.2518939,1498.5433,18.6021,9.467
1/1/2022 12:58,55.34336136,16,302.2537947,1499.796,18.4091,10.7862
1/1/2022 12:58,55.34336136,16,302.2530664,1499.9023,18.3109,10.3101
1/1/2022 12:58,55.3399327,16,302.2499665,1500.2579,18.6618,13.0843
1/1/2022 12:58,55.3399327,16,302.2519739,1499.4499,18.6745,14.0002
1/1/2022 12:59,56.82315468,15,302.2507659,1501.3784,18.4536,15.0842
1/1/2022 12:59,56.82315468,14,302.2507215,1498.1748,18.4017,15.0275
1/1/2022 12:59,57.72516369,13,302.2503928,1498.6406,17.9666,10.2442
1/1/2022 12:59,57.72516369,13,302.2493447,1501.7387,18.0053,9.1783
1/1/2022 12:59,58.86070206,13,302.2499842,1498.7922,18.1361,5.9959
1/1/2022 12:59,58.86070206,13,302.2519028,1499.2852,18.1336,4.9239
1/1/2022 13:00,58.37609628,14,302.2514765,1479.7781,18.2765,2.0674
1/1/2022 13:00,58.37609628,14,302.2504994,1478.2212,18.3568,2.3959
1/1/2022 13:00,53.63697378,13,302.2499842,1497.5801,18.6355,6.5705
1/1/2022 13:00,53.63697378,13,302.2491049,1498.7984,18.5631,6.9759
1/1/2022 13:00,54.8322837,14,302.2494602,1500.9037,18.409,7.2014
1/1/2022 13:00,54.8322837,14,302.2492115,1500.2784,18.3964,7.1612
1/1/2022 13:01,54.3267521,13,302.2487851,1503.9718,18.2699,5.4577
1/1/2022 13:01,54.3267521,13,302.2503751,1503.404,18.3269,5.408
1/1/2022 13:01,54.30442684,12,302.2475683,1497.2789,18.3255,4.8226
1/1/2022 13:01,54.30442684,12,302.2468754,1498.3925,18.2655,3.9896
1/1/2022 13:01,55.35057197,12,302.2526223,1499.0278,18.3662,3.1024
1/1/2022 13:01,55.35057197,12,302.2524446,1497.4181,18.4033,3.3319
1/1/2022 13:02,56.22854583,11,302.2513699,1498.8943,18.4394,3.8433
1/1/2022 13:02,56.22854583,11,302.2506149,1500.9202,18.4141,3.7994
1/1/2022 13:02,56.11260978,11,302.2488917,1490.5841,18.2731,1.7337
1/1/2022 13:02,56.11260978,11,302.2494957,1482.0089,18.2631,1.304
1/1/2022 13:02,55.77306328,10,302.249549,1462.2853,18.2827,0.875
1/1/2022 13:02,55.77306328,9,302.2501708,1429.9276,18.2624,0.7568
1/1/2022 13:03,55.85386029,8,302.24819,1240.311,18.1811,-1.1145
1/1/2022 13:03,55.85386029,7,302.2468133,1214.299,18.196,-1.5646
1/1/2022 13:03,55.84586953,8,302.2504106,1105.1874,18.2135,-2.0289
1/1/2022 13:03,55.84586953,8,302.246911,1075.583,18.2161,-2.0352
1/1/2022 13:03,55.78864229,8,302.2480124,970.4294,18.2134,-2.0513
1/1/2022 13:03,55.78864229,8,302.2520449,922.5035,18.1899,-2.0542
1/1/2022 13:04,55.0495772,9,302.2497977,757.6181,18.1887,-2.0603
1/1/2022 13:04,55.0495772,8,302.2504816,743.1978,18.2198,-2.0607
1/1/2022 13:04,54.54062971,9,302.2442019,640.4896,18.1753,-2.061
1/1/2022 13:04,54.54062971,9,302.2433492,615.1223,18.1229,-2.061
1/1/2022 13:04,54.26706706,9,302.2481545,585.2477,17.9728,-2.061
1/1/2022 13:04,54.26706706,10,302.2468399,589.4168,18.001,-2.061
1/1/2022 13:05,54.49381382,9,302.2478347,634.7787,18.2132,-2.061
1/1/2022 13:05,54.49381382,9,302.2483232,655.1499,18.2448,-2.061
1/1/2022 13:05,54.87872906,9,302.2498599,787.2658,18.3304,-2.061
1/1/2022 13:05,54.87872906,9,302.2508636,807.8213,18.3191,-2.061
1/1/2022 13:05,54.81069907,8,302.2505527,779.2187,18.2574,-2.061
1/1/2022 13:05,56.03827896,12,305.2128617,601.1295,17.9857,-1.9422
1/1/2022 13:06,56.03827896,12,305.2129683,660.2834,18.0552,-1.9421
1/1/2022 13:06,57.63505488,13,305.2139364,1143.8954,18.4829,-1.6568
1/1/2022 13:06,57.63505488,13,305.2116093,1255.9193,18.4866,-1.1932
1/1/2022 13:06,55.28703162,13,305.2154198,1490.1876,18.4194,1.3071
1/1/2022 13:06,55.28703162,13,305.2164412,1496.4745,18.439,1.8555
1/1/2022 13:06,56.68218404,13,305.2169209,1493.8467,18.3856,2.0267
1/1/2022 13:07,56.68218404,13,305.2162902,1494.5851,18.347,1.6712
1/1/2022 13:07,56.91991837,11,305.2145049,1436.8213,18.3167,1.6568
1/1/2022 13:07,56.91991837,11,305.2165922,1397.3145,18.2811,1.2653
1/1/2022 13:07,57.38229663,11,305.2134923,1278.4338,18.2055,-0.973
1/1/2022 13:07,57.38229663,11,305.2128972,1208.7855,18.1722,-1.2668
1/1/2022 13:07,56.85336854,11,305.2142118,866.2945,18.1427,-1.957
1/1/2022 13:08,56.85336854,11,305.2147181,890.1698,18.2248,-1.9222
1/1/2022 13:08,56.68953829,12,305.2097174,1294.8197,18.4744,-0.6823
1/1/2022 13:08,56.68953829,11,305.2131193,1379.7873,18.4857,0.065
1/1/2022 13:08,57.45703696,11,305.2113695,1249.8489,18.2203,-1.5996
1/1/2022 13:08,57.45703696,12,305.2113872,1256.7165,18.2373,-1.7567
1/1/2022 13:08,56.86429053,11,305.2159882,1312.4407,18.2882,-1.4383
1/1/2022 13:09,56.86429053,11,305.2171874,1311.2879,18.281,-1.3968
1/1/2022 13:09,56.62980104,10,305.2130482,1328.9421,18.2953,-1.264
1/1/2022 13:09,56.62980104,10,305.2125686,1328.633,18.2962,-1.1363
1/1/2022 13:09,57.26350187,10,305.2112718,1271.6637,18.2347,-1.4764
1/1/2022 13:09,57.26350187,10,305.211254,1263.6562,18.2334,-1.6403
1/1/2022 13:09,56.72399142,10,305.2135812,1154.5238,18.2123,-2.0421
1/1/2022 13:10,56.72399142,10,305.213066,1139.207,18.2056,-2.0413
1/1/2022 13:10,55.66232156,9,305.2122666,932.5213,18.1625,-2.0365
1/1/2022 13:10,55.66232156,9,305.2116004,900.9499,18.1611,-2.0363
1/1/2022 13:10,55.89773181,8,305.2084472,782.0292,18.2476,-2.0348
1/1/2022 13:10,55.89773181,8,305.2092644,800.6006,18.2739,-2.0348
1/1/2022 13:10,56.48451382,10,305.2118491,990.3743,18.3495,-2.035
1/1/2022 13:11,56.48451382,10,305.2116448,1013.464,18.3513,-2.035
1/1/2022 13:11,57.27273106,12,305.2129327,1238.2212,18.3576,-1.9713
1/1/2022 13:11,57.27273106,11,305.2129594,1243.4961,18.3416,-1.9648
1/1/2022 13:11,57.59649771,12,305.2133946,1092.3156,18.1986,-2.053
1/1/2022 13:11,57.59649771,12,305.2141052,1076.9918,18.1925,-2.0641
1/1/2022 13:11,58.95868724,11,305.2163347,1284.0451,18.3997,-1.0057
1/1/2022 13:12,58.95868724,12,305.2136433,1327.1211,18.4355,-0.5623
1/1/2022 13:12,56.25411664,12,305.2075146,1473.3812,18.372,2.2054
1/1/2022 13:12,56.25411664,12,305.2081097,1463.8379,18.3284,2.0426
1/1/2022 13:12,57.51809124,10,305.2028158,1361.7715,18.1931,-0.209
1/1/2022 13:12,57.51809124,11,305.2049742,1360.7815,18.2113,-0.2969
1/1/2022 13:12,56.84641852,11,305.2184575,1454.8301,18.3462,0.7878
1/1/2022 13:13,56.84641852,10,305.2179779,1467.3884,18.3802,1.1869
1/1/2022 13:13,55.95165125,10,305.2232273,1467.0416,18.3774,2.9553
1/1/2022 13:13,55.95165125,10,305.2207758,1442.7364,18.3161,2.5904
1/1/2022 13:13,57.73450655,11,305.2242043,1143.9168,18.1378,-1.4811
1/1/2022 13:13,57.73450655,12,305.2270111,1141.9061,18.1699,-1.6953
1/1/2022 13:13,57.00512818,14,305.2137943,1386.6239,18.4007,-0.5404
1/1/2022 13:14,57.00512818,14,305.2132525,1412.7668,18.4294,-0.0307
1/1/2022 13:14,54.43593952,14,305.216761,1498.6334,18.6295,6.1956
1/1/2022 13:14,54.43593952,14,305.2165922,1497.4377,18.6526,6.7754
1/1/2022 13:14,54.14258955,14,305.2145671,1497.1641,18.4019,7.1305
1/1/2022 13:14,54.14258955,14,305.2156862,1498.189,18.3574,6.9219
1/1/2022 13:14,53.8070597,13,305.2165922,1500.4587,18.3318,6.3062
1/1/2022 13:15,53.8070597,12,305.2161837,1500.3162,18.3082,6.02
1/1/2022 13:15,56.44350935,13,305.2134302,1501.0278,18.3307,4.2285
1/1/2022 13:15,56.44350935,13,305.2136789,1501.4757,18.3328,4.0749
1/1/2022 13:15,56.77989438,13,305.2134834,1473.4174,18.2549,1.6254
1/1/2022 13:15,56.77989438,13,305.2129327,1472.5485,18.2844,1.6264
1/1/2022 13:15,54.71736819,13,305.2168498,1503.0519,18.7076,6.8357
1/1/2022 13:16,54.71736819,13,305.2166189,1502.8518,18.6961,7.3987
1/1/2022 13:16,55.93998165,11,305.2158461,1501.4585,18.2689,6.4924
1/1/2022 13:16,55.93998165,11,305.2164857,1502.2071,18.2663,6.2475
1/1/2022 13:16,55.63608822,12,305.2177736,1490.823,18.2274,3.6045
1/1/2022 13:16,55.63608822,12,305.2168321,1477.8451,18.2013,3.1084
1/1/2022 13:16,56.20869095,12,305.21518,1476.2582,18.4133,2.6076
1/1/2022 13:17,56.20869095,12,305.2130749,1489.0346,18.4455,2.923
1/1/2022 13:17,54.65784124,12,305.2657289,1500.7983,18.3717,3.4996
1/1/2022 13:17,54.65784124,12,305.2728703,1500.7288,18.3644,3.4174
1/1/2022 13:17,55.56002666,13,305.2288587,1501.3909,18.348,2.4893
1/1/2022 13:17,55.56002666,13,305.2243909,1500.708,18.3664,2.5031
1/1/2022 13:17,54.62155691,12,305.2205093,1501.304,18.4609,3.6372
1/1/2022 13:18,54.62155691,12,305.2205981,1502.0427,18.4429,3.6748
1/1/2022 13:18,55.13360339,12,305.2154287,1477.8455,18.285,2.2897
1/1/2022 13:18,55.13360339,13,305.2156152,1467.5319,18.2665,1.9876
1/1/2022 13:18,55.52999623,12,305.2169475,1460.2002,18.2979,0.8955
1/1/2022 13:18,55.52999623,12,305.2167344,1469.7862,18.3103,0.9265
1/1/2022 13:18,54.60969792,11,305.2118935,1498.5212,18.5743,4.5463
1/1/2022 13:19,54.60969792,11,305.2119024,1498.5667,18.5781,5.0331
1/1/2022 13:19,54.56609888,13,305.2109609,1501.4184,18.2861,3.9577
1/1/2022 13:19,54.56609888,13,305.2090245,1501.435,18.2911,3.7725
1/1/2022 13:19,54.11016195,13,305.2068395,1502.4179,18.4784,4.2527
1/1/2022 13:19,54.11016195,13,305.209069,1503.3244,18.5185,4.6306
1/1/2022 13:19,53.44970948,13,305.2146026,1502.0931,18.4601,7.3747
1/1/2022 13:20,53.44970948,13,305.2148957,1501.9926,18.4118,7.2383
1/1/2022 13:20,53.51099541,14,305.2149313,1502.344,18.4185,7.0116
1/1/2022 13:20,53.51099541,13,305.2121511,1502.5686,18.4315,7.1229
1/1/2022 13:20,55.05667407,12,305.2229431,1501.8822,18.4147,7.8678
1/1/2022 13:20,55.05667407,12,305.2257854,1501.3546,18.4081,7.8539
1/1/2022 13:20,54.34599399,12,305.2294182,1500.9402,18.3043,6.41
1/1/2022 13:21,54.34599399,12,305.2284856,1500.669,18.2933,6.1831
1/1/2022 13:21,55.82547956,11,305.212231,1479.1696,18.205,3.0021
1/1/2022 13:21,55.82547956,11,305.2125153,1472.509,18.196,2.5765
1/1/2022 13:21,55.87725008,10,305.2181733,1372.8996,18.2068,-0.1047
1/1/2022 13:21,55.87725008,10,305.2181022,1368.1391,18.2221,-0.2301
1/1/2022 13:21,56.2352639,10,305.2306529,1167.7026,18.1632,-1.4593
1/1/2022 13:22,56.2352639,10,305.2307151,1135.3898,18.1547,-1.6134
1/1/2022 13:22,57.17911378,10,305.2131726,1053.1454,18.2445,-2.0002
1/1/2022 13:22,57.17911378,10,305.2130837,1049.8028,18.2471,-1.986
1/1/2022 13:22,57.1168071,11,305.2237069,1099.8403,18.3058,-1.9482
1/1/2022 13:22,57.1168071,11,305.2233694,1111.5441,18.31,-1.9478
1/1/2022 13:22,57.59354622,13,305.2239912,1167.8124,18.2894,-1.9247
1/1/2022 13:23,57.59354622,13,305.224533,1175.6177,18.2929,-1.9229
1/1/2022 13:23,55.44855169,12,305.2202961,1428.9486,18.4768,1.3409
1/1/2022 13:23,55.44855169,12,305.2199053,1439.1657,18.453,1.5814
1/1/2022 13:23,56.60038334,12,305.2204738,1183.4102,18.1296,-1.1908
1/1/2022 13:23,56.60038334,12,305.2255722,1158.0733,18.1379,-1.4358
1/1/2022 13:23,56.55661468,10,305.2197188,1095.642,18.246,-1.9608
1/1/2022 13:24,56.55661468,10,305.2142207,1098.8086,18.2565,-1.9585
1/1/2022 13:24,56.93241602,12,305.216459,1119.0953,18.289,-1.951
1/1/2022 13:24,56.93241602,12,305.2169031,1129.4799,18.2915,-1.95
1/1/2022 13:24,56.13604422,12,305.2185908,1392.5725,18.4154,-0.2774
1/1/2022 13:24,56.13604422,12,305.2188483,1421.8191,18.4468,0.2451
1/1/2022 13:24,55.93635099,13,305.2212643,1489.6457,18.426,3.272
1/1/2022 13:25,55.93635099,13,305.221513,1484.3857,18.3782,3.0253
1/1/2022 13:25,55.4790623,12,305.2165034,1488.6052,18.3696,1.8491
1/1/2022 13:25,55.4790623,12,305.2162547,1493.1264,18.388,1.9667
1/1/2022 13:25,55.89280666,12,305.2140697,1465.4474,18.2777,0.9785
1/1/2022 13:25,55.89280666,12,305.2151355,1464.3505,18.2802,0.8958
1/1/2022 13:25,55.1388215,11,305.2194612,1483.7559,18.3813,1.8322
1/1/2022 13:26,55.1388215,11,305.2182888,1479.0176,18.3723,1.8038
1/1/2022 13:26,55.92908061,11,305.2129327,1234.928,18.1414,-0.7081
1/1/2022 13:26,55.92908061,11,305.2128972,1194.8071,18.1311,-0.997
1/1/2022 13:26,56.49058319,10,305.2162014,1110.8889,18.259,-1.9774
1/1/2022 13:26,56.49058319,10,305.2159083,1118.2289,18.2662,-1.9728
1/1/2022 13:26,56.39724795,10,305.2233072,1101.36,18.2451,-1.9576
1/1/2022 13:27,56.39724795,10,305.2239823,1079.8235,18.2283,-1.9571
1/1/2022 13:27,56.23565732,10,305.2174982,1020.9097,18.2862,-1.9546
1/1/2022 13:27,56.23565732,10,305.2181644,1056.7419,18.3216,-1.9501
1/1/2022 13:27,56.13924722,10,305.228761,1337.101,18.3674,-0.9155
1/1/2022 13:27,56.13924722,10,305.2276862,1350.5997,18.3534,-0.7586
1/1/2022 13:27,56.55753863,11,305.2266203,1265.9486,18.2197,-1.3488
1/1/2022 13:28,56.55753863,11,305.2267713,1238.1642,18.2057,-1.523
1/1/2022 13:28,56.92056413,10,305.2211133,1172.6017,18.253,-2.0344
1/1/2022 13:28,56.92056413,10,305.2209268,1180.3301,18.2602,-2.0236
1/1/2022 13:28,57.20275187,10,305.221362,1145.4268,18.2092,-1.8998
1/1/2022 13:28,57.20275187,10,305.2216907,1100.6782,18.18,-1.9032
1/1/2022 13:28,55.65240275,8,305.2212732,736.1685,18.1775,-1.9819
1/1/2022 13:29,55.65240275,8,305.2218061,755.9729,18.2263,-1.9771
1/1/2022 13:29,56.07514141,9,305.2170985,909.8164,18.3087,-1.9564
1/1/2022 13:29,56.07514141,9,305.2165567,922.8092,18.3065,-1.9554
1/1/2022 13:29,55.34356055,7,305.2127196,1032.3435,18.2808,-1.952
1/1/2022 13:29,55.34356055,8,305.2131548,996.8709,18.2422,-1.952
1/1/2022 13:29,54.45218985,7,305.2174094,612.0612,18.038,-1.952
1/1/2022 13:30,54.45218985,7,305.2168676,601.8845,18.0511,-1.952
1/1/2022 13:30,55.02376295,7,305.2230941,657.935,18.248,-1.952
1/1/2022 13:30,55.02376295,7,305.2236803,667.2656,18.2668,-1.952
1/1/2022 13:30,55.3747083,6,305.3494024,889.7911,18.3767,-1.952
1/1/2022 13:30,55.3747083,6,305.5206862,911.3045,18.369,-1.952
1/1/2022 13:30,54.84377474,7,307.0865771,765.2435,18.175,-1.952
1/1/2022 13:31,54.84377474,7,307.235084,734.0528,18.1635,-1.952
1/1/2022 13:31,54.37816372,6,309.0769364,564.25,17.796,-1.952
1/1/2022 13:31,54.37816372,6,309.1603936,553.6221,17.6891,-1.952
1/1/2022 13:31,52.97478251,6,309.2017127,480.998,16.8505,-1.952
1/1/2022 13:31,52.97478251,6,309.1947668,478.8155,16.8231,-1.952
1/1/2022 13:31,52.47558223,7,309.2396399,456.9327,16.5603,-1.952
1/1/2022 13:32,52.47558223,7,309.2403772,453.5284,16.5157,-1.952
1/1/2022 13:32,52.50016149,5,309.2447825,439.6185,16.343,-1.952
1/1/2022 13:32,52.50016149,5,309.2465945,439.2764,16.3366,-1.952
1/1/2022 13:32,52.30483803,5,309.204857,433.6484,16.2671,-1.952
1/1/2022 13:32,52.30483803,5,309.2008333,433.13,16.2639,-1.952
1/1/2022 13:32,51.58413057,6,309.2009399,400.1227,15.8685,-1.952
1/1/2022 13:33,51.58413057,6,309.2019347,392.592,15.774,-1.952
1/1/2022 13:33,49.47046298,7,309.1929459,318.6222,14.7231,-1.952
1/1/2022 13:33,49.47046298,8,309.19633,312.7529,14.6268,-1.952
1/1/2022 13:33,49.82165956,8,309.1958149,312.2753,14.5198,-1.952
1/1/2022 13:33,49.82165956,8,309.1954685,318.4487,14.6016,-1.952
1/1/2022 13:33,52.93611329,9,309.2047149,442.1046,16.2332,-1.952
1/1/2022 13:34,52.93611329,9,309.2023345,459.5488,16.4548,-1.952
1/1/2022 13:34,53.75813728,9,309.1977601,572.8183,17.8056,-1.952
1/1/2022 13:34,53.75813728,9,309.1994122,577.9192,17.8639,-1.952
1/1/2022 13:34,52.73560483,7,309.1904766,533.239,17.4591,-1.952
1/1/2022 13:34,52.73560483,7,309.1909207,520.4951,17.3288,-1.952
1/1/2022 13:34,51.27935377,7,309.1906631,426.0415,16.2004,-1.952
1/1/2022 13:35,51.27935377,7,309.1883538,417.581,16.0892,-1.952
1/1/2022 13:35,48.75708617,7,309.1910895,316.2845,14.7007,-1.952
1/1/2022 13:35,48.75708617,7,309.1916846,304.1559,14.5098,-1.952
1/1/2022 13:35,47.27437648,8,309.1944026,230.8883,13.1906,-1.952
1/1/2022 13:35,47.27437648,8,309.1960103,228.5159,13.1378,-1.952
1/1/2022 13:35,49.34150633,9,309.1957172,262.3679,13.6619,-1.952
1/1/2022 13:36,49.34150633,9,309.1939407,272.1324,13.8203,-1.952
1/1/2022 13:36,52.29400262,9,309.1963744,406.7045,15.7722,-1.952
1/1/2022 13:36,52.29400262,9,309.1983108,424.8319,16.0064,-1.952
1/1/2022 13:36,54.47201045,10,309.1980887,581.2089,17.7586,-1.952
1/1/2022 13:36,54.47201045,10,309.1955484,597.8966,17.8816,-1.952
1/1/2022 13:36,55.5034474,12,309.1973781,741.3614,18.305,-1.952
1/1/2022 13:37,55.5034474,12,309.1972716,758.3756,18.3128,-1.952
1/1/2022 13:37,56.74609981,13,309.1967386,1084.0603,18.4253,-1.9415
1/1/2022 13:37,56.74609981,13,309.198977,1111.6913,18.4184,-1.9377
1/1/2022 13:37,56.75818558,13,309.2029296,1342.5703,18.421,-0.1007
1/1/2022 13:37,56.75818558,13,309.2030983,1374.7173,18.4243,0.1748
1/1/2022 13:37,55.23735594,13,309.1966942,1488.5552,18.4192,2.2363
1/1/2022 13:38,55.23735594,13,309.1943671,1494.4571,18.429,2.4505
1/1/2022 13:38,53.59575829,11,309.2019614,1501.2137,18.492,4.7158
1/1/2022 13:38,53.59575829,11,309.2027697,1501.2894,18.4909,4.9285
1/1/2022 13:38,54.72257793,10,309.1520519,1452.5784,18.1915,2.5566
1/1/2022 13:38,54.72257793,10,309.1468913,1431.1351,18.166,2.0288
1/1/2022 13:38,56.7957284,9,309.1792938,1326.3806,18.2286,-0.5827
1/1/2022 13:39,56.7957284,9,309.183735,1315.6242,18.2254,-0.672
1/1/2022 13:39,55.52817142,10,309.1557825,982.8412,18.1035,-1.9185
1/1/2022 13:39,55.52817142,10,309.151368,946.3759,18.1053,-2.0208
1/1/2022 13:39,55.74114669,10,309.1485523,856.459,18.2614,-2.0878
1/1/2022 13:39,55.74114669,10,309.1555515,890.369,18.3033,-2.0831
1/1/2022 13:39,55.88987354,9,309.1969074,1097.7831,18.3302,-2.037
1/1/2022 13:40,55.88987354,10,309.196632,1093.0856,18.3104,-2.037
1/1/2022 13:40,55.32353767,10,309.1911428,936.583,18.1886,-2.037
1/1/2022 13:40,55.32353767,10,309.1843567,895.1199,18.1626,-2.037
1/1/2022 13:40,55.13972519,10,309.1442799,711.2352,18.2285,-2.037
1/1/2022 13:40,55.13972519,10,309.1449017,732.0122,18.2627,-2.037
1/1/2022 13:40,57.27208116,12,309.1381067,1006.1902,18.3715,-2.037
1/1/2022 13:41,57.27208116,12,309.1374406,1022.2461,18.3623,-2.037
1/1/2022 13:41,57.70305255,10,309.1391104,1133.6254,18.3304,-2.0254
1/1/2022 13:41,57.70305255,10,309.1391726,1154.8476,18.3345,-2.0172
1/1/2022 13:41,57.09810597,10,309.1413132,962.6275,18.1461,-1.9255
1/1/2022 13:41,57.09810597,10,309.1412155,913.5005,18.125,-1.9207
1/1/2022 13:41,56.5221911,9,309.1747639,1181.8025,18.4424,-1.1031
1/1/2022 13:42,56.5221911,9,309.1819319,1240.9613,18.4582,-0.9244
1/1/2022 13:42,56.86474331,11,309.2081257,1256.695,18.2142,-0.9722
1/1/2022 13:42,56.86474331,11,309.2016061,1232.1546,18.2003,-1.1603
1/1/2022 13:42,57.92252084,9,309.178903,1146.1667,18.2441,-1.949
1/1/2022 13:42,57.92252084,9,309.1852272,1146.8026,18.2526,-1.9421
1/1/2022 13:42,56.00037727,9,309.1808482,1031.6891,18.2059,-1.9251
1/1/2022 13:43,56.00037727,9,309.178148,1004.8338,18.1955,-1.9239
1/1/2022 13:43,55.67484882,9,309.1847742,859.0232,18.2243,-1.9165
1/1/2022 13:43,55.67484882,9,309.1861598,855.3256,18.2301,-1.9158
1/1/2022 13:43,55.69905722,9,309.1867194,955.7722,18.3292,-1.9117
1/1/2022 13:43,55.69905722,9,309.1857335,984.3691,18.3436,-1.9115
1/1/2022 13:43,55.45032426,8,309.1840725,1106.9769,18.2965,-1.911
1/1/2022 13:44,55.45032426,8,309.1845877,1094.5404,18.2787,-1.911
1/1/2022 13:44,55.21496595,9,309.1848097,892.8466,18.1745,-1.911
1/1/2022 13:44,55.21496595,9,309.1838949,867.7575,18.1728,-1.911
1/1/2022 13:44,55.30127334,8,309.1859733,823.9325,18.2875,-1.911
1/1/2022 13:44,55.30127334,8,309.1869415,851.5225,18.316,-1.911
1/1/2022 13:44,56.28912283,10,309.1885048,1084.5694,18.3552,-1.911
1/1/2022 13:45,56.28912283,10,309.1880251,1086.6643,18.3316,-1.911
1/1/2022 13:45,56.21210802,11,309.1850584,1051.4139,18.2575,-1.911
1/1/2022 13:45,56.21210802,11,309.1839393,1077.9237,18.2837,-1.9109
1/1/2022 13:45,56.03301188,11,309.5523946,1329.2438,18.3741,-1.2337
1/1/2022 13:45,56.03301188,11,309.6774605,1332.4941,18.3534,-1.1141
1/1/2022 13:45,56.01407168,11,310.4084671,1385.8007,18.2935,-0.4458
1/1/2022 13:46,56.01407168,11,310.4027558,1402.6895,18.3055,-0.2498
1/1/2022 13:46,55.40511453,11,310.323979,1466.5143,18.3222,1.065
1/1/2022 13:46,55.40511453,11,310.3215985,1453.0722,18.3055,0.9774
1/1/2022 13:46,55.80527853,11,310.3860128,1330.3454,18.2414,-0.5189
1/1/2022 13:46,55.80527853,11,310.3860394,1332.9293,18.2478,-0.5936
1/1/2022 13:46,56.79223281,12,310.3730802,1327.7456,18.2337,-0.778
1/1/2022 13:47,56.79223281,12,310.380035,1320.1734,18.2353,-0.9284
1/1/2022 13:47,56.06260478,11,310.3666938,1381.6178,18.2983,-0.3928
1/1/2022 13:47,56.06260478,11,310.3664451,1383.8037,18.292,-0.2833
1/1/2022 13:47,56.87327757,11,310.4075878,1285.0363,18.2329,-1.4837
1/1/2022 13:47,56.87327757,11,310.4105811,1284.7616,18.2414,-1.5906
1/1/2022 13:47,55.84392731,9,310.4286832,1355.635,18.2912,-0.5316
1/1/2022 13:48,55.84392731,9,310.4257876,1339.3506,18.2715,-0.4736
1/1/2022 13:48,55.79188458,10,310.3753629,1015.7379,18.122,-1.9511
1/1/2022 13:48,55.79188458,11,310.3798218,981.6835,18.1233,-2.0313
1/1/2022 13:48,56.62558391,12,310.4296514,916.1547,18.2938,-2.0892
1/1/2022 13:48,56.62558391,12,310.4204404,942.1604,18.3154,-2.0912
1/1/2022 13:48,57.64208348,10,310.3842629,1149.8939,18.3358,-2.0619
1/1/2022 13:49,57.64208348,10,310.3824066,1166.1123,18.3353,-2.0459
1/1/2022 13:49,56.9136088,9,310.37634,1273.7473,18.299,-1.9019
1/1/2022 13:49,56.9136088,9,310.3755938,1267.3331,18.2849,-1.909
1/1/2022 13:49,56.14543318,10,317.6834037,939.9076,18.3366,-1.961
1/1/2022 13:49,56.14543318,10,317.6894614,985.3715,18.3647,-1.958
1/1/2022 13:49,56.51742792,9,317.6740241,1196.5307,18.3268,-1.7185
1/1/2022 13:50,56.51742792,8,317.6746458,1178.0135,18.2942,-1.7251
1/1/2022 13:50,55.72033238,9,317.6929167,856.49,18.1129,-1.9891
1/1/2022 13:50,55.72033238,9,317.6928722,805.7744,18.0986,-1.9871
1/1/2022 13:50,55.28964466,10,317.7078033,646.8936,18.2217,-1.9741
1/1/2022 13:50,55.28964466,10,317.7076257,645.3781,18.2272,-1.9737
1/1/2022 13:50,55.98281551,11,317.7121112,766.2781,18.3027,-1.973
1/1/2022 13:51,55.98281551,11,317.7085583,827.0303,18.3458,-1.9715
1/1/2022 13:51,56.66281241,12,317.6898789,1070.627,18.3211,-1.926
1/1/2022 13:51,56.66281241,12,317.6928367,1069.4279,18.3022,-1.9204
1/1/2022 13:51,56.76405455,13,317.7118625,1340.3323,18.3841,-0.6883
1/1/2022 13:51,56.76405455,13,317.7086472,1333.8755,18.35,-0.5939
1/1/2022 13:51,57.57041363,13,317.7077145,1272.4534,18.293,-1.1334
1/1/2022 13:52,57.57041363,13,317.7134258,1309.5059,18.3377,-0.8816
1/1/2022 13:52,57.13811419,11,318.9523696,1396.0893,18.0465,1.7209
1/1/2022 13:52,57.13811419,12,318.9174001,1286.481,17.9628,0.1748
1/1/2022 13:52,58.5685649,14,318.8829369,931.9971,18.1223,-1.9329
1/1/2022 13:52,58.5685649,14,318.8992625,1037.055,18.2913,-1.5363
1/1/2022 13:52,54.7974774,13,318.8935068,1494.9504,18.7066,4.1924
1/1/2022 13:53,54.7974774,13,318.8906822,1501.5129,18.6472,5.2932
1/1/2022 13:53,54.68173446,13,318.896287,1500.2052,18.391,5.1802
1/1/2022 13:53,54.68173446,13,318.8847222,1498.7935,18.4074,5.2628
1/1/2022 13:53,55.22297238,13,318.8689917,1504.3131,18.3903,5.4011
1/1/2022 13:53,55.22297238,13,318.8818266,1504.6268,18.3985,5.4401
1/1/2022 13:53,54.1663814,12,318.9642541,1497.1731,18.3601,5.6212
1/1/2022 13:54,54.1663814,11,319.0004582,1498.569,18.3386,5.3104
1/1/2022 13:54,54.7386899,9,319.7038395,1500.7384,18.3566,4.4778
1/1/2022 13:54,54.7386899,9,319.8961579,1500.6614,18.3077,3.8929
1/1/2022 13:54,57.21069631,9,320.0256235,1228.9077,18.0831,-0.1433
1/1/2022 13:54,57.21069631,9,320.0277108,1141.3793,18.0865,-0.9377
1/1/2022 13:54,56.8077235,12,320.0130107,1113.3109,18.2991,-1.9499
1/1/2022 13:55,56.8077235,12,319.9973601,1177.5451,18.3463,-1.6849
1/1/2022 13:55,57.52978944,10,319.9972624,1363.6757,18.3353,-0.8151
1/1/2022 13:55,57.52978944,10,319.996161,1387.1128,18.3477,-0.318
1/1/2022 13:55,55.63615451,9,319.9734668,1450.1088,18.3667,1.3486
1/1/2022 13:55,55.63615451,9,319.9816296,1395.4969,18.2838,0.9222
1/1/2022 13:55,56.79036959,13,321.0229842,1052.662,18.1138,-1.5449
1/1/2022 13:56,56.79036959,14,323.1571581,1026.3434,18.1587,-1.8765
1/1/2022 13:56,54.48576734,16,330.7665295,1505.2793,18.966,10.2015
1/1/2022 13:56,54.48576734,15,330.7691231,1500.9502,18.9156,11.9069
1/1/2022 13:56,55.2028946,13,330.7673378,1473.1124,18.0072,8.2708
1/1/2022 13:56,55.2028946,13,330.7638026,1438.4012,17.8317,5.6763
1/1/2022 13:56,57.02429467,11,330.76732,1364.2935,18.1004,-0.1006
1/1/2022 13:57,57.02429467,12,330.7690698,1370.551,18.1948,-0.0876
1/1/2022 13:57,57.4965467,14,330.7765665,1246.077,18.2076,-1.1294
1/1/2022 13:57,57.4965467,14,330.7838943,1243.1355,18.2242,-1.5223
1/1/2022 13:57,57.91576535,12,330.8196188,1381.4093,18.3284,-0.5454
1/1/2022 13:57,57.91576535,12,330.8254545,1414.5774,18.4055,0.4945
1/1/2022 13:57,55.23525913,11,330.8364951,1491.2183,18.4778,4.377
1/1/2022 13:58,55.23525913,11,330.8359267,1468.2988,18.3446,3.7732
1/1/2022 13:58,57.34463717,10,330.8361843,1298.5248,18.1239,-0.5247
1/1/2022 13:58,57.34463717,10,330.8367083,1252.0045,18.1545,-1.084
1/1/2022 13:58,57.37216907,10,330.8368504,1112.1731,18.2044,-2.03
1/1/2022 13:58,57.37216907,10,330.8368327,1096.4263,18.2112,-2.0111
1/1/2022 13:58,57.73593712,11,330.8378453,1118.923,18.2652,-1.9624
1/1/2022 13:59,57.73593712,11,330.8330488,1100.8802,18.2521,-1.9597
1/1/2022 13:59,56.99016288,13,330.8337328,1032.9442,18.2674,-1.957
1/1/2022 13:59,56.99016288,14,330.8373656,1053.4449,18.2896,-1.957
1/1/2022 13:59,57.59616768,13,330.8361132,1240.4054,18.3693,-1.226
1/1/2022 13:59,57.59616768,12,330.8370725,1322.0918,18.4024,-0.6186
1/1/2022 13:59,57.83476133,13,330.8347187,1397.1219,18.2834,0.41
1/1/2022 14:00,57.83476133,13,330.8356691,1379.5268,18.2613,0.0715
1/1/2022 14:00,55.89433054,13,330.8340703,1481.1821,18.4161,1.4089
1/1/2022 14:00,55.89433054,12,330.8331821,1499.8558,18.4397,2.0525
1/1/2022 14:00,55.82683844,11,330.8363442,1496.0314,18.3734,2.3587
1/1/2022 14:00,55.82683844,11,330.8369393,1468.242,18.3249,1.9823
1/1/2022 14:00,56.36058281,10,330.8355447,1212.3854,18.1497,-0.9482
1/1/2022 14:01,56.36058281,10,330.8350029,1157.0896,18.146,-1.4978
1/1/2022 14:01,56.23844945,10,330.8295048,895.5388,18.117,-2.0048
1/1/2022 14:01,56.23844945,11,330.8303042,852.0673,18.1453,-1.9975
1/1/2022 14:01,57.18707479,11,330.836131,1058.6873,18.386,-1.9864
1/1/2022 14:01,57.18707479,11,330.8347542,1095.7542,18.3751,-1.986
1/1/2022 14:01,56.92779401,10,330.8378541,1057.9083,18.273,-1.986
1/1/2022 14:02,56.92779401,10,330.8378097,1085.1413,18.2933,-1.986
1/1/2022 14:02,56.99045819,11,330.8311214,1173.4908,18.2922,-1.959
1/1/2022 14:02,56.99045819,11,330.8322139,1150.3226,18.2616,-1.9442
1/1/2022 14:02,56.05364058,11,330.8353937,1046.992,18.2095,-1.9279
1/1/2022 14:02,56.05364058,11,330.8351983,1009.3597,18.2003,-1.9509
1/1/2022 14:02,56.04048882,11,330.8342302,832.4653,18.2003,-2.0542
1/1/2022 14:03,56.04048882,11,330.8340792,860.9651,18.2581,-2.0653
1/1/2022 14:03,56.72352284,11,330.8293183,1063.7714,18.349,-2.0918
1/1/2022 14:03,56.72352284,11,330.8285011,1071.7516,18.3193,-2.0945
1/1/2022 14:03,58.20331569,11,330.8342391,1168.0658,18.3256,-1.9871
1/1/2022 14:03,58.20331569,11,330.835145,1210.6267,18.3376,-1.9483
1/1/2022 14:03,57.80542968,10,330.8372768,1231.4441,18.263,-1.9243
1/1/2022 14:04,57.80542968,10,330.8379163,1202.1012,18.2362,-1.9449
1/1/2022 14:04,56.40834935,12,330.8357579,995.4702,18.1816,-1.9829
1/1/2022 14:04,56.40834935,12,330.8344522,969.0234,18.193,-1.9748
1/1/2022 14:04,57.6004508,13,330.8332798,1144.6678,18.3723,-1.9557
1/1/2022 14:04,57.6004508,13,330.8339815,1206.2748,18.3819,-1.9378
1/1/2022 14:04,56.85858255,13,330.8368593,1426.0356,18.4526,0.5096
1/1/2022 14:05,56.85858255,12,330.8363353,1463.5439,18.4919,1.6541
1/1/2022 14:05,55.52338372,11,330.8322405,1500.4389,18.5023,4.3489
1/1/2022 14:05,55.52338372,11,330.833413,1499.4532,18.4931,4.7223
1/1/2022 14:05,55.43681606,12,330.8418423,1496.6507,18.2566,3.1256
1/1/2022 14:05,55.43681606,12,330.8398349,1492.9852,18.2104,2.1967
1/1/2022 14:05,56.09785096,11,330.8207025,1491.232,18.3829,1.8534
1/1/2022 14:06,56.09785096,11,330.8215374,1495.2385,18.4243,2.4068
1/1/2022 14:06,55.64667272,10,330.8267424,1492.3097,18.3358,2.4179
1/1/2022 14:06,55.64667272,10,330.8268845,1475.2491,18.2817,1.7989
1/1/2022 14:06,56.49081167,10,330.8303131,1308.56,18.1832,-0.344
1/1/2022 14:06,56.49081167,11,330.8311747,1268.1619,18.1855,-0.8889
1/1/2022 14:06,57.92306648,14,330.8335906,1215.151,18.2428,-2.0025
1/1/2022 14:07,57.92306648,14,330.8330666,1218.0741,18.2555,-1.9998
1/1/2022 14:07,56.56870441,13,330.8312457,1417.9021,18.6085,1.8795
1/1/2022 14:07,56.56870441,12,330.8264138,1470.1245,18.6819,3.8196
1/1/2022 14:07,55.03529205,11,330.8256677,1490.32,18.2228,4.3171
1/1/2022 14:07,55.03529205,11,330.8297269,1488.7755,18.1315,2.962
1/1/2022 14:07,56.33022933,12,330.8314234,1481.3533,18.2702,1.0936
1/1/2022 14:08,56.33022933,13,330.8319208,1487.6733,18.3256,1.2998
1/1/2022 14:08,55.20429778,12,330.8355625,1499.907,18.444,2.9693
1/1/2022 14:08,55.20429778,12,330.8359267,1498.974,18.4196,2.9774
1/1/2022 14:08,55.04237192,14,330.8244863,1504.5189,18.6311,5.2081
1/1/2022 14:08,55.04237192,14,330.8242998,1503.0598,18.7245,6.7881
1/1/2022 14:08,54.07630833,13,330.8266714,1497.9584,18.434,8.9814
1/1/2022 14:09,54.07630833,13,330.8259608,1499.0671,18.3107,8.3594
1/1/2022 14:09,54.33048691,14,330.8353049,1500.0505,18.321,6.823
1/1/2022 14:09,54.33048691,14,330.8257476,1499.0323,18.37,6.8776
1/1/2022 14:09,54.00347047,14,330.8155508,1499.5614,18.5788,8.6666
1/1/2022 14:09,54.00347047,14,330.8256588,1500.4399,18.6063,9.4241
1/1/2022 14:09,53.8658814,11,330.8227187,1501.0066,18.3952,10.6056
1/1/2022 14:10,53.8658814,10,330.8111451,1500.4606,18.3119,10.1163
1/1/2022 14:10,58.02573391,11,330.8221236,1500.9142,18.1029,6.2577
1/1/2022 14:10,58.02573391,11,330.8339193,1500.5263,18.0881,4.9597
1/1/2022 14:10,56.75004047,12,330.8359622,1451.81,18.1464,0.8763
1/1/2022 14:10,56.75004047,12,330.8367794,1436.5496,18.1819,0.6415
1/1/2022 14:10,56.14069233,12,330.8360422,1429.0062,18.2927,0.6399
1/1/2022 14:11,56.14069233,12,330.8349408,1445.5669,18.3374,0.837
1/1/2022 14:11,55.47061208,11,330.8274086,1500.6313,18.4969,3.1556
1/1/2022 14:11,55.47061208,11,330.8267602,1501.296,18.4938,3.6542
1/1/2022 14:11,56.78526405,11,330.8415669,1496.2778,18.3657,3.9343
1/1/2022 14:11,56.78526405,11,330.8425706,1484.2008,18.2934,3.2563
1/1/2022 14:11,56.57751251,10,330.8355003,1353.4737,18.1538,0.0898
1/1/2022 14:12,56.57751251,10,330.8355447,1325.3776,18.1861,-0.3766
1/1/2022 14:12,56.59391408,11,330.8362109,1399.1029,18.3094,-0.2222
1/1/2022 14:12,56.59391408,11,330.8378008,1426.9087,18.3179,0.1331
1/1/2022 14:12,55.54017903,11,330.8384581,1472.3311,18.3129,0.7521
1/1/2022 14:12,55.54017903,11,330.836655,1483.8575,18.3321,0.9533
1/1/2022 14:12,55.22862828,11,330.8367083,1481.8708,18.3731,1.5497
1/1/2022 14:13,55.22862828,11,330.8362553,1448.9001,18.3291,1.3551
1/1/2022 14:13,55.54922585,10,330.8340969,1425.5761,18.2686,0.5154
1/1/2022 14:13,55.54922585,10,330.8371524,1429.7243,18.2718,0.5058
1/1/2022 14:13,57.11590216,10,330.8418956,1313.2286,18.2065,-0.6128
1/1/2022 14:13,57.11590216,11,330.8396484,1299.755,18.2202,-1.026
1/1/2022 14:13,57.66866226,12,330.8400214,1229.0757,18.2374,-1.9881
1/1/2022 14:14,57.66866226,12,330.8395507,1218.64,18.2434,-2.0491
1/1/2022 14:14,56.81658981,13,330.8331465,1337.9865,18.3371,-1.1033
1/1/2022 14:14,56.81658981,13,330.8336617,1385.9181,18.3507,-0.5946
1/1/2022 14:14,56.60727533,13,330.8369926,1437.9691,18.2836,0.4704
1/1/2022 14:14,56.60727533,12,330.8361843,1427.5685,18.2622,0.4154
1/1/2022 14:14,56.9141733,11,330.8390977,1445.4803,18.2909,0.672
1/1/2022 14:15,56.9141733,11,330.8340969,1410.816,18.2601,0.6111
1/1/2022 14:15,58.20381852,10,330.8140141,1228.4872,18.2135,-1.3179
1/1/2022 14:15,58.20381852,10,330.8141651,1234.7436,18.2481,-1.5834
1/1/2022 14:15,57.57120113,12,330.7949616,1103.7657,18.1764,-1.8928
1/1/2022 14:15,57.57120113,12,330.7898899,1073.0181,18.1842,-1.9999
1/1/2022 14:15,57.34980406,11,330.8093865,1341.787,18.4063,-0.6851
1/1/2022 14:16,57.34980406,10,330.8200452,1411.772,18.4138,-0.0877
1/1/2022 14:16,55.48551383,11,330.8325692,1398.0669,18.2404,0.677
1/1/2022 14:16,55.48551383,11,330.8318586,1322.0719,18.1805,0.1644
1/1/2022 14:16,55.90847239,10,330.8315388,965.6089,18.1082,-1.9623
1/1/2022 14:16,55.90847239,10,330.8321872,911.1732,18.1355,-2.0469
1/1/2022 14:16,55.81118264,9,330.828279,870.8986,18.2582,-1.9664
1/1/2022 14:17,55.81118264,10,330.8272043,866.2683,18.2602,-1.96
1/1/2022 14:17,56.07417601,12,330.8328623,799.648,18.2449,-1.9519
1/1/2022 14:17,56.07417601,12,330.829416,856.6514,18.3044,-1.952
1/1/2022 14:17,56.3618788,11,330.831148,1307.2536,18.4745,-0.8916
1/1/2022 14:17,56.3618788,12,330.8352516,1352.2082,18.4246,-0.5599
1/1/2022 14:17,56.26518107,13,330.8292206,1211.6248,18.1883,-1.2916
1/1/2022 14:18,56.26518107,13,330.8291495,1177.02,18.1923,-1.6469
1/1/2022 14:18,57.49097999,13,330.834692,1334.3639,18.3659,-0.8919
1/1/2022 14:18,57.49097999,13,330.8348963,1385.1921,18.3692,-0.4507
1/1/2022 14:18,55.99375326,12,330.8270355,1461.27,18.3369,0.8066
1/1/2022 14:18,55.99375326,12,330.8219193,1469.3577,18.3325,0.9409
1/1/2022 14:18,56.29654407,12,330.8262894,1386.6399,18.2352,0.1737
1/1/2022 14:19,56.29654407,12,330.8256588,1372.8549,18.2381,-0.1653
1/1/2022 14:19,55.94039512,10,330.8795653,1402.2845,18.2926,-0.2789
1/1/2022 14:19,55.94039512,10,330.8945053,1395.9441,18.2776,-0.1138
1/1/2022 14:19,57.30325141,10,330.8745113,1273.1429,18.2088,-1.1477
1/1/2022 14:19,57.30325141,10,330.8703011,1268.1446,18.2338,-1.5118
1/1/2022 14:19,56.49026444,10,330.8580435,1345.6457,18.3101,-1.1259
1/1/2022 14:20,56.49026444,10,330.8571731,1347.2364,18.2939,-0.8827
1/1/2022 14:20,56.7982066,11,330.8567378,1190.1789,18.1849,-1.5633
1/1/2022 14:20,56.7982066,12,330.8575905,1162.4821,18.199,-1.8303
1/1/2022 14:20,56.83686957,12,330.8607349,1134.956,18.2613,-1.9892
1/1/2022 14:20,56.83686957,11,330.8612589,1142.1385,18.2717,-1.9836
1/1/2022 14:20,56.2670501,10,330.8589762,1144.7691,18.2593,-1.9701
1/1/2022 14:21,56.2670501,10,330.8574129,1121.3248,18.2362,-1.9683
1/1/2022 14:21,56.12788521,10,330.8591716,1004.3421,18.2109,-1.9626
1/1/2022 14:21,56.12788521,11,330.8587985,969.6285,18.2078,-1.9616
1/1/2022 14:21,55.93561867,11,330.8610458,872.0968,18.2478,-1.9581
1/1/2022 14:21,55.93561867,10,330.8616942,886.0432,18.273,-1.9574
1/1/2022 14:21,56.65329904,10,330.857706,921.9841,18.2686,-1.9564
1/1/2022 14:22,56.65329904,10,330.8584255,917.5354,18.2657,-1.9564
1/1/2022 14:22,57.01208668,10,330.8591094,1025.3216,18.3295,-1.956
1/1/2022 14:22,57.01208668,10,330.8586564,1030.3184,18.305,-1.956
1/1/2022 14:22,56.69262098,10,330.8589051,977.6344,18.236,-1.956
1/1/2022 14:22,56.69262098,10,330.8599799,983.6515,18.2522,-1.956
1/1/2022 14:22,56.86582565,10,330.8579103,1049.4112,18.2894,-1.956
1/1/2022 14:23,56.86582565,10,330.8569866,1054.3859,18.2868,-1.956
1/1/2022 14:23,55.61825225,10,330.857333,1016.9806,18.2547,-1.956
1/1/2022 14:23,55.61825225,10,330.856276,1012.7685,18.257,-1.956
1/1/2022 14:23,56.10197325,11,330.8571731,1100.341,18.3035,-1.956
1/1/2022 14:23,56.10197325,11,330.8577948,1088.3235,18.2748,-1.956
1/1/2022 14:23,56.83972926,12,330.857404,1031.5797,18.2624,-1.956
1/1/2022 14:24,56.83972926,12,330.8574662,1061.8285,18.2922,-1.956
1/1/2022 14:24,57.92613119,11,330.8594114,1231.4541,18.3482,-1.8193
1/1/2022 14:24,57.92613119,11,330.8590295,1261.6472,18.3399,-1.7321
1/1/2022 14:24,57.1904128,11,330.8585321,1318.6568,18.2922,-1.4513
1/1/2022 14:24,57.1904128,11,330.8583633,1322.9591,18.2843,-1.3364
1/1/2022 14:24,57.13865536,11,330.861854,1268.1904,18.2388,-1.6699
1/1/2022 14:25,57.13865536,11,330.8630531,1256.5814,18.2446,-1.8832
1/1/2022 14:25,57.37542038,12,330.8578925,1178.4543,18.2213,-1.9891
1/1/2022 14:25,57.37542038,12,330.8576883,1178.2014,18.2419,-1.9809
1/1/2022 14:25,56.79653319,12,330.8593048,1339.9914,18.3503,-0.9591
1/1/2022 14:25,56.79653319,12,330.8603618,1344.5252,18.3214,-0.6843
1/1/2022 14:25,56.50444554,13,330.8585232,1226.4473,18.2247,-1.6075
1/1/2022 14:26,56.50444554,13,330.8579014,1219.0951,18.2359,-1.8938
1/1/2022 14:26,57.10570133,13,330.861783,1195.1924,18.247,-2.0093
1/1/2022 14:26,57.10570133,13,330.8634795,1195.6487,18.2497,-2.0021
1/1/2022 14:26,57.1083971,12,330.8621738,1402.3316,18.4013,-0.1591
1/1/2022 14:26,57.1083971,12,330.8602463,1458.471,18.4727,0.9736
1/1/2022 14:26,54.94193773,12,330.8608681,1433.5798,18.3433,2.5758
1/1/2022 14:27,54.94193773,12,330.8608415,1376.8306,18.2321,1.6659
1/1/2022 14:27,58.11150904,12,330.8601575,1194.0197,18.1957,-1.7549
1/1/2022 14:27,58.11150904,12,330.8613033,1200.8631,18.2423,-1.9778
1/1/2022 14:27,58.61301002,14,330.8613744,1267.8699,18.2932,-1.9387
1/1/2022 14:27,58.61301002,15,330.8598289,1285.1396,18.2934,-1.8891
1/1/2022 14:27,55.96237975,14,330.8596779,1464.4438,18.6581,3.5748
1/1/2022 14:28,55.96237975,13,330.8596779,1498.0092,18.748,5.755
1/1/2022 14:28,54.40343197,13,330.8642434,1495.8438,18.4821,8.9232
1/1/2022 14:28,54.40343197,13,330.862911,1494.237,18.359,8.3934
1/1/2022 14:28,54.79899932,13,330.8638081,1501.2841,18.1882,4.8571
1/1/2022 14:28,54.79899932,13,330.8676453,1500.3957,18.2505,4.5107
1/1/2022 14:28,55.91638262,13,330.8649273,1498.5844,18.4754,5.4124
1/1/2022 14:29,55.91638262,13,330.8619517,1499.3621,18.4774,5.763
1/1/2022 14:29,54.69676253,13,330.873401,1502.4577,18.3007,4.4806
1/1/2022 14:29,54.69676253,12,330.8802848,1502.5758,18.3299,4.3271
1/1/2022 14:29,54.98473671,11,330.8807466,1500.6381,18.3513,3.841
1/1/2022 14:29,54.98473671,12,330.8782329,1502.4363,18.3055,3.2894
1/1/2022 14:29,57.05887726,14,330.8778421,1270.8131,18.1396,0.3981
1/1/2022 14:30,57.05887726,14,330.877176,1217.6431,18.1284,-0.5968
1/1/2022 14:30,55.70204086,14,330.8799916,1442.2753,18.6759,3.5992
1/1/2022 14:30,55.70204086,14,330.8808976,1493.0129,18.6375,4.8021
1/1/2022 14:30,54.34004781,14,330.880267,1502.3457,18.4131,5.337
1/1/2022 14:30,54.34004781,14,330.8812352,1502.2827,18.4669,5.827
1/1/2022 14:30,53.94473038,13,330.8788902,1501.157,18.38,5.9754
1/1/2022 14:31,53.94473038,13,330.8741293,1501.9135,18.3891,5.973
1/1/2022 14:31,53.85788167,12,332.5355688,1499.438,18.4345,6.8626
1/1/2022 14:31,53.85788167,12,333.5706598,1500.3061,18.3578,6.4574
1/1/2022 14:31,54.97433297,11,336.0125507,1497.1181,18.1959,3.6148
1/1/2022 14:31,54.97433297,11,336.0087047,1487.9126,18.2125,2.8911
1/1/2022 14:31,58.71464174,11,336.0100193,1251.0454,18.1119,-0.4505
1/1/2022 14:32,58.71464174,12,336.0099304,1167.2639,18.1041,-1.0296
1/1/2022 14:32,56.72026106,12,336.0074701,990.6642,18.1935,-2.0047
1/1/2022 14:32,56.72026106,11,336.0075944,995.0024,18.2365,-1.9892
1/1/2022 14:32,57.52587912,11,336.0057114,1143.2393,18.3334,-1.9556
1/1/2022 14:32,57.52587912,11,336.0008883,1155.0077,18.3132,-1.9407
1/1/2022 14:32,57.25229299,13,335.9810453,1237.7331,18.3324,-1.7057
1/1/2022 14:33,57.25229299,13,335.9773947,1297.382,18.3663,-1.3014
1/1/2022 14:33,55.99434129,12,335.9645953,1400.9827,18.3095,0.0657
1/1/2022 14:33,55.99434129,12,335.9631031,1384.4257,18.2713,0.0531
1/1/2022 14:33,58.03384394,12,335.9710616,1311.1207,18.2317,-0.8214
1/1/2022 14:33,58.03384394,12,335.9632808,1308.8953,18.2455,-1.0735
1/1/2022 14:33,57.37332656,13,335.9406043,1365.3177,18.335,-0.7065
1/1/2022 14:34,57.37332656,13,335.9437842,1401.2741,18.4176,0.3281
1/1/2022 14:34,54.08438216,13,335.9291728,1497.0548,18.5963,5.3652
1/1/2022 14:34,54.08438216,13,335.925238,1495.5658,18.5176,5.5823
1/1/2022 14:34,53.98869838,12,335.9318464,1501.2876,18.3281,4.5002
1/1/2022 14:34,53.98869838,12,335.9316776,1502.3589,18.3403,4.2942
1/1/2022 14:34,53.68347691,11,335.9175104,1499.8709,18.3758,4.1732
1/1/2022 14:35,53.68347691,11,335.923124,1498.7801,18.3552,3.9374
1/1/2022 14:35,55.72102855,13,335.9218716,1493.3401,18.2748,1.817
1/1/2022 14:35,55.72102855,13,335.9162225,1493.2589,18.2965,1.5557
1/1/2022 14:35,55.87478646,12,335.9390144,1499.2982,18.4472,2.3944
1/1/2022 14:35,55.87478646,11,335.9435976,1497.6925,18.4569,2.7622
1/1/2022 14:35,56.64324198,12,335.9294482,1414.2065,18.223,0.968
1/1/2022 14:36,56.64324198,12,335.9252646,1404.8051,18.2021,0.4495
1/1/2022 14:36,55.83445446,12,335.924332,1410.2288,18.2544,0.5748
1/1/2022 14:36,55.83445446,12,335.9283912,1390.5404,18.2381,0.2996
1/1/2022 14:36,56.14345954,12,335.9268723,1412.5979,18.3152,-0.0342
1/1/2022 14:36,56.14345954,11,335.9270944,1432.6739,18.3317,0.2544
1/1/2022 14:36,56.73570982,11,335.9422298,1441.0225,18.3089,0.7664
1/1/2022 14:37,56.73570982,11,335.9473992,1429.2663,18.2959,0.7281
1/1/2022 14:37,56.765438,12,335.9454451,1330.9764,18.2279,-0.3814
1/1/2022 14:37,56.765438,12,335.9403645,1304.8629,18.2211,-0.817
1/1/2022 14:37,57.54050602,13,335.9274585,1291.1453,18.2713,-1.5771
1/1/2022 14:37,57.54050602,13,335.9176436,1320.4839,18.2946,-1.4087
1/1/2022 14:37,56.38398806,12,335.8714025,1068.4095,18.258,-1.9971
1/1/2022 14:38,56.38398806,13,335.8712782,1064.8583,18.2573,-1.9952
1/1/2022 14:38,57.05802579,12,335.8691731,1079.0969,18.2826,-1.994
1/1/2022 14:38,57.05802579,12,335.8649629,1095.7203,18.2947,-1.994
1/1/2022 14:38,57.52189755,11,335.8603885,1156.7671,18.2947,-1.994
1/1/2022 14:38,57.52189755,11,335.8645365,1164.9422,18.2868,-1.994
1/1/2022 14:38,57.42997347,12,335.8608149,1171.419,18.2758,-1.9898
1/1/2022 14:39,57.42997347,12,335.8528386,1184.4396,18.2858,-1.977
1/1/2022 14:39,58.01893468,11,335.8140675,1282.6911,18.3129,-1.8093
1/1/2022 14:39,58.01893468,11,335.8142362,1306.5227,18.3097,-1.6716
1/1/2022 14:39,55.72826846,11,335.8620761,1473.5886,18.4397,1.4682
1/1/2022 14:39,55.72826846,11,335.8757282,1497.0642,18.4371,1.9679
1/1/2022 14:39,57.98567793,11,335.8753907,1466.9743,18.272,0.9178
1/1/2022 14:40,57.98567793,12,335.872646,1463.2447,18.2661,0.7652
1/1/2022 14:40,56.89010849,12,335.8680628,1452.1678,18.2683,0.6267
1/1/2022 14:40,56.89010849,12,335.8653981,1448.5629,18.2693,0.6194
1/1/2022 14:40,54.72071843,10,335.8992129,1489.2133,18.3606,3.4446
1/1/2022 14:40,54.72071843,10,335.8999679,1430.8507,18.2616,2.7156
1/1/2022 14:40,56.88441323,10,335.8965127,1179.6425,18.1206,-1.4226
1/1/2022 14:41,56.88441323,10,335.895962,1172.7764,18.1813,-1.9003
1/1/2022 14:41,57.02284157,10,335.8937681,1096.0968,18.2089,-1.9881
1/1/2022 14:41,57.02284157,10,335.8943543,1070.931,18.206,-1.971
1/1/2022 14:41,56.0583162,10,335.8934394,1058.6693,18.2609,-1.961
1/1/2022 14:41,56.0583162,10,335.8929332,1057.2115,18.2618,-1.9596
1/1/2022 14:41,56.13555665,11,335.8939102,1073.145,18.2833,-1.9559
1/1/2022 14:42,56.13555665,11,335.8924713,1060.8779,18.2689,-1.9553
1/1/2022 14:42,55.88833821,11,335.8910945,871.6642,18.1654,-1.955
1/1/2022 14:42,55.88833821,11,335.8920005,839.9407,18.1834,-1.955
1/1/2022 14:42,55.89020604,11,335.8907481,871.5053,18.3028,-1.955
1/1/2022 14:42,55.89020604,11,335.8920538,875.9381,18.2947,-1.955
1/1/2022 14:42,55.58871477,11,335.8932707,795.4073,18.2179,-1.955
1/1/2022 14:43,55.58871477,11,335.8931108,779.6622,18.2274,-1.955
1/1/2022 14:43,55.23140471,10,335.8929332,773.2728,18.2695,-1.955
1/1/2022 14:43,55.23140471,10,335.8940612,793.9445,18.2857,-1.955
1/1/2022 14:43,56.00342617,10,335.8917518,936.9385,18.3386,-1.955
1/1/2022 14:43,56.00342617,9,335.8906326,969.7935,18.3359,-1.955
1/1/2022 14:43,56.68205535,8,335.8969035,1046.9103,18.3016,-1.955
1/1/2022 14:44,56.68205535,7,335.8962818,1043.2014,18.2813,-1.955
1/1/2022 14:44,56.80490885,7,335.9129005,925.4481,18.2172,-1.955
1/1/2022 14:44,56.80490885,7,335.923577,883.7164,18.2072,-1.955
1/1/2022 14:44,55.09802456,6,335.9422564,635.9539,18.0177,-1.955
1/1/2022 14:44,55.09802456,6,335.9456939,592.2433,17.9744,-1.955
1/1/2022 14:44,55.79648305,6,336.2071614,615.1608,18.0546,-1.955
1/1/2022 14:45,55.79648305,6,336.2782018,634.1203,18.1157,-1.955
1/1/2022 14:45,54.35078243,8,336.2535001,609.9972,18.0852,-1.955
1/1/2022 14:45,54.35078243,9,336.2334706,583.5746,17.9612,-1.955
1/1/2022 14:45,53.89760553,10,336.2192412,530.2037,17.4078,-1.955
1/1/2022 14:45,53.89760553,10,336.2189214,523.2126,17.3193,-1.955
1/1/2022 14:45,53.60291038,9,336.2201028,509.1575,17.1605,-1.955
1/1/2022 14:46,53.60291038,9,336.2195965,513.8589,17.2093,-1.955
1/1/2022 14:46,54.44560322,9,336.2147912,564.7739,17.7319,-1.955
1/1/2022 14:46,54.44560322,9,336.2150754,580.9717,17.8695,-1.955
1/1/2022 14:46,54.59477285,9,336.2154662,664.2091,18.2463,-1.955
1/1/2022 14:46,54.59477285,9,336.2152708,663.5847,18.2617,-1.955
1/1/2022 14:46,54.5550804,9,336.2147734,629.4573,18.2423,-1.955
1/1/2022 14:47,54.5550804,9,336.2155284,626.1381,18.2265,-1.955
1/1/2022 14:47,54.04144589,9,336.2166209,580.8373,17.9572,-1.955
1/1/2022 14:47,54.04144589,9,336.216994,574.3185,17.8916,-1.955
1/1/2022 14:47,53.27028082,9,336.2189481,555.3663,17.6788,-1.955
1/1/2022 14:47,53.27028082,9,336.2183441,546.4504,17.5806,-1.955
1/1/2022 14:47,52.44780638,10,336.2194366,483.712,16.9201,-1.955
1/1/2022 14:48,52.44780638,10,336.2196498,466.4702,16.7113,-1.955
1/1/2022 14:48,54.24489635,10,336.2141517,482.7125,16.7694,-1.955
1/1/2022 14:48,54.24489635,10,336.2145602,516.989,17.0783,-1.955
1/1/2022 14:48,55.49184405,10,336.2182286,807.0893,18.2055,-1.955
1/1/2022 14:48,55.49184405,10,336.2164166,855.1434,18.2907,-1.955
1/1/2022 14:48,55.64742068,10,336.2139651,838.7706,18.2693,-1.955
1/1/2022 14:49,55.64742068,10,336.2150132,860.1344,18.2917,-1.955
1/1/2022 14:49,57.43209822,12,336.2095684,1027.4689,18.3514,-1.955
1/1/2022 14:49,57.43209822,11,336.2120466,1074.1302,18.3547,-1.955
1/1/2022 14:49,57.19095298,10,336.2241265,1347.5396,18.4114,-0.7435
1/1/2022 14:49,57.19095298,10,336.2228829,1389.1403,18.3974,-0.1936
1/1/2022 14:49,55.63553396,9,336.2080495,1152.8549,18.1341,-0.8763
1/1/2022 14:50,55.63553396,9,336.2018231,1040.1687,18.0829,-1.4336
1/1/2022 14:50,54.71276367,9,336.1803724,657.5297,17.9189,-1.9785
1/1/2022 14:50,54.71276367,9,336.1772813,598.1365,17.798,-1.9737
1/1/2022 14:50,53.78399844,10,336.1829749,528.161,17.3722,-1.9632
1/1/2022 14:50,53.78399844,9,336.186963,523.177,17.325,-1.962
1/1/2022 14:50,51.88192052,8,336.1822021,476.6229,16.8353,-1.962
1/1/2022 14:51,51.88192052,8,336.17761,460.0352,16.6334,-1.962
1/1/2022 14:51,51.21229805,8,336.1849645,410.1478,15.9944,-1.962
1/1/2022 14:51,51.21229805,8,336.185231,404.6994,15.9202,-1.962
1/1/2022 14:51,50.91153661,7,336.1762599,389.1101,15.7102,-1.962
1/1/2022 14:51,50.91153661,7,336.180177,380.9575,15.614,-1.962
1/1/2022 14:51,49.21621664,7,336.2003753,340.1644,15.0612,-1.962
1/1/2022 14:52,49.21621664,8,336.1958364,328.3006,14.8834,-1.962
1/1/2022 14:52,49.84638456,11,336.1978349,284.103,14.1377,-1.962
1/1/2022 14:52,49.84638456,11,336.2022761,287.2027,14.1404,-1.962
1/1/2022 14:52,52.70241162,9,336.1796529,374.9068,15.3471,-1.962
1/1/2022 14:52,52.70241162,9,336.1841118,408.2977,15.799,-1.962
1/1/2022 14:52,53.86885043,10,336.194211,515.2059,17.183,-1.962
1/1/2022 14:53,53.86885043,10,336.1856129,520.7,17.2713,-1.962
1/1/2022 14:53,53.86885043,7,336.1818202,252.166,13.5304,-1.962
1/1/2022 14:53,48.38383292,5,336.1764642,257.8757,13.6864,-1.962
1/1/2022 14:53,48.38383292,5,336.1761178,252.9894,13.617,-1.962
1/1/2022 14:53,47.82062182,5,336.1841562,237.6292,13.3298,-1.962
1/1/2022 14:53,47.82062182,5,336.1931007,238.1337,13.3247,-1.962
1/1/2022 14:54,47.86315414,6,336.2021961,249.7772,13.5339,-1.962
1/1/2022 14:54,47.86315414,6,336.2019918,251.6735,13.5766,-1.962
1/1/2022 14:54,47.79348963,7,336.1696604,249.6183,13.5319,-1.962
1/1/2022 14:54,47.79348963,7,336.166063,248.0163,13.499,-1.962
1/1/2022 14:54,48.24693564,6,336.1910844,246.6127,13.4671,-1.962
1/1/2022 14:54,48.24693564,6,336.1851155,249.6037,13.5219,-1.962
1/1/2022 14:55,49.01128581,6,336.1563814,264.9884,13.8014,-1.962
1/1/2022 14:55,49.01128581,6,336.1610446,267.6227,13.8461,-1.962
1/1/2022 14:55,48.70881568,5,336.1972398,266.948,13.8371,-1.962
1/1/2022 14:55,48.70881568,5,336.2040969,263.8876,13.79,-1.962
1/1/2022 14:55,48.62589781,5,336.1925855,251.545,13.5639,-1.962
1/1/2022 14:55,48.62589781,4,336.1931806,248.0166,13.4993,-1.962
1/1/2022 14:56,47.87113456,4,336.2094796,230.0844,13.188,-1.962
1/1/2022 14:56,47.87113456,4,336.2094707,226.3094,13.1183,-1.962
1/1/2022 14:56,47.24724789,5,336.2085292,214.3222,12.8773,-1.962
1/1/2022 14:56,47.24724789,5,336.2135654,210.7787,12.8078,-1.962
1/1/2022 14:56,46.24771958,8,336.2257163,191.733,12.4095,-1.962
1/1/2022 14:56,46.24771958,8,336.2231138,186.322,12.2893,-1.962
1/1/2022 14:57,45.50813938,6,336.2163278,168.8217,11.8861,-1.962
1/1/2022 14:57,45.50813938,6,336.1982968,166.6525,11.8289,-1.962
1/1/2022 14:57,45.94948682,4,336.1401446,167.4809,11.8285,-1.962
1/1/2022 14:57,45.94948682,4,336.1396205,170.5102,11.8883,-1.962
1/1/2022 14:57,47.27886905,5,336.1400913,192.1551,12.3511,-1.962
1/1/2022 14:57,47.27886905,5,336.1404199,198.2339,12.4843,-1.962
1/1/2022 14:58,46.71899667,8,336.1419388,208.8689,12.7672,-1.962
1/1/2022 14:58,46.71899667,9,336.1406153,205.5479,12.719,-1.962
1/1/2022 14:58,45.83050322,8,336.1469662,181.2507,12.1801,-1.962
1/1/2022 14:58,45.83050322,8,336.1478366,178.0728,12.0863,-1.962
1/1/2022 14:58,47.24078075,6,336.1425517,204.8026,12.5579,-1.962
1/1/2022 14:58,47.24078075,6,336.1424806,219.221,12.8501,-1.962
1/1/2022 14:59,48.94082301,6,336.1408019,267.9117,13.8112,-1.962
1/1/2022 14:59,48.94082301,6,336.141317,276.674,13.9673,-1.962
1/1/2022 14:59,49.08498873,6,336.1434577,286.0294,14.1721,-1.962
1/1/2022 14:59,49.08498873,6,336.1422053,278.4246,14.0543,-1.962
1/1/2022 14:59,47.21720963,6,336.1443992,233.5755,13.2635,-1.962
1/1/2022 14:59,47.21720963,6,336.1448166,223.7916,13.0747,-1.962
1/1/2022 15:00,45.85245839,6,336.141548,188.5324,12.367,-1.962
1/1/2022 15:00,45.85245839,6,336.141095,178.8478,12.1619,-1.962
1/1/2022 15:00,44.37482226,6,336.1478366,128.0011,11.3349,-1.962
1/1/2022 15:00,44.37482226,6,336.1491601,117.6477,11.2147,-1.962
1/1/2022 15:00,44.67646763,6,336.1447722,110.5134,11.1201,-1.962
1/1/2022 15:00,44.67646763,6,336.1440616,115.6588,11.1294,-1.962
1/1/2022 15:01,44.94788283,5,336.1379773,137.8019,11.1572,-1.962
1/1/2022 15:01,44.94788283,5,336.1389366,140.7042,11.1854,-1.962
1/1/2022 15:01,45.9335493,7,336.1462378,163.8377,11.688,-1.962
1/1/2022 15:01,45.9335493,7,336.1448166,172.9695,11.9003,-1.962
1/1/2022 15:01,47.28020264,7,336.1441238,208.336,12.6969,-1.962
1/1/2022 15:01,47.28020264,8,336.1438929,214.6235,12.8406,-1.962
1/1/2022 15:02,47.33482481,8,336.1434754,222.0323,13.0359,-1.962
1/1/2022 15:02,47.33482481,8,336.1445413,217.9817,12.9602,-1.962
1/1/2022 15:02,46.65854402,9,336.1481208,190.7512,12.3761,-1.962
1/1/2022 15:02,46.65854402,9,336.1479166,191.3977,12.3599,-1.962
1/1/2022 15:02,49.3854282,9,336.1480942,242.4008,13.2847,-1.962
1/1/2022 15:02,49.3854282,9,336.1479965,259.6804,13.603,-1.962
1/1/2022 15:03,50.03336751,9,336.141317,317.9738,14.6206,-1.962
1/1/2022 15:03,50.03336751,9,336.1414947,326.5307,14.7695,-1.962
1/1/2022 15:03,51.51094716,9,336.1502704,348.134,15.0812,-1.962
1/1/2022 15:03,51.51094716,8,336.1513806,359.0377,15.2201,-1.962
1/1/2022 15:03,51.86521574,8,336.1544361,408.5837,15.9203,-1.962
1/1/2022 15:03,51.86521574,8,336.1564791,410.2151,15.9593,-1.962
1/1/2022 15:04,50.24715219,6,336.159348,359.1185,15.3293,-1.962
1/1/2022 15:04,50.24715219,5,336.1648995,335.9051,14.9985,-1.962
1/1/2022 15:04,48.22258836,6,336.1826107,259.5203,13.7463,-1.962
1/1/2022 15:04,48.22258836,6,336.172707,254.2389,13.6341,-1.962
1/1/2022 15:04,48.22039257,5,336.159579,247.3026,13.5088,-1.962
1/1/2022 15:04,48.22039257,5,336.1598721,238.3476,13.3539,-1.962
1/1/2022 15:05,45.67772989,5,336.1513007,183.8709,12.2554,-1.962
1/1/2022 15:05,45.67772989,5,336.1533259,173.0907,12.0088,-1.962
1/1/2022 15:05,44.70857883,4,336.1536812,133.4763,11.3556,-1.962
1/1/2022 15:05,44.70857883,4,336.1530949,116.5602,11.2491,-1.962
1/1/2022 15:05,44.09321492,5,336.1540364,43.2695,11.07,-1.962
1/1/2022 15:05,44.09321492,5,336.1524376,32.9505,11.0705,-1.962
1/1/2022 15:06,44.26903083,7,336.1612222,42.4877,11.1308,-1.962
1/1/2022 15:06,44.26903083,8,336.1615242,55.0244,11.145,-1.962
1/1/2022 15:06,44.81579713,9,336.1615953,116.3013,11.1684,-1.962
1/1/2022 15:06,44.81579713,9,336.1625457,129.1847,11.1921,-1.962
1/1/2022 15:06,46.64431015,10,336.1537167,173.4993,11.8612,-1.962
1/1/2022 15:06,46.64431015,10,336.1539299,186.4849,12.1598,-1.962
1/1/2022 15:07,48.98341922,8,336.1593925,243.4372,13.3179,-1.962
1/1/2022 15:07,48.98341922,8,336.15965,258.6174,13.5987,-1.962
1/1/2022 15:07,49.69713401,7,336.1515938,292.6841,14.2847,-1.962
1/1/2022 15:07,49.69713401,6,336.1518958,290.5891,14.265,-1.962
1/1/2022 15:07,47.81477841,6,336.1534769,254.4331,13.6571,-1.962
1/1/2022 15:07,47.81477841,7,336.1525886,241.4199,13.4225,-1.962
1/1/2022 15:08,46.00462293,9,336.146824,192.9456,12.4616,-1.962
1/1/2022 15:08,46.00462293,9,336.1490535,183.459,12.2528,-1.962
1/1/2022 15:08,47.93227167,9,336.1506256,183.1283,12.1373,-1.962
1/1/2022 15:08,47.93227167,9,336.1491157,198.266,12.4132,-1.962
1/1/2022 15:08,50.99069201,9,336.1489025,316.4926,14.4662,-1.962
1/1/2022 15:08,50.99069201,10,336.1478011,346.8879,14.9604,-1.962
1/1/2022 15:09,51.62031622,10,336.1540986,411.3941,15.9573,-1.962
1/1/2022 15:09,51.62031622,10,336.1578469,416.8256,16.0422,-1.962
1/1/2022 15:09,50.28550439,10,336.1539121,381.9303,15.6368,-1.962
1/1/2022 15:09,50.28550439,10,336.1505635,360.7481,15.3468,-1.962
1/1/2022 15:09,49.63769896,10,336.148183,304.8915,14.4714,-1.962
1/1/2022 15:09,49.63769896,9,336.1513806,306.092,14.4676,-1.962
1/1/2022 15:10,52.11820678,9,336.155804,377.7801,15.4315,-1.962
1/1/2022 15:10,52.11820678,9,336.1519491,405.4965,15.8116,-1.962
1/1/2022 15:10,53.54623164,9,336.1439639,505.7937,17.068,-1.962
1/1/2022 15:10,53.54623164,9,336.146069,528.15,17.3111,-1.962
1/1/2022 15:10,54.79504796,9,336.1503681,653.7475,18.0681,-1.962
1/1/2022 15:10,55.33161289,10,336.1727958,1320.1905,18.322,-0.9483
1/1/2022 15:11,55.33161289,10,336.1727159,1309.9515,18.2869,-0.6251
1/1/2022 15:11,55.48076177,10,336.1795108,1073.304,18.1287,-1.6465
1/1/2022 15:11,55.48076177,9,336.1888905,1033.4889,18.1562,-1.9579
1/1/2022 15:11,55.39801347,8,336.1916351,987.5795,18.2565,-2.0048
1/1/2022 15:11,55.39801347,8,336.1809853,976.2907,18.2484,-1.9988
1/1/2022 15:11,54.75643393,8,336.1688698,875.4183,18.2092,-1.9929
1/1/2022 15:12,54.75643393,9,336.1744568,841.6814,18.209,-1.993
1/1/2022 15:12,54.75481314,9,336.1792532,755.4463,18.2386,-1.993
1/1/2022 15:12,54.75481314,9,336.1791466,748.8192,18.2483,-1.993
1/1/2022 15:12,54.64856443,9,336.1803724,874.589,18.3353,-1.993
1/1/2022 15:12,54.64856443,9,336.1757003,893.3084,18.32,-1.993
1/1/2022 15:12,53.77887693,9,336.18508,683.9164,18.1278,-1.993
1/1/2022 15:13,53.77887693,9,336.1847691,632.0988,18.0782,-1.993
1/1/2022 15:13,53.66348403,8,336.1898853,559.7614,17.7123,-1.993
1/1/2022 15:13,53.66348403,8,336.1905959,554.7209,17.6505,-1.993
1/1/2022 15:13,51.30992006,6,5.893835188,411.8862,15.9898,-1.993
1/1/2022 15:13,51.30992006,7,8.311841151,410.0884,15.9769,-1.993
1/1/2022 15:13,49.82410437,7,9.839034044,381.0896,15.6242,-1.993
1/1/2022 15:14,49.82410437,7,9.850421116,350.916,15.2189,-1.993
1/1/2022 15:14,47.2083949,6,9.83023171,264.2199,13.8669,-1.993
1/1/2022 15:14,47.2083949,6,9.825088873,227.7948,13.1952,-1.993
1/1/2022 15:14,45.32017063,6,9.815185139,160.679,11.7799,-1.993
1/1/2022 15:14,45.32017063,6,9.8259771,144.4985,11.4163,-1.993
1/1/2022 15:14,45.4699489,5,9.857793403,140.812,11.211,-1.993
1/1/2022 15:15,45.4699489,5,9.846504034,149.008,11.3337,-1.993
1/1/2022 15:15,47.56275133,7,9.810513066,188.126,12.153,-1.993
1/1/2022 15:15,47.56275133,8,9.798832876,214.7049,12.7075,-1.993
1/1/2022 15:15,49.10733623,7,9.807048979,269.0055,13.7858,-1.993
1/1/2022 15:15,49.10733623,6,9.819697336,282.7156,14.0388,-1.993
1/1/2022 15:15,51.54033331,6,9.923078063,331.6371,14.7591,-1.993
1/1/2022 15:16,51.54033331,7,9.932439982,374.918,15.3289,-1.993
1/1/2022 15:16,54.49727126,8,9.85449808,545.8307,17.1401,-1.993
1/1/2022 15:16,54.49727126,8,9.844061409,680.3572,17.8047,-1.993
1/1/2022 15:16,54.92621536,8,9.828046672,846.8269,18.2917,-1.993
1/1/2022 15:16,54.92621536,8,9.82897931,811.3708,18.2453,-1.993
1/1/2022 15:16,53.73348139,8,9.824182883,657.7101,18.0984,-1.993
1/1/2022 15:17,53.73348139,8,9.818746933,582.9835,17.8385,-1.993
1/1/2022 15:17,53.23910243,9,9.814732145,495.2311,17.0251,-1.993
1/1/2022 15:17,53.23910243,9,9.819590748,488.2664,16.9062,-1.993
1/1/2022 15:17,54.75280249,9,9.83413991,554.5717,17.4022,-1.993
1/1/2022 15:17,54.75280249,10,9.834175439,680.2755,17.8308,-1.993
1/1/2022 15:17,55.82577848,11,9.829201367,991.1436,18.3603,-1.993
1/1/2022 15:18,55.82577848,10,9.825728399,996.8748,18.3089,-1.993
1/1/2022 15:18,56.92431755,10,9.819901628,1078.6916,18.3324,-1.9808
1/1/2022 15:18,56.92431755,10,9.82373877,1158.2809,18.3582,-1.9616
1/1/2022 15:18,56.65548686,10,9.839593621,1259.7556,18.3141,-1.6721
1/1/2022 15:18,56.65548686,10,9.856834112,1254.6703,18.2804,-1.6368
1/1/2022 15:18,56.08341478,8,9.873177499,1165.4771,18.2225,-1.9644
1/1/2022 15:19,56.08341478,8,9.86418864,1152.882,18.2408,-2.0027
1/1/2022 15:19,55.42252284,9,9.835356782,962.2298,18.141,-1.9268
1/1/2022 15:19,55.42252284,9,9.826323511,806.6411,18.0875,-1.9177
1/1/2022 15:19,54.87825462,10,9.821802434,608.606,18.1001,-1.9075
1/1/2022 15:19,54.87825462,10,9.82245084,611.0763,18.1182,-1.907
1/1/2022 15:19,54.85512325,9,9.828259846,696.0455,18.2559,-1.907
1/1/2022 15:20,54.85512325,9,9.828348669,787.674,18.3456,-1.907
1/1/2022 15:20,55.39553603,10,9.826696566,1044.2254,18.4053,-1.907
1/1/2022 15:20,55.39553603,10,9.826181394,1128.4136,18.3879,-1.9067
1/1/2022 15:20,56.60273986,9,9.826376804,1249.2967,18.3295,-1.9699
1/1/2022 15:20,56.60273986,9,9.827753557,1228.131,18.2754,-2.0101
1/1/2022 15:20,55.55468177,8,9.828890488,1075.0115,18.1837,-2.0515
1/1/2022 15:21,55.55468177,8,9.846885967,1006.0638,18.1762,-2.0596
1/1/2022 15:21,54.91090972,10,9.849097654,868.6277,18.1883,-2.0727
1/1/2022 15:21,54.91090972,11,9.843865992,819.3911,18.2024,-2.0765
1/1/2022 15:21,55.66873906,10,9.869109415,798.4029,18.2772,-2.0811
1/1/2022 15:21,55.66873906,9,13.06425438,895.9885,18.3461,-2.0818
1/1/2022 15:21,55.72019279,8,25.25283152,1108.9215,18.3639,-2.082
1/1/2022 15:22,55.72019279,8,27.2251679,1052.6412,18.2587,-2.082
1/1/2022 15:22,55.12230818,8,27.22205022,730.8059,18.0903,-2.082
1/1/2022 15:22,55.12230818,8,27.22117088,644.2368,18.0946,-2.082
1/1/2022 15:22,54.06512018,7,27.20623978,578.4623,17.9125,-2.082
1/1/2022 15:22,54.06512018,7,27.20449885,561.965,17.7549,-2.082
1/1/2022 15:22,52.932352,7,27.21740479,531.1443,17.4161,-2.082
1/1/2022 15:23,52.932352,7,27.21221755,520.4126,17.295,-2.082
1/1/2022 15:23,52.49669912,11,27.21394959,492.1774,16.9862,-2.082
1/1/2022 15:23,52.49669912,11,27.22033594,474.0601,16.7737,-2.082
1/1/2022 15:23,52.80744338,10,27.21834632,448.2495,16.4303,-2.082
1/1/2022 15:23,52.80744338,9,27.21737815,465.3445,16.5786,-2.082
1/1/2022 15:23,55.7026658,9,27.21806208,783.8545,17.8345,-2.082
1/1/2022 15:24,55.7026658,10,27.21379859,941.1644,18.2374,-2.082
1/1/2022 15:24,55.50244722,9,27.19762397,946.9678,18.2412,-2.082
1/1/2022 15:24,55.50244722,9,27.19673575,929.7705,18.2434,-2.082
1/1/2022 15:24,56.32855667,9,27.20305992,1067.2467,18.3468,-2.082
1/1/2022 15:24,56.32855667,9,27.20473867,1120.2334,18.3422,-2.082
1/1/2022 15:24,56.48534102,8,27.20978381,1098.4501,18.2437,-2.082
1/1/2022 15:25,56.48534102,8,27.21424271,1019.0311,18.1932,-2.082
1/1/2022 15:25,55.29982377,9,27.20719018,704.5567,18.0625,-2.082
1/1/2022 15:25,55.29982377,9,27.2055292,630.5838,18.0865,-2.082
1/1/2022 15:25,54.89338206,8,27.20501402,721.9175,18.2942,-2.082
1/1/2022 15:25,54.89338206,8,27.20123018,757.8129,18.3085,-2.082
1/1/2022 15:25,54.9451314,9,27.20326422,738.3366,18.2471,-2.082
1/1/2022 15:26,54.9451314,10,27.2039215,696.5612,18.2208,-2.082
1/1/2022 15:26,55.3615706,10,27.21518423,723.9749,18.2912,-2.082
1/1/2022 15:26,55.3615706,10,27.21925231,794.8115,18.3382,-2.082
1/1/2022 15:26,56.40529388,10,27.21550399,927.3848,18.3332,-2.082
1/1/2022 15:26,56.40529388,9,27.20964169,990.583,18.3433,-2.082
1/1/2022 15:26,57.07922392,8,27.41432848,1024.9188,18.271,-2.082
1/1/2022 15:27,57.07922392,10,28.98438867,981.9177,18.2353,-2.082
1/1/2022 15:27,57.70637144,13,41.72984715,890.6091,18.2153,-2.082
1/1/2022 15:27,57.70637144,12,49.78725162,902.2791,18.2589,-2.082
1/1/2022 15:27,58.32029666,12,71.87309334,1095.0646,18.3982,-2.0592
1/1/2022 15:27,58.32029666,12,77.87705253,1193.1681,18.3932,-1.9662
1/1/2022 15:27,58.10314729,12,79.2939207,1259.9793,18.3014,-1.9484
1/1/2022 15:28,58.10314729,13,79.30747504,1210.8493,18.2343,-2.0187
1/1/2022 15:28,57.7380451,16,79.31686361,1265.1276,18.3219,-1.1367
1/1/2022 15:28,57.7380451,16,79.29843289,1378.2783,18.4509,0.2648
1/1/2022 15:28,54.48216287,16,79.27118208,1499.7924,18.6219,6.4886
1/1/2022 15:28,54.48216287,16,79.27532122,1498.5442,18.7225,9.0002
1/1/2022 15:28,53.32174348,15,79.28077493,1499.6803,18.6313,11.2677
1/1/2022 15:29,53.32174348,14,79.27644927,1500.2202,18.491,11.4662
1/1/2022 15:29,53.32174348,12,79.23440947,1296.5097,18.3618,-1.645
1/1/2022 15:29,55.20302895,11,79.23944572,1447.475,18.3739,0.3143
1/1/2022 15:29,55.20302895,10,79.23134509,1489.4311,18.4561,1.8215
1/1/2022 15:29,54.42520327,9,79.21612975,1420.3608,18.335,2.3907
1/1/2022 15:29,54.42520327,10,79.21986919,1325.4726,18.1834,0.8973
1/1/2022 15:30,56.43936695,9,79.23434729,1194.0265,18.1975,-1.8084
1/1/2022 15:30,56.43936695,8,79.22871593,1181.0728,18.2338,-2.0163
1/1/2022 15:30,55.51425623,8,79.22341322,1130.4877,18.2326,-1.9761
1/1/2022 15:30,55.51425623,8,79.23397424,1123.5376,18.248,-1.9723
1/1/2022 15:30,56.63317519,9,79.23997866,1203.0223,18.3179,-1.9639
1/1/2022 15:30,56.63317519,9,79.22605125,1212.0718,18.2952,-1.959
1/1/2022 15:31,55.84874352,9,79.2185102,1150.8413,18.2513,-1.9461
1/1/2022 15:31,55.84874352,9,79.23240208,1196.0821,18.3001,-1.864
1/1/2022 15:31,55.30962446,8,79.24139982,1339.7971,18.3164,-0.6333
1/1/2022 15:31,55.30962446,9,79.23650569,1295.2074,18.2458,-0.5678
1/1/2022 15:31,55.29664865,11,79.21635181,1014.3079,18.1154,-1.8619
1/1/2022 15:31,55.29664865,11,79.20594179,938.8441,18.1452,-2.0402
1/1/2022 15:32,56.25420891,10,79.21873226,1220.9222,18.4393,-0.8948
1/1/2022 15:32,54.81677336,9,79.23061674,632.8085,18.2547,-2.08
1/1/2022 15:32,54.81677336,9,79.22405274,659.661,18.2878,-2.08
1/1/2022 15:32,55.2000881,9,79.23542205,775.2549,18.3494,-2.08
1/1/2022 15:32,55.2000881,10,79.23247313,920.3268,18.4132,-2.0626
1/1/2022 15:32,56.06886657,11,79.21657387,1261.6384,18.4278,-1.6297
1/1/2022 15:33,56.06886657,11,79.21709792,1279.6068,18.3395,-1.6412
1/1/2022 15:33,56.07847619,11,79.2161564,1190.0891,18.2267,-2.0155
1/1/2022 15:33,56.07847619,11,79.21916749,1163.0981,18.2327,-1.9913
1/1/2022 15:33,56.29650652,12,79.23090097,1140.9216,18.2607,-1.9732
1/1/2022 15:33,56.29650652,13,79.24131988,1123.354,18.2522,-1.9683
1/1/2022 15:33,56.57434033,15,79.24477508,1118.7341,18.2694,-1.9593
1/1/2022 15:34,56.57434033,15,79.24609854,1215.6801,18.3669,-1.2711
1/1/2022 15:34,54.58638012,13,79.23659451,1475.5116,18.8942,6.9274
1/1/2022 15:34,54.58638012,12,79.2307855,1492.4944,18.803,9.5911
1/1/2022 15:34,53.65571144,13,79.23121185,1493.9677,18.1392,6.9863
1/1/2022 15:34,53.65571144,12,79.22823629,1498.7174,18.1293,5.5055
1/1/2022 15:34,56.77798227,11,79.22900905,1495.5709,18.2201,2.2693
1/1/2022 15:35,56.77798227,12,79.23296166,1491.1744,18.2308,1.2741
1/1/2022 15:35,56.05790823,15,79.23742944,1418.9663,18.2461,0.4277
1/1/2022 15:35,56.05790823,16,79.23647904,1422.2017,18.2876,0.5253
1/1/2022 15:35,55.02173515,16,79.22225852,1498.0671,18.6385,3.9393
1/1/2022 15:35,55.02173515,16,79.22074853,1501.0651,18.7782,6.5252
1/1/2022 15:35,53.93696635,16,79.23853085,1501.1058,18.7845,11.3306
1/1/2022 15:36,53.93696635,16,79.23852196,1500.3508,18.7026,12.5
1/1/2022 15:36,52.81134976,16,79.22899128,1497.1987,18.3334,12.5185
1/1/2022 15:36,52.81134976,16,79.23087433,1496.5386,18.2083,11.5511
1/1/2022 15:36,53.79297435,14,79.23468482,1498.2005,18.3313,10.1605
1/1/2022 15:36,53.79297435,13,79.23227772,1496.2295,18.4224,10.4029
1/1/2022 15:36,54.91815394,12,79.23222443,1428.2677,17.9654,6.96
1/1/2022 15:37,54.91815394,12,79.23274849,1340.3588,17.7731,3.1437
1/1/2022 15:37,58.54228869,12,79.23923254,1398.0112,18.3225,1.0887
1/1/2022 15:37,58.54228869,12,79.23689651,1489.1247,18.5628,3.1548
1/1/2022 15:37,58.74439058,12,79.21341178,1494.9661,18.4681,5.717
1/1/2022 15:37,58.74439058,11,79.20747842,1495.1003,18.2956,4.4987
1/1/2022 15:37,56.36599439,11,79.20460056,1427.2127,18.1861,1.3777
1/1/2022 15:38,56.36599439,10,79.20446733,1366.4603,18.2304,0.6673
1/1/2022 15:38,57.32949055,9,79.20317052,1159.9312,18.155,-1.525
1/1/2022 15:38,57.32949055,8,79.21287884,1106.1473,18.1819,-1.8558
1/1/2022 15:38,55.54583242,9,79.22089953,1034.5252,18.2237,-1.9721
1/1/2022 15:38,55.54583242,9,79.21161756,955.1024,18.1821,-1.9657
1/1/2022 15:38,55.43761054,10,79.20729189,912.971,18.2634,-1.9554
1/1/2022 15:39,55.43761054,10,79.21032963,955.7482,18.3059,-1.9522
1/1/2022 15:39,55.31903655,11,79.20772712,936.2684,18.2523,-1.951
1/1/2022 15:39,55.31903655,11,79.20881964,957.7047,18.2775,-1.951
1/1/2022 15:39,55.82160033,12,79.23678103,1036.0989,18.3014,-1.951
1/1/2022 15:39,55.82160033,11,79.24857669,954.9784,18.2116,-1.951
1/1/2022 15:39,56.52529313,12,79.2622021,864.619,18.2414,-1.951
1/1/2022 15:40,56.52529313,12,79.25902224,901.3478,18.2926,-1.951
1/1/2022 15:40,57.13493833,10,79.24394903,1005.0698,18.3185,-1.951
1/1/2022 15:40,57.13493833,9,79.24545014,1046.6407,18.3247,-1.951
1/1/2022 15:40,56.4526343,11,79.25670397,962.5045,18.2296,-1.951
1/1/2022 15:40,56.4526343,11,79.27650256,931.6901,18.2275,-1.951
1/1/2022 15:40,55.58027694,10,79.29962312,862.482,18.2212,-1.951
1/1/2022 15:41,55.58027694,9,79.2887068,844.0509,18.2355,-1.951
1/1/2022 15:41,54.98148508,9,79.26752258,815.3613,18.2246,-1.951
1/1/2022 15:41,54.98148508,9,79.25981277,725.6652,18.1466,-1.951
1/1/2022 15:41,54.26278509,9,79.25174767,575.6785,17.8826,-1.951
1/1/2022 15:41,54.26278509,9,79.2503798,554.4724,17.6667,-1.951
1/1/2022 15:41,54.13969522,9,79.24819476,581.9405,17.6444,-1.951
1/1/2022 15:42,54.13969522,8,79.24830134,656.2976,17.9308,-1.951
1/1/2022 15:42,54.84896497,8,79.24585872,772.2271,18.2835,-1.951
1/1/2022 15:42,54.84896497,8,79.24548566,753.7618,18.262,-1.951
1/1/2022 15:42,53.99620996,8,79.24951822,629.29,18.083,-1.951
1/1/2022 15:42,53.99620996,7,79.24339833,573.2224,17.8331,-1.951
1/1/2022 15:42,52.26539843,7,79.24505043,491.128,16.9869,-1.951
1/1/2022 15:43,52.26539843,7,79.24170182,468.0418,16.7055,-1.951
1/1/2022 15:43,51.74908443,8,79.24057377,433.6036,16.2728,-1.951
1/1/2022 15:43,51.74908443,8,79.24489943,430.4413,16.2089,-1.951
1/1/2022 15:43,52.22219031,10,79.24274104,444.7504,16.3657,-1.951
1/1/2022 15:43,52.22219031,10,79.24672918,451.204,16.4459,-1.951
1/1/2022 15:43,53.71990243,10,79.24097347,510.8328,17.028,-1.951
1/1/2022 15:44,53.71990243,10,79.24319404,608.1786,17.5414,-1.951
1/1/2022 15:44,55.28322422,10,79.25043309,932.0616,18.3412,-1.951
1/1/2022 15:44,55.28322422,10,79.24860334,1033.28,18.3815,-1.951
1/1/2022 15:44,55.1670125,10,79.25061962,1113.137,18.3057,-1.951
1/1/2022 15:44,55.1670125,10,79.25279577,1087.8022,18.2627,-1.951
1/1/2022 15:44,55.85258664,10,79.24970474,1173.7387,18.3361,-1.7643
1/1/2022 15:45,55.85258664,9,79.24891422,1269.1032,18.3743,-1.2766
1/1/2022 15:45,55.35311825,9,79.2496248,1225.8516,18.23,-1.3045
1/1/2022 15:45,55.35311825,9,79.24966921,1148.0999,18.191,-1.8058
1/1/2022 15:45,55.49670426,9,79.24457079,951.0957,18.1503,-1.9856
1/1/2022 15:45,55.49670426,8,79.24330063,896.3659,18.1768,-1.9786
1/1/2022 15:45,55.90524066,9,79.24738647,1021.8215,18.3453,-1.9701
1/1/2022 15:46,55.90524066,8,79.24767959,1126.6706,18.3757,-1.9561
1/1/2022 15:46,56.16824172,7,79.23891278,1191.837,18.2898,-1.7936
1/1/2022 15:46,56.16824172,7,79.23476476,1061.9797,18.1742,-1.8222
1/1/2022 15:46,54.54531287,8,79.26810881,697.1184,18.0074,-1.9961
1/1/2022 15:46,54.54531287,9,79.28038411,611.7336,17.8624,-1.9799
1/1/2022 15:46,53.62417286,10,79.25847155,546.5427,17.55,-1.9629
1/1/2022 15:47,53.62417286,10,79.25136573,556.2093,17.6073,-1.9597
1/1/2022 15:47,56.51471628,9,79.25149896,765.0927,18.1408,-1.957
1/1/2022 15:47,56.51471628,8,79.25500746,938.8244,18.3617,-1.957
1/1/2022 15:47,55.30110118,7,79.27842113,1003.719,18.2646,-1.957
1/1/2022 15:47,55.30110118,7,79.28084599,880.8272,18.1639,-1.957
1/1/2022 15:47,54.80382287,7,79.27961136,798.8153,18.2457,-1.957
1/1/2022 15:48,54.80382287,7,79.30277632,800.8109,18.2693,-1.957
1/1/2022 15:48,54.56946874,7,79.35535049,738.7181,18.2421,-1.957
1/1/2022 15:48,54.56946874,7,79.34917731,780.6487,18.2941,-1.957
1/1/2022 15:48,54.61068775,6,79.31124113,903.9897,18.3203,-1.957
1/1/2022 15:48,54.61068775,6,79.2955728,866.8432,18.2533,-1.957
1/1/2022 15:48,54.25510897,7,79.28057952,652.6923,18.0872,-1.957
1/1/2022 15:49,54.25510897,8,79.28488742,600.378,18.0436,-1.957
1/1/2022 15:49,54.81338962,9,79.28461207,631.1694,18.1242,-1.957
1/1/2022 15:49,54.81338962,10,79.2882094,685.5516,18.2251,-1.957
1/1/2022 15:49,54.81742875,10,79.28404361,868.4003,18.3654,-1.957
1/1/2022 15:49,54.81742875,10,79.27877642,942.2013,18.3661,-1.957
1/1/2022 15:49,55.41463828,11,79.29403617,968.6581,18.2776,-1.957
1/1/2022 15:50,55.41463828,11,79.29858389,1004.0064,18.2987,-1.9553
1/1/2022 15:50,55.77109526,11,79.29624785,1276.4739,18.4047,-1.2567
1/1/2022 15:50,55.77109526,12,79.29227748,1302.5278,18.3418,-1.1115
1/1/2022 15:50,51.44681454,9,95.62266127,333.1566,14.7791,-1.942
1/1/2022 15:50,51.44681454,9,96.25459343,364.3533,15.2175,-1.942
1/1/2022 15:50,53.41937484,10,99.50224089,427.7867,16.1147,-1.942
1/1/2022 15:51,53.41937484,10,100.4079048,456.9965,16.4615,-1.942
1/1/2022 15:51,56.9782425,14,100.7653017,688.1363,17.6891,-1.942
1/1/2022 15:51,56.9782425,15,100.7642269,974.7588,18.2511,-0.9814
1/1/2022 15:51,55.57192001,14,100.7569346,1483.757,19.0215,7.1574
1/1/2022 15:51,55.57192001,15,100.7562862,1496.4547,19.036,11.0221
1/1/2022 15:51,53.46054413,16,100.829716,1498.9022,18.2331,16.3596
1/1/2022 15:52,53.46054413,15,100.8305243,1500.2542,18.03,14.7671
1/1/2022 15:52,53.78102408,14,100.8524368,1497.1521,18.1778,12.7916
1/1/2022 15:52,53.78102408,14,100.8420357,1498.5556,18.162,11.7926
1/1/2022 15:52,53.78102408,12,100.8434568,1499.8792,18.2259,8.5884
1/1/2022 15:52,58.06461485,12,100.8481467,1500.2173,18.2228,8.3012
1/1/2022 15:52,58.06461485,12,100.8490349,1499.8213,18.2559,7.888
1/1/2022 15:53,58.06461485,13,100.8629179,1500.8074,18.2325,6.0041
1/1/2022 15:53,56.81407769,13,100.8635219,1500.1426,18.2628,5.8664
1/1/2022 15:53,56.81407769,13,100.87649,1499.113,18.3097,5.701
1/1/2022 15:53,56.81407769,14,100.8442296,1499.9168,18.4127,5.7691
1/1/2022 15:53,54.71565152,14,100.8393621,1500.6319,18.4259,5.8705
1/1/2022 15:53,54.71565152,14,100.8231076,1501.0617,18.4121,5.9127
1/1/2022 15:54,54.71565152,12,100.8216953,1499.2761,18.3124,4.574
1/1/2022 15:54,56.47730351,12,100.8263851,1499.0555,18.3234,4.4853
1/1/2022 15:54,56.47730351,12,100.8357559,1499.2828,18.3552,4.4158
1/1/2022 15:54,56.47730351,15,100.8347256,1499.8199,18.3533,4.1006
1/1/2022 15:54,55.70067907,15,100.8298581,1500.1656,18.3219,3.8106
1/1/2022 15:54,55.70067907,15,100.8189684,1500.7758,18.3231,3.5314
1/1/2022 15:55,55.70067907,15,100.8231431,1498.8361,18.7551,7.636
1/1/2022 15:55,54.89063262,15,100.8230454,1497.2111,18.7861,8.4563
1/1/2022 15:55,54.89063262,16,100.8272378,1497.321,18.7497,9.5873
1/1/2022 15:55,54.89063262,16,100.8175295,1498.0891,18.5258,11.2882
1/1/2022 15:55,54.89063262,15,100.812813,1497.0308,18.298,10.5944
1/1/2022 15:55,54.35180317,15,100.8128308,1498.5525,18.2303,10.1166
1/1/2022 15:56,54.35180317,15,100.8127952,1501.2083,18.2027,9.4623
1/1/2022 15:56,54.35180317,14,100.8179736,1501.0749,18.366,9.3603
1/1/2022 15:56,54.86215056,14,100.8175117,1500.9534,18.3788,9.3905
1/1/2022 15:56,54.86215056,14,100.817796,1501.4519,18.3751,9.299
1/1/2022 15:56,54.86215056,13,100.8168456,1501.9134,18.3297,8.3969
1/1/2022 15:56,54.38874611,13,100.8170232,1501.8339,18.3473,8.3685
1/1/2022 15:57,54.38874611,13,100.8176894,1501.2463,18.3618,8.3279
1/1/2022 15:57,54.38874611,12,100.8154244,1501.6772,18.2503,6.5429
1/1/2022 15:57,55.1921669,12,100.8151935,1501.4999,18.2349,6.1727
1/1/2022 15:57,55.1921669,11,100.81538,1501.5139,18.1932,5.2368
1/1/2022 15:57,55.1921669,12,100.815682,1430.8753,18.1186,1.5387
1/1/2022 15:57,55.74301122,12,100.8157353,1424.4949,18.1182,1.0339
1/1/2022 15:58,55.74301122,12,100.816055,1406.1958,18.1383,0.3621
1/1/2022 15:58,55.74301122,12,100.818702,1395.3009,18.2577,-0.2768
1/1/2022 15:58,56.2648236,12,100.8194481,1391.3434,18.256,-0.2896
1/1/2022 15:58,56.2648236,12,100.8181424,1388.1569,18.2585,-0.3908
1/1/2022 15:58,56.2648236,10,100.8128308,1438.3896,18.2955,0.3935
1/1/2022 15:58,55.18994073,10,100.8123511,1438.3802,18.2912,0.4718
1/1/2022 15:59,55.18994073,10,100.8107168,1425.3961,18.2777,0.5614
1/1/2022 15:59,55.18994073,10,100.8160106,1288.9215,18.2058,-0.8652
1/1/2022 15:59,56.61599677,10,100.8154955,1278.4233,18.2118,-1.1105
1/1/2022 15:59,56.61599677,10,100.8174229,1279.8717,18.2385,-1.4311
1/1/2022 15:59,56.61599677,10,100.8189951,1351.2582,18.2989,-0.9636
1/1/2022 15:59,56.0396889,10,100.8187108,1368.8654,18.306,-0.7162
1/1/2022 16:00,56.0396889,11,100.8180358,1387.8037,18.3053,-0.3157
1/1/2022 16:00,56.0396889,11,100.8158952,1302.1291,18.2188,-0.5559
1/1/2022 16:00,55.82459975,11,100.817263,1282.1463,18.2111,-0.8044
1/1/2022 16:00,55.82459975,10,100.8174407,1261.7848,18.2188,-1.244
1/1/2022 16:00,55.82459975,8,100.8175561,1243.9429,18.2577,-1.7915
1/1/2022 16:00,56.05279166,8,100.8161883,1240.6915,18.2578,-1.7887
1/1/2022 16:01,56.05279166,7,100.8154866,1223.9657,18.2445,-1.8627
1/1/2022 16:01,56.05279166,7,100.815078,1184.8482,18.2425,-2.0885
1/1/2022 16:01,55.92623031,7,100.815229,1161.8144,18.2238,-2.0876
1/1/2022 16:01,55.92623031,7,100.8161172,1100.4608,18.1875,-2.0731
1/1/2022 16:01,55.92623031,8,100.8153089,846.1262,18.132,-1.9938
1/1/2022 16:01,55.03096984,8,100.8162682,809.736,18.1326,-1.9838
1/1/2022 16:02,55.03096984,9,100.815149,745.2644,18.1357,-1.9741
1/1/2022 16:02,55.03096984,10,100.8125643,663.5794,18.2078,-1.9539
1/1/2022 16:02,55.14895246,11,100.8119159,686.9849,18.2397,-1.9523
1/1/2022 16:02,55.14895246,11,100.812964,746.4871,18.2967,-1.9503
1/1/2022 16:02,55.14895246,11,100.8154066,878.6652,18.3164,-1.948
1/1/2022 16:02,55.8894864,11,100.8158863,886.9705,18.3124,-1.948
1/1/2022 16:03,55.8894864,12,100.8156553,928.2566,18.3249,-1.948
1/1/2022 16:03,55.8894864,12,100.8137901,1144.6046,18.3807,-1.9297
1/1/2022 16:03,57.04262707,13,100.8140388,1161.9696,18.3675,-1.9257
1/1/2022 16:03,57.04262707,13,100.814927,1172.1417,18.329,-1.9177
1/1/2022 16:03,57.04262707,13,100.8170321,1334.4369,18.4584,-0.0728
1/1/2022 16:03,56.64822497,12,100.8169166,1371.3612,18.5349,0.8091
1/1/2022 16:04,56.64822497,12,100.816588,1435.2785,18.6696,2.8217
1/1/2022 16:04,56.64822497,12,100.8225036,1495.6543,18.4971,6.2863
1/1/2022 16:04,54.19091743,12,100.8225569,1495.699,18.4099,5.9164
1/1/2022 16:04,54.19091743,13,100.8225924,1497.9082,18.2459,4.7165
1/1/2022 16:04,54.19091743,11,100.8418492,1239.0834,18.2352,-1.7729
1/1/2022 16:04,56.84365889,11,100.8467966,1241.0062,18.2467,-1.8699
1/1/2022 16:05,56.84365889,10,100.8463258,1243.8796,18.2651,-1.9791
1/1/2022 16:05,56.84365889,9,100.9255379,1370.5317,18.3292,-0.572
1/1/2022 16:05,55.66697417,9,100.934207,1370.698,18.3179,-0.3525
1/1/2022 16:05,55.66697417,9,100.9595037,1361.8057,18.2833,-0.0689
1/1/2022 16:05,55.66697417,8,100.9541122,1161.6265,18.155,-1.4028
1/1/2022 16:05,56.28827721,8,100.9516962,1127.5147,18.1463,-1.6208
1/1/2022 16:06,56.28827721,8,100.9483654,1049.2584,18.1354,-1.9111
1/1/2022 16:06,56.28827721,8,100.9443595,760.3042,18.1136,-2.0008
1/1/2022 16:06,54.89740288,8,100.9470153,736.391,18.1272,-1.9953
1/1/2022 16:06,54.89740288,8,100.945905,710.4198,18.1708,-1.9873
1/1/2022 16:06,54.89740288,7,100.9517939,694.3465,18.2574,-1.9729
1/1/2022 16:06,54.97796621,7,100.9492802,693.3647,18.2601,-1.9718
1/1/2022 16:07,54.97796621,7,100.950959,685.534,18.2537,-1.97
1/1/2022 16:07,54.97796621,5,100.9420145,761.8339,18.3163,-1.968
1/1/2022 16:07,55.35710387,5,100.9424764,778.7824,18.3278,-1.968
1/1/2022 16:07,55.35710387,5,100.9407533,803.1456,18.3222,-1.968
1/1/2022 16:07,55.35710387,4,100.9438088,810.175,18.2809,-1.968
1/1/2022 16:07,56.24222308,4,100.9459227,816.3052,18.2788,-1.968
1/1/2022 16:08,56.24222308,4,100.9457185,828.3021,18.2852,-1.968
1/1/2022 16:08,56.24222308,6,100.96597,822.4377,18.2534,-1.968
1/1/2022 16:08,55.93783702,6,100.9654371,810.1732,18.2398,-1.968
1/1/2022 16:08,55.93783702,7,100.9674267,791.4289,18.2332,-1.968
1/1/2022 16:08,55.93783702,8,100.9515985,688.1981,18.2099,-1.968
1/1/2022 16:08,55.36309846,8,100.9520515,669.7259,18.2084,-1.968
1/1/2022 16:09,55.36309846,8,100.9482321,633.4829,18.1742,-1.968
1/1/2022 16:09,55.36309846,9,100.9413217,540.3608,17.5573,-1.968
1/1/2022 16:09,53.47842357,9,100.939714,527.1753,17.4087,-1.968
1/1/2022 16:09,53.47842357,9,100.9423254,503.258,17.1219,-1.968
1/1/2022 16:09,53.47842357,9,100.9423432,493.1367,16.8858,-1.968
1/1/2022 16:09,54.16814558,9,100.9411174,504.0866,16.9823,-1.968
1/1/2022 16:10,54.16814558,9,100.9408776,541.5709,17.252,-1.968
1/1/2022 16:10,54.16814558,9,100.9367829,943.0969,18.2808,-1.9664
1/1/2022 16:10,55.69813691,9,100.9380175,995.4409,18.3433,-1.9645
1/1/2022 16:10,55.69813691,9,100.9390212,1069.2218,18.3911,-1.9582
1/1/2022 16:10,55.69813691,9,100.9396341,978.222,18.2052,-1.9238
1/1/2022 16:10,54.92861255,9,100.9396163,954.7629,18.1959,-1.9192
1/1/2022 16:11,54.92861255,8,100.9376178,908.5531,18.182,-1.9123
1/1/2022 16:11,54.92861255,6,100.9339939,686.7491,18.1257,-1.9822
1/1/2022 16:11,54.29502807,6,100.9339583,658.8912,18.1066,-1.9979
1/1/2022 16:11,54.29502807,6,100.9327237,617.0615,18.0675,-2.0317
1/1/2022 16:11,54.29502807,8,101.4507163,571.6707,17.8248,-2.0713
1/1/2022 16:11,53.88924179,8,101.9611643,566.0134,17.7673,-2.0726
1/1/2022 16:12,53.88924179,9,102.9840946,551.5186,17.627,-2.073
1/1/2022 16:12,53.88924179,8,106.0218129,481.3831,16.8783,-2.073
1/1/2022 16:12,52.55539727,8,106.0163592,472.2332,16.7725,-2.073
1/1/2022 16:12,52.55539727,7,106.0073171,456.6174,16.5761,-2.073
1/1/2022 16:12,52.55539727,8,106.0097064,405.8352,15.9516,-2.073
1/1/2022 16:12,50.67974831,8,106.0156575,396.6013,15.8339,-2.073
1/1/2022 16:13,50.67974831,9,106.0154976,377.6837,15.5784,-2.073
1/1/2022 16:13,50.67974831,10,106.0201431,351.499,15.126,-2.073
1/1/2022 16:13,51.46580369,10,106.0189262,352.9823,15.145,-2.073
1/1/2022 16:13,51.46580369,9,106.0281371,356.4015,15.2077,-2.073
1/1/2022 16:13,51.46580369,8,113.0350915,361.0581,15.2861,-2.073
1/1/2022 16:13,51.7376091,9,115.6099448,363.2891,15.3074,-2.073
1/1/2022 16:14,51.7376091,9,121.3779272,373.3891,15.4086,-2.073
1/1/2022 16:14,51.7376091,8,139.4792325,398.8969,15.8009,-2.073
1/1/2022 16:14,51.1660375,8,141.1629728,396.1979,15.7753,-2.073
1/1/2022 16:14,51.1660375,9,144.2475731,383.5046,15.6331,-2.073
1/1/2022 16:14,51.1660375,9,151.5258634,310.0776,14.5956,-2.073
1/1/2022 16:14,48.44058177,9,151.9120664,300.0989,14.4413,-2.073
1/1/2022 16:15,48.44058177,10,152.3755339,281.9695,14.1389,-2.073
1/1/2022 16:15,48.44058177,9,152.3813873,250.246,13.5214,-2.073
1/1/2022 16:15,48.77778826,9,152.385935,250.9616,13.5085,-2.073
1/1/2022 16:15,48.77778826,9,152.3867166,257.4035,13.5894,-2.073
1/1/2022 16:15,48.77778826,8,152.3892392,367.5586,15.1092,-2.073
1/1/2022 16:15,54.70389222,8,152.3844161,404.4206,15.4942,-2.073
1/1/2022 16:16,54.70389222,8,152.3827729,535.2004,16.321,-2.073
1/1/2022 16:16,54.70389222,8,152.3771771,981.3376,18.1823,-2.0281
1/1/2022 16:16,56.600251,9,152.3764221,998.3073,18.2384,-2.0168
1/1/2022 16:16,56.600251,10,152.3766619,977.3894,18.2463,-1.9918
1/1/2022 16:16,56.600251,12,152.3739972,950.8798,18.2882,-1.9357
1/1/2022 16:16,55.79502629,12,152.3744946,998.5258,18.3311,-1.9317
1/1/2022 16:17,55.79502629,11,152.3743525,1106.3969,18.4024,-1.8192
1/1/2022 16:17,55.79502629,10,152.3721497,1290.4583,18.3531,-1.3058
1/1/2022 16:17,56.04789495,10,152.3708795,1271.2007,18.3106,-1.3194
1/1/2022 16:17,56.04789495,9,152.3717411,1216.656,18.2413,-1.4549
1/1/2022 16:17,56.04789495,8,152.3775768,983.4082,18.137,-2.0765
1/1/2022 16:17,55.15435718,8,152.3792289,944.9161,18.1369,-2.0802
1/1/2022 16:18,55.15435718,9,152.3789535,860.0032,18.1178,-2.0864
1/1/2022 16:18,55.15435718,10,152.3770172,708.3993,18.199,-2.0825
1/1/2022 16:18,54.83981842,11,152.3741127,712.1096,18.2217,-2.069
1/1/2022 16:18,54.83981842,11,152.3740949,731.8972,18.2643,-2.0418
1/1/2022 16:18,54.83981842,10,152.3623348,761.1283,18.2806,-1.958
1/1/2022 16:18,55.00350113,10,152.363454,771.4806,18.2844,-1.958
1/1/2022 16:19,55.00350113,10,152.3599188,802.5555,18.3045,-1.958
1/1/2022 16:19,55.00350113,10,152.3572364,1101.7535,18.4382,-1.9441
1/1/2022 16:19,55.72678996,10,152.3563926,1137.2468,18.4289,-1.939
1/1/2022 16:19,55.72678996,10,152.3544651,1198.8094,18.4055,-1.928
1/1/2022 16:19,55.72678996,5,160.8445121,59.21,11.1154,-1.932
1/1/2022 16:19,44.54531969,5,161.6273625,59.7752,11.1139,-1.932
1/1/2022 16:20,44.54531969,6,163.6028887,62.2835,11.1222,-1.932
1/1/2022 16:20,44.54531969,7,169.0915853,83.4934,11.1348,-1.932
1/1/2022 16:20,44.5343736,7,169.2602906,88.9362,11.1406,-1.932
1/1/2022 16:20,44.5343736,7,169.1595303,99.8497,11.1415,-1.932
1/1/2022 16:20,44.5343736,7,168.7788354,130.0584,11.1427,-1.932
1/1/2022 16:20,44.84159073,7,168.7785955,131.6945,11.1442,-1.932
1/1/2022 16:21,44.84159073,7,168.7790041,136.0305,11.1458,-1.932
1/1/2022 16:21,44.84159073,7,168.7691626,145.1974,11.2638,-1.932
1/1/2022 16:21,46.6976792,7,168.7687895,148.3951,11.3228,-1.932
1/1/2022 16:21,46.6976792,8,168.7658139,156.6305,11.5048,-1.932
1/1/2022 16:21,46.6976792,7,168.7727155,219.9241,12.7993,-1.932
1/1/2022 16:21,49.82291752,7,168.7759664,232.4443,13.0384,-1.932
1/1/2022 16:22,49.82291752,6,168.7815,258.1545,13.5092,-1.932
1/1/2022 16:22,49.82291752,6,168.7777251,343.7857,14.9262,-1.932
1/1/2022 16:22,51.22849778,6,168.7762328,354.5023,15.0872,-1.932
1/1/2022 16:22,51.22849778,6,168.7771744,373.1632,15.3756,-1.932
1/1/2022 16:22,51.22849778,7,168.788295,392.8507,15.7482,-1.932
1/1/2022 16:22,51.03268001,7,168.7891121,388.7306,15.7045,-1.932
1/1/2022 16:23,51.03268001,7,168.7866873,376.7681,15.56,-1.932
1/1/2022 16:23,51.03268001,6,168.7803986,307.4304,14.5603,-1.932
1/1/2022 16:23,48.76281333,6,168.7781603,297.5265,14.4019,-1.932
1/1/2022 16:23,48.76281333,6,168.7783291,280.6866,14.1087,-1.932
1/1/2022 16:23,49.05592548,5,168.7835252,284.4268,14.1073,-1.932
1/1/2022 16:23,49.05592548,6,168.7832676,283.8223,14.0976,-1.932
1/1/2022 16:24,48.82121231,6,168.7841292,279.519,14.0299,-1.932
1/1/2022 16:24,48.82121231,6,168.7835074,276.965,13.9904,-1.932
1/1/2022 16:24,47.99564093,6,168.7833387,260.5509,13.7192,-1.932
1/1/2022 16:24,47.99564093,6,168.7819086,256.7316,13.6585,-1.932
1/1/2022 16:24,48.58698021,8,168.7762506,257.0646,13.6491,-1.932
1/1/2022 16:24,48.58698021,8,168.7717118,262.1366,13.7211,-1.932
1/1/2022 16:25,48.63085837,6,168.7728665,268.5293,13.8695,-1.932
1/1/2022 16:25,48.63085837,6,168.7741011,260.5293,13.7532,-1.932
1/1/2022 16:25,47.81615247,6,168.7740922,224.7201,13.077,-1.932
1/1/2022 16:25,47.81615247,6,168.7772277,221.5664,13.0032,-1.932
1/1/2022 16:25,47.85175662,6,168.7771655,229.4642,13.118,-1.932
1/1/2022 16:25,47.85175662,7,168.7769168,233.9709,13.1895,-1.932
1/1/2022 16:26,49.08585617,8,168.7743498,265.1333,13.7057,-1.932
1/1/2022 16:26,49.08585617,8,168.7715519,277.8852,13.9313,-1.932
1/1/2022 16:26,49.57789455,8,168.7699531,307.8004,14.4979,-1.932
1/1/2022 16:26,49.57789455,8,168.7744209,308.4378,14.5047,-1.932
1/1/2022 16:26,50.12391372,8,168.776748,324.9352,14.7179,-1.932
1/1/2022 16:26,50.12391372,8,168.7729375,336.6968,14.8903,-1.932
1/1/2022 16:27,51.68832145,8,168.7729997,403.7478,15.8155,-1.932
1/1/2022 16:27,51.68832145,8,168.7735238,416.1827,15.9942,-1.932
1/1/2022 16:27,51.23954899,9,168.7686385,413.1625,16.0149,-1.932
1/1/2022 16:27,51.23954899,9,168.7676792,404.9528,15.907,-1.932
1/1/2022 16:27,51.15597158,10,168.7710456,390.0507,15.6713,-1.932
1/1/2022 16:27,51.15597158,10,168.7733816,394.4466,15.7132,-1.932
1/1/2022 16:28,53.20759152,10,168.7731773,452.1476,16.4252,-1.932
1/1/2022 16:28,53.20759152,10,168.7708591,483.1621,16.7363,-1.932
1/1/2022 16:28,57.01169001,10,168.7723335,923.715,18.1656,-1.931
1/1/2022 16:28,57.01169001,10,168.7730175,1048.8851,18.346,-1.9294
1/1/2022 16:28,57.37311155,11,168.7763128,1264.8273,18.3418,-1.7584
1/1/2022 16:28,57.37311155,11,168.7742166,1281.5232,18.3255,-1.6551
1/1/2022 16:29,56.66963829,11,168.7698198,1208.5603,18.2067,-1.7572
1/1/2022 16:29,56.66963829,11,168.771321,1163.8755,18.1862,-1.8739
1/1/2022 16:29,57.81747846,9,168.7672085,1180.4482,18.3064,-1.9574
1/1/2022 16:29,57.81747846,9,168.7722536,1185.3348,18.2933,-1.9448
1/1/2022 16:29,56.46916123,8,168.7772898,1011.3941,18.1672,-1.924
1/1/2022 16:29,56.46916123,8,168.7724934,1000.8193,18.2062,-1.9221
1/1/2022 16:30,56.02245417,10,168.7818997,962.9172,18.242,-1.9162
1/1/2022 16:30,56.02245417,10,168.7837206,946.6371,18.2349,-1.9153
1/1/2022 16:30,56.19862838,11,168.7750071,1184.4527,18.4043,-1.8262
1/1/2022 16:30,56.19862838,11,168.7721648,1249.3854,18.4062,-1.8264
1/1/2022 16:30,56.09998363,10,168.7698554,1223.0926,18.2497,-1.9937
1/1/2022 16:30,56.09998363,10,168.7752558,1197.4576,18.2359,-2.0191
1/1/2022 16:31,56.56679559,9,168.7702728,1138.6833,18.2386,-2.0553
1/1/2022 16:31,56.56679559,9,168.7660893,1142.3856,18.2537,-2.0608
1/1/2022 16:31,56.45775779,10,168.7759486,1137.6612,18.2617,-2.0747
1/1/2022 16:31,56.45775779,10,168.7757887,1100.4523,18.2332,-2.0767
1/1/2022 16:31,55.47338854,9,168.7678036,929.2461,18.1983,-2.0821
1/1/2022 16:31,55.47338854,9,168.7683543,927.7679,18.2275,-2.0832
1/1/2022 16:32,55.17320758,8,168.7706814,892.6253,18.2337,-2.0866
1/1/2022 16:32,55.17320758,8,168.7706903,856.108,18.2131,-2.0872
1/1/2022 16:32,54.60892363,10,168.7749094,739.744,18.2217,-2.088
1/1/2022 16:32,54.60892363,10,168.7745008,720.4218,18.23,-2.088
1/1/2022 16:32,54.47279498,9,168.7710012,675.4709,18.2436,-2.088
1/1/2022 16:32,54.47279498,8,168.7712765,669.6552,18.2495,-2.088
1/1/2022 16:33,54.19707237,8,168.7735149,619.126,18.1463,-2.088
1/1/2022 16:33,54.19707237,8,168.7727865,600.6509,18.0455,-2.088
1/1/2022 16:33,53.00880644,7,168.7707347,530.5763,17.413,-2.088
1/1/2022 16:33,53.00880644,7,168.7729731,517.5994,17.2643,-2.088
1/1/2022 16:33,52.78786219,8,168.7766059,508.3257,17.1209,-2.088
1/1/2022 16:33,52.78786219,8,168.7762062,512.5368,17.1726,-2.088
1/1/2022 16:34,52.71457426,8,168.7701307,520.8041,17.2679,-2.088
1/1/2022 16:34,52.71457426,8,168.767919,516.6361,17.2233,-2.088
1/1/2022 16:34,52.24272514,9,168.7719871,465.5645,16.664,-2.088
1/1/2022 16:34,52.24272514,9,168.7735593,457.4963,16.5532,-2.088
1/1/2022 16:34,53.85223204,8,168.7730441,513.5977,17.1069,-2.088
1/1/2022 16:34,53.85223204,8,168.7717739,539.7052,17.3988,-2.088
1/1/2022 16:35,54.25570472,9,168.7688783,609.2413,18.1279,-2.088
1/1/2022 16:35,54.25570472,10,168.7703173,609.3291,18.1408,-2.088
1/1/2022 16:35,52.68870659,10,168.7715785,536.2412,17.4785,-2.088
1/1/2022 16:35,52.68870659,11,168.7709301,516.9859,17.2636,-2.088
1/1/2022 16:35,55.59183583,16,168.7788798,711.1496,17.5525,-1.7377
1/1/2022 16:35,55.59183583,16,168.7812158,910.03,17.9326,-0.5933
1/1/2022 16:36,57.59995047,16,168.7800522,1420.4274,18.3881,1.3661
1/1/2022 16:36,57.59995047,15,168.7794482,1422.3183,18.3686,1.6475
1/1/2022 16:36,56.62320723,14,168.7781514,1403.3773,18.2775,1.5807
1/1/2022 16:36,56.62320723,14,168.7798923,1404.9966,18.2308,0.9741
1/1/2022 16:36,55.37516496,12,168.7720227,1500.3199,18.5742,3.9069
1/1/2022 16:36,55.37516496,11,168.7674749,1498.9787,18.5361,4.3995
1/1/2022 16:37,54.29766996,13,168.7668709,1498.0676,18.5411,6.7997
1/1/2022 16:37,54.29766996,13,168.7669953,1497.1795,18.4716,6.8837
1/1/2022 16:37,54.79111747,12,168.7719871,1498.5616,18.2619,4.5625
1/1/2022 16:37,54.79111747,12,168.7725822,1499.9334,18.3669,4.7964
1/1/2022 16:37,53.33945293,12,168.773506,1499.7183,18.4265,6.1093
1/1/2022 16:37,53.33945293,12,168.7724579,1502.0318,18.4024,6.0645
1/1/2022 16:38,55.32633508,14,168.7743942,1502.7287,18.4673,7.1823
1/1/2022 16:38,55.32633508,14,168.7754246,1499.3218,18.4984,7.6717
1/1/2022 16:38,54.76450433,13,168.7675016,1501.7894,18.4289,7.7508
1/1/2022 16:38,54.76450433,13,168.766489,1502.3085,18.4205,7.7892
1/1/2022 16:38,53.93147602,13,168.9203023,1500.0589,18.3608,7.5147
1/1/2022 16:38,53.93147602,13,168.9265643,1501.0077,18.3374,7.2457
1/1/2022 16:39,54.88255571,12,168.7875844,1500.8132,18.3923,7.5088
1/1/2022 16:39,54.88255571,11,168.7862343,1501.5987,18.4038,7.5671
1/1/2022 16:39,54.88876354,11,168.7828679,1497.9604,18.3442,6.9478
1/1/2022 16:39,54.88876354,11,168.8166026,1494.8958,18.3023,6.4912
1/1/2022 16:39,54.97507653,9,168.8325019,1417.8913,18.0712,1.7007
1/1/2022 16:39,54.97507653,9,168.8078537,1368.5939,18.0511,0.5036
1/1/2022 16:40,56.37856993,10,168.8407447,1207.2723,18.178,-1.6241
1/1/2022 16:40,56.37856993,11,168.8373073,1150.6556,18.1678,-1.8579
1/1/2022 16:40,55.87897732,12,168.8038656,877.25,18.1536,-2.0296
1/1/2022 16:40,55.87897732,13,168.797346,872.0102,18.205,-2.0349
1/1/2022 16:40,56.81528427,13,168.8289491,1225.0947,18.4572,-1.1292
1/1/2022 16:40,56.81528427,13,168.8306279,1327.6475,18.4578,-0.6298
1/1/2022 16:41,55.75848271,12,168.7895829,1419.0846,18.3016,0.6429
1/1/2022 16:41,55.75848271,12,168.7882239,1426.7849,18.3189,0.8441
1/1/2022 16:41,54.85973191,10,168.7866162,1502.4112,18.4956,2.9903
1/1/2022 16:41,54.85973191,11,168.7848309,1505.1254,18.5109,3.6048
1/1/2022 16:41,55.25508784,11,168.7856569,1496.9437,18.3671,3.95
1/1/2022 16:41,55.25508784,11,168.7882683,1474.6051,18.2752,3.194
1/1/2022 16:42,55.13653705,10,168.7828768,1469.2058,18.3515,2.3967
1/1/2022 16:42,55.13653705,10,168.7796792,1491.967,18.405,2.7631
1/1/2022 16:42,55.9759845,11,168.7865452,1432.2007,18.2162,1.0666
1/1/2022 16:42,55.9759845,11,168.7865185,1400.2498,18.1969,0.4821
1/1/2022 16:42,57.11201294,11,168.780976,1319.4636,18.2321,-0.7796
1/1/2022 16:42,57.11201294,11,168.7820596,1287.3736,18.2211,-1.0883
1/1/2022 16:43,57.74068635,10,168.7832854,1212.5628,18.2525,-1.9134
1/1/2022 16:43,57.74068635,11,168.7830722,1218.1109,18.2664,-1.9033
1/1/2022 16:43,57.26317095,12,168.7825481,1237.826,18.2596,-1.9818
1/1/2022 16:43,57.26317095,12,168.7853994,1252.1874,18.2738,-2.0095
1/1/2022 16:43,56.10532359,13,168.776748,1424.1129,18.3468,0.0005
1/1/2022 16:43,56.10532359,13,168.77411,1467.8538,18.3703,0.6897
1/1/2022 16:44,54.16993365,12,168.7824416,1499.6406,18.5538,4.2998
1/1/2022 16:44,54.16993365,12,168.780825,1500.2625,18.539,4.9596
1/1/2022 16:44,55.37895836,14,168.7807184,1487.2243,18.2176,2.4699
1/1/2022 16:44,55.37895836,14,168.7852928,1454.2031,18.1768,1.6143
1/1/2022 16:44,56.23570379,13,168.7862521,1419.8658,18.2964,0.5911
1/1/2022 16:44,56.23570379,13,168.7818464,1442.539,18.3417,0.714
1/1/2022 16:45,56.10279804,11,168.7747229,1481.8216,18.4062,1.7563
1/1/2022 16:45,56.10279804,11,168.7769878,1492.1039,18.4464,2.3536
1/1/2022 16:45,55.06607051,10,168.780141,1500.1096,18.5744,6.116
1/1/2022 16:45,55.06607051,11,168.7784978,1500.1912,18.5494,6.6361
1/1/2022 16:45,54.31695595,12,168.7818553,1499.302,18.3113,6.078
1/1/2022 16:45,54.31695595,13,168.782637,1499.168,18.2852,5.5746
1/1/2022 16:46,54.65519658,13,168.7882062,1502.3328,18.3849,4.9045
1/1/2022 16:46,54.65519658,12,168.7872025,1502.4129,18.4346,5.224
1/1/2022 16:46,55.02782762,12,168.7777428,1498.9942,18.4336,5.8582
1/1/2022 16:46,55.02782762,12,168.7808783,1499.1226,18.3742,5.5528
1/1/2022 16:46,54.87167219,13,168.782406,1499.8701,18.5377,6.7954
1/1/2022 16:46,54.87167219,13,168.7829123,1497.3681,18.5377,7.3721
1/1/2022 16:47,55.53836695,12,168.7853461,1498.8527,18.3292,7.1624
1/1/2022 16:47,55.53836695,12,168.7869982,1502.3455,18.3088,6.7574
1/1/2022 16:47,56.13226372,11,168.7901158,1497.6827,18.1938,4.0024
1/1/2022 16:47,56.13226372,11,168.7860211,1496.8608,18.2179,3.3432
1/1/2022 16:47,56.96975712,11,168.7762684,1497.2664,18.6147,6.0835
1/1/2022 16:47,56.96975712,11,168.7765704,1492.7119,18.5568,6.5737
1/1/2022 16:48,59.83969841,10,168.7849108,1299.3379,17.941,0.8484
1/1/2022 16:48,59.83969841,10,168.786936,1204.5093,17.9539,-0.4175
1/1/2022 16:48,57.71722268,10,168.7915015,1198.8295,18.3033,-1.7839
1/1/2022 16:48,57.71722268,10,168.789121,1280.1856,18.3757,-1.2505
1/1/2022 16:48,56.99318187,9,168.78158,1237.6205,18.2251,-0.7988
1/1/2022 16:48,56.99318187,9,168.7819974,1164.5613,18.172,-1.336
1/1/2022 16:49,55.93480992,9,168.7858168,878.9072,18.1124,-2.0497
1/1/2022 16:49,55.93480992,9,168.7882417,834.5012,18.1413,-2.0299
1/1/2022 16:49,57.25398325,12,168.7917502,1142.2498,18.4679,-1.4883
1/1/2022 16:49,57.25398325,14,168.7894586,1242.8276,18.4742,-1.2494
1/1/2022 16:49,54.47001861,16,168.7881706,1503.6327,18.2473,13.2729
1/1/2022 16:49,54.47001861,15,168.7898227,1501.3413,18.2244,12.7947
1/1/2022 16:50,60.23818218,13,168.7893608,1497.8468,18.1494,10.1601
1/1/2022 16:50,60.23818218,12,168.7886503,1499.7758,18.115,9.1693
1/1/2022 16:50,59.21457814,13,168.7864031,1501.8315,18.2619,6.2308
1/1/2022 16:50,59.21457814,13,168.7869804,1499.9252,18.4293,6.884
1/1/2022 16:50,54.83553624,14,168.7846799,1497.9424,18.5054,9.4634
1/1/2022 16:50,54.83553624,14,168.7835785,1499.9748,18.3222,8.6998
1/1/2022 16:51,55.38232412,13,168.790409,1500.7997,18.2673,6.9581
1/1/2022 16:51,55.38232412,13,168.7905777,1500.7813,18.2559,6.3404
1/1/2022 16:51,60.74106891,13,168.790711,1497.7817,18.4698,7.7823
1/1/2022 16:51,60.74106891,13,168.7911462,1495.5111,18.5125,8.8058
1/1/2022 16:51,56.45702382,14,168.7908886,1503.2663,18.2333,6.9247
1/1/2022 16:51,56.45702382,14,168.7795015,1498.7934,18.362,11.926
1/1/2022 16:52,54.45367782,13,168.7834541,1502.8538,18.2678,10.8481
1/1/2022 16:52,54.45367782,12,168.7828857,1498.5824,18.3319,10.834
1/1/2022 16:52,54.34165611,11,168.7835163,1498.4297,18.1785,8.3715
1/1/2022 16:52,54.34165611,11,168.7864297,1501.5041,18.1219,7.3065
1/1/2022 16:52,55.91680965,11,168.7792706,1497.2972,18.4189,7.3055
1/1/2022 16:52,55.91680965,12,168.7799989,1498.1068,18.3747,7.0672
1/1/2022 16:53,53.92926414,15,168.7845378,1502.3054,18.4516,7.0163
1/1/2022 16:53,53.92926414,16,168.7841025,1500.5008,18.5417,7.819
1/1/2022 16:53,53.92926414,16,168.78309,1501.6499,18.5443,10.3251
1/1/2022 16:53,54.35694126,14,168.7861455,1497.7328,18.2648,9.6505
1/1/2022 16:53,54.35694126,14,168.7852217,1498.065,18.2451,9.1477
1/1/2022 16:53,55.63702094,15,168.7857991,1500.6532,18.3717,8.1327
1/1/2022 16:54,55.63702094,15,168.7871048,1500.2582,18.31,7.6335
1/1/2022 16:54,55.26319013,15,168.7828324,1499.6072,18.6887,10.7578
1/1/2022 16:54,55.26319013,15,168.7867761,1498.1959,18.6334,11.3299
1/1/2022 16:54,57.15235063,15,168.7844578,1498.4433,18.3556,10.8474
1/1/2022 16:54,57.15235063,15,168.7813668,1500.3431,18.3461,10.6651
1/1/2022 16:54,54.84400252,14,168.7859412,1499.5134,18.2837,9.5572
1/1/2022 16:55,54.84400252,14,168.7886414,1500.8427,18.3285,9.4642
1/1/2022 16:55,53.74301689,14,168.7827702,1501.8319,18.5345,11.239
1/1/2022 16:55,53.74301689,14,168.7805319,1499.9853,18.4945,11.4647
1/1/2022 16:55,54.72274824,16,168.7828057,1500.8918,18.1549,9.1528
1/1/2022 16:55,54.72274824,16,168.782788,1503.6665,18.1885,8.5865
1/1/2022 16:55,57.66666733,16,168.7838005,1496.9118,18.3932,9.8375
1/1/2022 16:56,57.66666733,16,168.7866873,1496.6812,18.2865,9.2719
1/1/2022 16:56,58.28932534,14,168.7819619,1500.9703,18.4016,8.008
1/1/2022 16:56,58.28932534,14,168.782486,1500.3519,18.4703,8.478
1/1/2022 16:56,55.88033452,13,168.7920788,1498.7974,18.237,6.749
1/1/2022 16:56,55.88033452,14,168.7881262,1497.7578,18.2267,6.0839
1/1/2022 16:56,56.55013881,14,168.7757266,1502.6662,18.366,3.825
1/1/2022 16:56,56.55013881,14,168.7784268,1499.9626,18.5176,4.9541
1/1/2022 16:57,62.53023175,16,168.7802121,1500.8972,18.3606,15.3011
1/1/2022 16:57,62.53023175,15,168.7795104,1499.3577,18.3541,15.1901
1/1/2022 16:57,63.58925102,15,168.7807717,1496.4684,18.0576,12.1834
1/1/2022 16:57,63.58925102,16,168.7816333,1498.9325,18.0301,11.1003
1/1/2022 16:57,60.42473882,14,168.7802299,1500.124,18.3194,9.8373
1/1/2022 16:57,60.42473882,13,168.7781514,1498.8311,18.2853,9.3603
1/1/2022 16:58,55.26627669,14,168.7847687,1498.4489,18.3173,9.7951
1/1/2022 16:58,55.26627669,14,168.7882062,1499.7015,18.3009,9.4749
1/1/2022 16:58,54.57978347,14,168.7898849,1496.7829,18.1919,7.1314
1/1/2022 16:58,54.57978347,13,168.784218,1496.879,18.1592,6.1177
1/1/2022 16:58,56.6988264,13,168.7812247,1499.289,18.3768,4.3035
1/1/2022 16:58,56.6988264,14,168.7837384,1496.5782,18.3952,4.343
1/1/2022 16:59,56.48503323,13,168.7840848,1488.5398,18.2958,2.6465
1/1/2022 16:59,56.48503323,13,168.7852395,1484.5679,18.3006,2.3333
1/1/2022 16:59,57.62199711,12,168.7846355,1319.2601,18.1674,-0.1112
1/1/2022 16:59,57.62199711,12,168.7846266,1278.8201,18.1584,-0.8321
1/1/2022 16:59,59.09666216,12,168.7853638,1253.8934,18.2501,-1.7799
1/1/2022 16:59,59.09666216,12,168.7861099,1265.8133,18.2691,-1.7728
1/1/2022 17:00,58.80029864,13,168.7857014,1270.5278,18.2619,-1.6195
1/1/2022 17:00,58.80029864,13,168.7831521,1299.314,18.2918,-1.2509
1/1/2022 17:00,56.33323027,14,168.7833564,1493.3098,18.6065,3.9145
1/1/2022 17:00,56.33323027,14,168.7853105,1498.1687,18.5798,4.7843
1/1/2022 17:00,55.36771225,13,168.7828679,1491.517,18.1975,4.8319
1/1/2022 17:00,55.36771225,12,168.7808783,1492.6621,18.1136,3.4768
1/1/2022 17:01,56.73447613,11,168.7810826,1498.7423,18.3625,2.6604
1/1/2022 17:01,56.73447613,11,168.7829834,1495.0339,18.3661,2.5376
1/1/2022 17:01,56.45656487,10,168.7868383,1490.3718,18.3293,1.185
1/1/2022 17:01,56.45656487,10,168.7875933,1477.2058,18.3313,1.1264
1/1/2022 17:01,56.46364845,12,169.5984797,1234.4768,18.1724,-0.7165
1/1/2022 17:01,56.46364845,12,170.1437741,1163.1082,18.1477,-1.2996
1/1/2022 17:02,57.37881596,11,171.4848908,1202.4287,18.3239,-1.6232
1/1/2022 17:02,57.37881596,12,171.4826524,1287.1491,18.3872,-0.9677
1/1/2022 17:02,55.86951511,13,171.4827946,1498.1712,18.4839,2.1723
1/1/2022 17:02,55.86951511,12,171.477634,1499.7193,18.4789,2.6243
1/1/2022 17:02,57.87465458,13,171.4761595,1390.6752,18.2224,0.8294
1/1/2022 17:02,57.87465458,13,171.4766747,1393.0075,18.2177,0.4023
1/1/2022 17:03,56.43943142,12,171.4680589,1494.607,18.4674,2.237
1/1/2022 17:03,56.43943142,13,171.4630493,1493.2066,18.5789,3.6115
1/1/2022 17:03,55.75438809,15,171.4612373,1490.544,18.5172,7.7931
1/1/2022 17:03,55.75438809,15,171.4610508,1491.7684,18.3177,6.7482
1/1/2022 17:03,56.80114855,12,171.462161,1503.7027,18.5415,6.9033
1/1/2022 17:03,56.80114855,12,171.4637687,1502.1608,18.6075,7.9566
1/1/2022 17:04,55.39355333,11,171.4649412,1454.7918,18.0205,4.0953
1/1/2022 17:04,55.39355333,11,171.464124,1405.709,17.9601,2.3753
1/1/2022 17:04,58.08407866,11,171.4638753,1241.1386,18.1704,-1.4961
1/1/2022 17:04,58.08407866,11,171.4642306,1251.4923,18.2301,-1.7988
1/1/2022 17:04,56.72906626,12,171.4635644,1425.1332,18.3798,0.0232
1/1/2022 17:04,56.72906626,12,171.4637154,1463.1244,18.3955,0.6804
1/1/2022 17:05,56.16266204,10,171.4650744,1329.8326,18.2374,0.4645
1/1/2022 17:05,56.16266204,11,171.4629249,1236.0681,18.1825,-0.2298
1/1/2022 17:05,58.41234309,12,171.468272,1186.7688,18.286,-1.9431
1/1/2022 17:05,58.41234309,12,171.4688227,1229.8085,18.3136,-1.9245
1/1/2022 17:05,57.81428618,13,171.4616636,1279.2739,18.2772,-1.9304
1/1/2022 17:05,57.81428618,13,171.4622499,1285.6982,18.2794,-1.9374
1/1/2022 17:06,57.389881,12,171.4642395,1184.1459,18.2287,-2.0025
1/1/2022 17:06,57.389881,12,171.4639908,1161.077,18.2254,-2.0022
1/1/2022 17:06,56.90042459,13,171.4563876,1118.1158,18.2233,-2.0001
1/1/2022 17:06,56.90042459,13,171.4575511,1085.0336,18.2186,-2
1/1/2022 17:06,56.33475457,12,171.4598783,862.3024,18.1721,-2.0003
1/1/2022 17:06,56.33475457,11,171.4565119,830.689,18.1824,-1.9997
1/1/2022 17:07,57.31775773,9,171.4583061,971.3855,18.3506,-1.9973
1/1/2022 17:07,57.31775773,9,171.4615659,1032.9576,18.3691,-1.997
1/1/2022 17:07,56.66861031,8,171.4615393,1379.4461,18.5933,1.3479
1/1/2022 17:07,56.66861031,9,171.4580752,1443.9615,18.5759,2.3975
1/1/2022 17:07,55.93018564,10,171.4591677,1079.7085,17.9899,-0.3039
1/1/2022 17:07,55.93018564,10,171.4596918,927.322,17.9463,-1.3422
1/1/2022 17:08,56.79314323,12,171.4564942,880.7144,18.3104,-1.9286
1/1/2022 17:08,56.79314323,12,171.4589634,989.5697,18.3952,-1.9054
1/1/2022 17:08,58.39197649,14,171.4638309,1250.604,18.3517,-1.9299
1/1/2022 17:08,58.39197649,15,171.4608465,1279.9093,18.3273,-1.7512
1/1/2022 17:08,57.07429974,16,171.4656784,1477.6878,18.7378,5.1194
1/1/2022 17:08,57.07429974,16,171.4685563,1496.0529,18.7599,7.5081
1/1/2022 17:09,54.56070823,15,171.4660248,1501.8109,18.3817,9.5276
1/1/2022 17:09,54.56070823,14,171.4665311,1501.6362,18.5159,10.2497
1/1/2022 17:09,58.20305675,13,171.4640885,1498.6651,18.2198,9.6401
1/1/2022 17:09,58.20305675,12,171.4618413,1500.1553,18.0983,8.3475
1/1/2022 17:09,56.97908746,10,171.4609442,1498.014,18.3186,6.3313
1/1/2022 17:09,56.97908746,10,171.4617258,1497.4234,18.3465,6.225
1/1/2022 17:10,55.6794434,12,171.4642661,1499.8944,18.4709,7.1872
1/1/2022 17:10,55.6794434,12,171.4639819,1500.216,18.4301,7.1763
1/1/2022 17:10,54.35551102,12,171.4658827,1500.3202,18.2862,5.2235
1/1/2022 17:10,54.35551102,12,171.4655985,1496.8716,18.3744,5.457
1/1/2022 17:10,54.52636503,12,171.4597184,1500.1012,18.3848,5.0141
1/1/2022 17:10,54.52636503,11,171.4603135,1501.8597,18.4013,5.0714
1/1/2022 17:11,57.58427307,10,171.4631647,1480.1675,18.1798,2.8693
1/1/2022 17:11,57.58427307,10,171.4626585,1465.4937,18.1061,1.6646
1/1/2022 17:11,55.80137111,11,171.4591411,1459.2214,18.317,1.5326
1/1/2022 17:11,55.80137111,12,171.4596651,1427.585,18.2923,1.4147
1/1/2022 17:11,56.54680304,12,171.4593276,1284.6863,18.2003,-0.97
1/1/2022 17:11,56.54680304,12,171.4592388,1289.3156,18.2366,-1.3744
1/1/2022 17:12,55.82893223,11,171.4654919,1327.6236,18.2669,-0.657
1/1/2022 17:12,55.82893223,11,171.4655185,1317.3193,18.2583,-0.6048
1/1/2022 17:12,57.78852869,10,171.4633335,1245.3922,18.2663,-1.8891
1/1/2022 17:12,57.78852869,10,171.4694534,1265.5742,18.2871,-1.846
1/1/2022 17:12,56.76034664,9,171.4886125,1300.8651,18.2609,-1.3876
1/1/2022 17:12,56.76034664,9,171.4881506,1265.9051,18.2325,-1.5094
1/1/2022 17:13,56.88669488,9,171.4736636,1218.1502,18.2631,-2.0241
1/1/2022 17:13,56.88669488,8,171.4738768,1231.5035,18.2796,-2.0032
1/1/2022 17:13,56.42494994,7,171.4790107,1057.5097,18.1685,-1.9738
1/1/2022 17:13,56.42494994,7,171.4775096,1001.6928,18.1632,-1.9714
1/1/2022 17:13,54.70820999,8,171.4780692,744.2929,18.116,-1.9631
1/1/2022 17:13,54.70820999,8,171.4739123,674.0314,18.0875,-1.9615
1/1/2022 17:14,55.28493712,8,171.4628361,636.2746,18.2078,-1.9555
1/1/2022 17:14,55.28493712,8,171.4635911,648.9991,18.2453,-1.9546
1/1/2022 17:14,55.50643241,9,175.1496992,772.2946,18.3421,-1.954
1/1/2022 17:14,55.50643241,9,176.2039294,794.8055,18.3347,-1.954
1/1/2022 17:14,55.246175,8,176.731516,824.3058,18.2858,-1.954
1/1/2022 17:14,55.246175,8,176.72918,859.0973,18.3036,-1.954
1/1/2022 17:15,55.729353,8,176.7281496,807.8255,18.2106,-1.954
1/1/2022 17:15,55.729353,8,176.7289757,742.5569,18.1769,-1.954
1/1/2022 17:15,55.02923414,8,176.7263465,622.616,18.1617,-1.954
1/1/2022 17:15,55.02923414,9,176.7278032,648.9542,18.1961,-1.954
1/1/2022 17:15,54.42942378,11,176.7319424,725.2359,18.2761,-1.954
1/1/2022 17:15,54.42942378,11,176.7309564,694.8174,18.2394,-1.954
1/1/2022 17:16,54.99744016,11,176.7352821,628.1462,18.146,-1.954
1/1/2022 17:16,54.99744016,10,176.734687,658.3874,18.1825,-1.954
1/1/2022 17:16,56.2994572,8,176.7343139,1117.103,18.4934,-1.3412
1/1/2022 17:16,56.2994572,8,176.7338076,1232.234,18.4952,-0.9506
1/1/2022 17:16,55.97074977,7,176.7279542,1108.6229,18.1627,-1.3103
1/1/2022 17:16,55.97074977,7,176.7273502,1002.8145,18.1091,-1.7046
1/1/2022 17:17,55.56454755,8,176.7225094,653.7421,18.0853,-1.9517
1/1/2022 17:17,55.56454755,8,176.7189032,617.9816,18.1095,-1.9446
1/1/2022 17:17,55.45633999,10,176.7255116,763.7553,18.3271,-1.9326
1/1/2022 17:17,55.45633999,10,176.7307432,800.7516,18.3316,-1.9314
1/1/2022 17:17,55.0865323,10,176.7299083,763.7883,18.2499,-1.931
1/1/2022 17:17,55.0865323,9,176.7297396,764.3639,18.2615,-1.931
1/1/2022 17:18,55.40122216,9,176.7291267,887.761,18.3116,-1.931
1/1/2022 17:18,55.40122216,9,176.7297129,902.5549,18.3071,-1.931
1/1/2022 17:18,55.08715865,9,176.73061,788.0686,18.2112,-1.931
1/1/2022 17:18,55.08715865,9,176.7299172,763.7022,18.2164,-1.931
1/1/2022 17:18,55.57119164,10,176.7304501,859.7267,18.3208,-1.931
1/1/2022 17:18,55.57119164,10,176.7305567,896.3004,18.3254,-1.931
1/1/2022 17:19,55.84012229,10,176.7329727,974.6077,18.2888,-1.931
1/1/2022 17:19,55.84012229,10,176.7323598,977.4632,18.2797,-1.931
1/1/2022 17:19,55.79417187,10,176.7258491,1035.804,18.3053,-1.931
1/1/2022 17:19,55.79417187,10,176.7253606,1062.5803,18.3131,-1.931
1/1/2022 17:19,56.41501824,11,176.72918,1110.8902,18.2845,-1.931
1/1/2022 17:19,56.41501824,12,176.7314361,1129.3948,18.293,-1.9298
1/1/2022 17:20,55.74936807,11,176.7326085,1388.8712,18.4021,-0.3643
1/1/2022 17:20,55.74936807,11,176.730086,1451.3803,18.4007,0.2186
1/1/2022 17:20,55.49871728,10,176.7360193,1433.5237,18.2877,0.8448
1/1/2022 17:20,55.49871728,10,176.741251,1386.525,18.2551,0.511
1/1/2022 17:20,55.8744803,11,176.7556491,1125.5052,18.1483,-1.6227
1/1/2022 17:20,55.8744803,12,176.7551873,1096.8226,18.1747,-1.8989
1/1/2022 17:21,56.76627717,15,176.7560222,1378.6133,18.4423,-0.2649
1/1/2022 17:21,56.76627717,15,176.7561554,1456.1643,18.5392,1.1298
1/1/2022 17:21,54.2518732,16,176.7455855,1498.2706,18.6754,6.9043
1/1/2022 17:21,54.2518732,16,176.7462517,1497.9685,18.6104,7.4917
1/1/2022 17:21,54.47268511,16,176.7431962,1500.8373,18.5002,8.7852
1/1/2022 17:21,54.47268511,15,176.7419616,1499.1652,18.3993,8.4433
1/1/2022 17:22,55.68061296,14,176.7457365,1498.891,18.2077,5.3121
1/1/2022 17:22,55.68061296,14,176.7452658,1500.3983,18.2594,4.9433
1/1/2022 17:22,54.7997742,15,176.7422724,1500.6416,18.446,6.264
1/1/2022 17:22,54.7997742,15,176.7431251,1498.857,18.4834,6.7838
1/1/2022 17:22,54.93157228,15,176.7392613,1504.7471,18.3552,5.3417
1/1/2022 17:22,54.93157228,15,176.7342962,1504.3504,18.4625,5.8658
1/1/2022 17:23,54.82977716,15,176.744946,1497.5074,18.4838,8.2386
1/1/2022 17:23,54.82977716,14,176.7460652,1497.7981,18.3091,7.426
1/1/2022 17:23,55.81605044,12,176.7345271,1498.8232,18.1968,4.0971
1/1/2022 17:23,55.81605044,12,176.7362503,1493.1329,18.2006,3.2224
1/1/2022 17:23,56.9313445,12,176.7430185,1282.1629,18.0988,-0.3999
1/1/2022 17:23,56.9313445,12,176.7431429,1218.6976,18.1193,-1.0199
1/1/2022 17:24,56.09010411,12,176.7424412,1053.2339,18.1772,-1.9622
1/1/2022 17:24,56.09010411,12,176.7434449,1011.974,18.1818,-1.9456
1/1/2022 17:24,55.64641798,11,176.7389771,928.1432,18.2281,-1.9311
1/1/2022 17:24,55.64641798,11,176.7382044,872.0413,18.1993,-1.9284
1/1/2022 17:24,55.2215884,12,176.7409401,690.5643,18.207,-1.9211
1/1/2022 17:24,55.2215884,12,176.7414464,710.0526,18.2537,-1.9201
1/1/2022 17:25,55.95639498,12,176.7459319,847.596,18.3252,-1.919
1/1/2022 17:25,55.95639498,12,176.7437735,901.891,18.3466,-1.919
1/1/2022 17:25,57.65045718,12,176.7374582,1159.2509,18.3941,-1.9007
1/1/2022 17:25,57.65045718,13,176.738684,1232.8372,18.4044,-1.6105
1/1/2022 17:25,55.27242229,15,176.7456477,1479.192,18.8179,5.3829
1/1/2022 17:25,55.27242229,15,176.7483124,1498.7518,18.8882,7.8625
1/1/2022 17:26,54.94712076,15,176.7459586,1499.8847,18.4483,11.138
1/1/2022 17:26,54.94712076,15,176.7442621,1500.7171,18.3804,10.9407
1/1/2022 17:26,54.89468137,13,176.7462162,1499.7529,18.3292,10.3689
1/1/2022 17:26,54.89468137,13,176.7488364,1498.9174,18.2923,9.9673
1/1/2022 17:26,55.19674132,15,176.746678,1495.6323,18.0388,4.7749
1/1/2022 17:26,55.19674132,16,176.7432673,1498.8654,18.0633,3.5737
1/1/2022 17:27,54.78328044,14,176.7453901,1503.0479,18.7306,7.7913
1/1/2022 17:27,54.78328044,14,176.7433294,1500.6398,18.6913,8.8413
1/1/2022 17:27,55.45558396,13,176.7342784,1498.9392,18.3605,9.1435
1/1/2022 17:27,55.45558396,13,176.7356019,1498.3377,18.3137,8.7253
1/1/2022 17:27,56.10346963,13,176.7370763,1501.2293,18.246,6.0345
1/1/2022 17:27,56.10346963,13,176.7390926,1501.3442,18.3555,6.2172
1/1/2022 17:28,57.50096625,13,176.7349801,1500.4576,18.3924,5.9544
1/1/2022 17:28,57.50096625,12,176.7323243,1499.7763,18.374,5.7973
1/1/2022 17:28,57.53546669,13,176.7356907,1419.0131,18.1008,2.5099
1/1/2022 17:28,57.53546669,13,176.7347314,1362.8584,18.0328,1.0576
1/1/2022 17:28,56.75353216,12,176.7295974,1416.6925,18.446,1.4301
1/1/2022 17:28,56.75353216,12,176.7302991,1472.5327,18.5366,2.6457
1/1/2022 17:29,57.10052807,11,176.7319779,1401,18.1954,1.894
1/1/2022 17:29,57.10052807,11,176.7340386,1358.3227,18.1279,0.7033
1/1/2022 17:29,57.83618961,11,176.7344916,1350.8918,18.2685,-0.9613
1/1/2022 17:29,57.83618961,11,176.733852,1370.0871,18.2803,-0.7942
1/1/2022 17:29,57.87519927,12,176.7331059,1306.8507,18.2228,-0.8746
1/1/2022 17:29,57.87519927,12,176.733932,1263.225,18.2058,-1.2748
1/1/2022 17:30,58.2577148,14,176.7364368,1228.3261,18.2736,-2.0247
1/1/2022 17:30,58.2577148,14,176.7328839,1247.0175,18.2888,-1.9963
1/1/2022 17:30,57.95641041,12,176.7315693,1236.4422,18.259,-1.9302
1/1/2022 17:30,57.95641041,12,176.7321733,1261.2095,18.2832,-1.8024
1/1/2022 17:30,56.65413196,12,176.733479,1445.6103,18.3634,0.4512
1/1/2022 17:30,56.65413196,12,176.735815,1459.3313,18.3426,0.8995
1/1/2022 17:31,56.87148689,11,176.7352377,1314.6197,18.1932,-0.3233
1/1/2022 17:31,56.87148689,11,176.7331859,1296.0216,18.2112,-0.7431
1/1/2022 17:31,56.18422113,12,176.7302281,1433.7746,18.3435,0.3486
1/1/2022 17:31,56.18422113,12,176.7300593,1447.3112,18.3225,0.6908
1/1/2022 17:31,56.28674944,11,176.7316492,1483.6134,18.4937,3.1049
1/1/2022 17:31,56.28674944,11,176.7349446,1487.6133,18.4501,3.2826
1/1/2022 17:32,57.41640559,12,176.7400163,1340.6411,18.1175,-0.173
1/1/2022 17:32,57.41640559,12,176.7375293,1330.4154,18.1702,-0.5975
1/1/2022 17:32,58.48180163,13,176.7324309,1280.3368,18.2249,-1.2008
1/1/2022 17:32,58.48180163,13,176.7344738,1258.4565,18.2214,-1.4583
1/1/2022 17:32,57.21027263,14,176.7368276,1429.5972,18.4915,1.2601
1/1/2022 17:32,57.21027263,13,176.734083,1473.9552,18.4876,2.0468
1/1/2022 17:33,55.53003968,13,176.7327506,1498.9487,18.3777,2.611
1/1/2022 17:33,55.53003968,13,176.7343939,1499.3945,18.4537,3.2111
1/1/2022 17:33,57.23075887,12,176.7315604,1499.9522,18.4942,5.2366
1/1/2022 17:33,57.23075887,11,176.7303613,1498.9565,18.4154,5.0162
1/1/2022 17:33,56.29418873,12,176.7312851,1499.5821,18.3415,4.3162
1/1/2022 17:33,56.29418873,13,176.7310985,1491.0173,18.3004,3.7121
1/1/2022 17:34,56.99899444,13,176.7420415,1480.0055,18.3742,2.6079
1/1/2022 17:34,56.99899444,13,176.7477528,1487.495,18.4756,3.6026
1/1/2022 17:34,55.40738523,12,176.7444486,1497.4869,18.4886,5.4704
1/1/2022 17:34,55.40738523,13,176.7431873,1497.0353,18.4345,5.4307
1/1/2022 17:34,56.54340939,16,176.7488453,1476.186,18.2376,3.3611
1/1/2022 17:34,56.54340939,16,176.7475663,1481.1608,18.432,4.7331
1/1/2022 17:35,55.37534937,16,176.7411,1506.8637,18.64,11.6825
1/1/2022 17:35,55.37534937,16,176.7376892,1503.4949,18.4749,11.5542
1/1/2022 17:35,53.67186576,16,176.7395633,1500.4383,18.3671,11.524
1/1/2022 17:35,53.67186576,16,176.7405848,1501.3684,18.365,11.4088
1/1/2022 17:35,54.20897031,16,176.7395989,1499.7734,18.4774,11.7958
1/1/2022 17:35,54.20897031,16,176.741775,1499.6518,18.471,11.9625
1/1/2022 17:36,55.2175432,15,176.7432495,1502.1766,18.2833,11.2629
1/1/2022 17:36,55.2175432,15,176.7423968,1501.6118,18.2569,10.7929
1/1/2022 17:36,54.70306495,16,176.7426011,1500.4077,18.3751,10.4011
1/1/2022 17:36,54.70306495,16,176.736801,1500.3022,18.4531,12.6003
1/1/2022 17:36,54.11389741,16,176.7310186,1499.7783,18.4763,13.9962
1/1/2022 17:36,54.11389741,15,176.7336478,1500.3691,18.2972,13.3372
1/1/2022 17:37,56.62636459,14,176.7334168,1499.8204,18.1476,10.1954
1/1/2022 17:37,56.62636459,14,176.7316581,1500.3827,18.1815,9.632
1/1/2022 17:37,56.02155125,15,176.7352554,1500.1937,18.3186,8.2443
1/1/2022 17:37,56.02155125,14,176.7387284,1497.538,18.3916,8.4338
1/1/2022 17:37,55.38440639,14,176.7393857,1499.0877,18.3734,8.6859
1/1/2022 17:37,55.38440639,13,176.7356107,1499.4981,18.3453,8.4693
1/1/2022 17:38,54.69872967,12,176.7352021,1497.1889,18.2595,7.0156
1/1/2022 17:38,54.69872967,12,176.738533,1500.3361,18.1682,5.8051
1/1/2022 17:38,56.08656175,11,176.7383465,1500.4985,18.2865,2.9563
1/1/2022 17:38,56.08656175,11,176.7361614,1500.9973,18.3376,2.8443
1/1/2022 17:38,57.57351361,11,176.7320578,1460.0418,18.2509,1.2466
1/1/2022 17:38,57.57351361,11,176.7302014,1426.7428,18.2299,0.8367
1/1/2022 17:39,56.46976261,10,176.7317203,1312.2953,18.2277,-0.7677
1/1/2022 17:39,56.46976261,10,176.7339231,1292.88,18.2304,-1.0439
1/1/2022 17:39,56.73793638,9,176.7375293,1255.5525,18.2525,-1.7983
1/1/2022 17:39,56.73793638,9,176.7359216,1253.2333,18.2606,-1.8387
1/1/2022 17:39,56.44135635,8,176.7301126,1129.6344,18.1932,-1.9409
1/1/2022 17:39,56.44135635,8,176.73069,1071.7884,18.1722,-2.0279
1/1/2022 17:40,56.51094586,9,176.7352821,959.8834,18.2127,-1.9778
1/1/2022 17:40,56.51094586,9,176.7351311,953.3838,18.2313,-1.9732
1/1/2022 17:40,56.07848458,9,176.7309653,891.701,18.2413,-1.9655
1/1/2022 17:40,56.07848458,9,176.7327684,878.3979,18.2493,-1.965
1/1/2022 17:40,55.13921989,7,176.7329194,789.9373,18.212,-1.965
1/1/2022 17:40,55.13921989,7,176.7306722,770.7178,18.219,-1.965
1/1/2022 17:41,55.99435498,8,176.7317203,798.4609,18.3057,-1.965
1/1/2022 17:41,55.99435498,9,176.7307255,848.7302,18.3292,-1.965
1/1/2022 17:41,55.8287748,11,176.7315604,898.1908,18.2972,-1.965
1/1/2022 17:41,55.8287748,11,176.7334079,926.132,18.3096,-1.965
1/1/2022 17:41,57.06404706,11,176.747513,1186.3032,18.3752,-1.9421
1/1/2022 17:41,57.06404706,11,176.7517143,1221.8794,18.3546,-1.9288
1/1/2022 17:42,56.86391739,12,176.8120418,1349.5551,18.3309,-1.1395
1/1/2022 17:42,56.86391739,13,176.9393867,1368.6682,18.3244,-0.7744
1/1/2022 17:42,55.74853103,12,177.3867435,1485.1409,18.5086,2.7691
1/1/2022 17:42,55.74853103,11,177.3872498,1500.8199,18.5305,3.7334
1/1/2022 17:42,55.54395699,11,181.2360821,1487.5658,18.3349,3.5601
1/1/2022 17:42,55.54395699,12,184.0233931,1467.0924,18.2554,2.7387
1/1/2022 17:43,56.72734398,11,196.8131305,1323.5065,18.1356,-0.3105
1/1/2022 17:43,56.72734398,10,200.3755184,1303.4909,18.1777,-0.8281
1/1/2022 17:43,57.58011647,9,209.9888016,1227.4114,18.2232,-1.8143
1/1/2022 17:43,57.58011647,9,210.636897,1198.6881,18.2216,-1.8174
1/1/2022 17:43,57.15170035,9,212.362886,1149.1042,18.2559,-1.9474
1/1/2022 17:43,57.15170035,8,212.3617935,1154.2947,18.2687,-1.9411
1/1/2022 17:44,56.44588809,10,212.3226493,1031.8012,18.1922,-1.9279
1/1/2022 17:44,56.44588809,10,212.3185368,953.4229,18.1523,-1.9267
1/1/2022 17:44,56.18112421,12,212.3094503,876.8212,18.2774,-1.9243
1/1/2022 17:44,56.18112421,12,212.3088996,948.9486,18.3445,-1.9239
1/1/2022 17:44,56.99246581,12,212.3065458,1134.0718,18.3413,-1.9196
1/1/2022 17:44,56.99246581,12,212.3071853,1171.7724,18.3397,-1.8606
1/1/2022 17:45,57.48244183,15,212.3030017,1343.2185,18.3428,-1.0769
1/1/2022 17:45,57.48244183,15,212.302078,1371.4756,18.3382,-0.4794
1/1/2022 17:45,54.5069487,15,212.3054266,1492.226,18.6034,6.4472
1/1/2022 17:45,54.5069487,16,212.3068122,1499.7167,18.5996,7.661
1/1/2022 17:45,57.53978989,11,212.3057908,1249.5306,18.2858,-1.9157
1/1/2022 17:45,57.53978989,11,212.3073896,1220.051,18.2531,-1.9381
1/1/2022 17:46,57.71865016,13,212.3040321,1131.7236,18.2662,-1.9478
1/1/2022 17:46,57.71865016,13,212.3053289,1214.4627,18.3444,-1.4083
1/1/2022 17:46,55.72852231,13,212.3029129,1476.208,18.3857,0.9157
1/1/2022 17:46,55.72852231,13,212.3023267,1469.083,18.3337,0.985
1/1/2022 17:46,56.06955116,13,212.3047871,1468.5222,18.3053,0.9679
1/1/2022 17:46,56.06955116,13,212.3054888,1478.6011,18.3325,1.0479
1/1/2022 17:47,55.53158003,13,212.3041564,1476.9238,18.3455,1.2507
1/1/2022 17:47,55.53158003,13,212.3040321,1466.5785,18.3233,1.0929
1/1/2022 17:47,56.42702652,13,212.3038722,1335.778,18.2263,-0.356
1/1/2022 17:47,56.42702652,13,212.303508,1331.1395,18.2422,-0.4896
1/1/2022 17:47,55.49664846,13,212.3062171,1450.09,18.3242,0.5714
1/1/2022 17:47,55.49664846,12,212.3067856,1459.2872,18.3129,0.7976
1/1/2022 17:48,56.5406242,11,212.3055332,1309.1004,18.1914,-0.1301
1/1/2022 17:48,56.5406242,11,212.3017405,1255.6725,18.1782,-0.7615
1/1/2022 17:48,55.7159704,13,212.3057108,1438.5852,18.348,0.079
1/1/2022 17:48,54.87369222,14,212.3036057,1499.1388,18.5195,3.7574
1/1/2022 17:48,54.11420564,14,212.3055509,1500.3132,18.4205,4.8305
1/1/2022 17:48,54.86847903,13,212.307283,1500.5375,18.4211,5.2667
1/1/2022 17:49,55.4790862,11,212.3063503,1493.4973,18.2197,2.2116
1/1/2022 17:49,56.34350618,11,212.3049381,1383.3334,18.2133,0.2102
1/1/2022 17:49,56.97352388,10,212.3080646,1261.6786,18.2069,-1.3042
1/1/2022 17:49,57.4489881,13,212.3054977,1178.6576,18.2838,-1.9728
1/1/2022 17:49,56.31056287,14,212.304716,1407.012,18.3277,0.1166
1/1/2022 17:49,54.53973555,12,212.2993422,1486.8217,18.5501,3.1928
1/1/2022 17:50,56.82778603,13,212.3066435,1319.1787,18.0933,0.3373
1/1/2022 17:50,56.78906253,13,212.3044051,1419.1061,18.3172,0.0136
1/1/2022 17:50,56.71641624,12,212.3035436,1363.8771,18.2444,0.0652
1/1/2022 17:50,56.3000292,13,212.3013407,1422.1401,18.2962,0.2752
1/1/2022 17:50,56.70698315,15,212.3026376,1410.194,18.2719,0.2368
1/1/2022 17:50,55.907317,15,212.3040676,1497.7656,18.544,5.1506
1/1/2022 17:51,56.76367371,12,212.3052401,1498.5881,18.3651,5.4659
1/1/2022 17:51,57.02573485,12,212.3052401,1347.221,18.1286,-0.2009
1/1/2022 17:51,56.28998181,12,212.3043962,1485.4344,18.4833,2.5532
1/1/2022 17:51,57.19626257,14,212.3064214,1380.2633,18.1556,1.4734
1/1/2022 17:51,56.00070584,13,212.3035436,1405.3616,18.2807,0.5227
1/1/2022 17:51,57.19824949,12,212.3149217,1191.5813,18.3152,-1.9208
1/1/2022 17:52,57.27629677,12,212.3190875,1338.3785,18.307,-1.1868
1/1/2022 17:52,55.90039065,10,212.3109425,1273.8127,18.2102,-1.0568
1/1/2022 17:52,55.91274262,11,212.3055243,882.4669,18.1451,-1.9953
1/1/2022 17:52,55.57300939,12,212.3282984,965.4108,18.3016,-1.9651
1/1/2022 17:52,56.17887513,11,212.3148951,1142.4038,18.3676,-1.946
1/1/2022 17:52,55.94916899,11,212.3163163,1152.1676,18.2317,-1.927
1/1/2022 17:53,55.90236753,10,212.3131275,1066.6598,18.2352,-2.0699
1/1/2022 17:53,56.00174843,9,212.3147796,974.6819,18.253,-2.0729
1/1/2022 17:53,56.44596235,9,212.3246567,993.6559,18.2673,-1.9301
1/1/2022 17:53,57.01308189,11,212.3133407,1159.835,18.3414,-1.9139
1/1/2022 17:53,56.43218415,11,212.3046716,1308.117,18.3214,-1.5665
1/1/2022 17:53,56.46215679,10,212.3169824,1120.9948,18.1585,-1.8394
1/1/2022 17:54,57.18618092,10,212.315277,1073.7579,18.3114,-1.9799
1/1/2022 17:54,57.63090249,12,212.3113866,1218.3584,18.3036,-1.9657
1/1/2022 17:54,57.18717223,13,212.3113244,1200.9646,18.257,-1.9592
1/1/2022 17:54,55.0141,12,212.3125413,1481.8574,18.5547,2.8458
1/1/2022 17:54,55.26041304,11,212.3263088,1475.354,18.2478,1.4704
1/1/2022 17:54,56.91013526,10,212.3106494,1256.7839,18.1894,-1.0797
1/1/2022 17:55,56.59333548,9,212.3134206,1104.7522,18.2044,-2.059
1/1/2022 17:55,55.26936453,10,212.3192563,925.4037,18.1872,-1.9433
1/1/2022 17:55,55.61113671,9,212.3122215,895.1623,18.2843,-1.9281
1/1/2022 17:55,55.9877773,10,212.3163251,985.4157,18.2838,-1.927
1/1/2022 17:55,55.54648984,10,212.3158721,1014.0723,18.2917,-1.927
1/1/2022 17:55,55.34847806,9,212.306679,939.82,18.2208,-1.927
1/1/2022 17:56,55.20176762,9,212.3113688,873.1996,18.2568,-1.927
1/1/2022 17:56,55.54611202,10,212.3110757,960.2482,18.3232,-1.927
1/1/2022 17:56,55.16510067,10,212.3203488,851.3535,18.209,-1.927
1/1/2022 17:56,55.59376992,10,212.3215568,936.1725,18.2723,-1.927
1/1/2022 17:56,55.86099608,10,212.3195316,991.259,18.3372,-1.927
1/1/2022 17:56,54.95923281,9,212.3055865,761.9665,18.1444,-1.927
1/1/2022 17:57,55.28775905,10,212.3135006,680.0079,18.2525,-1.927
1/1/2022 17:57,55.87689884,12,212.3125591,831.34,18.3372,-1.927
1/1/2022 17:57,56.76614164,11,212.3112622,1033.6912,18.3319,-1.927
1/1/2022 17:57,56.94765255,9,212.319958,1239.6818,18.377,-1.4799
1/1/2022 17:57,56.54368157,9,212.3195405,1176.9221,18.1922,-1.6014
1/1/2022 17:57,55.82853071,10,212.3068122,851.9782,18.146,-2.0581
1/1/2022 17:58,55.54021408,10,212.3120705,879.7384,18.2861,-2.0706
1/1/2022 17:58,54.6767809,9,212.3127101,675.8275,18.1709,-2.074
1/1/2022 17:58,54.79385302,10,212.3157833,661.332,18.2418,-2.074
1/1/2022 17:58,55.02681199,10,212.3469512,810.7796,18.2938,-2.074
1/1/2022 17:58,55.11730181,9,212.3110135,873.0347,18.3187,-2.074
1/1/2022 17:58,55.17105881,8,212.3186523,748.2911,18.1953,-2.074
1/1/2022 17:59,53.90241451,8,212.3249498,579.5569,17.8676,-2.074
1/1/2022 17:59,53.16303329,10,212.8704733,519.1534,17.2618,-2.074
1/1/2022 17:59,53.69336828,8,213.8460746,529.7298,17.3388,-2.074
1/1/2022 17:59,54.76510633,8,213.8617606,588.4781,17.8459,-2.074
1/1/2022 17:59,54.58130696,6,213.8483839,585.9873,17.97,-2.074
1/1/2022 17:59,54.1603644,5,213.8488902,508.4775,17.1789,-2.074
1/1/2022 18:00,51.05217783,6,213.8522477,409.3499,15.9902,-2.074
1/1/2022 18:00,49.67324926,7,213.852079,313.7877,14.6255,-2.074
1/1/2022 18:00,49.34125406,5,213.8515016,281.3161,14.0535,-2.074
1/1/2022 18:00,49.06116281,4,213.8502315,296.8156,14.3082,-2.074
1/1/2022 18:00,48.52584118,6,213.8487392,269.4944,13.9026,-2.074
1/1/2022 18:00,47.23235295,6,213.8466341,224.4718,13.069,-2.074
1/1/2022 18:01,45.96707505,6,213.8472381,192.5812,12.4228,-2.074
1/1/2022 18:01,45.0561161,6,213.848153,155.1615,11.5718,-2.074
1/1/2022 18:01,45.58441809,6,213.8480908,145.4918,11.2693,-2.074
1/1/2022 18:01,46.28801189,6,213.8501515,174.1096,11.9307,-2.074
1/1/2022 18:01,47.85004964,7,213.8477089,209.5428,12.6849,-2.074
1/1/2022 18:01,48.62283853,7,213.8492633,253.2989,13.5543,-2.074
1/1/2022 18:02,48.85234112,8,213.8544594,265.6152,13.7977,-2.074
1/1/2022 18:02,47.82629725,7,213.8503913,238.5286,13.3257,-2.074
1/1/2022 18:02,47.99008101,6,213.8503647,234.4316,13.2125,-2.074
1/1/2022 18:02,48.16242861,6,213.8516349,242.46,13.346,-2.074
1/1/2022 18:02,48.74749651,7,213.8520434,251.8071,13.5047,-2.074
1/1/2022 18:02,49.65717108,7,213.8505068,292.4619,14.1994,-2.074
1/1/2022 18:03,50.11153043,7,213.8491478,335.9699,14.9147,-2.074
1/1/2022 18:03,50.41024582,7,213.8500449,346.4121,15.0388,-2.074
1/1/2022 18:03,50.75957085,7,213.9295679,376.5491,15.4937,-2.074
1/1/2022 18:03,50.22043253,7,213.9486737,358.5115,15.2722,-2.074
1/1/2022 18:03,49.74714226,7,213.9397825,326.2694,14.7966,-2.074
1/1/2022 18:03,48.88237044,7,213.9387255,277.1786,14.0095,-2.074
1/1/2022 18:04,48.13367874,10,213.9392407,243.4033,13.4005,-2.074
1/1/2022 18:04,49.48758818,9,213.9439572,262.2495,13.6635,-2.074
1/1/2022 18:04,52.218269,10,213.9366648,375.5535,15.3495,-2.074
1/1/2022 18:04,52.65696051,8,213.9380416,461.5097,16.5826,-2.074
1/1/2022 18:04,54.79273135,10,213.9371356,575.1656,17.4823,-2.074
1/1/2022 18:04,55.71161901,11,213.9396493,685.2928,18.2624,-2.074
1/1/2022 18:05,55.90598692,11,213.9209876,914.859,18.3613,-2.074
1/1/2022 18:05,55.39611508,10,213.9025303,728.0547,18.1779,-2.074
1/1/2022 18:05,55.94932614,9,213.8972009,893.206,18.3557,-2.074
1/1/2022 18:05,55.44528213,10,213.8953356,871.2574,18.2344,-2.074
1/1/2022 18:05,55.47252528,9,213.8959752,753.5729,18.2416,-2.074
1/1/2022 18:05,55.06085661,10,213.8948826,780.4042,18.2462,-2.074
1/1/2022 18:06,53.89729252,8,213.894856,558.81,17.6964,-2.074
1/1/2022 18:06,53.37287856,9,213.8973608,500.1515,17.0447,-2.074
1/1/2022 18:06,53.06857171,9,213.8943763,488.6139,16.8954,-2.074
1/1/2022 18:06,53.42333652,9,213.8962772,474.9107,16.7337,-2.074
1/1/2022 18:06,54.19542657,9,213.8955843,524.1449,17.2607,-2.074
1/1/2022 18:06,52.64938711,8,213.8937546,474.7934,16.7985,-2.074
1/1/2022 18:07,52.09237066,7,213.8903793,423.2633,16.0926,-2.074
1/1/2022 18:07,52.03869741,8,213.8935681,439.036,16.3351,-2.074
1/1/2022 18:07,52.25859674,9,213.8942964,422.8878,16.0985,-2.074
1/1/2022 18:07,53.33881343,8,213.8955666,491.387,16.8636,-2.074
1/1/2022 18:07,54.80686205,8,213.8940832,667.0013,18.0724,-2.074
1/1/2022 18:07,57.42920185,13,213.8939855,1215.0622,18.0249,0.6123
1/1/2022 18:08,54.63092492,13,213.8942964,1456.4425,18.7052,3.7297
1/1/2022 18:08,53.48165486,12,213.8960817,1498.1435,18.4293,6.771
1/1/2022 18:08,55.19639662,11,213.891916,1500.4945,18.3002,5.065
1/1/2022 18:08,54.68257936,11,213.8953268,1485.4155,18.2288,2.5362
1/1/2022 18:08,55.19911846,10,213.8920847,1476.931,18.3018,0.987
1/1/2022 18:08,55.38923455,9,213.8947494,1325.2556,18.204,-0.3675
1/1/2022 18:09,55.27799905,10,213.890628,1270.2904,18.3014,-0.965
1/1/2022 18:09,55.7132,9,213.8929374,1228.4726,18.1912,-1.0483
1/1/2022 18:09,55.27656591,9,213.8947761,829.5968,18.1286,-1.9988
1/1/2022 18:09,55.48983994,9,213.8965436,759.696,18.2781,-1.9745
1/1/2022 18:09,55.84249575,8,213.8936036,927.2326,18.2739,-1.97
1/1/2022 18:09,55.03334839,7,213.8942609,784.0537,18.2313,-1.97
1/1/2022 18:10,55.31713254,7,213.8983378,799.768,18.3142,-1.97
1/1/2022 18:10,54.58323805,10,213.8933282,844.3858,18.23,-1.97
1/1/2022 18:10,54.43582081,11,213.896517,581.2025,17.8887,-1.97
1/1/2022 18:10,56.68121031,11,213.8981602,1032.9531,18.3906,-1.9624
1/1/2022 18:10,57.19162207,12,213.8771359,1261.1047,18.309,-1.9045
1/1/2022 18:10,55.48763554,13,213.8733254,1386.9922,18.3186,-0.4916
1/1/2022 18:11,54.16281455,13,213.8771181,1498.203,18.5544,4.0856
1/1/2022 18:11,54.32881828,12,213.8772513,1499.6772,18.4372,4.8184
1/1/2022 18:11,55.002589,12,213.8857073,1499.5459,18.2397,2.7906
1/1/2022 18:11,54.96843251,13,213.8853253,1489.3706,18.4135,2.2805
1/1/2022 18:11,54.07742529,14,213.8866577,1498.5642,18.4292,4.6116
1/1/2022 18:11,53.75420635,14,213.8888072,1503.3416,18.6384,6.7265
1/1/2022 18:12,53.2116938,14,213.8826517,1499.5024,18.4158,9.2308
1/1/2022 18:12,52.67726877,14,213.8829893,1499.7144,18.3841,9.2609
1/1/2022 18:12,54.01964923,13,213.8840196,1498.8616,18.3188,7.765
1/1/2022 18:12,53.61578666,13,213.8810174,1500.9548,18.318,6.4777
1/1/2022 18:12,54.69978243,12,213.8801292,1501.8917,18.3838,6.194
1/1/2022 18:12,54.4487851,11,213.8802358,1473.4515,18.225,4.5049
1/1/2022 18:13,55.64632382,10,213.8743024,1391.9288,18.1967,0.1512
1/1/2022 18:13,55.02577197,9,213.8800937,935.8399,18.1825,-1.9935
1/1/2022 18:13,55.02577197,9,213.8821188,906.3224,18.2114,-1.9844
1/1/2022 18:13,55.19450657,9,213.883842,939.7361,18.2822,-1.9722
1/1/2022 18:13,55.19450657,9,213.8814438,966.1484,18.2929,-1.9689
1/1/2022 18:13,55.57785698,8,213.8768072,1054.4574,18.3232,-1.966
1/1/2022 18:14,55.57785698,8,213.8762476,1089.5596,18.3175,-1.966
1/1/2022 18:14,55.55413371,7,213.8812217,1116.9622,18.2689,-1.9527
1/1/2022 18:14,55.55413371,7,213.8817813,1024.6369,18.1934,-1.9361
1/1/2022 18:14,55.78215121,9,213.8795874,846.6594,18.2036,-1.955
1/1/2022 18:14,55.78215121,10,213.8768605,938.205,18.3183,-2.0025
1/1/2022 18:14,55.50706386,10,213.8750929,909.6186,18.2119,-2.0859
1/1/2022 18:15,55.50706386,9,213.8749153,840.1315,18.1891,-2.0952
1/1/2022 18:15,55.36255168,8,213.8775444,1112.1686,18.44,-1.752
1/1/2022 18:15,55.36255168,7,213.8818968,1193.4264,18.4004,-1.631
1/1/2022 18:15,54.96471742,7,213.8777754,1052.6215,18.1735,-1.9357
1/1/2022 18:15,54.96471742,7,213.8825896,956.9059,18.1509,-2.0203
1/1/2022 18:15,54.61281027,8,213.8838331,778.2824,18.1876,-1.9667
1/1/2022 18:16,54.61281027,8,213.877278,790.9927,18.2504,-1.9588
1/1/2022 18:16,55.03328364,8,213.8773224,962.0624,18.3732,-1.9498
1/1/2022 18:16,55.03328364,9,213.8813727,1068.9473,18.3966,-1.9405
1/1/2022 18:16,54.68350024,8,213.8832913,1071.1362,18.2476,-1.9235
1/1/2022 18:16,54.68350024,8,213.879312,985.0665,18.1887,-1.9554
1/1/2022 18:16,55.09201175,8,213.8774556,936.8367,18.2474,-2.0489
1/1/2022 18:17,55.09201175,8,213.8768339,931.5524,18.259,-2.0627
1/1/2022 18:17,54.73697072,9,213.8742758,918.6083,18.2592,-2.079
1/1/2022 18:17,54.73697072,10,213.8783705,929.9212,18.2723,-2.0815
1/1/2022 18:17,54.93485217,9,213.8783172,948.8026,18.2793,-2.082
1/1/2022 18:17,54.93485217,9,213.8738139,979.0148,18.2965,-2.082
1/1/2022 18:17,55.35996389,9,213.8739649,981.0056,18.2678,-2.082
1/1/2022 18:18,55.35996389,9,213.8749153,959.5807,18.2499,-2.082
1/1/2022 18:18,54.9015006,8,213.8746044,907.7117,18.234,-2.082
1/1/2022 18:18,54.9015006,8,213.8752173,857.9275,18.213,-2.082
1/1/2022 18:18,54.7982864,8,213.8812306,788.9311,18.2327,-2.082
1/1/2022 18:18,54.7982864,7,213.8783705,781.5071,18.2491,-2.082
1/1/2022 18:18,54.52373384,8,213.8734764,748.5479,18.2509,-2.082
1/1/2022 18:19,54.52373384,8,213.8759368,712.696,18.2345,-2.082
1/1/2022 18:19,54.58677239,8,213.8752795,655.2698,18.2415,-2.082
1/1/2022 18:19,54.58677239,8,213.8763187,673.3942,18.2713,-2.082
1/1/2022 18:19,54.68554695,9,213.8817369,700.6808,18.2759,-2.082
1/1/2022 18:19,54.68554695,9,213.8795874,690.3408,18.2629,-2.082
1/1/2022 18:19,54.82403756,9,213.8802091,704.4571,18.2825,-2.082
1/1/2022 18:20,54.82403756,10,213.8826073,739.5857,18.3026,-2.082
1/1/2022 18:20,55.38671402,9,213.8791077,857.3813,18.3228,-2.082
1/1/2022 18:20,55.38671402,9,213.8783616,892.0796,18.3163,-2.082
1/1/2022 18:20,56.88215144,8,213.8805022,983.2671,18.3236,-2.082
1/1/2022 18:20,56.88215144,8,213.8768872,1031.7493,18.3307,-2.082
1/1/2022 18:20,55.50451245,9,213.8686888,1070.0846,18.2838,-2.082
1/1/2022 18:21,55.50451245,9,213.8714334,1010.4245,18.2205,-2.082
1/1/2022 18:21,54.67549971,8,213.8778376,806.1937,18.1636,-2.082
1/1/2022 18:21,54.67549971,8,213.876594,773.3326,18.2045,-2.082
1/1/2022 18:21,55.2114144,8,213.9117589,796.912,18.2829,-2.082
1/1/2022 18:21,55.2114144,8,213.9238566,787.6022,18.2665,-2.082
1/1/2022 18:21,54.44044623,8,213.8996968,674.7533,18.1747,-2.082
1/1/2022 18:22,54.44044623,8,213.8958597,626.6389,18.1021,-2.082
1/1/2022 18:22,53.22430998,8,213.9280402,555.3433,17.6639,-2.082
1/1/2022 18:22,53.22430998,7,213.9273118,530.13,17.4008,-2.082
1/1/2022 18:22,52.13141009,7,213.9000432,482.3704,16.8555,-2.082
1/1/2022 18:22,52.13141009,7,213.9051417,473.8256,16.7385,-2.082
1/1/2022 18:22,52.23207911,8,213.9149832,479.7903,16.7932,-2.082
1/1/2022 18:23,52.23207911,8,213.9154362,475.375,16.7651,-2.082
1/1/2022 18:23,50.72176275,7,213.904209,425.01,16.1854,-2.082
1/1/2022 18:23,50.72176275,7,213.8972187,397.7858,15.8268,-2.082
1/1/2022 18:23,49.59033511,6,213.8998567,345.2025,15.0961,-2.082
1/1/2022 18:23,49.59033511,6,213.9061631,328.9436,14.8515,-2.082
1/1/2022 18:23,49.40217775,5,213.905417,311.3659,14.5528,-2.082
1/1/2022 18:24,49.40217775,5,213.9004518,310.953,14.5374,-2.082
1/1/2022 18:24,49.56547081,5,213.8954778,314.9724,14.5956,-2.082
1/1/2022 18:24,49.56547081,6,213.8954511,317.43,14.6379,-2.082
1/1/2022 18:24,49.1519472,6,213.9078596,302.1858,14.4374,-2.082
1/1/2022 18:24,49.1519472,5,213.9118478,287.5115,14.2093,-2.082
1/1/2022 18:24,48.59178259,5,213.905266,258.453,13.699,-2.082
1/1/2022 18:25,48.59178259,5,213.9022283,248.4489,13.5138,-2.082
1/1/2022 18:25,47.873755,5,213.9003985,236.1874,13.2658,-2.082
1/1/2022 18:25,47.873755,5,213.9000255,234.0452,13.2283,-2.082
1/1/2022 18:25,47.58578586,5,213.9024237,224.2395,13.0457,-2.082
1/1/2022 18:25,47.58578586,5,213.9068471,218.5753,12.9296,-2.082
1/1/2022 18:25,47.28890552,5,213.9044755,213.7525,12.8158,-2.082
1/1/2022 18:26,47.28890552,5,213.8986576,218.6085,12.8959,-2.082
1/1/2022 18:26,48.8029786,5,213.8955399,254.447,13.5084,-2.082
1/1/2022 18:26,48.8029786,5,213.8967746,279.5705,13.9356,-2.082
1/1/2022 18:26,50.20646672,6,213.905195,337.5128,14.8951,-2.082
1/1/2022 18:26,50.20646672,6,213.9103733,351.9334,15.1323,-2.082
1/1/2022 18:26,49.65883064,7,213.9062964,356.7142,15.2296,-2.082
1/1/2022 18:27,49.65883064,7,213.9060832,349.5197,15.131,-2.082
1/1/2022 18:27,49.29656997,8,213.9098404,319.7627,14.6987,-2.082
1/1/2022 18:27,49.29656997,8,213.9100802,306.6883,14.4992,-2.082
1/1/2022 18:27,49.32796039,8,213.916813,292.2788,14.2307,-2.082
1/1/2022 18:27,49.32796039,8,213.9118833,296.3937,14.2698,-2.082
1/1/2022 18:27,50.34848512,7,213.9278803,329.3914,14.7779,-2.082
1/1/2022 18:28,50.34848512,7,213.9637558,347.6803,15.0478,-2.082
1/1/2022 18:28,51.10512653,7,214.091276,382.2977,15.5331,-2.082
1/1/2022 18:28,51.10512653,6,214.3761132,389.7094,15.6502,-2.082
1/1/2022 18:28,51.19870321,5,215.1471092,391.1891,15.6979,-2.082
1/1/2022 18:28,51.19870321,5,215.7987801,391.6543,15.704,-2.082
1/1/2022 18:28,51.2995234,4,218.2663662,387.2342,15.6567,-2.082
1/1/2022 18:29,51.2995234,3,218.7233038,378.9485,15.5557,-2.082
1/1/2022 18:29,49.25315043,4,218.6648052,335.1825,14.9676,-2.082
1/1/2022 18:29,49.25315043,5,218.6695039,305.5121,14.5331,-2.082
1/1/2022 18:29,46.92074543,5,218.6647785,230.0508,13.239,-2.082
1/1/2022 18:29,46.92074543,6,218.6602486,199.4453,12.6219,-2.082
1/1/2022 18:29,44.69004344,6,218.6649384,108.9638,11.4151,-2.082
1/1/2022 18:30,44.69004344,6,218.6688377,89.714,11.1953,-2.082
1/1/2022 18:30,44.89286426,7,218.6678251,125.5569,11.1623,-2.082
1/1/2022 18:30,44.89286426,6,218.668136,138.3893,11.1856,-2.082
1/1/2022 18:30,45.02071351,5,218.6718044,147.5779,11.3272,-2.082
1/1/2022 18:30,45.02071351,5,218.6723995,153.4033,11.4555,-2.082
1/1/2022 18:30,46.6811,5,218.6778532,184.847,12.1272,-2.082
1/1/2022 18:31,46.6811,5,218.6780575,201.3602,12.501,-2.082
1/1/2022 18:31,46.92465586,5,218.6679495,213.786,12.8417,-2.082
1/1/2022 18:31,46.92465586,5,218.6776401,206.9541,12.7142,-2.082
1/1/2022 18:31,45.94144349,5,218.7574739,189.1492,12.3221,-2.082
1/1/2022 18:31,45.94144349,6,218.7679284,187.3875,12.2694,-2.082
1/1/2022 18:31,46.53144836,7,219.1377219,195.9499,12.4477,-2.082
1/1/2022 18:32,46.53144836,7,219.450837,199.9225,12.5354,-2.082
1/1/2022 18:32,46.13881429,8,219.7211206,196.1987,12.4833,-2.082
1/1/2022 18:32,46.13881429,8,219.6674006,189.8312,12.3627,-2.082
1/1/2022 18:32,45.96913315,7,219.6111758,180.6873,12.1436,-2.082
1/1/2022 18:32,45.96913315,7,219.6103053,184.3132,12.189,-2.082
1/1/2022 18:32,48.35780081,6,219.6063883,211.2271,12.7138,-2.082
1/1/2022 18:33,48.35780081,6,219.6070367,228.8622,13.0549,-2.082
1/1/2022 18:33,50.35509526,8,219.6094349,280.0307,13.9571,-2.082
1/1/2022 18:33,50.35509526,8,219.6144889,309.1921,14.415,-2.082
1/1/2022 18:33,50.93926069,8,219.6193031,368.4353,15.3399,-2.082
1/1/2022 18:33,50.93926069,8,219.6141514,377.6264,15.4815,-2.082
1/1/2022 18:33,54.51230037,8,219.6102432,439.3095,16.158,-2.082
1/1/2022 18:34,54.51230037,8,219.6152705,506.6431,16.8596,-2.082
1/1/2022 18:34,54.90597566,10,219.6431076,651.2736,18.0963,-2.082
1/1/2022 18:34,54.90597566,10,219.6632881,670.9213,18.2306,-2.082
1/1/2022 18:34,55.06868419,10,219.6364103,718.2424,18.3116,-2.082
1/1/2022 18:34,55.06868419,11,219.6154571,827.6331,18.3762,-2.082
1/1/2022 18:34,55.32631492,10,219.6139027,928.21,18.298,-2.082
1/1/2022 18:35,55.32631492,10,219.6138938,811.7083,18.1789,-2.082
1/1/2022 18:35,55.54172048,9,219.6195163,692.0128,18.1959,-2.082
1/1/2022 18:35,55.54172048,9,219.614631,775.4131,18.2885,-2.082
1/1/2022 18:35,54.75348455,10,219.6135918,740.8397,18.1849,-2.082
1/1/2022 18:35,54.75348455,9,219.6184148,643.6325,18.0744,-2.082
1/1/2022 18:35,55.08771278,10,219.6131654,727.7678,18.2295,-2.082
1/1/2022 18:36,55.08771278,10,219.6145244,833.3485,18.3368,-2.082
1/1/2022 18:36,56.29407194,11,219.6232735,1072.1431,18.3899,-2.0799
1/1/2022 18:36,56.29407194,12,219.6225362,1178.6146,18.3899,-2.0487
1/1/2022 18:36,56.70470618,12,219.6163364,1268.2317,18.3083,-1.8578
1/1/2022 18:36,56.70470618,11,219.6159367,1264.6968,18.288,-1.8296
1/1/2022 18:36,56.34128284,11,219.6216569,1292.9613,18.2825,-1.4272
1/1/2022 18:37,56.34128284,10,219.627608,1269.2979,18.2528,-1.477
1/1/2022 18:37,57.02729842,10,219.6254052,1225.7972,18.2626,-2.0216
1/1/2022 18:37,57.02729842,9,219.6149685,1252.0111,18.2894,-1.8371
1/1/2022 18:37,56.09004728,10,219.6101987,1228.4283,18.2284,-1.7458
1/1/2022 18:37,56.09004728,11,219.6110603,1167.1193,18.2032,-1.9326
1/1/2022 18:37,55.98874126,11,219.6109093,1237.0851,18.314,-1.7736
1/1/2022 18:38,55.98874126,10,219.6140359,1310.0115,18.3435,-1.5997
1/1/2022 18:38,55.9717817,10,219.6181839,1317.7394,18.2724,-1.2422
1/1/2022 18:38,55.9717817,9,219.6186991,1289.0802,18.2481,-1.3896
1/1/2022 18:38,55.54315787,9,219.6179174,1329.0445,18.3026,-1.2234
1/1/2022 18:38,55.54315787,9,219.6144534,1364.175,18.3058,-0.7867
1/1/2022 18:38,54.83385456,9,219.6116288,1272.3256,18.2017,-1.086
1/1/2022 18:39,54.83385456,9,219.6108472,1188.6376,18.1719,-1.5562
1/1/2022 18:39,55.18199658,8,219.6170736,985.4236,18.1626,-1.9782
1/1/2022 18:39,55.18199658,8,219.6152172,923.6616,18.1807,-1.9253
1/1/2022 18:39,53.91408364,7,219.6097013,718.4256,18.1322,-1.9603
1/1/2022 18:39,53.91408364,7,219.6133786,626.7993,18.0319,-1.9952
1/1/2022 18:39,53.15871339,7,219.615759,542.3691,17.5372,-2.021
1/1/2022 18:40,53.15871339,7,219.6127835,523.6477,17.3242,-2.021
1/1/2022 18:40,53.04585439,6,219.6116999,509.1303,17.1387,-2.021
1/1/2022 18:40,53.04585439,6,219.6179263,508.5353,17.1336,-2.021
1/1/2022 18:40,52.50944109,6,219.6196495,509.8901,17.1563,-2.021
1/1/2022 18:40,52.50944109,7,219.6152083,504.5327,17.0986,-2.021
1/1/2022 18:40,52.36286102,7,219.6109893,484.8656,16.8611,-2.021
1/1/2022 18:41,52.36286102,8,219.6103942,489.1021,16.8904,-2.021
1/1/2022 18:41,53.0937397,8,219.6094793,521.1671,17.2496,-2.021
1/1/2022 18:41,53.0937397,8,219.6098967,524.4751,17.3118,-2.021
1/1/2022 18:41,52.40496351,7,219.6167716,505.9017,17.1226,-2.021
1/1/2022 18:41,52.40496351,7,219.6269329,497.855,17.0195,-2.021
1/1/2022 18:41,51.55749405,6,219.6249522,472.8827,16.7456,-2.021
1/1/2022 18:42,51.55749405,6,219.6147376,462.3665,16.6201,-2.021
1/1/2022 18:42,52.28163653,6,219.612597,472.1334,16.6763,-2.021
1/1/2022 18:42,52.28163653,6,219.6123483,493.774,16.9182,-2.021
1/1/2022 18:42,54.27275282,5,219.6091684,616.0261,17.7659,-2.021
1/1/2022 18:42,54.27275282,6,219.6141602,691.1609,18.0619,-2.021
1/1/2022 18:42,54.36710873,7,219.616212,758.9376,18.2674,-2.021
1/1/2022 18:43,54.36710873,7,219.6120463,720.8945,18.238,-2.021
1/1/2022 18:43,52.97568992,7,219.6235754,595.8038,17.9632,-2.021
1/1/2022 18:43,52.97568992,7,219.6278745,556.4497,17.6949,-2.021
1/1/2022 18:43,53.16824708,8,219.6221099,519.4634,17.2552,-2.021
1/1/2022 18:43,53.16824708,8,219.6165407,527.1257,17.3243,-2.021
1/1/2022 18:43,53.49981302,7,219.6095415,541.0305,17.4884,-2.021
1/1/2022 18:44,53.49981302,7,219.6101987,537.6226,17.4569,-2.021
1/1/2022 18:44,52.63900535,8,219.6117265,524.1906,17.3155,-2.021
1/1/2022 18:44,52.63900535,8,219.6111669,522.321,17.2835,-2.021
1/1/2022 18:44,52.58157632,8,219.6114956,512.8604,17.1975,-2.021
1/1/2022 18:44,52.58157632,7,219.6149419,497.7388,17.0368,-2.021
1/1/2022 18:44,52.08373926,7,219.6194008,469.4662,16.6799,-2.021
1/1/2022 18:45,52.08373926,6,219.615839,463.8096,16.612,-2.021
1/1/2022 18:45,51.95712656,5,219.6101543,458.4037,16.5607,-2.021
1/1/2022 18:45,51.95712656,5,219.6157146,454.8379,16.5175,-2.021
1/1/2022 18:45,51.25307135,6,219.6213105,434.4193,16.2761,-2.021
1/1/2022 18:45,51.25307135,6,219.6171269,420.5495,16.1099,-2.021
1/1/2022 18:45,49.51331219,6,219.6104386,368.0965,15.4433,-2.021
1/1/2022 18:46,49.51331219,6,219.6098346,342.1499,15.0827,-2.021
1/1/2022 18:46,49.34280085,7,219.6116554,300.4042,14.4086,-2.021
1/1/2022 18:46,49.34280085,7,219.6110159,291.9591,14.2445,-2.021
1/1/2022 18:46,49.32678308,7,219.6131121,291.9563,14.2176,-2.021
1/1/2022 18:46,49.32678308,7,219.6136007,298.1851,14.3175,-2.021
1/1/2022 18:46,49.52124939,6,219.6143557,315.4055,14.58,-2.021
1/1/2022 18:47,49.52124939,6,219.6138849,324.9768,14.7283,-2.021
1/1/2022 18:47,49.9331049,7,219.614631,346.1986,15.064,-2.021
1/1/2022 18:47,49.9331049,7,219.6271017,350.999,15.1316,-2.021
1/1/2022 18:47,49.52137833,7,219.6944382,342.8847,15.0367,-2.021
1/1/2022 18:47,49.52137833,7,219.7100444,331.9349,14.8886,-2.021
1/1/2022 18:47,49.23925708,8,219.7040577,310.4468,14.5456,-2.021
1/1/2022 18:48,49.23925708,8,219.7043242,305.8739,14.4789,-2.021
1/1/2022 18:48,48.98844563,7,219.702832,295.8485,14.3291,-2.021
1/1/2022 18:48,48.98844563,7,219.7010377,288.7922,14.2166,-2.021
1/1/2022 18:48,49.5148937,6,219.7031517,284.3662,14.1195,-2.021
1/1/2022 18:48,49.5148937,6,219.7044308,292.6374,14.2332,-2.021
1/1/2022 18:48,49.16892342,6,219.7045551,311.2964,14.5418,-2.021
1/1/2022 18:49,49.16892342,6,219.705319,311.1981,14.5451,-2.021
1/1/2022 18:49,49.23454833,6,219.705923,301.6412,14.392,-2.021
1/1/2022 18:49,49.23454833,6,219.7046173,300.8679,14.3755,-2.021
1/1/2022 18:49,49.15107384,6,219.7015973,312.3811,14.5509,-2.021
1/1/2022 18:49,49.15107384,6,219.7028142,317.51,14.6387,-2.021
1/1/2022 18:49,49.39133673,6,219.703507,328.8494,14.7933,-2.021
1/1/2022 18:50,49.39133673,6,219.7032761,337.4244,14.9143,-2.021
1/1/2022 18:50,50.35044347,6,219.7042531,356.2897,15.196,-2.021
1/1/2022 18:50,50.35044347,6,219.7033027,365.8433,15.3249,-2.021
1/1/2022 18:50,51.07214022,6,219.7032938,402.8856,15.8181,-2.021
1/1/2022 18:50,51.07214022,6,219.7072198,414.9146,15.9837,-2.021
1/1/2022 18:50,50.70682543,8,219.7599983,401.5257,15.8704,-2.021
1/1/2022 18:51,50.70682543,8,219.7569872,379.8365,15.5982,-2.021
1/1/2022 18:51,49.85137762,9,219.7030984,339.3394,14.9971,-2.021
1/1/2022 18:51,49.85137762,9,219.708037,338.4587,14.9523,-2.021
1/1/2022 18:51,50.75490296,8,219.8233549,364.2361,15.2859,-2.021
1/1/2022 18:51,50.75490296,8,220.0208524,387.4669,15.5866,-2.021
1/1/2022 18:51,53.00819534,8,220.3407657,463.2823,16.5356,-2.021
1/1/2022 18:52,53.00819534,7,220.3203986,490.3937,16.8821,-2.021
1/1/2022 18:52,53.40694751,8,220.3007866,524.9404,17.3018,-2.021
1/1/2022 18:52,53.40694751,8,220.2962833,531.6535,17.3689,-2.021
1/1/2022 18:52,53.12383001,8,220.2943913,529.6023,17.3769,-2.021
1/1/2022 18:52,53.12383001,8,220.2938673,512.7054,17.218,-2.021
1/1/2022 18:52,51.37321371,8,220.2935297,439.9064,16.372,-2.021
1/1/2022 18:53,51.37321371,8,220.2921885,409.0978,15.9779,-2.021
1/1/2022 18:53,50.16080815,9,220.2885646,351.4599,15.1883,-2.021
1/1/2022 18:53,50.16080815,8,220.2896748,334.7206,14.9314,-2.021
1/1/2022 18:53,50.11912169,7,220.2917,336.3316,14.8864,-2.021
1/1/2022 18:53,50.11912169,7,220.2917,350.6009,15.0728,-2.021
1/1/2022 18:53,50.83628647,6,220.2904654,380.0315,15.5072,-2.021
1/1/2022 18:54,50.83628647,7,220.2912292,385.651,15.6103,-2.021
1/1/2022 18:54,50.77051018,7,220.2912825,378.8501,15.5428,-2.021
1/1/2022 18:54,50.77051018,6,220.2911493,377.6789,15.5076,-2.021
1/1/2022 18:54,51.44796744,6,220.2921263,394.3303,15.716,-2.021
1/1/2022 18:54,51.44796744,6,220.2891686,399.6157,15.8021,-2.021
1/1/2022 18:54,51.30704454,7,220.2871523,403.1311,15.8564,-2.021
1/1/2022 18:55,51.30704454,7,220.2867881,404.6272,15.8668,-2.021
1/1/2022 18:55,50.85275051,6,220.290119,401.87,15.8413,-2.021
1/1/2022 18:55,50.85275051,7,220.2930323,394.5785,15.7582,-2.021
1/1/2022 18:55,50.32634611,6,220.2926415,365.086,15.3736,-2.021
1/1/2022 18:55,50.32634611,6,220.28725,350.6009,15.1733,-2.021
1/1/2022 18:55,49.15819079,7,220.293059,314.2024,14.6262,-2.021
1/1/2022 18:56,49.15819079,7,220.3242802,304.3112,14.4471,-2.021
1/1/2022 18:56,49.65567593,7,220.3843597,317.4393,14.5975,-2.021
1/1/2022 18:56,49.65567593,8,220.3684426,330.3325,14.8029,-2.021
1/1/2022 18:56,49.87026843,8,220.3163394,349.5668,15.089,-2.021
1/1/2022 18:56,49.87026843,7,220.3200789,354.9696,15.1638,-2.021
1/1/2022 18:56,51.67092491,8,220.3817307,397.9779,15.7145,-2.021
1/1/2022 18:57,51.67092491,8,220.377254,434.572,16.1646,-2.021
1/1/2022 18:57,52.63549078,8,220.3421866,501.1689,17.0188,-2.021
1/1/2022 18:57,52.63549078,7,220.3316522,501.4204,17.063,-2.021
1/1/2022 18:57,52.23915271,7,220.2879428,459.3719,16.5929,-2.021
1/1/2022 18:57,52.23915271,6,220.2869302,444.9302,16.3958,-2.021
1/1/2022 18:57,51.98421929,7,220.2858643,443.5339,16.3642,-2.021
1/1/2022 18:58,51.98421929,7,220.2844698,442.7277,16.3659,-2.021
1/1/2022 18:58,51.46842005,8,220.2970649,422.9477,16.1364,-2.021
1/1/2022 18:58,51.46842005,8,220.3415206,417.5794,16.0558,-2.021
1/1/2022 18:58,51.22627755,8,220.3443186,411.8028,15.955,-2.021
1/1/2022 18:58,51.22627755,8,220.3077947,412.1319,15.9589,-2.021
1/1/2022 18:58,52.11928274,8,220.32452,443.8394,16.3271,-2.021
1/1/2022 18:59,52.11928274,7,220.3564251,463.4058,16.5685,-2.021
1/1/2022 18:59,54.59191221,9,221.7002686,838.0857,18.2755,-1.92
1/1/2022 18:59,54.59191221,9,221.7024092,806.3492,18.2427,-1.92
1/1/2022 18:59,54.60830757,9,221.6969111,723.866,18.2295,-1.92
1/1/2022 18:59,54.60830757,9,221.6982523,742.7453,18.2693,-1.92
1/1/2022 18:59,54.92233592,9,221.6972397,781.6864,18.2843,-1.92
1/1/2022 19:00,54.92233592,8,221.6909866,787.6364,18.2807,-1.92
1/1/2022 19:00,55.34227596,8,221.6969111,844.4334,18.3057,-1.92
1/1/2022 19:00,55.34227596,8,221.6966268,880.5837,18.3105,-1.92
1/1/2022 19:00,54.85750465,7,221.6901339,869.2061,18.2534,-1.92
1/1/2022 19:00,54.85750465,7,221.6871939,802.7119,18.211,-1.92
1/1/2022 19:00,54.43295224,6,221.691333,680.8916,18.2135,-1.92
1/1/2022 19:01,54.43295224,6,221.6990517,667.0321,18.2338,-1.92
1/1/2022 19:01,54.17275946,7,221.6947527,631.1292,18.2124,-1.92
1/1/2022 19:01,54.17275946,8,221.6898941,606.7561,18.1519,-1.92
1/1/2022 19:01,52.99007724,8,221.6904981,559.6217,17.7172,-1.92
1/1/2022 19:01,52.99007724,7,221.7000732,535.161,17.4492,-1.92
1/1/2022 19:01,52.51414846,7,223.8322449,488.5004,16.9327,-1.92
1/1/2022 19:02,52.51414846,7,223.8271021,467.6584,16.6918,-1.92
1/1/2022 19:02,52.11412109,7,223.8350517,439.432,16.3245,-1.92
1/1/2022 19:02,52.11412109,7,223.8429836,438.0836,16.2978,-1.92
1/1/2022 19:02,51.70736319,6,223.8574884,445.2328,16.3869,-1.92
1/1/2022 19:02,51.70736319,7,223.8496453,439.3315,16.3343,-1.92
1/1/2022 19:02,50.93903813,7,223.8408874,393.1164,15.7713,-1.92
1/1/2022 19:03,50.93903813,7,223.8520879,372.9014,15.4886,-1.92
1/1/2022 19:03,50.55014639,6,223.8606238,350.3277,15.1455,-1.92
1/1/2022 19:03,50.55014639,6,226.7329683,346.1265,15.0757,-1.92
1/1/2022 19:03,49.93435036,5,235.1810576,336.0188,14.9228,-1.92
1/1/2022 19:03,49.93435036,5,235.9669258,333.1619,14.8857,-1.92
1/1/2022 19:03,50.13879279,5,236.0719456,333.4018,14.8716,-1.92
1/1/2022 19:04,50.13879279,6,236.0643157,336.7469,14.9192,-1.92
1/1/2022 19:04,50.15095829,5,236.1283392,340.1494,14.9961,-1.92
1/1/2022 19:04,50.15095829,5,236.1521259,332.8675,14.9055,-1.92
1/1/2022 19:04,48.69945709,5,236.1286411,297.2585,14.3691,-1.92
1/1/2022 19:04,48.69945709,6,236.1150424,282.7569,14.1148,-1.92
1/1/2022 19:04,48.86242702,6,236.0957412,268.2255,13.8444,-1.92
1/1/2022 19:05,48.86242702,6,236.0953859,267.6548,13.8307,-1.92
1/1/2022 19:05,48.4423017,6,236.075987,261.4534,13.7347,-1.92
1/1/2022 19:05,48.4423017,6,236.0730381,256.5379,13.6595,-1.92
1/1/2022 19:05,48.58110498,6,236.0709508,255.6559,13.6151,-1.92
1/1/2022 19:05,48.58110498,7,236.0694763,261.2303,13.6908,-1.92
1/1/2022 19:05,49.56385015,7,236.0643157,284.1666,14.055,-1.92
1/1/2022 19:06,49.56385015,7,236.0656747,296.3276,14.2552,-1.92
1/1/2022 19:06,49.76014957,7,236.0732691,322.7316,14.6834,-1.92
1/1/2022 19:06,49.76014957,6,236.0733312,330.4477,14.8102,-1.92
1/1/2022 19:06,50.26125332,6,236.0704889,340.1124,14.9742,-1.92
1/1/2022 19:06,50.26125332,6,236.070782,344.9616,15.0414,-1.92
1/1/2022 19:06,50.0014184,6,236.0717235,348.8743,15.1009,-1.92
1/1/2022 19:07,50.0014184,6,236.2513843,344.728,15.0499,-1.92
1/1/2022 19:07,50.64484451,6,236.7278126,345.8147,15.0491,-1.92
1/1/2022 19:07,50.64484451,7,236.7383381,354.5132,15.1613,-1.92
1/1/2022 19:07,51.56631729,8,236.7046832,388.5123,15.6207,-1.92
1/1/2022 19:07,51.56631729,8,236.7015744,406.3794,15.8638,-1.92
1/1/2022 19:07,51.82083819,8,237.6810595,431.597,16.2259,-1.92
1/1/2022 19:08,51.82083819,8,238.1943552,431.78,16.2336,-1.92
1/1/2022 19:08,51.63268369,7,238.4045636,428.3665,16.167,-1.92
1/1/2022 19:08,51.63268369,8,238.4324806,433.459,16.2104,-1.92
1/1/2022 19:08,53.30810808,8,238.4773539,487.3833,16.8238,-1.92
1/1/2022 19:08,53.30810808,9,238.4721133,519.9622,17.1986,-1.92
1/1/2022 19:08,54.42636756,9,238.4721311,581.4169,17.8645,-1.92
1/1/2022 19:09,54.42636756,9,238.4506271,604.6476,18.0497,-1.92
1/1/2022 19:09,55.75134351,9,238.4339284,775.3494,18.3253,-1.92
1/1/2022 19:09,55.75134351,9,238.4348788,865.6407,18.3676,-1.92
1/1/2022 19:09,55.05069774,8,238.4469054,911.3727,18.2846,-1.92
1/1/2022 19:09,55.05069774,8,238.4473762,899.5228,18.2588,-1.92
1/1/2022 19:09,54.82177807,8,238.4213511,855.2547,18.2392,-1.92
1/1/2022 19:10,54.82177807,7,238.4215821,811.1781,18.222,-1.92
1/1/2022 19:10,54.46091425,7,238.4159241,699.8947,18.2081,-1.92
1/1/2022 19:10,54.46091425,7,238.4162616,661.6917,18.2105,-1.92
1/1/2022 19:10,53.80100115,8,238.4253304,603.5983,18.1273,-1.92
1/1/2022 19:10,53.80100115,8,238.4289455,587.8473,18.0042,-1.92
1/1/2022 19:10,53.22509882,8,238.4245932,550.6964,17.6104,-1.92
1/1/2022 19:11,53.22509882,8,238.4232164,543.3052,17.5182,-1.92
1/1/2022 19:11,52.83363227,8,238.4225147,530.4615,17.3806,-1.92
1/1/2022 19:11,52.83363227,8,238.4221505,516.4533,17.2432,-1.92
1/1/2022 19:11,51.59299731,8,238.4246553,462.9897,16.6562,-1.92
1/1/2022 19:11,51.59299731,8,238.4321165,436.6639,16.3332,-1.92
1/1/2022 19:11,50.51078465,8,238.434337,388.3889,15.6883,-1.92
1/1/2022 19:12,50.51078465,7,238.4288478,375.3437,15.5077,-1.92
1/1/2022 19:12,49.81440782,7,238.4550238,349.7155,15.1502,-1.92
1/1/2022 19:12,49.81440782,7,238.4608328,342.5353,15.025,-1.92
1/1/2022 19:12,51.23625197,7,238.4705234,362.1222,15.2525,-1.92
1/1/2022 19:12,51.23625197,7,238.4468877,379.279,15.4978,-1.92
1/1/2022 19:12,51.6060908,7,238.4804183,395.914,15.7567,-1.92
1/1/2022 19:13,51.6060908,7,238.5020111,393.5594,15.7319,-1.92
1/1/2022 19:13,51.25606616,8,238.4421712,384.1774,15.596,-1.92
1/1/2022 19:13,51.25606616,8,238.4376856,386.3539,15.6162,-1.92
1/1/2022 19:13,51.41463584,7,238.4333067,405.5134,15.8638,-1.92
1/1/2022 19:13,51.41463584,7,238.4480424,414.2574,15.977,-1.92
1/1/2022 19:13,51.61687511,7,238.4528921,430.7521,16.198,-1.92
1/1/2022 19:14,51.61687511,7,238.438112,431.661,16.2203,-1.92
1/1/2022 19:14,51.36634297,7,238.4303045,417.5056,16.0484,-1.92
1/1/2022 19:14,51.36634297,7,238.4282704,410.6343,15.9616,-1.92
1/1/2022 19:14,51.13103813,7,238.426867,399.6267,15.8198,-1.92
1/1/2022 19:14,51.13103813,7,238.4280484,392.8359,15.7306,-1.92
1/1/2022 19:14,50.32011895,7,238.4252149,376.7736,15.5101,-1.92
1/1/2022 19:15,50.32011895,8,238.4268493,374.4397,15.4718,-1.92
1/1/2022 19:15,50.43690665,9,238.4310683,373.1554,15.4524,-1.92
1/1/2022 19:15,50.43690665,9,238.4304821,371.3992,15.4304,-1.92
1/1/2022 19:15,50.82406038,10,238.4244777,366.3015,15.3544,-1.92
1/1/2022 19:15,50.82406038,9,238.4266361,364.4489,15.3313,-1.92
1/1/2022 19:15,51.83159933,8,238.4317523,375.4533,15.459,-1.92
1/1/2022 19:16,51.83159933,8,238.4309795,400.2596,15.7577,-1.92
1/1/2022 19:16,54.23948764,8,238.4300202,522.3876,17.0878,-1.92
1/1/2022 19:16,54.23948764,8,238.4298337,614.6193,17.6677,-1.92
1/1/2022 19:16,54.52602269,8,238.4292386,778.5888,18.2692,-1.92
1/1/2022 19:16,54.52602269,9,238.427551,744.7794,18.2441,-1.92
1/1/2022 19:16,54.02409497,8,238.4266006,624.5877,18.1872,-1.92
1/1/2022 19:17,54.02409497,8,238.4286968,627.8133,18.2204,-1.92
1/1/2022 19:17,54.55820969,8,238.4292475,703.8321,18.303,-1.92
1/1/2022 19:17,54.55820969,8,238.4278174,729.3509,18.3013,-1.92
1/1/2022 19:17,53.98309479,8,238.4255969,655.6266,18.1957,-1.92
1/1/2022 19:17,53.98309479,8,238.4251527,631.0228,18.1928,-1.92
1/1/2022 19:17,54.18956126,8,238.4243622,657.3207,18.2626,-1.92
1/1/2022 19:18,54.18956126,8,238.4251972,644.8108,18.2506,-1.92
1/1/2022 19:18,54.0942522,9,238.4224525,601.1631,18.1184,-1.92
1/1/2022 19:18,54.0942522,9,238.4206139,595.4191,18.0586,-1.92
1/1/2022 19:18,54.45531197,8,238.4238204,627.8469,18.1459,-1.92
1/1/2022 19:18,54.45531197,8,238.4230032,663.8199,18.2293,-1.92
1/1/2022 19:18,54.34626739,7,238.420383,648.505,18.2321,-1.92
1/1/2022 19:19,54.34626739,7,238.4249129,616.6502,18.1925,-1.92
1/1/2022 19:19,54.28025073,7,238.4296738,593.1775,18.0516,-1.92
1/1/2022 19:19,54.28025073,6,238.4281816,583.104,17.9537,-1.92
1/1/2022 19:19,53.63020479,6,238.4270358,562.4627,17.7375,-1.92
1/1/2022 19:19,53.63020479,6,238.4255436,545.8494,17.5743,-1.92
1/1/2022 19:19,51.47676586,7,238.4241046,482.8331,16.8908,-1.92
1/1/2022 19:20,51.47676586,7,238.4245665,452.1172,16.5234,-1.92
1/1/2022 19:20,49.57908012,6,238.42732,372.7877,15.5031,-1.92
1/1/2022 19:20,49.57908012,7,238.4265561,337.9399,15.0083,-1.92
1/1/2022 19:20,49.19748968,7,239.1996429,283.5168,14.126,-1.92
1/1/2022 19:20,49.19748968,7,239.7850321,275.1924,13.9598,-1.92
1/1/2022 19:20,49.61166889,7,240.3853993,281.2955,14.0275,-1.92
1/1/2022 19:21,49.61166889,8,240.4008544,290.3797,14.1861,-1.92
1/1/2022 19:21,49.91360024,7,240.4088129,320.2821,14.6618,-1.92
1/1/2022 19:21,49.91360024,7,240.4106072,337.4307,14.897,-1.92
1/1/2022 19:21,52.00225298,7,240.4158655,394.6006,15.6584,-1.92
1/1/2022 19:21,52.00225298,8,240.422083,427.0465,16.0829,-1.92
1/1/2022 19:21,53.14085429,8,240.4483568,490.9171,16.8919,-1.92
1/1/2022 19:22,53.14085429,7,240.4548231,511.3813,17.127,-1.92
1/1/2022 19:22,53.61616224,7,240.4500533,558.1704,17.6287,-1.92
1/1/2022 19:22,53.61616224,7,240.4414642,574.8779,17.8199,-1.92
1/1/2022 19:22,53.98720936,7,240.4204487,593.1532,18.0191,-1.92
1/1/2022 19:22,53.98720936,8,240.416274,595.5013,18.0376,-1.92
1/1/2022 19:22,53.62936112,8,240.430157,586.8302,17.9759,-1.92
1/1/2022 19:23,53.62936112,7,240.4224028,569.4231,17.8123,-1.92
1/1/2022 19:23,52.42937654,8,240.4104828,504.3335,17.1321,-1.92
1/1/2022 19:23,52.42937654,8,240.4317114,478.6583,16.8238,-1.92
1/1/2022 19:23,52.60777185,7,240.4550008,463.8158,16.598,-1.92
1/1/2022 19:23,52.60777185,7,240.4417484,471.1533,16.6823,-1.92
1/1/2022 19:23,52.57552261,6,240.4418195,487.8832,16.867,-1.92
1/1/2022 19:24,52.57552261,6,240.436952,497.5694,16.9819,-1.92
1/1/2022 19:24,52.16511547,6,240.4355486,507.6579,17.1401,-1.92
1/1/2022 19:24,52.16511547,6,240.4400697,495.0001,17.0064,-1.92
1/1/2022 19:24,50.7403355,6,240.4359128,432.751,16.2761,-1.92
1/1/2022 19:24,50.7403355,6,240.4383643,406.6439,15.9472,-1.92
1/1/2022 19:24,50.05146059,6,240.4066279,370.8614,15.4483,-1.92
1/1/2022 19:25,50.05146059,6,240.3965998,361.1266,15.3032,-1.92
1/1/2022 19:25,49.33192192,6,240.4050646,335.9875,14.9392,-1.92
1/1/2022 19:25,49.33192192,6,240.4039543,323.9068,14.7702,-1.92
1/1/2022 19:25,49.12382998,6,240.398092,298.5464,14.3864,-1.92
1/1/2022 19:25,49.12382998,6,240.3895562,286.2372,14.193,-1.92
1/1/2022 19:25,47.79713726,6,240.3975769,256.0392,13.6634,-1.92
1/1/2022 19:26,47.79713726,6,240.4059884,247.524,13.4914,-1.92
1/1/2022 19:26,47.61029279,6,240.4345893,238.7131,13.3206,-1.92
1/1/2022 19:26,47.61029279,6,240.4474153,237.7844,13.2966,-1.92
1/1/2022 19:26,47.5701314,5,240.4477439,234.0583,13.2288,-1.92
1/1/2022 19:26,47.5701314,5,240.4492539,229.7165,13.1525,-1.92
1/1/2022 19:26,47.21930726,5,240.4543168,217.3919,12.919,-1.92
1/1/2022 19:27,47.21930726,5,240.4397144,213.3995,12.8425,-1.92
1/1/2022 19:27,46.89105532,5,240.4387551,209.4112,12.7509,-1.92
1/1/2022 19:27,46.89105532,5,240.4725699,207.0661,12.7059,-1.92
1/1/2022 19:27,46.18077587,4,240.616302,195.7384,12.4855,-1.92
1/1/2022 19:27,46.18077587,4,241.1664977,190.6713,12.3736,-1.92
1/1/2022 19:27,45.07912718,5,242.3498027,178.5343,12.1111,-1.92
1/1/2022 19:28,45.07912718,5,242.3777108,172.9329,11.9828,-1.92
1/1/2022 19:28,44.72237436,5,242.695172,162.2136,11.726,-1.92
1/1/2022 19:28,44.72237436,5,242.825147,157.2783,11.6127,-1.92
1/1/2022 19:28,44.19680301,5,242.8816199,134.6088,11.2718,-1.92
1/1/2022 19:28,44.19680301,5,242.8876421,120.388,11.1652,-1.92
1/1/2022 19:28,44.0570894,5,242.8638997,102.0917,11.1058,-1.92
1/1/2022 19:29,44.0570894,5,242.8636333,103.6345,11.1161,-1.92
1/1/2022 19:29,44.30277586,5,242.9816076,117.0659,11.1272,-1.92
1/1/2022 19:29,44.30277586,5,242.9926927,125.5451,11.1304,-1.92
1/1/2022 19:29,44.31999349,5,242.9807727,129.0825,11.1152,-1.92
1/1/2022 19:29,44.31999349,5,242.992142,124.4924,11.1087,-1.92
1/1/2022 19:29,44.32735747,4,242.9699186,123.2331,11.116,-1.92
1/1/2022 19:30,44.32735747,4,242.9698564,123.025,11.1149,-1.92
1/1/2022 19:30,44.03237895,4,242.9866883,117.3049,11.1081,-1.92
1/1/2022 19:30,44.03237895,4,242.9574123,117.681,11.1102,-1.92
1/1/2022 19:30,43.99600606,5,242.923935,119.6939,11.1151,-1.92
1/1/2022 19:30,43.99600606,5,242.9520385,115.0898,11.106,-1.92
1/1/2022 19:30,43.98934971,5,242.9888911,101.2377,11.1049,-1.92
1/1/2022 19:31,43.98934971,5,242.9741376,98.2137,11.1099,-1.92
1/1/2022 19:31,43.97057662,5,242.9246545,89.3953,11.1032,-1.92
1/1/2022 19:31,43.97057662,6,242.9755675,83.9492,11.1006,-1.92
1/1/2022 19:31,44.03241027,6,242.9858976,90.3964,11.1194,-1.92
1/1/2022 19:31,44.03241027,6,242.9483613,97.7621,11.13,-1.92
1/1/2022 19:31,44.02285075,6,242.933972,101.8114,11.1216,-1.92
1/1/2022 19:32,44.02285075,6,242.9167848,107.218,11.1213,-1.92
1/1/2022 19:32,44.59274533,5,242.900024,131.7224,11.1535,-1.92
1/1/2022 19:32,44.59274533,5,242.8993844,141.181,11.2373,-1.92
1/1/2022 19:32,45.99067102,5,242.9048026,168.3174,11.7721,-1.92
1/1/2022 19:32,45.99067102,5,242.9065169,183.6157,12.1154,-1.92
1/1/2022 19:32,47.56444961,5,242.9455811,217.5262,12.875,-1.92
1/1/2022 19:33,47.56444961,5,242.9588246,227.3472,13.0833,-1.92
1/1/2022 19:33,47.96678572,5,242.9486722,236.938,13.2972,-1.92
1/1/2022 19:33,47.96678572,5,242.9475619,235.8762,13.2904,-1.92
1/1/2022 19:33,47.06340735,5,242.955396,220.6931,13.0002,-1.92
1/1/2022 19:33,47.06340735,5,242.9426055,211.7658,12.8189,-1.92
1/1/2022 19:33,46.41725627,5,242.9391415,195.6732,12.4839,-1.92
1/1/2022 19:34,46.41725627,5,242.9269639,191.7043,12.3916,-1.92
1/1/2022 19:34,45.68659733,6,242.9234732,186.1853,12.2644,-1.92
1/1/2022 19:34,45.68659733,7,242.9516477,181.561,12.1759,-1.92
1/1/2022 19:34,45.26385583,7,242.9374716,167.0571,11.8474,-1.92
1/1/2022 19:34,45.26385583,6,242.9092704,163.2278,11.7463,-1.92
1/1/2022 19:34,45.31662321,6,242.9149462,161.3283,11.6873,-1.92
1/1/2022 19:35,45.31662321,7,242.9399409,163.9952,11.739,-1.92
1/1/2022 19:35,46.59563512,7,242.9426944,186.0205,12.192,-1.92
1/1/2022 19:35,46.59563512,7,242.9453502,198.7487,12.4701,-1.92
1/1/2022 19:35,47.77926544,7,242.9199025,221.334,12.964,-1.92
1/1/2022 19:35,47.77926544,7,243.3404827,231.7257,13.1516,-1.92
1/1/2022 19:35,49.2093774,7,247.0204994,272.6274,13.8363,-1.92
1/1/2022 19:36,49.2093774,7,248.5763158,290.8141,14.152,-1.92
1/1/2022 19:36,49.14240708,7,249.5529083,310.5853,14.5187,-1.92
1/1/2022 19:36,49.14240708,7,249.5547292,312.7015,14.5643,-1.92
1/1/2022 19:36,49.16954727,6,249.5086302,308.9196,14.5254,-1.92
1/1/2022 19:36,49.16954727,7,249.5285974,302.4646,14.4244,-1.92
1/1/2022 19:36,49.30985606,7,249.8750245,292.0832,14.2369,-1.92
1/1/2022 19:37,49.30985606,6,249.9640599,293.1698,14.2449,-1.92
1/1/2022 19:37,49.74663628,6,250.0299129,302.2803,14.3837,-1.92
1/1/2022 19:37,49.74663628,6,250.0635768,309.3679,14.4982,-1.92
1/1/2022 19:37,50.20890484,6,250.0335903,332.9107,14.8546,-1.92
1/1/2022 19:37,50.20890484,8,250.0262802,584.2873,17.8801,-1.92
1/1/2022 19:37,55.09469036,9,250.1833454,632.7147,18.1888,-1.92
1/1/2022 19:38,55.09469036,8,250.178318,635.4774,18.2284,-1.92
1/1/2022 19:38,53.80260898,8,250.5780909,539.8814,17.4743,-1.92
1/1/2022 19:38,53.80260898,8,251.0069977,544.389,17.5196,-1.92
1/1/2022 19:38,54.28653942,8,251.8920815,595.4404,17.8392,-1.92
1/1/2022 19:38,54.28653942,8,251.8707552,651.3036,18.0526,-1.92
1/1/2022 19:38,53.95415711,8,251.8677796,656.7423,18.1565,-1.92
1/1/2022 19:39,53.95415711,8,251.8604784,606.2921,18.0072,-1.92
1/1/2022 19:39,54.67222215,7,251.8308915,582.756,17.8641,-1.92
1/1/2022 19:39,54.67222215,7,251.8239367,635.2131,18.0102,-1.92
1/1/2022 19:39,54.67196892,7,251.8209079,699.9099,18.2339,-1.92
1/1/2022 19:39,54.67196892,8,251.8297901,655.0172,18.1668,-1.92
1/1/2022 19:39,54.14542495,7,251.8605761,592.6111,18.0274,-1.92
1/1/2022 19:40,54.14542495,7,251.8505835,590.2622,18.0032,-1.92
1/1/2022 19:40,53.97405988,7,251.8304652,588.8993,17.9781,-1.92
1/1/2022 19:40,53.97405988,7,251.8331743,591.5278,18.0048,-1.92
1/1/2022 19:40,54.17931752,7,251.8296747,595.618,18.0464,-1.92
1/1/2022 19:40,54.17931752,7,251.8291684,585.8103,17.9613,-1.92
1/1/2022 19:40,51.499368,6,251.8179501,440.5304,16.3485,-1.92
1/1/2022 19:41,51.499368,6,251.8165289,428.1502,16.2026,-1.92
1/1/2022 19:41,50.73969873,5,251.8416478,388.6008,15.703,-1.92
1/1/2022 19:41,50.73969873,5,251.8396848,373.3895,15.4958,-1.92
1/1/2022 19:41,49.01759179,4,251.812825,320.2988,14.7374,-1.92
1/1/2022 19:41,49.01759179,4,251.8115903,290.0999,14.2754,-1.92
1/1/2022 19:41,47.28175728,4,251.8505924,229.2204,13.1962,-1.92
1/1/2022 19:42,47.28175728,5,251.8685968,211.0861,12.8261,-1.92
1/1/2022 19:42,46.08867067,5,251.8687567,185.8913,12.2648,-1.92
1/1/2022 19:42,46.08867067,5,251.8577604,178.9637,12.1031,-1.92
1/1/2022 19:42,45.31011024,5,251.8402623,167.4189,11.8371,-1.92
1/1/2022 19:42,45.31011024,5,251.8408041,163.4133,11.7495,-1.92
1/1/2022 19:42,45.07214309,6,251.8432556,154.4313,11.5361,-1.92
1/1/2022 19:43,45.07214309,6,251.8422697,151.236,11.4546,-1.92
1/1/2022 19:43,45.13250558,5,251.8336361,149.9625,11.4005,-1.92
1/1/2022 19:43,45.13250558,5,251.8367805,153.9072,11.4806,-1.92
1/1/2022 19:43,45.78512341,6,251.8578759,168.8089,11.8318,-1.92
1/1/2022 19:43,45.78512341,6,251.8686145,175.5219,11.9895,-1.92
1/1/2022 19:43,46.8898562,6,251.866243,192.7658,12.3623,-1.92
1/1/2022 19:44,46.8898562,6,251.8809609,200.399,12.5245,-1.92
1/1/2022 19:44,46.99172417,6,251.887747,206.6067,12.6892,-1.92
1/1/2022 19:44,46.99172417,7,251.864884,204.2872,12.6503,-1.92
1/1/2022 19:44,47.018909,7,251.8661541,201.6436,12.5831,-1.92
1/1/2022 19:44,47.018909,7,251.8749209,206.3597,12.6608,-1.92
1/1/2022 19:44,48.95305617,7,251.8754983,234.4594,13.1642,-1.92
1/1/2022 19:45,48.95305617,7,251.868428,253.6627,13.5034,-1.92
1/1/2022 19:45,50.32076598,7,251.851454,308.1846,14.4198,-1.92
1/1/2022 19:45,50.32076598,7,251.8518803,332.0958,14.7907,-1.92
1/1/2022 19:45,51.49081075,7,251.8644665,381.7059,15.5172,-1.92
1/1/2022 19:45,51.49081075,7,251.8576005,395.8398,15.7317,-1.92
1/1/2022 19:45,51.27134538,8,251.8395606,415.0463,15.9989,-1.92
1/1/2022 19:46,51.27134538,8,251.840058,420.3477,16.067,-1.92
1/1/2022 19:46,51.72619391,8,251.8645997,431.3876,16.2014,-1.92
1/1/2022 19:46,51.72619391,8,251.892419,440.166,16.3013,-1.92
1/1/2022 19:46,52.62372716,8,251.9494699,477.4953,16.7403,-1.92
1/1/2022 19:46,52.62372716,8,252.8150608,496.1707,16.9535,-1.92
1/1/2022 19:46,53.77750977,9,257.6422257,531.8817,17.3514,-1.92
1/1/2022 19:47,53.77750977,9,258.9160595,547.6471,17.5244,-1.92
1/1/2022 19:47,54.34059862,10,259.7076112,577.8825,17.8647,-1.92
1/1/2022 19:47,54.34059862,10,260.1992092,592.0139,17.9431,-1.92
1/1/2022 19:47,55.71165978,8,260.6869704,790.3265,18.271,-1.92
1/1/2022 19:47,55.71165978,8,260.6767025,900.0202,18.3617,-1.92
1/1/2022 19:47,54.9212918,8,260.6748372,872.5204,18.226,-1.92
1/1/2022 19:48,54.9212918,8,260.6778305,765.0207,18.1588,-1.92
1/1/2022 19:48,54.33563299,8,260.6732739,609.9616,18.1183,-1.92
1/1/2022 19:48,54.33563299,8,260.6705204,594.7007,18.0458,-1.92
1/1/2022 19:48,53.15938701,8,260.6820673,546.1337,17.5642,-1.92
1/1/2022 19:48,53.15938701,8,260.6866772,529.0585,17.3729,-1.92
1/1/2022 19:48,53.39389704,8,260.6861798,522.7522,17.2856,-1.92
1/1/2022 19:49,53.39389704,9,260.6943604,530.9911,17.3673,-1.92
1/1/2022 19:49,54.44568889,10,260.6902302,559.6082,17.6512,-1.92
1/1/2022 19:49,54.44568889,10,260.6910384,577.9543,17.7998,-1.92
1/1/2022 19:49,55.74303748,10,261.2256463,770.4051,18.2291,-1.92
1/1/2022 19:49,55.74303748,9,261.4482433,850.9891,18.3241,-1.92
1/1/2022 19:49,56.78213436,8,261.450153,946.2983,18.3101,-1.92
1/1/2022 19:50,56.78213436,8,261.4537148,942.4215,18.2759,-1.92
1/1/2022 19:50,55.80546533,9,261.4497178,997.642,18.3082,-1.92
1/1/2022 19:50,55.80546533,9,261.428045,979.8255,18.2697,-1.92
1/1/2022 19:50,55.03906502,8,261.4716558,688.2463,18.1173,-1.92
1/1/2022 19:50,55.03906502,8,261.4824211,676.9643,18.2037,-1.92
1/1/2022 19:50,55.55277632,7,261.4190117,845.7558,18.3476,-1.92
1/1/2022 19:51,55.55277632,7,261.4297859,833.1766,18.2841,-1.92
1/1/2022 19:51,55.13149009,7,261.4497,651.7942,18.1402,-1.92
1/1/2022 19:51,55.13149009,7,261.4231331,610.752,18.0896,-1.92
1/1/2022 19:51,55.14049828,8,261.5719264,582.4692,17.935,-1.92
1/1/2022 19:51,55.14049828,9,261.7342395,581.5694,17.9239,-1.92
1/1/2022 19:51,54.67787345,8,262.3452331,566.425,17.7733,-1.92
1/1/2022 19:52,54.67787345,9,262.5218614,552.023,17.6166,-1.92
1/1/2022 19:52,54.32789148,9,262.528301,571.2644,17.7014,-1.92
1/1/2022 19:52,54.32789148,9,262.5352914,622.6055,17.9634,-1.92
1/1/2022 19:52,55.4609003,9,262.5370589,739.2744,18.2942,-1.92
1/1/2022 19:52,55.4609003,8,262.534945,767.986,18.2989,-1.92
1/1/2022 19:52,55.46314801,8,262.5420419,810.5429,18.286,-1.92
1/1/2022 19:53,55.46314801,8,262.5605081,809.3088,18.2721,-1.92
1/1/2022 19:53,54.85555746,8,262.5563156,748.9912,18.2397,-1.92
1/1/2022 19:53,54.85555746,7,262.6075123,715.642,18.2292,-1.92
1/1/2022 19:53,54.83700343,7,263.0029971,655.4462,18.2302,-1.92
1/1/2022 19:53,54.83700343,8,263.1018205,641.4833,18.2423,-1.92
1/1/2022 19:53,54.99040203,9,263.0870581,589.6995,17.9655,-1.92
1/1/2022 19:54,54.99040203,9,263.0846955,556.4259,17.6968,-1.92
1/1/2022 19:54,53.60741822,8,263.0818442,521.3573,17.2733,-1.92
1/1/2022 19:54,53.60741822,8,263.0831055,526.7585,17.3108,-1.92
1/1/2022 19:54,54.64214099,7,263.0818798,623.7159,17.8885,-1.92
1/1/2022 19:54,54.64214099,8,263.0818442,682.5868,18.1303,-1.92
1/1/2022 19:54,54.78411513,8,263.0844023,704.6137,18.2585,-1.92
1/1/2022 19:55,54.78411513,9,263.0790552,691.4916,18.2498,-1.92
1/1/2022 19:55,54.95684207,9,263.081107,725.9563,18.2875,-1.92
1/1/2022 19:55,54.95684207,9,263.0859656,724.0876,18.2752,-1.92
1/1/2022 19:55,54.34488467,8,263.0816666,635.9553,18.1626,-1.92
1/1/2022 19:55,54.34488467,8,263.0834431,601.431,18.0571,-1.92
1/1/2022 19:55,53.80130376,8,263.0879375,575.0753,17.8513,-1.92
1/1/2022 19:56,53.80130376,8,263.0875378,570.1922,17.8027,-1.92
1/1/2022 19:56,53.12295536,7,263.0788243,535.7666,17.4634,-1.92
1/1/2022 19:56,53.12295536,7,263.0787532,515.3949,17.2502,-1.92
1/1/2022 19:56,51.69802829,7,263.0833187,466.3117,16.6968,-1.92
1/1/2022 19:56,51.69802829,7,263.0830434,446.1623,16.4459,-1.92
1/1/2022 19:56,50.56761592,7,263.0826259,401.3921,15.8645,-1.92
1/1/2022 19:57,50.56761592,7,263.0813468,377.7251,15.5616,-1.92
1/1/2022 19:57,48.78091651,7,263.0841625,318.6266,14.7179,-1.92
1/1/2022 19:57,48.78091651,7,263.0854949,296.6403,14.3648,-1.92
1/1/2022 19:57,48.40037105,7,263.0868094,256.0518,13.6693,-1.92
1/1/2022 19:57,48.40037105,7,263.0857524,246.2762,13.483,-1.92
1/1/2022 19:57,48.55336049,7,263.0868716,241.497,13.3664,-1.92
1/1/2022 19:58,48.55336049,7,263.0888701,246.5408,13.4503,-1.92
1/1/2022 19:58,49.00546048,7,263.0746496,270.7513,13.8603,-1.92
1/1/2022 19:58,49.00546048,7,263.075298,280.7938,14.0187,-1.92
1/1/2022 19:58,49.57924377,6,263.0941018,303.1333,14.3657,-1.92
1/1/2022 19:58,49.57924377,5,263.0935333,319.0292,14.6099,-1.92
1/1/2022 19:58,51.07495431,6,263.089181,372.3636,15.3886,-1.92
1/1/2022 19:59,51.07495431,6,263.0891366,394.9983,15.7131,-1.92
1/1/2022 19:59,51.26554992,6,263.0879197,411.7276,15.993,-1.92
1/1/2022 19:59,51.26554992,6,263.0882484,396.934,15.8078,-1.92
1/1/2022 19:59,50.28090465,6,263.0884882,352.0385,15.1977,-1.92
1/1/2022 19:59,50.28090465,6,263.0895274,337.4008,14.9825,-1.92
1/1/2022 19:59,49.15982977,6,263.090611,310.2192,14.5562,-1.92
1/1/2022 20:00,49.15982977,6,263.0875289,302.4341,14.4253,-1.92
1/1/2022 20:00,49.31734317,6,263.0927783,294.0486,14.2702,-1.92
1/1/2022 20:00,49.31734317,5,263.0957095,292.3663,14.2466,-1.92
1/1/2022 20:00,49.49161261,6,263.0888612,286.517,14.1633,-1.92
1/1/2022 20:00,49.49161261,6,263.0862587,284.8823,14.138,-1.92
1/1/2022 20:00,48.77075177,6,263.0439702,280.8291,14.0676,-1.92
1/1/2022 20:01,48.77075177,6,263.0448673,276.1315,13.986,-1.92
1/1/2022 20:01,48.07535164,6,263.0553395,260.0459,13.7148,-1.92
1/1/2022 20:01,48.07535164,6,263.0460132,253.4925,13.6024,-1.92
1/1/2022 20:01,48.42783452,6,263.0497437,247.1071,13.4588,-1.92
1/1/2022 20:01,48.42783452,6,263.0450716,247.8074,13.4618,-1.92
1/1/2022 20:01,48.23103666,7,263.0406838,249.2294,13.4886,-1.92
1/1/2022 20:02,48.23103666,8,263.0390761,249.6958,13.4976,-1.92
1/1/2022 20:02,48.40420556,9,263.0390761,258.4733,13.6685,-1.92
1/1/2022 20:02,48.40420556,8,263.040062,263.6147,13.7722,-1.92
1/1/2022 20:02,48.78191336,7,263.0403285,272.6177,13.9145,-1.92
1/1/2022 20:02,48.78191336,6,263.0411546,277.5232,13.9838,-1.92
1/1/2022 20:02,49.40785736,6,263.0424869,294.8935,14.2567,-1.92
1/1/2022 20:03,49.40785736,7,263.0413855,304.182,14.3987,-1.92
1/1/2022 20:03,49.7656686,7,263.0378326,326.5452,14.7526,-1.92
1/1/2022 20:03,49.7656686,7,263.037575,337.3578,14.9165,-1.92
1/1/2022 20:03,50.04975363,6,263.0411546,354.4351,15.1687,-1.92
1/1/2022 20:03,50.04975363,6,263.0415898,354.7609,15.1878,-1.92
1/1/2022 20:03,49.7376592,6,263.0420872,342.9384,15.0472,-1.92
1/1/2022 20:04,49.7376592,6,263.0416253,334.3665,14.9226,-1.92
1/1/2022 20:04,49.14980892,6,263.036447,315.3777,14.6335,-1.92
1/1/2022 20:04,49.14980892,6,263.0367667,307.7828,14.5161,-1.92
1/1/2022 20:04,49.11435274,6,263.0607755,293.192,14.2769,-1.92
1/1/2022 20:04,49.11435274,6,263.0707503,290.135,14.2169,-1.92
1/1/2022 20:04,48.70272943,6,263.0853527,285.6963,14.1369,-1.92
1/1/2022 20:05,48.70272943,6,263.0883105,280.93,14.0629,-1.92
1/1/2022 20:05,48.17148492,8,263.0664246,263.3557,13.7781,-1.92
1/1/2022 20:05,48.17148492,8,263.3501814,256.542,13.6639,-1.92
1/1/2022 20:05,47.97240108,8,264.3592758,246.5224,13.4842,-1.92
1/1/2022 20:05,47.97240108,9,264.5373288,244.3409,13.4239,-1.92
1/1/2022 20:05,48.46012838,8,264.544026,244.9612,13.3991,-1.92
1/1/2022 20:06,48.46012838,8,264.491443,255.9762,13.5782,-1.92
1/1/2022 20:06,50.79151491,8,264.4929709,311.6682,14.4452,-1.92
1/1/2022 20:06,50.79151491,8,264.5077421,349.388,14.9806,-1.92
1/1/2022 20:06,53.73871346,9,264.486478,481.0315,16.672,-1.92
1/1/2022 20:06,53.73871346,9,264.4667238,534.3952,17.325,-1.92
1/1/2022 20:06,54.28964383,8,264.4252169,582.9098,17.9202,-1.92
1/1/2022 20:07,54.28964383,7,264.4282902,580.5367,17.9016,-1.92
1/1/2022 20:07,54.86167762,7,264.4436299,611.7512,18.0158,-1.92
1/1/2022 20:07,54.86167762,6,264.453507,647.5231,18.147,-1.92
1/1/2022 20:07,54.48538131,6,264.4486839,661.6377,18.2438,-1.92
1/1/2022 20:07,54.48538131,6,264.4278727,632.878,18.1806,-1.92
1/1/2022 20:07,53.79496066,6,264.3875827,577.1219,17.8845,-1.92
1/1/2022 20:08,53.79496066,7,264.3821468,548.399,17.6114,-1.92
1/1/2022 20:08,51.99829788,7,264.3844562,438.5904,16.3855,-1.92
1/1/2022 20:08,51.99829788,7,264.3801394,389.8169,15.7513,-1.92
1/1/2022 20:08,50.02718431,7,264.3756716,318.9307,14.6985,-1.92
1/1/2022 20:08,50.02718431,8,264.3796065,308.1351,14.5094,-1.92
1/1/2022 20:08,50.05649134,9,264.3775191,320.0668,14.6411,-1.92
1/1/2022 20:09,50.05649134,9,264.4007907,333.7756,14.8449,-1.92
1/1/2022 20:09,50.43094755,10,264.4023095,355.9032,15.1963,-1.92
1/1/2022 20:09,50.43094755,11,264.374961,367.8445,15.3417,-1.92
1/1/2022 20:09,54.06307223,11,264.3935783,447.7204,16.2174,-1.92
1/1/2022 20:09,54.06307223,11,264.4034021,615.101,16.9943,-1.92
1/1/2022 20:09,57.37048342,11,264.3992985,1178.8062,18.3577,-1.7938
1/1/2022 20:10,57.37048342,11,264.4029668,1308.7849,18.4148,-1.4344
1/1/2022 20:10,56.19240957,10,264.4309549,1397.2354,18.3222,-0.2801
1/1/2022 20:10,56.19240957,10,264.4348187,1400.4295,18.2927,-0.0008
1/1/2022 20:10,55.92329584,11,264.4212199,1134.9354,18.1161,-1.0258
1/1/2022 20:10,55.92329584,11,264.4164412,1035.699,18.1275,-1.6733
1/1/2022 20:10,56.44262792,11,264.407932,1007.4395,18.2604,-1.9396
1/1/2022 20:11,56.44262792,11,264.409744,986.2445,18.246,-1.9327
1/1/2022 20:11,56.07806082,11,264.4134657,1032.2214,18.2981,-1.9225
1/1/2022 20:11,56.07806082,11,264.4125597,1095.5284,18.3347,-1.9174
1/1/2022 20:11,56.86726913,12,264.4165123,1185.8076,18.3015,-1.968
1/1/2022 20:11,56.86726913,12,264.4130127,1164.4862,18.2615,-2.0075
1/1/2022 20:11,56.78641329,11,264.4061556,1150.2757,18.2785,-2.0544
1/1/2022 20:12,56.78641329,10,264.4053384,1195.3822,18.313,-1.9724
1/1/2022 20:12,56.34110817,10,264.4032955,1145.4577,18.2229,-1.9143
1/1/2022 20:12,56.34110817,9,264.4017588,1118.6585,18.223,-1.994
1/1/2022 20:12,56.10738634,8,264.4028158,1101.7699,18.2457,-2.044
1/1/2022 20:12,56.10738634,9,264.395559,1006.0654,18.1815,-2.0511
1/1/2022 20:12,55.30935726,10,264.6934185,812.5262,18.1775,-2.0615
1/1/2022 20:13,55.30935726,10,265.4082984,759.1692,18.1883,-2.0645
1/1/2022 20:13,56.11428205,9,266.9784535,781.0266,18.2827,-2.0692
1/1/2022 20:13,56.11428205,9,267.3151888,838.6321,18.3208,-2.0704
1/1/2022 20:13,57.80794724,9,267.8629496,1006.7486,18.3649,-2.071
1/1/2022 20:13,57.80794724,10,267.8573182,1075.2628,18.3609,-2.071
1/1/2022 20:13,55.7497726,11,267.8310533,938.9465,18.1817,-2.071
1/1/2022 20:14,55.7497726,11,267.8201814,845.806,18.1592,-2.071
1/1/2022 20:14,56.65973311,11,267.8221977,894.1112,18.3009,-2.071
1/1/2022 20:14,56.65973311,11,267.817801,1032.5512,18.394,-2.0512
1/1/2022 20:14,57.00613098,12,267.8159179,1279.4119,18.3947,-1.7525
1/1/2022 20:14,57.00613098,12,267.8196307,1273.9088,18.3124,-1.7519
1/1/2022 20:14,57.72795604,12,267.817721,1254.4204,18.2685,-2.037
1/1/2022 20:15,57.72795604,12,267.8156426,1288.5975,18.2972,-1.7393
1/1/2022 20:15,56.54628341,11,267.8168594,1321.7915,18.2777,-1.0591
1/1/2022 20:15,56.54628341,10,267.8195152,1267.9266,18.2306,-1.3647
1/1/2022 20:15,56.93341478,10,267.8232813,1196.4925,18.2397,-2.0004
1/1/2022 20:15,56.93341478,10,267.8201015,1175.1987,18.2386,-1.9838
1/1/2022 20:15,56.13757237,10,267.8174279,953.5256,18.1378,-1.9693
1/1/2022 20:16,56.13757237,11,267.8213894,873.0434,18.1497,-1.9653
1/1/2022 20:16,56.36014032,11,267.8265944,935.0787,18.3151,-1.9574
1/1/2022 20:16,56.36014032,12,267.824436,1041.2754,18.3765,-1.9552
1/1/2022 20:16,57.28280128,12,267.8189912,1198.0476,18.351,-1.9517
1/1/2022 20:16,57.28280128,12,267.8233435,1209.494,18.3075,-1.9509
1/1/2022 20:16,57.20983737,12,267.8173391,1253.8021,18.3004,-1.7885
1/1/2022 20:17,57.20983737,12,267.8143546,1317.7341,18.3363,-1.0518
1/1/2022 20:17,55.64166393,11,267.8159623,1476.1738,18.3918,0.9613
1/1/2022 20:17,55.64166393,11,267.813271,1466.5852,18.3508,1.0475
1/1/2022 20:17,56.26533657,11,267.8149764,1389.3095,18.2552,0.0553
1/1/2022 20:17,56.26533657,11,267.813422,1360.0544,18.2401,-0.3405
1/1/2022 20:17,56.47871021,10,267.8131289,1281.5464,18.2219,-1.2408
1/1/2022 20:18,56.47871021,10,267.8122762,1228.7971,18.2054,-1.6961
1/1/2022 20:18,56.56822476,9,267.8095493,1154.3631,18.2329,-2.0015
1/1/2022 20:18,56.56822476,9,267.8123473,1174.2648,18.2699,-1.979
1/1/2022 20:18,56.8898889,10,267.812818,1141.065,18.2372,-1.9645
1/1/2022 20:18,56.8898889,9,267.812214,1064.1223,18.1954,-1.9606
1/1/2022 20:18,55.49119923,10,267.8151807,883.7063,18.1769,-1.9539
1/1/2022 20:19,55.49119923,10,267.819533,826.0878,18.1893,-1.9521
1/1/2022 20:19,55.30197985,11,267.8247025,782.4484,18.2489,-1.9486
1/1/2022 20:19,55.30197985,10,267.8197906,817.0613,18.2918,-1.9472
1/1/2022 20:19,55.75936811,8,267.8152251,941.7968,18.3372,-1.946
1/1/2022 20:19,55.75936811,7,267.8139194,1004.8345,18.3424,-1.946
1/1/2022 20:19,55.15509229,8,267.8107218,937.8278,18.2098,-1.946
1/1/2022 20:20,55.15509229,8,267.8101977,832.2067,18.1595,-1.946
1/1/2022 20:20,54.43645066,9,267.8110593,672.7953,18.1667,-1.946
1/1/2022 20:20,54.43645066,9,267.8155093,630.2174,18.1167,-1.946
1/1/2022 20:20,54.78855883,9,267.8171437,686.6244,18.1479,-1.946
1/1/2022 20:20,54.78855883,9,267.8173657,775.6089,18.2472,-1.946
1/1/2022 20:20,55.55032533,10,267.8163887,793.8919,18.2494,-1.946
1/1/2022 20:21,55.55032533,10,267.8130045,762.3837,18.2309,-1.946
1/1/2022 20:21,55.22920302,10,267.8121252,798.6195,18.2872,-1.946
1/1/2022 20:21,55.22920302,10,267.8142658,809.6443,18.2832,-1.946
1/1/2022 20:21,55.67377389,11,267.8132799,843.4163,18.2844,-1.946
1/1/2022 20:21,55.67377389,11,267.8115745,828.03,18.2643,-1.946
1/1/2022 20:21,56.90547211,10,267.8147899,1013.6785,18.3837,-1.941
1/1/2022 20:22,56.90547211,10,267.8164864,1153.4869,18.4267,-1.9321
1/1/2022 20:22,56.77728104,10,267.8135908,1131.1639,18.2494,-1.932
1/1/2022 20:22,56.77728104,10,267.8146389,1104.5075,18.2346,-1.9687
1/1/2022 20:22,57.14408146,9,267.8189113,1179.688,18.3112,-2.0578
1/1/2022 20:22,57.14408146,9,267.8169838,1213.2703,18.3162,-2.0706
1/1/2022 20:22,57.0937233,10,267.8139461,1210.5612,18.2538,-2.0896
1/1/2022 20:23,57.0937233,11,267.8155538,1159.2076,18.2203,-2.0844
1/1/2022 20:23,57.06843036,11,267.8305914,1100.2517,18.2433,-1.9981
1/1/2022 20:23,57.06843036,11,267.8292502,1115.7789,18.271,-1.9616
1/1/2022 20:23,55.9264114,11,267.8103043,1106.7,18.2554,-1.9328
1/1/2022 20:23,55.9264114,11,267.8074354,1065.6958,18.2234,-1.9267
1/1/2022 20:23,55.79538052,11,267.8077818,905.3746,18.1839,-1.922
1/1/2022 20:24,55.79538052,11,267.8100912,845.7924,18.191,-1.922
1/1/2022 20:24,55.81759465,10,267.8091763,854.7417,18.2803,-1.922
1/1/2022 20:24,55.81759465,10,267.8111304,869.2174,18.2897,-1.922
1/1/2022 20:24,55.17465438,10,267.8444389,738.9675,18.1823,-1.922
1/1/2022 20:24,55.17465438,9,267.8448652,703.9517,18.1995,-1.922
1/1/2022 20:24,55.66971157,10,267.8364004,837.8655,18.3427,-1.922
1/1/2022 20:25,55.66971157,10,267.8405041,846.7083,18.3082,-1.922
1/1/2022 20:25,55.60695712,8,267.8301473,770.6169,18.242,-1.922
1/1/2022 20:25,55.60695712,8,267.8271451,783.8793,18.266,-1.922
1/1/2022 20:25,54.81880837,7,267.8240008,755.4484,18.2314,-1.922
1/1/2022 20:25,54.81880837,6,267.8255197,689.7247,18.1635,-1.922
1/1/2022 20:25,53.04171405,6,267.8309645,549.6306,17.6512,-1.922
1/1/2022 20:26,53.04171405,6,267.828886,505.0984,17.1764,-1.922
1/1/2022 20:26,49.9924512,6,267.8280067,387.3718,15.7198,-1.922
1/1/2022 20:26,49.9924512,7,267.8281222,352.9478,15.2124,-1.922
1/1/2022 20:26,51.84399845,8,267.819613,342.2267,14.955,-1.922
1/1/2022 20:26,51.84399845,8,267.8212739,367.3498,15.2899,-1.922
1/1/2022 20:26,46.03653053,6,267.9157458,172.1802,11.9775,-1.922
1/1/2022 20:27,46.03653053,6,267.8981322,164.6297,11.7908,-1.922
1/1/2022 20:27,45.26917914,5,267.9496224,149.0925,11.4102,-1.922
1/1/2022 20:27,45.26917914,5,267.9469044,144.2625,11.2957,-1.922
1/1/2022 20:27,45.72668143,5,267.8892855,150.5992,11.3927,-1.922
1/1/2022 20:27,45.72668143,5,267.8881042,159.1025,11.591,-1.922
1/1/2022 20:27,45.53119344,5,267.8933536,167.0966,11.8268,-1.922
1/1/2022 20:28,45.53119344,5,267.8951478,162.7734,11.7221,-1.922
1/1/2022 20:28,44.81351436,7,267.8901027,131.5928,11.2865,-1.922
1/1/2022 20:28,44.81351436,7,267.8879887,120.7795,11.1705,-1.922
1/1/2022 20:28,44.71464961,6,267.8867008,120.9651,11.1223,-1.922
1/1/2022 20:28,44.71464961,6,267.8847644,107.6761,11.0974,-1.922
1/1/2022 20:28,44.62735879,5,267.8824817,60.9238,11.0748,-1.922
1/1/2022 20:29,44.62735879,5,267.8812915,65.5776,11.1075,-1.922
1/1/2022 20:29,44.78747891,4,267.8797371,96.2385,11.1363,-1.922
1/1/2022 20:29,44.78747891,4,267.8791242,108.3079,11.1375,-1.922
1/1/2022 20:29,49.89532026,5,267.8843381,303.9787,14.3641,-1.922
1/1/2022 20:29,49.89532026,5,267.8901204,329.2456,14.7811,-1.922
1/1/2022 20:29,50.84418195,5,267.8982655,362.3563,15.2737,-1.922
1/1/2022 20:30,50.84418195,5,267.9007969,378.6946,15.5003,-1.922
1/1/2022 20:30,50.80984703,6,267.8974572,390.2588,15.6845,-1.922
1/1/2022 20:30,50.80984703,6,267.8980257,377.8587,15.5546,-1.922
1/1/2022 20:30,49.75775058,5,267.9106118,332.1106,14.9155,-1.922
1/1/2022 20:30,49.75775058,5,268.6081965,308.0164,14.5221,-1.922
1/1/2022 20:30,49.83899435,6,272.7789439,300.3819,14.3621,-1.922
1/1/2022 20:31,49.83899435,6,274.8376564,300.319,14.3698,-1.922
1/1/2022 20:31,49.21801839,6,274.7632763,280.5177,14.0739,-1.922
1/1/2022 20:31,49.21801839,8,274.739383,263.0637,13.7674,-1.922
1/1/2022 20:31,49.10489903,8,274.7583378,253.799,13.5724,-1.922
1/1/2022 20:31,49.10489903,7,274.769485,258.0066,13.6197,-1.922
1/1/2022 20:31,50.22288255,7,274.7645554,278.8161,13.9441,-1.922
1/1/2022 20:32,50.22288255,7,274.763223,310.5156,14.4341,-1.922
1/1/2022 20:32,51.75983901,7,274.76277,384.4759,15.5137,-1.922
1/1/2022 20:32,51.75983901,9,274.7589418,417.7008,16.0199,-1.922
1/1/2022 20:32,52.03862186,10,274.7480787,412.5125,15.9967,-1.922
1/1/2022 20:32,52.03862186,10,274.7439396,412.2273,15.9553,-1.922
1/1/2022 20:32,52.79605995,9,274.7464799,442.3567,16.304,-1.922
1/1/2022 20:33,52.79605995,9,274.7452808,471.7341,16.6582,-1.922
1/1/2022 20:33,53.69677343,10,274.7499795,523.0948,17.2283,-1.922
1/1/2022 20:33,53.69677343,9,274.7505835,567.0348,17.6531,-1.922
1/1/2022 20:33,54.83629935,9,274.7478833,608.2409,18.0851,-1.922
1/1/2022 20:33,54.83629935,9,274.7688366,700.5814,18.225,-1.922
1/1/2022 20:33,55.61356093,10,274.781405,907.3976,18.3645,-1.922
1/1/2022 20:34,55.61356093,10,274.7815827,947.5427,18.3171,-1.922
1/1/2022 20:34,55.86767604,9,274.7800372,941.3464,18.2701,-1.922
1/1/2022 20:34,55.86767604,10,274.781858,967.6475,18.2926,-1.922
1/1/2022 20:34,55.68442162,10,274.8107254,954.7202,18.2582,-1.922
1/1/2022 20:34,55.68442162,10,274.7927388,928.6736,18.2455,-1.922
1/1/2022 20:34,56.1825132,10,274.7561883,994.5986,18.3052,-1.922
1/1/2022 20:35,56.1825132,10,274.754323,1028.6183,18.3046,-1.922
1/1/2022 20:35,55.84119442,10,274.752209,1081.7508,18.3113,-1.922
1/1/2022 20:35,55.84119442,10,274.750779,1093.6931,18.2825,-1.922
1/1/2022 20:35,55.5449732,10,274.7493045,1010.3015,18.2107,-1.922
1/1/2022 20:35,55.5449732,9,274.7565524,933.2581,18.1986,-1.922
1/1/2022 20:35,56.10506712,9,274.7832259,964.027,18.2938,-1.922
1/1/2022 20:36,56.10506712,9,274.7802415,1004.1836,18.3025,-1.922
1/1/2022 20:36,55.47952886,9,274.7527952,931.8746,18.219,-1.922
1/1/2022 20:36,55.47952886,9,274.7536479,819.9581,18.1733,-1.922
1/1/2022 20:36,55.39199296,9,274.7625036,662.1908,18.1674,-1.922
1/1/2022 20:36,55.39199296,10,274.7665272,643.7071,18.2236,-1.922
1/1/2022 20:36,55.27365755,10,274.7647508,651.6697,18.2449,-1.922
1/1/2022 20:37,55.27365755,10,274.752511,713.7971,18.2914,-1.922
1/1/2022 20:37,56.17661123,10,274.7754806,933.1531,18.3972,-1.922
1/1/2022 20:37,56.17661123,9,274.781858,1041.2517,18.3747,-1.922
1/1/2022 20:37,55.97963309,8,274.7734021,1117.9733,18.322,-1.9183
1/1/2022 20:37,55.97963309,9,274.802687,1183.5051,18.3307,-1.9168
1/1/2022 20:37,55.95584315,10,278.672965,1048.0578,18.175,-1.9874
1/1/2022 20:38,55.95584315,10,282.3697612,916.4806,18.1477,-2.0467
1/1/2022 20:38,55.84380638,9,284.0079988,902.8108,18.2572,-2.0786
1/1/2022 20:38,55.84380638,8,283.9658082,948.4343,18.3016,-2.0583
1/1/2022 20:38,56.09526776,7,283.9896393,1057.9411,18.341,-1.9639
1/1/2022 20:38,56.09526776,7,284.092123,1035.0659,18.2677,-1.9288
1/1/2022 20:38,54.83783117,7,284.1921907,786.1208,18.1211,-1.928
1/1/2022 20:39,54.83783117,7,284.1941714,649.002,18.1183,-1.928
1/1/2022 20:39,54.49641116,7,284.3501175,588.5708,17.9716,-1.928
1/1/2022 20:39,54.49641116,6,284.470943,560.2901,17.7086,-1.928
1/1/2022 20:39,53.95252339,6,284.5082131,515.3971,17.2361,-1.928
1/1/2022 20:39,54.95914224,9,285.105235,633.4879,18.2021,-1.928
1/1/2022 20:39,54.95914224,8,285.1051018,657.1781,18.241,-1.928
1/1/2022 20:40,54.76455959,8,285.1034852,629.9466,18.1786,-1.928
1/1/2022 20:40,54.76455959,8,285.1046488,627.2699,18.1538,-1.928
1/1/2022 20:40,55.23034181,8,285.1051107,689.1837,18.249,-1.928
1/1/2022 20:40,55.23034181,7,285.1003054,683.7809,18.2571,-1.928
1/1/2022 20:40,54.31144665,7,285.097765,613.174,18.0992,-1.928
1/1/2022 20:40,54.31144665,8,285.103352,580.1804,17.9074,-1.928
1/1/2022 20:41,53.49355689,7,285.1068694,544.1711,17.5477,-1.928
1/1/2022 20:41,53.49355689,7,285.1556064,521.8594,17.2985,-1.928
1/1/2022 20:41,53.46610145,6,285.198863,511.9616,17.1539,-1.928
1/1/2022 20:41,53.46610145,5,285.1721185,512.4723,17.1726,-1.928
1/1/2022 20:41,53.27627772,7,285.1418744,494.9272,16.9908,-1.928
1/1/2022 20:41,53.27627772,9,285.1415901,483.3197,16.8433,-1.928
1/1/2022 20:42,54.27839363,10,285.1402667,482.6619,16.8158,-1.928
1/1/2022 20:42,54.27839363,9,285.1519824,494.2924,16.9375,-1.928
1/1/2022 20:42,56.02762381,9,285.1922991,651.2892,17.5798,-1.928
1/1/2022 20:42,56.02762381,9,285.1779098,933.4972,18.1399,-1.9231
1/1/2022 20:42,57.23229829,8,285.1418389,1151.6397,18.3444,-1.9302
1/1/2022 20:42,57.23229829,7,285.1232749,1089.6425,18.2431,-1.98
1/1/2022 20:43,56.02379601,8,285.1141173,994.3849,18.2136,-2.0597
1/1/2022 20:43,56.02379601,10,285.1341735,896.1094,18.181,-2.0817
1/1/2022 20:43,55.81691687,11,285.1302297,727.7784,18.1578,-2.0307
1/1/2022 20:43,55.81691687,12,285.1159204,677.3003,18.2023,-1.9648
1/1/2022 20:43,56.12833215,12,285.1259485,837.6834,18.3689,-1.9254
1/1/2022 20:43,56.12833215,12,285.1385613,986.6175,18.4032,-1.922
1/1/2022 20:44,56.61821537,12,285.135568,1221.4251,18.4197,-1.2509
1/1/2022 20:44,56.61821537,11,285.1133889,1316.6904,18.3682,-0.8582
1/1/2022 20:44,55.9200173,12,285.1020285,1365.1494,18.2988,-0.5321
1/1/2022 20:44,55.9200173,11,285.0995592,1402.5546,18.3104,-0.1015
1/1/2022 20:44,56.07287217,10,285.0961929,1333.0056,18.2229,-0.4602
1/1/2022 20:44,56.07287217,9,285.0983068,1317.1549,18.2443,-0.9734
1/1/2022 20:45,56.27346984,9,285.1025615,1270.2624,18.2386,-1.3661
1/1/2022 20:45,56.27346984,9,285.1024016,1150.3452,18.1745,-1.7027
1/1/2022 20:45,55.53865241,9,285.0965837,1002.7565,18.1755,-1.9645
1/1/2022 20:45,55.53865241,9,285.0909434,951.5833,18.2047,-1.945
1/1/2022 20:45,55.83377111,9,285.0827629,969.0911,18.2764,-1.9351
1/1/2022 20:45,55.83377111,9,285.0804268,983.5277,18.2857,-1.9313
1/1/2022 20:46,55.94372638,8,285.0898776,903.4563,18.218,-1.93
1/1/2022 20:46,55.94372638,8,285.1292792,808.8497,18.1859,-1.93
1/1/2022 20:46,54.98427923,7,285.1176789,707.5109,18.2071,-1.93
1/1/2022 20:46,54.98427923,8,285.0829672,695.161,18.2485,-1.93
1/1/2022 20:46,55.09758921,8,285.0961396,653.9878,18.2231,-1.93
1/1/2022 20:46,55.09758921,7,285.0912987,626.4929,18.2016,-1.93
1/1/2022 20:47,54.56648829,7,285.0824609,613.4489,18.1608,-1.93
1/1/2022 20:47,54.56648829,7,285.0839886,603.1724,18.0999,-1.93
1/1/2022 20:47,54.3654172,6,285.0807644,597.9452,18.0712,-1.93
1/1/2022 20:47,54.3654172,6,285.0858894,587.2621,17.9834,-1.93
1/1/2022 20:47,52.4881621,7,285.0849479,534.9013,17.4672,-1.93
1/1/2022 20:47,52.4881621,7,285.0774779,482.0268,16.8827,-1.93
1/1/2022 20:48,50.85653624,7,285.0789435,399.9382,15.8616,-1.93
1/1/2022 20:48,50.85653624,7,285.0834202,358.2148,15.2804,-1.93
1/1/2022 20:48,50.06252264,7,285.0839886,337.6751,14.9457,-1.93
1/1/2022 20:48,50.06252264,7,285.079663,349.9566,15.1034,-1.93
1/1/2022 20:48,50.46657323,7,285.0834113,369.0997,15.3898,-1.93
1/1/2022 20:48,50.46657323,7,285.0929597,365.4454,15.3532,-1.93
1/1/2022 20:49,50.04595411,7,285.130514,351.2534,15.1547,-1.93
1/1/2022 20:49,50.04595411,7,285.1607759,348.6238,15.1167,-1.93
1/1/2022 20:49,49.84678319,8,285.1921125,350.4568,15.1443,-1.93
1/1/2022 20:49,49.84678319,8,285.2017143,352.8197,15.1582,-1.93
1/1/2022 20:49,51.09641283,7,285.2298267,374.0834,15.4036,-1.93
1/1/2022 20:49,51.09641283,7,285.2448999,398.7665,15.7413,-1.93
1/1/2022 20:50,52.94383287,7,285.2169918,448.4967,16.3595,-1.93
1/1/2022 20:50,52.94383287,8,285.1967224,502.8368,16.9739,-1.93
1/1/2022 20:50,54.19829048,8,285.1631918,573.3357,17.784,-1.93
1/1/2022 20:50,54.19829048,8,285.1415369,585.5504,17.9369,-1.93
1/1/2022 20:50,54.43247268,8,285.1386857,588.9902,17.9697,-1.93
1/1/2022 20:50,54.43247268,8,285.1392452,602.1316,18.046,-1.93
1/1/2022 20:51,54.17334371,8,285.12387,627.9689,18.1978,-1.93
1/1/2022 20:51,54.17334371,8,285.1291461,627.397,18.2396,-1.93
1/1/2022 20:51,54.23409115,7,285.160385,601.2047,18.1065,-1.93
1/1/2022 20:51,54.23409115,8,285.1741259,589.5384,17.9946,-1.93
1/1/2022 20:51,53.35305491,7,285.176986,565.2627,17.7502,-1.93
1/1/2022 20:51,53.35305491,7,285.1634139,534.2287,17.4362,-1.93
1/1/2022 20:52,53.00898674,7,285.1711415,501.355,17.0561,-1.93
1/1/2022 20:52,53.00898674,7,285.1882843,498.51,17.0029,-1.93
1/1/2022 20:52,52.75350774,7,285.1663362,495.3236,16.991,-1.93
1/1/2022 20:52,52.75350774,7,285.1442726,479.2662,16.8229,-1.93
1/1/2022 20:52,51.84653115,7,285.1311979,447.3035,16.4378,-1.93
1/1/2022 20:52,51.84653115,7,285.1626234,427.8453,16.1973,-1.93
1/1/2022 20:53,50.63971086,7,285.2239821,392.8537,15.746,-1.93
1/1/2022 20:53,50.63971086,7,285.228974,367.3832,15.3936,-1.93
1/1/2022 20:53,49.55371209,7,285.2341257,336.4642,14.948,-1.93
1/1/2022 20:53,49.55371209,8,285.2183685,324.388,14.755,-1.93
1/1/2022 20:53,50.07804255,8,285.1676507,326.626,14.7484,-1.93
1/1/2022 20:53,50.07804255,8,285.1610956,342.5928,14.9657,-1.93
1/1/2022 20:54,51.44034228,8,285.1935159,377.0609,15.4509,-1.93
1/1/2022 20:54,51.44034228,8,285.2402633,403.8811,15.8108,-1.93
1/1/2022 20:54,52.4740633,9,285.258392,442.1958,16.3058,-1.93
1/1/2022 20:54,52.4740633,8,285.2286897,462.706,16.5696,-1.93
1/1/2022 20:54,53.43294267,8,285.3054769,486.9937,16.8577,-1.93
1/1/2022 20:54,53.43294267,8,285.3967157,521.1332,17.1747,-1.93
1/1/2022 20:55,55.39880033,7,285.445204,635.7839,17.9316,-1.93
1/1/2022 20:55,55.39880033,6,285.4478864,676.5679,18.2113,-1.93
1/1/2022 20:55,54.92721509,6,285.4336659,657.3997,18.2474,-1.93
1/1/2022 20:55,54.92721509,6,285.424535,631.3637,18.1947,-1.93
1/1/2022 20:55,53.77351056,6,285.4200316,566.8909,17.7953,-1.93
1/1/2022 20:55,53.77351056,6,285.4178111,520.6129,17.3163,-1.93
1/1/2022 20:56,51.93686395,6,285.4368547,456.1003,16.5671,-1.93
1/1/2022 20:56,51.93686395,6,285.4502225,422.8304,16.1375,-1.93
1/1/2022 20:56,50.76503601,6,285.4605881,384.8121,15.6372,-1.93
1/1/2022 20:56,50.76503601,6,285.4603483,359.6941,15.2956,-1.93
1/1/2022 20:56,49.77132954,6,285.4668856,324.7148,14.7676,-1.93
1/1/2022 20:56,49.77132954,6,285.4576303,317.3732,14.6258,-1.93
1/1/2022 20:57,49.65042022,6,285.4813549,318.8045,14.6464,-1.93
1/1/2022 20:57,49.65042022,6,285.5134465,312.8252,14.5732,-1.93
1/1/2022 20:57,49.5287176,6,285.502317,297.7881,14.3316,-1.93
1/1/2022 20:57,49.5287176,6,285.501109,291.5905,14.2234,-1.93
1/1/2022 20:57,49.50974535,6,285.4998477,291.427,14.2143,-1.93
1/1/2022 20:57,49.50974535,6,285.4985776,297.8315,14.3112,-1.93
1/1/2022 20:58,50.28180366,7,285.5017663,317.2744,14.5994,-1.93
1/1/2022 20:58,50.28180366,7,285.5181717,331.2359,14.8182,-1.93
1/1/2022 20:58,50.96076378,7,285.4744531,353.195,15.1453,-1.93
1/1/2022 20:58,50.96076378,7,285.4278036,374.3474,15.426,-1.93
1/1/2022 20:58,52.13074887,7,285.4314009,406.5379,15.8639,-1.93
1/1/2022 20:58,52.13074887,7,285.4289761,420.8144,16.0591,-1.93
1/1/2022 20:59,52.02364594,7,285.4290383,433.8315,16.2307,-1.93
1/1/2022 20:59,52.02364594,7,285.4351137,437.3671,16.2869,-1.93
1/1/2022 20:59,51.50641155,7,285.4304683,429.7145,16.1957,-1.93
1/1/2022 20:59,51.50641155,7,285.4283277,421.6928,16.0954,-1.93
1/1/2022 20:59,51.15449266,7,285.4282922,408.4521,15.934,-1.93
1/1/2022 20:59,51.15449266,6,285.4250768,395.3876,15.7613,-1.93
1/1/2022 21:00,50.36504583,6,285.4294202,374.6585,15.4765,-1.93
1/1/2022 21:00,50.36504583,6,285.4293136,365.3435,15.3458,-1.93
1/1/2022 21:00,50.60326216,6,285.4300597,362.9144,15.2981,-1.93
1/1/2022 21:00,50.60326216,6,285.4320227,369.1312,15.379,-1.93
1/1/2022 21:00,51.13188904,6,285.4286208,383.4023,15.5845,-1.93
1/1/2022 21:00,51.13188904,6,285.4265601,393.9172,15.7193,-1.93
1/1/2022 21:01,51.05418035,5,285.4242241,399.9643,15.8128,-1.93
1/1/2022 21:01,51.05418035,6,285.4257518,383.9874,15.6332,-1.93
1/1/2022 21:01,49.27727504,6,285.429509,326.7352,14.8462,-1.93
1/1/2022 21:01,49.27727504,5,285.4276171,281.5176,14.1375,-1.93
1/1/2022 21:01,47.16838142,5,285.4237355,233.312,13.2576,-1.93
1/1/2022 21:01,47.16838142,5,285.4326356,214.695,12.8779,-1.93
1/1/2022 21:02,46.36133682,5,285.4356289,194.8087,12.4765,-1.93
1/1/2022 21:02,46.36133682,5,285.4250057,183.182,12.2227,-1.93
1/1/2022 21:02,45.82714756,5,285.4283987,170.1718,11.9123,-1.93
1/1/2022 21:02,45.82714756,5,285.4333728,164.1865,11.7658,-1.93
1/1/2022 21:02,45.04562294,6,285.4217459,151.7209,11.4992,-1.93
1/1/2022 21:02,45.04562294,7,285.4240731,131.5629,11.2875,-1.93
1/1/2022 21:03,44.75784437,7,285.4249169,102.1429,11.1121,-1.93
1/1/2022 21:03,44.75784437,7,285.4171005,100.8844,11.1116,-1.93
1/1/2022 21:03,44.91971568,6,285.4212663,105.0928,11.1213,-1.93
1/1/2022 21:03,44.91971568,6,285.4274661,107.2727,11.1218,-1.93
1/1/2022 21:03,45.00298169,5,285.4383202,118.4386,11.1219,-1.93
1/1/2022 21:03,45.00298169,6,285.5081259,118.2761,11.1142,-1.93
1/1/2022 21:04,44.81845354,7,285.6278946,96.1561,11.0924,-1.93
1/1/2022 21:04,44.81845354,6,285.6298309,73.3476,11.0771,-1.93
1/1/2022 21:04,44.46179449,5,285.6059554,55.7117,11.0956,-1.93
1/1/2022 21:04,44.46179449,4,285.604703,52.4412,11.1098,-1.93
1/1/2022 21:04,44.34802588,4,285.6067548,42.7053,11.1063,-1.93
1/1/2022 21:04,44.34802588,4,285.6082825,35.3351,11.0996,-1.93
1/1/2022 21:05,44.35824452,4,285.6128036,16.125,11.0943,-1.6524
1/1/2022 21:05,44.35824452,3,285.6064528,4.8821,11.1008,-1.2844
1/1/2022 21:05,44.31692894,3,285.599347,-2.1523,11.1051,-1.01
1/1/2022 21:05,44.31692894,3,285.6004572,-3.1553,11.1064,-1.01
1/1/2022 21:05,44.28250965,3,285.6041256,-4.307,11.1105,-1.01
1/1/2022 21:05,44.28250965,4,285.612475,-2.5251,11.1176,-1.01
1/1/2022 21:06,44.25907557,4,285.6114624,13.2574,11.1313,-1.01
1/1/2022 21:06,44.25907557,4,285.6077052,20.5914,11.1271,-1.01
1/1/2022 21:06,44.25907557,7,93.67528517,509.4313,17.1691,-1.965
1/1/2022 21:06,51.91449161,7,93.66161535,470.9818,16.7377,-1.965
1/1/2022 21:06,51.91449161,7,93.64887817,437.495,16.3152,-1.965
1/1/2022 21:06,51.3846723,6,93.64953546,421.278,16.0929,-1.965
1/1/2022 21:07,51.3846723,6,93.64997069,416.7632,16.036,-1.965
1/1/2022 21:07,51.24160471,7,93.64920682,406.5258,15.9107,-1.965
1/1/2022 21:07,51.24160471,7,93.64853176,391.7171,15.7162,-1.965
1/1/2022 21:07,51.11280613,7,93.65094774,391.8283,15.6963,-1.965
1/1/2022 21:07,51.11280613,7,93.65133856,407.0632,15.8919,-1.965
1/1/2022 21:07,50.92692341,8,93.64967758,403.9705,15.8901,-1.965
1/1/2022 21:08,50.92692341,8,93.65100103,369.825,15.4508,-1.965
1/1/2022 21:08,49.81755579,7,93.65118756,335.5846,14.9372,-1.965
1/1/2022 21:08,49.81755579,8,93.65065463,344.6799,15.0041,-1.965
1/1/2022 21:08,52.97792646,7,93.65174715,390.1797,15.6051,-1.965
1/1/2022 21:08,52.97792646,6,93.65052139,447.0782,16.3509,-1.965
1/1/2022 21:08,54.24673166,7,93.65092109,490.2388,16.9022,-1.965
1/1/2022 21:09,54.24673166,9,93.64975752,502.6017,17.0562,-1.965
1/1/2022 21:09,53.85658463,11,93.64904693,512.976,17.1599,-1.965
1/1/2022 21:09,53.85658463,12,93.65045922,557.1841,17.5305,-1.965
1/1/2022 21:09,55.53076878,12,93.64832747,712.7461,18.0736,-1.965
1/1/2022 21:09,55.53076878,13,93.64779453,948.2686,18.3919,-1.9641
1/1/2022 21:09,56.2449986,13,93.6494644,1251.7612,18.4961,-0.862
1/1/2022 21:10,56.2449986,12,93.65068127,1418.0071,18.4138,0.3741
1/1/2022 21:10,56.83237456,11,93.65178267,1310.0279,18.2155,-0.1714
1/1/2022 21:10,56.83237456,11,93.64944664,1093.1151,18.1138,-1.426
1/1/2022 21:10,55.65769608,11,93.64729713,795.8169,18.0167,-1.9592
1/1/2022 21:10,55.65769608,12,93.65329266,611.7614,17.9265,-1.9263
1/1/2022 21:10,56.45680777,12,93.65090333,745.1961,18.147,-1.9949
1/1/2022 21:11,56.45680777,11,93.64750142,1053.5706,18.4411,-2.0284
1/1/2022 21:11,58.22545553,11,93.65069904,1225.2334,18.397,-1.9549
1/1/2022 21:11,58.22545553,11,93.64878047,1300.5668,18.3383,-1.4824
1/1/2022 21:11,56.14045517,11,93.6472083,1430.5578,18.4189,0.3254
1/1/2022 21:11,56.14045517,12,93.64869164,1498.7543,18.4414,1.9129
1/1/2022 21:11,54.61496127,12,93.64930452,1497.1333,18.5148,3.4777
1/1/2022 21:12,54.61496127,11,93.64900252,1497.4213,18.4115,3.5865
1/1/2022 21:12,55.82363098,11,93.64925123,1436.2751,18.182,1.4171
1/1/2022 21:12,55.82363098,11,93.64902029,1404.9512,18.2294,0.3612
1/1/2022 21:12,56.09413919,11,93.67839393,1348.8664,18.2256,0.0163
1/1/2022 21:12,56.09413919,10,93.70735015,1228.9949,18.1772,-1.0676
1/1/2022 21:12,57.0998062,8,93.68276404,1161.7931,18.2124,-1.943
1/1/2022 21:13,57.0998062,8,93.65797362,1129.3921,18.2404,-1.9367
1/1/2022 21:13,56.76830852,9,93.6517205,1037.212,18.1989,-1.93
1/1/2022 21:13,56.76830852,8,93.64965981,960.5668,18.2081,-1.9293
1/1/2022 21:13,56.46501441,8,93.65091221,868.0005,18.1968,-1.9273
1/1/2022 21:13,56.46501441,9,93.64761689,680.607,18.1125,-1.9235
1/1/2022 21:13,55.25503026,10,93.64387745,594.6284,18.0551,-1.9216
1/1/2022 21:14,55.25503026,9,93.64505879,563.9345,17.7668,-1.9217
1/1/2022 21:14,52.96721853,9,93.64885152,518.3703,17.2868,-1.922
1/1/2022 21:14,52.96721853,9,93.64960652,474.3096,16.7842,-1.922
1/1/2022 21:14,51.72018315,10,93.64716389,445.5252,16.436,-1.922
1/1/2022 21:14,51.72018315,10,93.6458049,427.2414,16.2043,-1.922
1/1/2022 21:14,51.18108295,10,93.64576938,407.6746,15.9566,-1.922
1/1/2022 21:15,51.18108295,10,93.64147036,394.4005,15.7628,-1.922
1/1/2022 21:15,51.76648546,9,93.64398404,396.5404,15.7452,-1.922
1/1/2022 21:15,51.76648546,10,93.64737707,423.5282,16.0694,-1.922
1/1/2022 21:15,55.47606789,13,93.63353849,1501.0098,18.4512,2.5122
1/1/2022 21:15,55.47606789,11,93.63196632,1499.1818,18.5619,4.6835
1/1/2022 21:15,53.25701831,10,93.62620173,1498.7662,18.5461,6.4492
1/1/2022 21:16,53.25701831,10,93.62660143,1500.6657,18.3174,5.4164
1/1/2022 21:16,54.4227102,10,93.62989675,1493.9887,18.1987,3.0381
1/1/2022 21:16,54.4227102,10,93.62754295,1422.8904,18.1386,0.9362
1/1/2022 21:16,55.20967747,9,93.62813806,767.977,18.3065,-1.969
1/1/2022 21:16,55.20967747,10,93.63427571,889.0574,18.3501,-1.9662
1/1/2022 21:16,55.66243474,10,93.63359178,961.332,18.3283,-1.966
1/1/2022 21:17,55.66243474,11,93.63276573,1007.2945,18.3115,-1.966
1/1/2022 21:17,54.66333942,11,93.63650517,1131.5872,17.9735,-0.9427
1/1/2022 21:17,54.66333942,11,93.6378908,1188.8528,17.0759,2.9687
1/1/2022 21:17,49.05858301,11,93.64416168,1001.8379,15.646,7.809
1/1/2022 21:17,49.05858301,11,93.64294481,734.7497,14.0249,11.3605
1/1/2022 21:17,51.60314554,11,93.63424019,523.3709,12.5698,14.6134
1/1/2022 21:18,51.60314554,10,93.63039416,390.6474,11.5349,16.3979
1/1/2022 21:18,45.46053832,10,93.62755183,359.6805,11.296,17.28
1/1/2022 21:18,45.46053832,9,93.62594414,370.2825,11.4016,18.8933
1/1/2022 21:18,46.59858463,9,93.62734754,300.1169,11.209,19.4263
1/1/2022 21:18,46.59858463,9,93.6329789,211.2798,11.031,18.8727
1/1/2022 21:18,56.58837037,9,93.65146291,968.7425,18.259,-2.066
1/1/2022 21:19,56.58837037,9,93.65519347,864.4813,18.1952,-2.066
1/1/2022 21:19,55.50474938,8,93.65236002,842.2197,18.2418,-2.066
1/1/2022 21:19,55.50474938,7,93.65028157,819.1152,18.2422,-2.066
1/1/2022 21:19,55.15623264,8,93.65350584,749.6778,18.2237,-2.066
1/1/2022 21:19,55.15623264,8,93.6538256,761.1841,18.274,-2.066
1/1/2022 21:19,55.17921936,9,93.65011281,810.0618,18.2988,-2.066
1/1/2022 21:20,55.17921936,9,93.65204914,887.0613,18.3242,-2.066
1/1/2022 21:20,55.0782836,8,93.6539766,968.5033,18.3289,-2.066
1/1/2022 21:20,55.0782836,7,93.65094774,971.6421,18.2794,-2.066
1/1/2022 21:20,54.6330542,7,93.64948217,872.5884,18.2031,-2.066
1/1/2022 21:20,54.6330542,7,93.65142738,694.8816,18.0888,-2.066
1/1/2022 21:20,53.33124723,7,93.6542253,574.4446,17.8016,-2.066
1/1/2022 21:21,53.33124723,6,93.65292849,511.2592,17.2018,-2.066
1/1/2022 21:21,52.01889705,6,93.65128527,446.8753,16.4536,-2.066
1/1/2022 21:21,52.01889705,6,93.65102768,401.1672,15.8542,-2.066
1/1/2022 21:21,50.7987769,5,93.65556652,386.0449,15.6313,-2.066
1/1/2022 21:21,50.7987769,6,93.65748509,397.9389,15.7679,-2.066
1/1/2022 21:21,51.35594145,6,93.65277749,415.6277,15.9964,-2.066
1/1/2022 21:22,51.35594145,5,93.84681233,409.5083,15.9515,-2.066
1/1/2022 21:22,50.55328538,4,97.51700583,383.6874,15.6252,-2.066
1/1/2022 21:22,50.55328538,4,102.3395443,358.5162,15.2597,-2.066
1/1/2022 21:22,49.23319869,5,103.6826131,331.1288,14.8721,-2.066
1/1/2022 21:22,49.23319869,5,103.6818581,295.3549,14.3444,-2.066
1/1/2022 21:22,47.58175583,6,103.6760758,253.2419,13.6429,-2.066
1/1/2022 21:23,47.58175583,6,103.6770084,210.2823,12.8391,-2.066
1/1/2022 21:23,45.45242066,6,103.6816983,173.5377,12.0383,-2.066
1/1/2022 21:23,45.45242066,6,103.6819647,152.4899,11.492,-2.066
1/1/2022 21:23,45.89769693,6,103.6833948,156.0562,11.3969,-2.066
1/1/2022 21:23,45.89769693,5,103.6829418,189.0934,11.5949,-2.066
1/1/2022 21:23,46.66668218,6,103.6758892,219.0193,11.7911,-2.066
1/1/2022 21:24,46.66668218,6,103.6786339,236.6646,11.9782,-2.066
1/1/2022 21:24,48.5229045,7,103.6859617,244.073,12.4388,-2.066
1/1/2022 21:24,48.5229045,7,103.6840876,266.018,13.4281,-2.066
1/1/2022 21:24,51.02140879,7,103.6784562,334.9284,14.7382,-2.066
1/1/2022 21:24,51.02140879,7,103.6776391,406.3003,15.8101,-2.066
1/1/2022 21:24,51.98931026,7,103.6783408,441.5105,16.3181,-2.066
1/1/2022 21:25,51.98931026,7,103.6783674,447.5564,16.412,-2.066
1/1/2022 21:25,51.76884597,8,103.6776657,444.7584,16.3867,-2.066
1/1/2022 21:25,51.76884597,8,103.6791402,440.729,16.3321,-2.066
1/1/2022 21:25,51.77600044,7,103.6835547,436.2359,16.2685,-2.066
1/1/2022 21:25,51.77600044,8,103.6821068,434.6997,16.25,-2.066
1/1/2022 21:25,52.21665581,9,103.6663586,445.122,16.3649,-2.066
1/1/2022 21:26,52.21665581,9,103.667158,467.8505,16.6196,-2.066
1/1/2022 21:26,53.65413183,8,103.6839099,513.6189,17.0949,-2.066
1/1/2022 21:26,53.65413183,6,103.6848071,584.4769,17.7627,-2.066
1/1/2022 21:26,54.57542351,6,103.6852689,612.9089,18.1137,-2.066
1/1/2022 21:26,54.57542351,7,103.6837056,594.541,18.0404,-2.066
1/1/2022 21:26,53.994877,7,103.6767508,579.1093,17.8845,-2.066
1/1/2022 21:27,53.994877,8,103.6783052,560.5898,17.7003,-2.066
1/1/2022 21:27,52.88242972,9,103.6828263,522.5305,17.308,-2.066
1/1/2022 21:27,52.88242972,10,103.6832615,482.4814,16.8495,-2.066
1/1/2022 21:27,52.37260885,11,103.6796109,474.2558,16.7206,-2.066
1/1/2022 21:27,52.37260885,11,103.680206,507.5074,16.9612,-2.066
1/1/2022 21:27,55.36930341,11,103.6757027,882.465,17.8225,-1.7253
1/1/2022 21:28,55.36930341,10,103.6747701,1310.839,18.4373,-0.8383
1/1/2022 21:28,54.78406559,8,101.4995503,1395.2177,18.3343,-0.1921
1/1/2022 21:28,54.78406559,8,98.55650022,1359.0719,18.2559,-0.4189
1/1/2022 21:28,55.19148555,9,98.15320796,1226.2682,18.1822,-1.2619
1/1/2022 21:28,55.19148555,10,96.87569835,987.1762,18.0963,-1.8872
1/1/2022 21:28,55.23704791,9,95.25545036,760.6802,18.0934,-1.9801
1/1/2022 21:29,55.23704791,9,95.25391372,689.3364,18.1961,-1.9614
1/1/2022 21:29,55.62925228,9,95.22958518,684.4049,18.26,-1.9578
1/1/2022 21:29,55.62925228,9,95.22458446,713.7036,18.2878,-1.9564
1/1/2022 21:29,55.01757536,9,95.23646894,737.8394,18.2833,-1.956
1/1/2022 21:29,55.01757536,9,95.26612683,705.7875,18.2434,-1.956
1/1/2022 21:29,54.69912001,9,95.33017693,662.015,18.2321,-1.956
1/1/2022 21:30,54.69912001,9,95.36019012,630.1418,18.2308,-1.956
1/1/2022 21:30,54.61914695,9,95.35220495,630.7786,18.2267,-1.956
1/1/2022 21:30,54.61914695,9,95.34140411,645.6013,18.2436,-1.956
1/1/2022 21:30,54.56354427,8,95.34100441,718.5419,18.3086,-1.956
1/1/2022 21:30,54.56354427,8,95.34616501,764.6206,18.3046,-1.956
1/1/2022 21:30,54.45179357,8,95.3386506,738.2291,18.2525,-1.956
1/1/2022 21:31,54.45179357,8,95.34061359,746.5842,18.2742,-1.956
1/1/2022 21:31,54.9740967,9,95.35431005,776.1358,18.2895,-1.956
1/1/2022 21:31,54.9740967,10,95.28884131,717.8204,18.2244,-1.956
1/1/2022 21:31,54.691083,11,95.8216593,636.4081,18.1623,-1.956
1/1/2022 21:31,54.691083,11,97.8222446,769.8999,18.3027,-1.956
1/1/2022 21:31,55.3330219,10,99.21173895,891.7319,18.34,-1.956
1/1/2022 21:32,55.3330219,10,99.21040661,818.9319,18.2196,-1.956
1/1/2022 21:32,55.38658374,10,99.20381596,859.2558,18.2967,-1.956
1/1/2022 21:32,55.38658374,10,99.21357758,939.3297,18.3214,-1.956
1/1/2022 21:32,55.19936279,10,99.22126963,893.8637,18.2464,-1.956
1/1/2022 21:32,55.19936279,9,99.21788548,885.2263,18.2638,-1.956
1/1/2022 21:32,55.42895208,9,99.22368561,971.1871,18.3245,-1.956
1/1/2022 21:33,55.42895208,9,99.77274571,933.8922,18.2481,-1.956
1/1/2022 21:33,54.96077119,9,100.4730052,798.8604,18.1731,-1.956
1/1/2022 21:33,54.96077119,9,100.6191528,766.5054,18.2372,-1.956
1/1/2022 21:33,55.48423707,8,100.6133616,759.9248,18.255,-1.956
1/1/2022 21:33,55.48423707,8,100.6127753,726.2608,18.2428,-1.956
1/1/2022 21:33,54.80821941,8,100.6166391,732.84,18.2735,-1.956
1/1/2022 21:34,54.80821941,9,100.61997,736.833,18.2705,-1.956
1/1/2022 21:34,54.36202542,9,100.6210003,714.0135,18.2562,-1.956
1/1/2022 21:34,54.36202542,9,100.6166747,684.4261,18.2417,-1.956
1/1/2022 21:34,54.37894318,9,100.6136014,632.4642,18.1794,-1.956
1/1/2022 21:34,54.37894318,8,100.6193838,598.632,18.0713,-1.956
1/1/2022 21:34,54.35053731,7,100.6161151,627.9224,18.1112,-1.956
1/1/2022 21:35,54.35053731,7,100.6121358,689.5099,18.2526,-1.956
1/1/2022 21:35,54.05812334,7,100.6144097,664.9524,18.2101,-1.956
1/1/2022 21:35,54.05812334,7,100.6144363,581.7071,17.8658,-1.956
1/1/2022 21:35,52.64752158,7,100.6195969,518.1513,17.2731,-1.956
1/1/2022 21:35,52.64752158,8,100.6242601,460.5732,16.6204,-1.956
1/1/2022 21:35,50.84892971,9,100.619739,402.9291,15.9074,-1.956
1/1/2022 21:36,50.84892971,9,100.6143475,347.6294,15.1431,-1.956
1/1/2022 21:36,50.39137878,8,100.6132639,304.6912,14.4868,-1.956
1/1/2022 21:36,50.39137878,7,100.6123756,275.6436,13.9881,-1.956
1/1/2022 21:36,51.1073813,7,100.6128908,268.273,13.8187,-1.956
1/1/2022 21:36,51.1073813,8,100.6300958,285.6121,14.099,-1.956
1/1/2022 21:36,51.99342412,8,100.6409766,312.7411,14.5231,-1.956
1/1/2022 21:37,51.99342412,8,100.6239048,344.6292,14.981,-1.956
1/1/2022 21:37,54.53058562,8,100.6121891,387.3981,15.5719,-1.956
1/1/2022 21:37,54.53058562,8,100.6108657,439.5768,16.237,-1.956
1/1/2022 21:37,56.2916815,9,100.6164615,507.4383,17.0183,-1.956
1/1/2022 21:37,56.2916815,9,100.6278397,627.3344,17.8297,-1.956
1/1/2022 21:37,57.20107581,9,100.62148,761.1166,18.2604,-1.956
1/1/2022 21:38,57.20107581,9,100.6130951,949.2286,18.3951,-1.956
1/1/2022 21:38,55.77101785,10,100.6151203,1051.4159,18.3474,-1.956
1/1/2022 21:38,55.77101785,10,100.6151824,948.5482,18.2046,-1.956
1/1/2022 21:38,55.43652577,9,100.6132639,914.1137,18.2471,-1.956
1/1/2022 21:38,55.43652577,9,100.6109722,1046.872,18.3556,-1.956
1/1/2022 21:38,55.56914065,9,100.6174208,1155.6595,18.3448,-1.9462
1/1/2022 21:39,55.56914065,8,100.618611,1157.5695,18.2742,-1.9239
1/1/2022 21:39,56.38722238,9,100.6181758,1073.1148,18.2148,-1.9341
1/1/2022 21:39,56.38722238,9,100.6195348,1025.2089,18.2344,-1.9991
1/1/2022 21:39,56.88392441,9,100.6248108,1177.6821,18.3635,-1.8712
1/1/2022 21:39,56.88392441,10,100.6232031,1277.2141,18.3406,-1.7682
1/1/2022 21:39,56.44300101,11,100.6276976,1283.968,18.2825,-1.6117
1/1/2022 21:40,56.44300101,10,100.6416516,1239.8791,18.2419,-1.585
1/1/2022 21:40,58.06332131,10,100.6323874,1243.7375,18.2704,-1.5377
1/1/2022 21:40,58.06332131,9,100.6246687,1288.5828,18.3011,-1.0246
1/1/2022 21:40,56.63240515,8,100.6185044,1211.5566,18.2126,-1.3719
1/1/2022 21:40,56.63240515,8,100.6130951,1034.9387,18.1372,-2.0352
1/1/2022 21:40,54.54071797,8,100.6173497,803.6226,18.0983,-2.0887
1/1/2022 21:41,54.54071797,9,100.6164704,656.3093,18.1102,-2.0537
1/1/2022 21:41,54.64509976,9,100.6123046,597.0809,18.0163,-1.997
1/1/2022 21:41,54.64509976,9,100.6137613,679.732,18.1043,-1.9788
1/1/2022 21:41,55.1681286,8,100.6158486,932.4065,18.3838,-1.976
1/1/2022 21:41,55.1681286,8,100.6147028,1122.6861,18.4029,-1.976
1/1/2022 21:41,55.33929963,8,100.6165858,1096.5687,18.2611,-1.976
1/1/2022 21:42,55.33929963,8,100.6158131,995.1099,18.196,-1.976
1/1/2022 21:42,54.95421798,10,100.6129708,872.3937,18.1764,-1.976
1/1/2022 21:42,54.95421798,10,100.632947,815.2367,18.2262,-1.976
1/1/2022 21:42,54.78853515,9,100.6437212,803.4788,18.2568,-1.976
1/1/2022 21:42,54.78853515,9,100.6186998,958.7972,18.3714,-1.9672
1/1/2022 21:42,55.70620517,9,100.6070463,1184.6873,18.4225,-1.759
1/1/2022 21:43,55.70620517,10,100.6133971,1103.9224,18.2293,-1.7835
1/1/2022 21:43,56.29270496,11,100.6119315,951.1666,18.1667,-1.9767
1/1/2022 21:43,56.29270496,11,100.6058116,981.8732,18.2787,-1.9377
1/1/2022 21:43,57.81445844,10,100.6088405,1096.3175,18.3486,-1.9247
1/1/2022 21:43,57.81445844,10,100.6112742,1206.5835,18.3503,-1.8306
1/1/2022 21:43,57.07233844,11,100.6106436,1241.0031,18.3018,-1.3579
1/1/2022 21:44,57.07233844,12,100.6107857,1063.9202,18.1492,-1.5156
1/1/2022 21:44,55.74971513,10,100.6103594,988.6496,18.2123,-1.9927
1/1/2022 21:44,55.74971513,7,100.6153334,1153.274,18.3747,-1.9215
1/1/2022 21:44,56.72983619,7,100.6884079,1274.0273,18.3561,-1.628
1/1/2022 21:44,56.72983619,7,100.7830041,1245.5708,18.2516,-1.5954
1/1/2022 21:44,54.79467868,7,100.8006887,940.07,18.0544,-1.9656
1/1/2022 21:45,54.79467868,7,101.2409216,626.3732,17.8142,-2.0174
1/1/2022 21:45,53.31376693,7,102.3542087,526.6555,17.3712,-1.942
1/1/2022 21:45,53.31376693,6,103.0448215,507.0644,17.112,-1.926
1/1/2022 21:45,56.49063619,11,142.4702454,833.1792,18.2203,-1.9322
1/1/2022 21:45,56.49063619,11,142.4488658,918.3989,18.3103,-1.9217
1/1/2022 21:45,56.15055992,11,142.4500916,912.4192,18.2776,-1.9182
1/1/2022 21:46,56.15055992,11,142.4587429,1009.1137,18.3363,-1.918
1/1/2022 21:46,55.8087344,11,142.4577481,1061.823,18.3094,-1.918
1/1/2022 21:46,55.8087344,9,142.4584142,1101.1557,18.3,-1.9222
1/1/2022 21:46,56.41294599,10,142.4680959,1221.7543,18.3605,-1.6225
1/1/2022 21:46,56.41294599,13,142.4835244,1386.0602,18.4061,-0.1322
1/1/2022 21:46,55.96237048,12,142.4797139,1398.8427,18.3203,0.5937
1/1/2022 21:47,55.96237048,11,142.4627399,1404.0187,18.4435,1.6195
1/1/2022 21:47,54.55735157,12,145.9035978,1497.0574,18.6401,5.2079
1/1/2022 21:47,54.55735157,13,151.986215,1498.2349,18.3705,5.4337
1/1/2022 21:47,54.4571205,14,155.3257024,1495.0272,18.3715,4.7288
1/1/2022 21:47,54.4571205,14,156.0370198,1497.0816,18.5136,6.1543
1/1/2022 21:47,53.93796637,13,156.0360339,1500.2399,18.4567,6.6576
1/1/2022 21:48,53.93796637,11,156.0192908,1500.3691,18.3848,6.5015
1/1/2022 21:48,54.68269148,11,156.0101243,1490.0453,18.5571,2.9749
1/1/2022 21:48,54.68269148,12,156.0215114,1482.2206,18.4205,3.7088
1/1/2022 21:48,56.85815055,11,156.9490038,1342.0224,18.1171,0.9579
1/1/2022 21:48,56.85815055,11,159.2576634,1271.0685,18.1828,-0.9821
1/1/2022 21:48,56.1206202,11,160.6904691,1354.611,18.314,-0.7927
1/1/2022 21:49,56.1206202,10,161.2096152,1385.4793,18.3036,-0.0702
1/1/2022 21:49,56.19362532,11,162.6988707,1364.2744,18.2663,0.2071
1/1/2022 21:49,56.19362532,11,164.2926955,1329.6071,18.2427,-0.2782
1/1/2022 21:49,56.56198338,10,164.8672957,1252.9539,18.2136,-1.3464
1/1/2022 21:49,56.56198338,9,164.8675355,1159.4424,18.1962,-1.9353
1/1/2022 21:49,56.98111393,9,164.8704666,1174.8555,18.2714,-1.9762
1/1/2022 21:50,56.98111393,9,164.8706265,1211.3981,18.2916,-1.8237
1/1/2022 21:50,57.66609918,8,164.8698449,1132.0197,18.218,-1.8641
1/1/2022 21:50,57.66609918,6,164.8691254,1094.4616,18.2364,-2.035
1/1/2022 21:50,57.31982164,5,164.8702801,1154.3323,18.3063,-2.0342
1/1/2022 21:50,57.31982164,6,164.8721187,1075.702,18.2156,-2.0079
1/1/2022 21:50,55.73155781,7,164.873984,868.8948,18.1145,-1.9818
1/1/2022 21:51,55.73155781,8,164.8712571,731.6216,18.1647,-1.9703
1/1/2022 21:51,55.00545464,9,164.8675444,763.6599,18.2768,-1.9646
1/1/2022 21:51,55.00545464,9,164.8673045,761.1087,18.267,-1.962
1/1/2022 21:51,55.19008052,8,164.8675976,778.6447,18.279,-1.9612
1/1/2022 21:51,55.19008052,9,164.8654925,875.3687,18.3293,-1.961
1/1/2022 21:51,55.95320839,10,164.8666295,858.3391,18.2664,-1.961
1/1/2022 21:52,55.95320839,10,164.8683526,947.0089,18.3341,-1.961
1/1/2022 21:52,56.54998494,11,164.8648264,1256.8217,18.5412,-0.4925
1/1/2022 21:52,56.54998494,12,164.861611,1448.6499,18.5379,2.0617
1/1/2022 21:52,56.76831294,12,164.8557043,1281.3869,18.2037,1.0871
1/1/2022 21:52,56.76831294,13,164.8391921,1091.3169,18.0978,-1.4853
1/1/2022 21:52,57.84606677,15,164.8321041,1093.156,18.2402,-1.9802
1/1/2022 21:53,57.84606677,16,164.8290752,984.1517,18.1899,-1.9577
1/1/2022 21:53,54.60243163,16,164.8143129,1496.6834,19.0085,13.4817
1/1/2022 21:53,54.60243163,16,164.8156541,1483.8967,18.5311,14.0106
1/1/2022 21:53,54.02105584,15,164.8115594,1487.5641,18.2129,12.5564
1/1/2022 21:53,54.02105584,15,164.80774,1498.6154,18.2597,11.489
1/1/2022 21:53,56.72042515,16,164.8075535,1499.9435,18.2471,10.3629
1/1/2022 21:54,56.72042515,15,164.8161338,1499.7405,18.22,8.9912
1/1/2022 21:54,56.64012629,13,164.8174217,1500.6032,18.1565,6.8721
1/1/2022 21:54,56.64012629,12,164.8154409,1498.7687,18.1637,4.5879
1/1/2022 21:54,55.78116876,12,164.8238791,1499.1081,18.2475,2.8968
1/1/2022 21:54,55.78116876,11,164.8240301,1498.6748,18.3115,1.9704
1/1/2022 21:54,56.61235934,11,164.8108133,1447.6335,18.2801,1.0824
1/1/2022 21:55,56.61235934,11,164.8099251,1407.7191,18.2601,0.2974
1/1/2022 21:55,56.21850634,11,164.8136467,1376.1265,18.2529,-0.0892
1/1/2022 21:55,56.21850634,11,164.8141885,1291.5981,18.2086,-0.8865
1/1/2022 21:55,57.04058036,11,164.8213388,1204.1792,18.2009,-1.7853
1/1/2022 21:55,57.04058036,11,164.8210989,1265.378,18.308,-1.3857
1/1/2022 21:55,55.50787798,12,164.8280982,1432.5646,18.5198,1.3124
1/1/2022 21:56,55.50787798,13,164.8305586,1497.0106,18.5964,4.3281
1/1/2022 21:56,53.95967396,14,164.8142418,1499.2628,18.5815,6.1088
1/1/2022 21:56,53.95967396,15,164.8094721,1497.2198,18.6893,8.8032
1/1/2022 21:56,53.95967396,8,168.398079,1096.3598,18.3089,-1.9671
1/1/2022 21:56,55.54805445,9,168.3974306,1019.5477,18.2263,-1.9616
1/1/2022 21:56,55.54805445,9,168.4028754,909.407,18.1899,-1.96
1/1/2022 21:57,54.81327242,9,168.4014365,847.553,18.224,-1.96
1/1/2022 21:57,54.81327242,10,168.4013032,861.5392,18.2684,-1.96
1/1/2022 21:57,56.77698577,10,168.403133,906.0583,18.2959,-1.96
1/1/2022 21:57,56.77698577,9,168.3985586,1085.2499,18.4004,-1.8244
1/1/2022 21:57,55.93746699,8,168.3945616,1259.2664,18.4,-1.4388
1/1/2022 21:57,55.93746699,8,168.3958229,1163.9276,18.2148,-1.622
1/1/2022 21:58,56.18243535,8,168.3928651,983.0071,18.1352,-2.0706
1/1/2022 21:58,56.18243535,8,168.3975727,878.4579,18.1843,-2.0906
1/1/2022 21:58,55.00607229,9,168.4002995,855.894,18.2476,-2.0787
1/1/2022 21:58,55.00607229,9,168.3990738,828.9044,18.2402,-2.0312
1/1/2022 21:58,54.58436676,9,168.3882374,707.6655,18.175,-1.9996
1/1/2022 21:58,54.58436676,8,168.3749318,609.4869,18.0871,-1.999
1/1/2022 21:59,54.85650301,8,168.3723381,701.3968,18.1814,-1.999
1/1/2022 21:59,54.85650301,8,168.3610843,860.3613,18.336,-1.999
1/1/2022 21:59,54.89367298,8,168.3601428,863.9986,18.2699,-1.999
1/1/2022 21:59,54.89367298,8,168.3658719,717.6195,18.1682,-1.999
1/1/2022 21:59,55.45886263,8,168.3653922,628.4173,18.1919,-1.999
1/1/2022 21:59,55.45886263,8,168.3621857,660.581,18.2711,-1.999
1/1/2022 22:00,54.66822601,9,168.3644418,667.6518,18.2725,-1.999
1/1/2022 22:00,54.66822601,9,168.3651968,629.093,18.2077,-1.999
1/1/2022 22:00,53.71558871,9,168.3603826,597.8724,18.0669,-1.999
1/1/2022 22:00,53.71558871,8,168.360054,567.2649,17.779,-1.999
1/1/2022 22:00,53.78705138,8,168.3588104,548.3184,17.5641,-1.999
1/1/2022 22:00,53.78705138,9,168.3567586,538.0085,17.4642,-1.999
1/1/2022 22:01,52.98955986,9,168.36239,512.3359,17.193,-1.999
1/1/2022 22:01,52.98955986,8,168.3642464,504.8511,17.0668,-1.999
1/1/2022 22:01,53.19167853,7,168.3574515,521.8081,17.2409,-1.999
1/1/2022 22:01,53.19167853,8,168.3557549,528.2084,17.3375,-1.999
1/1/2022 22:01,53.28154445,10,168.3586683,531.0677,17.363,-1.999
1/1/2022 22:01,53.28154445,11,168.363598,530.9935,17.3693,-1.999
1/1/2022 22:02,54.97370707,11,168.3654277,559.8628,17.4419,-1.999
1/1/2022 22:02,54.97370707,11,168.3618837,862.1469,18.0045,-1.9962
1/1/2022 22:02,55.97038613,11,168.3589259,1208.4104,18.4249,-1.9309
1/1/2022 22:02,55.97038613,11,168.3616972,1268.9412,18.3222,-1.9745
1/1/2022 22:02,56.07607813,10,168.361564,1267.9109,18.2776,-2.0435
1/1/2022 22:02,56.07607813,10,168.3580288,1343.0887,18.3188,-1.2105
1/1/2022 22:03,55.53393509,9,168.3627897,1391.3119,18.3084,-0.2517
1/1/2022 22:03,55.53393509,10,168.3641576,1263.2187,18.1892,-0.8087
1/1/2022 22:03,56.14304419,10,168.3603826,1146.0327,18.1794,-1.759
1/1/2022 22:03,56.14304419,11,168.3608889,1074.798,18.2043,-1.9799
1/1/2022 22:03,54.86275107,11,168.3599118,907.1287,18.1447,-1.9654
1/1/2022 22:03,54.86275107,11,168.358917,761.3156,18.1558,-1.957
1/1/2022 22:04,55.06829573,11,168.3636069,762.0689,18.2615,-1.9533
1/1/2022 22:04,55.06829573,11,168.3628785,840.1272,18.3236,-1.953
1/1/2022 22:04,55.85054229,10,168.3578067,929.2399,18.3313,-1.953
1/1/2022 22:04,55.85054229,10,168.359601,1049.0104,18.3564,-1.953
1/1/2022 22:04,55.36583656,9,168.3625588,1018.8888,18.2556,-1.953
1/1/2022 22:04,55.36583656,9,168.3661294,847.0919,18.154,-1.953
1/1/2022 22:05,55.81272814,9,168.3695313,840.7615,18.2518,-1.953
1/1/2022 22:05,55.81272814,8,168.3699843,898.0573,18.3036,-1.953
1/1/2022 22:05,55.18201872,7,168.3658008,885.8938,18.2621,-1.953
1/1/2022 22:05,55.18201872,7,168.3644685,841.4162,18.2324,-1.953
1/1/2022 22:05,54.0624724,7,168.3623634,722.1363,18.1774,-1.953
1/1/2022 22:05,54.0624724,6,168.3577002,606.058,17.9376,-1.953
1/1/2022 22:06,52.43894041,6,168.3626565,523.1453,17.3403,-1.953
1/1/2022 22:06,52.43894041,7,168.366014,458.7716,16.6016,-1.953
1/1/2022 22:06,50.81170505,7,168.3654277,404.6156,15.9291,-1.953
1/1/2022 22:06,50.81170505,6,168.364806,358.8662,15.3103,-1.953
1/1/2022 22:06,49.84791995,7,168.3645484,325.1713,14.7895,-1.953
1/1/2022 22:06,49.84791995,7,168.3637312,317.256,14.627,-1.953
1/1/2022 22:07,50.12322022,8,168.3607468,330.6729,14.8242,-1.953
1/1/2022 22:07,50.12322022,10,168.3626476,347.2036,15.0657,-1.953
1/1/2022 22:07,51.61822119,12,168.363145,372.9398,15.378,-1.953
1/1/2022 22:07,51.61822119,13,168.3635181,428.9824,16.0666,-1.953
1/1/2022 22:07,55.4479076,14,168.3620969,562.005,17.1292,-1.953
1/1/2022 22:07,55.4479076,14,168.3630206,973.5487,18.1535,-1.6051
1/1/2022 22:08,57.03153348,13,168.3635536,1337.2025,18.4784,-0.9118
1/1/2022 22:08,57.03153348,12,168.3591036,1439.3206,18.4463,0.8503
1/1/2022 22:08,54.96500787,11,168.6407858,1497.4217,18.4363,2.0818
1/1/2022 22:08,54.96500787,10,170.0631872,1500.6324,18.4154,2.3994
1/1/2022 22:08,55.03231359,11,171.1863665,1461.3378,18.3419,2.0599
1/1/2022 22:08,55.03231359,12,171.1703517,1349.5099,18.1817,0.2802
1/1/2022 22:09,56.58729018,12,171.1706093,1320.0526,18.2384,-0.8086
1/1/2022 22:09,56.58729018,13,171.1738602,1427.7479,18.6256,2.6922
1/1/2022 22:09,56.01906206,13,171.0954919,1484.5324,18.6466,6.7347
1/1/2022 22:09,56.01906206,12,171.5606289,1491.4565,18.3526,6.1776
1/1/2022 22:09,56.00579476,14,172.928266,1501.563,18.5504,7.1944
1/1/2022 22:09,56.00579476,15,173.744461,1501.466,18.412,7.5818
1/1/2022 22:10,54.23975548,14,173.7349392,1501.7838,18.2491,6.0032
1/1/2022 22:10,54.23975548,11,173.7281531,1501.6051,18.4293,6.3465
1/1/2022 22:10,53.94905512,10,173.7195196,1500.0182,18.4663,7.2874
1/1/2022 22:10,53.94905512,12,173.7253197,1496.2911,18.2795,6.1541
1/1/2022 22:10,56.19109202,11,173.7237209,1429.538,18.0205,2.3559
1/1/2022 22:10,56.19109202,11,173.7181517,1368.9099,18.1052,0.3578
1/1/2022 22:11,55.94729331,12,173.7178142,1425.3346,18.311,0.7671
1/1/2022 22:11,55.94729331,11,173.7037802,1476.3586,18.3732,1.1565
1/1/2022 22:11,56.17807547,10,173.8076226,1477.7208,18.3493,1.2387
1/1/2022 22:11,56.17807547,9,174.9435376,1413.4555,18.2759,0.7665
1/1/2022 22:11,55.81402762,9,176.7838139,1203.2875,18.1277,-0.7183
1/1/2022 22:11,55.81402762,10,177.7154653,996.0433,18.1081,-1.8481
1/1/2022 22:12,55.83835355,9,178.8738491,849.0765,18.1514,-1.9863
1/1/2022 22:12,55.83835355,7,179.9555145,826.9548,18.244,-1.9721
1/1/2022 22:12,56.07439921,7,179.981584,857.685,18.2779,-1.966
1/1/2022 22:12,56.07439921,7,179.945895,743.5046,18.1839,-1.964
1/1/2022 22:12,55.74614793,6,179.931035,648.7423,18.1906,-1.964
1/1/2022 22:12,55.74614793,5,179.9391711,631.5874,18.2162,-1.964
1/1/2022 22:13,54.94523102,6,179.9481422,609.2248,18.111,-1.964
1/1/2022 22:13,54.94523102,7,179.9432659,585.9785,17.9701,-1.964
1/1/2022 22:13,52.62209285,7,179.9325982,549.7024,17.6167,-1.964
1/1/2022 22:13,52.62209285,7,179.9387181,471.5973,16.7803,-1.964
1/1/2022 22:13,51.2355,7,181.1566419,395.6586,15.8222,-1.964
1/1/2022 22:13,51.2355,7,183.5940633,365.0632,15.3452,-1.964
1/1/2022 22:14,52.64566752,6,184.7756752,386.3484,15.5767,-1.964
1/1/2022 22:14,52.64566752,6,184.7324629,429.2592,16.1395,-1.964
1/1/2022 22:14,53.31749587,7,184.7358915,454.7039,16.4947,-1.964
1/1/2022 22:14,53.31749587,7,184.7356694,448.6314,16.4496,-1.964
1/1/2022 22:14,52.11373626,7,184.7455199,420.1,16.1088,-1.964
1/1/2022 22:14,52.11373626,8,185.6795819,387.733,15.6772,-1.964
1/1/2022 22:15,51.52560876,11,190.705791,372.5008,15.4434,-1.964
1/1/2022 22:15,51.52560876,11,200.3242395,377.7842,15.4952,-1.964
1/1/2022 22:15,54.31262809,11,205.7971278,404.8534,15.8114,-1.964
1/1/2022 22:15,54.31262809,10,205.7966482,615.7043,16.8561,-1.964
1/1/2022 22:15,57.79482658,11,205.787757,997.4914,18.0309,-1.9384
1/1/2022 22:15,57.79482658,12,205.7829428,1072.5687,18.2648,-1.9738
1/1/2022 22:16,57.37388775,10,205.7759258,1019.6958,18.2333,-2.0543
1/1/2022 22:16,57.37388775,8,205.7736342,1136.2935,18.3304,-2.0813
1/1/2022 22:16,57.70471282,8,205.7686069,1180.2658,18.3062,-2.092
1/1/2022 22:16,57.70471282,9,205.7644322,1205.8488,18.2944,-1.9249
1/1/2022 22:16,57.25430593,10,205.7858562,1152.5642,18.2376,-1.8919
1/1/2022 22:16,57.25430593,10,205.7853588,969.8655,18.151,-1.9922
1/1/2022 22:17,57.26839825,9,205.7583212,1001.0231,18.2739,-1.9492
1/1/2022 22:17,57.26839825,10,205.7520503,1246.7105,18.4233,-1.518
1/1/2022 22:17,56.24485052,9,205.7569089,1342.3899,18.354,-0.8648
1/1/2022 22:17,56.24485052,9,205.7857674,1237.4511,18.2085,-1.212
1/1/2022 22:17,56.04252806,9,205.7850746,1016.7653,18.1123,-1.8926
1/1/2022 22:17,56.04252806,9,207.7924322,809.7006,18.1163,-1.986
1/1/2022 22:18,56.15399521,9,210.3012783,855.775,18.282,-1.9692
1/1/2022 22:18,56.15399521,9,212.1676789,1020.8349,18.3779,-1.96
1/1/2022 22:18,55.65099405,9,215.9515497,975.4442,18.2391,-1.9548
1/1/2022 22:18,55.65099405,9,218.3289576,830.0145,18.1725,-1.954
1/1/2022 22:18,55.58152592,8,218.296102,769.4952,18.2167,-1.954
1/1/2022 22:18,55.58152592,8,218.2658845,752.3518,18.2459,-1.954
1/1/2022 22:19,56.24231557,7,218.6070276,714.4457,18.2314,-1.954
1/1/2022 22:19,56.24231557,6,219.9236372,630.8554,18.0735,-1.954
1/1/2022 22:19,53.12792961,6,220.84646,547.9093,17.6196,-1.954
1/1/2022 22:19,53.12792961,6,220.7995795,465.5798,16.7094,-1.954
1/1/2022 22:19,49.87163801,6,220.7969858,366.3832,15.4554,-1.954
1/1/2022 22:19,49.87163801,5,220.7946232,278.2735,14.1233,-1.954
1/1/2022 22:20,46.78319236,7,220.7903952,213.9093,12.9214,-1.954
1/1/2022 22:20,46.78319236,8,220.7840177,176.6539,12.0855,-1.954
1/1/2022 22:20,46.14135479,8,220.7856609,166.5638,11.7918,-1.954
1/1/2022 22:20,46.14135479,8,220.7889918,180.2239,12.0434,-1.954
1/1/2022 22:20,48.42415142,7,220.7899333,211.7296,12.6863,-1.954
1/1/2022 22:20,48.42415142,7,220.7921095,247.6594,13.4032,-1.954
1/1/2022 22:21,50.40639373,8,220.7866735,277.1585,13.9301,-1.954
1/1/2022 22:21,50.40639373,8,220.7886454,313.3101,14.4724,-1.954
1/1/2022 22:21,52.37555128,8,220.7983271,372.8213,15.3342,-1.954
1/1/2022 22:21,52.37555128,7,220.781131,449.6484,16.3332,-1.954
1/1/2022 22:21,54.53647147,7,220.7530808,552.3958,17.3405,-1.954
1/1/2022 22:21,54.53647147,5,220.745975,690.2961,18.0793,-1.954
1/1/2022 22:22,54.63820155,4,220.7446604,758.8396,18.2788,-1.954
1/1/2022 22:22,54.63820155,4,220.742653,672.7025,18.1536,-1.954
1/1/2022 22:22,53.83876682,5,220.7419513,577.3338,17.885,-1.954
1/1/2022 22:22,53.83876682,6,220.7430172,547.6558,17.6035,-1.954
1/1/2022 22:22,52.35481604,6,220.7451223,497.5532,17.0869,-1.954
1/1/2022 22:22,52.35481604,7,220.751633,415.9604,16.1143,-1.954
1/1/2022 22:23,49.63117071,7,220.750647,342.7539,15.1004,-1.954
1/1/2022 22:23,49.63117071,6,220.7495545,303.0576,14.4489,-1.954
1/1/2022 22:23,50.13660645,6,220.7521304,301.558,14.3471,-1.954
1/1/2022 22:23,50.13660645,7,221.6419978,337.3236,14.8478,-1.954
1/1/2022 22:23,52.96219627,9,223.8629977,402.3735,15.7261,-1.954
1/1/2022 22:23,52.96219627,11,225.1790906,527.7886,16.878,-1.954
1/1/2022 22:24,56.10188874,11,225.2554767,779.9226,17.9442,-1.954
1/1/2022 22:24,56.10188874,10,225.2459815,1034.7505,18.3834,-1.9484
1/1/2022 22:24,56.15346811,9,225.1458087,1236.1971,18.4138,-1.1112
1/1/2022 22:24,56.15346811,9,225.1425844,1117.861,18.1948,-1.0728
1/1/2022 22:24,55.95811764,8,225.142842,775.7873,18.0357,-1.9168
1/1/2022 22:24,55.95811764,6,225.1426644,701.2833,18.1935,-1.9613
1/1/2022 22:25,54.90917397,7,225.1609352,730.2273,18.2696,-1.9525
1/1/2022 22:25,54.90917397,8,225.1877153,696.5859,18.2362,-1.949
1/1/2022 22:25,55.47870563,11,225.2238661,754.8447,18.2856,-1.9475
1/1/2022 22:25,55.47870563,13,225.2455033,803.3121,18.2985,-1.947
1/1/2022 22:25,55.85574416,12,225.2319135,905.3133,18.3453,-1.947
1/1/2022 22:25,55.85574416,13,225.1999728,1149.9348,18.4461,-1.7698
1/1/2022 22:26,56.9879033,14,225.1810624,1239.6918,18.3421,-1.2007
1/1/2022 22:26,56.9879033,15,225.2212014,1096.9324,18.1758,-1.4221
1/1/2022 22:26,58.94345364,15,225.2421902,1142.779,18.3084,-1.6218
1/1/2022 22:26,58.94345364,14,225.5370927,1412.9781,18.7434,3.8648
1/1/2022 22:26,54.54946124,12,226.2659468,1503.1315,18.6452,9.2173
1/1/2022 22:26,54.54946124,10,230.2905061,1497.2685,18.2685,8.5954
1/1/2022 22:27,57.38771168,10,235.0822816,1465.3099,18.0634,5.3471
1/1/2022 22:27,57.38771168,10,237.6055019,1273.1616,17.9142,0.876
1/1/2022 22:27,57.61885189,9,239.4162527,1034.2673,18.0122,-1.6426
1/1/2022 22:27,57.61885189,10,239.8780172,998.5209,18.2034,-1.9977
1/1/2022 22:27,56.66772384,11,239.8659107,1044.0189,18.2888,-1.9532
1/1/2022 22:27,56.66772384,13,239.8591335,978.3075,18.2319,-1.947
1/1/2022 22:28,58.49984343,15,246.2385001,951.5748,18.2566,-1.946
1/1/2022 22:28,54.4360975,16,324.5248055,1495.9821,18.8054,9.7314
1/1/2022 22:28,54.4360975,15,334.381853,1495.5732,18.531,11.4643
1/1/2022 22:28,55.55699007,15,334.7250831,1494.3,18.3886,11.4191
1/1/2022 22:28,55.55699007,14,334.7437891,1497.594,18.3276,10.6782
1/1/2022 22:28,54.02203439,13,334.7528135,1497.9041,18.3368,10.1328
1/1/2022 22:29,54.02203439,14,334.7539415,1496.7568,18.321,9.8814
1/1/2022 22:29,54.41966004,14,334.8673382,1500.1633,18.2795,8.7689
1/1/2022 22:29,54.41966004,14,335.362078,1503.8905,18.4208,8.8614
1/1/2022 22:29,53.6751449,15,335.7199598,1502.4336,18.5064,9.9282
1/1/2022 22:29,53.6751449,14,335.7212122,1496.2247,18.4592,10.3215
1/1/2022 22:29,55.01327677,14,335.7401492,1497.1773,18.2809,9.1052
1/1/2022 22:29,55.01327677,13,335.7394741,1494.6687,18.2958,8.5201
1/1/2022 22:30,54.48634215,12,335.7324394,1493.9197,18.4581,9.191
1/1/2022 22:30,54.48634215,10,335.7422809,1497.6713,18.3421,8.7361
1/1/2022 22:30,56.6356559,12,347.7874509,846.305,18.319,-1.9794
1/1/2022 22:30,56.6356559,13,347.7999838,1037.1937,18.3899,-2.0438
1/1/2022 22:30,57.091933,14,347.8095856,1153.4342,18.3565,-2.0355
1/1/2022 22:30,57.091933,12,347.7961733,1188.1773,18.3142,-1.9883
1/1/2022 22:31,57.24592167,12,347.7866782,1306.852,18.3536,-1.1931
1/1/2022 22:31,57.24592167,11,347.785941,1421.6056,18.3489,0.1312
1/1/2022 22:31,56.22561661,12,347.7867759,1459.7406,18.3069,0.7366
1/1/2022 22:31,56.22561661,12,347.7871134,1408.8215,18.2499,0.6394
1/1/2022 22:31,56.6629008,12,347.7848484,1352.558,18.242,-0.1458
1/1/2022 22:31,56.6629008,11,347.7854968,1411.1954,18.3195,0.0661
1/1/2022 22:32,56.44127635,10,347.7865361,1422.6028,18.2867,0.7312
1/1/2022 22:32,56.44127635,11,347.784804,1321.186,18.2125,-0.3009
1/1/2022 22:32,57.63593953,13,347.7893517,1307.7364,18.2633,-1.0306
1/1/2022 22:32,57.63593953,15,347.7922207,1418.2095,18.3795,0.3335
1/1/2022 22:32,54.9809113,14,347.7944679,1496.3615,18.6482,4.1434
1/1/2022 22:32,54.9809113,13,347.7929579,1498.4204,18.7289,7.9113
1/1/2022 22:33,56.29685773,8,349.6300803,1092.1047,18.2315,-2.0273
1/1/2022 22:33,56.29685773,8,352.1818035,990.5155,18.1843,-2.0137
1/1/2022 22:33,55.83770878,6,357.3054656,895.9587,18.2037,-2.0075
1/1/2022 22:33,55.83770878,6,359.6805915,954.6747,18.2988,-2.007
1/1/2022 22:33,55.79781698,7,0.17200371,932.8477,18.2453,-2.007
1/1/2022 22:33,55.79781698,8,0.185122828,785.033,18.1466,-2.007
1/1/2022 22:34,54.44202622,10,0.1861887,579.5618,17.795,-2.007
1/1/2022 22:34,54.44202622,12,0.187059163,525.2577,17.3678,-2.007
1/1/2022 22:34,54.97559564,13,0.185113945,568.5378,17.4401,-2.007
1/1/2022 22:34,54.97559564,12,1.713326313,838.5536,18.064,-1.9492
1/1/2022 22:34,56.23352914,11,4.797793793,1341.0682,18.5376,-0.1999
1/1/2022 22:34,56.23352914,10,5.326697416,1349.2762,18.3554,0.2445
1/1/2022 22:35,57.67769652,9,5.340376115,1241.0128,18.2164,-1.3499
1/1/2022 22:35,57.67769652,8,5.346504883,1182.5642,18.2065,-1.8772
1/1/2022 22:35,57.68610286,7,6.101282744,1140.8258,18.2466,-2.0201
1/1/2022 22:35,57.68610286,7,8.689372679,1146.2078,18.2667,-1.9797
1/1/2022 22:35,57.27280823,8,12.59437057,946.5412,18.1436,-1.9663
1/1/2022 22:35,57.27280823,7,13.84771369,770.407,18.094,-1.9617
1/1/2022 22:36,56.51650906,6,15.02425598,685.5618,18.1684,-1.9521
1/1/2022 22:36,56.51650906,6,15.05363856,754.1706,18.2768,-1.9462
1/1/2022 22:36,55.88118876,6,15.01431686,723.0091,18.2349,-1.9428
1/1/2022 22:36,55.88118876,6,15.01057742,647.6971,18.1625,-1.943
1/1/2022 22:36,54.75427564,9,15.00898749,595.4882,18.0543,-1.943
1/1/2022 22:36,54.75427564,10,15.00650046,564.606,17.7913,-1.943
1/1/2022 22:37,51.77209314,11,15.00284984,461.3653,16.6843,-1.943
1/1/2022 22:37,51.77209314,11,15.00178397,385.4971,15.7126,-1.943
1/1/2022 22:37,52.35596349,11,15.00196161,344.3396,15.0373,-1.943
1/1/2022 22:37,52.35596349,10,15.00521253,407.6027,15.6454,-1.943
1/1/2022 22:37,56.65627927,11,15.01463662,918.9153,17.6474,-1.5498
1/1/2022 22:37,56.65627927,10,15.01455668,1218.2882,18.3276,-1.1238
1/1/2022 22:38,56.94810069,8,15.0076285,1266.7041,18.2816,-1.3973
1/1/2022 22:38,56.94810069,8,14.96501168,1250.0046,18.2576,-1.8224
1/1/2022 22:38,56.29000395,9,15.75629794,1163.6259,18.2042,-1.9955
1/1/2022 22:38,56.29000395,9,18.82874039,1027.451,18.1553,-2.039
1/1/2022 22:38,55.37514133,8,22.62641612,769.0254,18.1083,-2.0538
1/1/2022 22:38,55.37514133,8,25.03774857,711.6511,18.1904,-2.0577
1/1/2022 22:39,56.41646829,10,35.32345551,796.8206,18.313,-2.0591
1/1/2022 22:39,56.41646829,11,40.49034738,827.8824,18.2995,-2.059
1/1/2022 22:39,58.48629489,12,43.25026684,824.0419,18.2754,-2.059
1/1/2022 22:39,58.48629489,11,45.35889812,871.4318,18.3019,-2.059
1/1/2022 22:39,59.11034169,11,46.8221616,987.8793,18.3317,-2.059
1/1/2022 22:39,59.11034169,11,46.82728667,1086.7107,18.355,-2.0457
1/1/2022 22:40,57.59216001,11,48.05911142,1219.8209,18.3453,-1.4983
1/1/2022 22:40,57.59216001,11,49.52457132,1197.3908,18.2723,-1.5225
1/1/2022 22:40,57.03584302,11,50.48140923,1099.6889,18.2219,-2.0224
1/1/2022 22:40,57.03584302,12,50.60919598,1128.4336,18.2769,-1.973
1/1/2022 22:40,57.04117632,14,53.60387918,1253.152,18.3464,-1.6452
1/1/2022 22:40,57.04117632,14,55.44081723,1258.2145,18.2914,-1.5617
1/1/2022 22:41,58.12977805,14,55.40195735,1247.7274,18.2769,-1.5992
1/1/2022 22:41,58.12977805,14,55.39700992,1366.5996,18.4335,0.1403
1/1/2022 22:41,55.35811576,12,56.30088109,1499.7745,18.5213,2.981
1/1/2022 22:41,55.35811576,12,58.76071355,1501.5832,18.526,4.1905
1/1/2022 22:41,55.52506498,11,68.67893948,1458.143,18.287,3.0865
1/1/2022 22:41,55.52506498,11,81.46339699,1367.5207,18.1032,0.7173
1/1/2022 22:42,57.53970274,13,93.22712067,1139.8776,18.1248,-1.3008
1/1/2022 22:42,57.53970274,13,93.03474007,971.1776,18.1055,-1.9612
1/1/2022 22:42,57.5176576,11,93.01041153,913.0332,18.2157,-1.9525
1/1/2022 22:42,57.5176576,11,93.0121791,1032.023,18.3472,-1.9472
1/1/2022 22:42,57.69011711,11,93.02672826,1148.4908,18.3282,-1.9295
1/1/2022 22:42,57.69011711,10,93.02513834,963.399,18.1412,-1.9462
1/1/2022 22:43,55.62635801,10,93.0004545,675.7797,18.1054,-1.9743
1/1/2022 22:43,55.62635801,9,92.99071065,648.5156,18.2,-1.962
1/1/2022 22:43,56.28738881,8,92.99651966,708.8539,18.2843,-1.9518
1/1/2022 22:43,56.28738881,9,92.99719471,757.9105,18.2989,-1.9505
1/1/2022 22:43,55.7925317,9,93.00041897,622.1884,17.8687,-1.95
1/1/2022 22:43,55.7925317,10,93.0228023,530.4009,17.4302,-1.95
1/1/2022 22:44,56.42400767,12,93.03672082,542.3733,17.3637,-1.95
1/1/2022 22:44,56.42400767,11,93.01097111,765.056,17.9108,-1.9489
1/1/2022 22:44,58.07410155,10,92.99583572,1230.4403,18.4837,-1.4502
1/1/2022 22:44,58.07410155,9,93.02388593,1315.6361,18.3809,-0.8308
1/1/2022 22:44,56.72117444,8,93.03437589,1181.8539,18.194,-1.3054
1/1/2022 22:44,56.72117444,8,93.01586525,1033.6637,18.1379,-1.9725
1/1/2022 22:45,55.98773355,9,93.0123301,820.9339,18.1293,-2.0756
1/1/2022 22:45,55.98773355,9,93.02402805,739.1732,18.1777,-2.0832
1/1/2022 22:45,56.43818233,9,93.01722423,690.5115,18.232,-2.0858
1/1/2022 22:45,56.43818233,10,93.01511025,694.1252,18.2615,-2.086
1/1/2022 22:45,55.26495215,10,93.00550852,676.4845,18.2518,-2.086
1/1/2022 22:45,55.26495215,10,92.99963733,638.2443,18.1916,-2.086
1/1/2022 22:46,56.06736801,10,93.0127831,771.1255,18.2893,-2.086
1/1/2022 22:46,56.06736801,11,93.00438047,907.2075,18.3643,-2.086
1/1/2022 22:46,55.90814228,10,92.98751303,764.7937,18.1613,-2.086
1/1/2022 22:46,55.90814228,9,92.96965079,702.3647,18.1752,-2.086
1/1/2022 22:46,55.93686807,10,92.91325723,765.6413,18.286,-2.086
1/1/2022 22:46,55.93686807,10,92.86689177,847.306,18.3301,-2.086
1/1/2022 22:47,56.76256378,10,92.84310504,1019.6284,18.3714,-2.086
1/1/2022 22:47,56.76256378,10,92.83241967,934.7957,18.2246,-2.086
1/1/2022 22:47,56.86077687,9,92.82076613,880.0973,18.2432,-2.086
1/1/2022 22:47,56.86077687,9,92.84311392,931.2866,18.3064,-2.086
1/1/2022 22:47,56.63815004,10,92.83385859,984.9783,18.2937,-2.086
1/1/2022 22:47,56.63815004,11,92.81833238,916.8597,18.2229,-2.086
1/1/2022 22:48,56.29163379,11,92.83291708,720.4734,18.1658,-2.086
1/1/2022 22:48,56.29163379,11,93.48356939,702.8538,18.231,-2.086
1/1/2022 22:48,56.15751647,12,95.42726191,668.2185,18.2352,-2.086
1/1/2022 22:48,56.15751647,13,96.07539071,701.2728,18.2862,-2.086
1/1/2022 22:48,56.95977269,13,96.07440478,1081.9658,18.4968,-1.7672
1/1/2022 22:48,56.95977269,12,96.0750443,1333.3133,18.5049,-0.844
1/1/2022 22:49,57.06581045,12,96.07334779,1377.4164,18.3132,-0.1801
1/1/2022 22:49,57.06581045,13,96.07406725,1381.4164,18.2837,-0.1621
1/1/2022 22:49,56.81493465,14,96.06968829,1427.915,18.2976,0.4514
1/1/2022 22:49,56.81493465,15,96.06820495,1457.022,18.3351,0.9699
1/1/2022 22:49,55.17254863,16,96.06670385,1497.736,18.6057,4.4161
1/1/2022 22:49,55.17254863,15,96.06609985,1499.923,18.7445,7.4964
1/1/2022 22:50,55.12799784,15,96.06774307,1498.6841,18.444,8.4566
1/1/2022 22:50,55.12799784,15,96.06379934,1497.5918,18.2962,7.6347
1/1/2022 22:50,55.74040948,15,96.0676809,1496.8824,18.2884,6.069
1/1/2022 22:50,55.74040948,14,96.07051434,1499.575,18.3049,5.4002
1/1/2022 22:50,55.17806039,13,96.06686373,1499.9081,18.559,7.2278
1/1/2022 22:50,55.17806039,11,96.06658838,1499.3223,18.4286,7.2762
1/1/2022 22:51,55.67764519,11,96.06547809,1482.2787,18.0538,3.5383
1/1/2022 22:51,55.67764519,11,96.06476751,1486.6432,18.1542,2.0013
1/1/2022 22:51,56.04338179,10,96.06902212,1468.7652,18.3342,2.1156
1/1/2022 22:51,56.04338179,10,96.07020346,1342.6113,18.2152,1.0431
1/1/2022 22:51,47.2811903,12,96.07531965,216.5419,11.455,17.3075
1/1/2022 22:51,47.2811903,11,96.07423601,163.4534,11.6069,19.5234
1/1/2022 22:52,47.12789041,9,114.9663947,152.4795,12.5984,13.1907
1/1/2022 22:52,47.12789041,9,114.9888935,232.9599,13.124,9.1142
1/1/2022 22:52,49.68774961,11,114.9822674,432.9842,14.4877,5.4673
1/1/2022 22:52,49.68774961,12,114.9857847,593.5435,15.2063,3.3484
1/1/2022 22:52,53.36062741,14,114.9950489,792.0744,16.0088,-0.5166
1/1/2022 22:52,53.36062741,14,114.9796648,966.2581,16.6362,-0.9824
1/1/2022 22:53,55.86027505,13,114.9987617,1290.3424,17.7407,1.3238
1/1/2022 22:53,55.86027505,14,114.996026,1442.8836,18.3371,4.3086
1/1/2022 22:53,56.01515293,16,114.9549188,1486.6962,18.2798,3.866
1/1/2022 22:53,56.01515293,16,115.6796349,1487.1627,18.4155,4.4771
1/1/2022 22:53,54.20788226,15,117.9114622,1498.7238,18.8305,10.1943
1/1/2022 22:53,54.20788226,13,118.6684993,1497.7933,18.5954,11.5483
1/1/2022 22:54,54.21206014,12,118.6613757,1497.4699,18.1774,9.4508
1/1/2022 22:54,54.21206014,12,118.660825,1496.8536,18.0145,6.5393
1/1/2022 22:54,56.33063321,12,121.3876444,1460.8515,18.0496,2.4031
1/1/2022 22:54,56.33063321,12,124.4538276,1379.6595,18.1221,0.5219
1/1/2022 22:54,56.88531419,12,127.2452459,1352.7427,18.2727,-0.2918
1/1/2022 22:54,56.88531419,11,131.6208984,1434.7239,18.413,0.9543
1/1/2022 22:55,56.01425456,8,138.7981599,1493.2687,18.4123,1.8723
1/1/2022 22:55,56.01425456,8,139.7212264,1370.0632,18.2449,0.8068
1/1/2022 22:55,57.24093906,9,139.5866245,1081.4226,18.1241,-1.2668
1/1/2022 22:55,57.24093906,10,139.5714269,982.0934,18.1583,-2.0151
1/1/2022 22:55,56.64387763,10,139.5611768,891.2544,18.2017,-1.9817
1/1/2022 22:55,56.64387763,10,139.5587164,895.8885,18.2599,-1.9782
1/1/2022 22:56,55.92140796,10,139.5645698,890.9602,18.2542,-1.9759
1/1/2022 22:56,55.92140796,10,139.5666394,827.4739,18.2218,-1.976
1/1/2022 22:56,55.98754915,10,139.560182,827.8188,18.2625,-1.976
1/1/2022 22:56,55.98754915,9,139.5576683,846.9746,18.2784,-1.976
1/1/2022 22:56,55.65603025,10,139.5570376,791.0724,18.2356,-1.976
1/1/2022 22:56,55.65603025,11,139.5586365,729.6431,18.2143,-1.976
1/1/2022 22:57,55.32543857,11,139.5584322,648.5041,18.2093,-1.976
1/1/2022 22:57,55.32543857,11,139.5570554,643.5589,18.2348,-1.976
1/1/2022 22:57,56.58773587,10,139.5568156,921.6068,18.4232,-1.976
1/1/2022 22:57,56.58773587,10,139.556558,1085.3645,18.4264,-1.976
1/1/2022 22:57,56.25228683,10,139.5534048,1043.5406,18.2479,-1.976
1/1/2022 22:57,56.25228683,11,139.5498519,990.3588,18.2234,-1.976
1/1/2022 22:58,55.50858383,11,139.5519836,946.4777,18.2356,-1.976
1/1/2022 22:58,55.50858383,10,139.5561317,875.3219,18.2089,-1.976
1/1/2022 22:58,55.39097636,9,139.5649073,661.4272,18.0251,-1.976
1/1/2022 22:58,55.39097636,9,139.5675898,583,17.927,-1.976
1/1/2022 22:58,54.30229271,9,139.559951,585.2286,17.9374,-1.976
1/1/2022 22:58,54.30229271,8,139.5570909,574.6716,17.844,-1.976
1/1/2022 22:59,53.2514239,7,139.5556964,533.6533,17.4613,-1.976
1/1/2022 22:59,53.2514239,8,139.5540088,498.7375,17.0819,-1.976
1/1/2022 22:59,52.0416255,8,139.5511487,432.5068,16.282,-1.976
1/1/2022 22:59,52.0416255,7,139.5510066,412.1545,15.9793,-1.976
1/1/2022 22:59,52.52325272,7,139.5529873,439.9768,16.2858,-1.976
1/1/2022 22:59,52.52325272,7,139.5534759,466.2317,16.6259,-1.976
1/1/2022 23:00,52.90846531,6,139.5553145,487.6515,16.8882,-1.976
1/1/2022 23:00,52.90846531,7,139.5544884,482.9011,16.8596,-1.976
1/1/2022 23:00,51.07889709,7,139.5491591,421.9346,16.1686,-1.976
1/1/2022 23:00,51.07889709,7,139.5502871,365.4371,15.4213,-1.976
1/1/2022 23:00,49.69345916,7,139.5513086,316.4227,14.6715,-1.976
1/1/2022 23:00,49.69345916,7,139.5515662,311.6706,14.5631,-1.976
1/1/2022 23:01,50.18896695,6,139.553014,330.8104,14.8156,-1.976
1/1/2022 23:01,50.18896695,5,139.5552523,350.962,15.1019,-1.976
1/1/2022 23:01,50.8523225,6,139.5647741,374.7509,15.4651,-1.976
1/1/2022 23:01,50.8523225,6,139.5662574,377.9073,15.5368,-1.976
1/1/2022 23:01,50.42384105,5,139.569011,362.249,15.3475,-1.976
1/1/2022 23:01,50.42384105,6,139.5703699,343.027,15.0782,-1.976
1/1/2022 23:02,49.52938486,6,139.5614699,305.9061,14.5033,-1.976
1/1/2022 23:02,49.52938486,6,139.5613633,277.1377,14.0367,-1.976
1/1/2022 23:02,47.22193643,5,139.5687711,232.8581,13.2571,-1.976
1/1/2022 23:02,47.22193643,4,139.5681316,209.5971,12.7981,-1.976
1/1/2022 23:02,46.87904259,5,139.5582279,191.669,12.3927,-1.976
1/1/2022 23:02,46.87904259,5,139.5538756,191.8315,12.3562,-1.976
1/1/2022 23:03,48.1842664,7,139.5627401,215.7978,12.7952,-1.976
1/1/2022 23:03,48.1842664,7,139.5634062,244.5402,13.3316,-1.976
1/1/2022 23:03,49.63517947,7,139.5616831,290.8839,14.1577,-1.976
1/1/2022 23:03,49.63517947,7,139.5695883,315.9694,14.5825,-1.976
1/1/2022 23:03,49.96792433,8,139.5649695,335.2659,14.9139,-1.976
1/1/2022 23:03,49.96792433,8,139.5645698,334.1001,14.9128,-1.976
1/1/2022 23:04,50.22107686,8,139.5688244,328.0805,14.7924,-1.976
1/1/2022 23:04,50.22107686,8,139.5645609,333.735,14.8553,-1.976
1/1/2022 23:04,50.80007812,8,139.5614788,356.4889,15.1757,-1.976
1/1/2022 23:04,50.80007812,8,139.5586809,377.2723,15.4795,-1.976
1/1/2022 23:04,51.07345468,8,139.5578282,383.9212,15.6295,-1.976
1/1/2022 23:04,51.07345468,8,139.5605817,363.9955,15.3619,-1.976
1/1/2022 23:05,50.40038032,8,139.5632464,346.7449,15.0851,-1.976
1/1/2022 23:05,50.40038032,8,139.5639214,351.4532,15.1388,-1.976
1/1/2022 23:05,50.21807983,9,139.5626601,348.3766,15.1119,-1.976
1/1/2022 23:05,50.21807983,9,139.5589651,337.0032,14.96,-1.976
1/1/2022 23:05,50.47594131,10,139.5632641,333.7842,14.8805,-1.976
1/1/2022 23:05,50.47594131,9,139.5608481,357.1522,15.1561,-1.976
1/1/2022 23:06,53.47996506,9,139.5573574,472.0591,16.407,-1.976
1/1/2022 23:06,53.47996506,9,139.5593559,634.8457,17.4923,-1.976
1/1/2022 23:06,55.10301471,9,139.5588319,772.4269,18.2299,-1.976
1/1/2022 23:06,55.10301471,9,139.5589296,702.9673,18.2023,-1.976
1/1/2022 23:06,54.42968149,8,139.5572064,605.9598,18.1066,-1.976
1/1/2022 23:06,54.42968149,8,139.5608393,580.5336,17.9225,-1.976
1/1/2022 23:07,53.4808097,7,139.5598178,530.891,17.4264,-1.976
1/1/2022 23:07,53.4808097,7,139.5550924,502.6499,17.099,-1.976
1/1/2022 23:07,52.28384099,7,139.5559807,485.5976,16.8844,-1.976
1/1/2022 23:07,52.28384099,8,139.564703,477.704,16.8014,-1.976
1/1/2022 23:07,44.7734703,4,139.5201318,30.5234,11.1304,-1.012
1/1/2022 23:07,44.7734703,4,139.522077,57.8843,11.1511,-1.012
1/1/2022 23:08,45.20399548,4,139.5142517,128.9026,11.1525,-1.4623
1/1/2022 23:08,45.20399548,4,139.5143761,115.2236,11.1111,-1.8979
1/1/2022 23:08,45.0951799,4,139.5162325,101.6299,11.1017,-2.101
1/1/2022 23:08,45.0951799,4,139.5166144,97.3913,11.1057,-2.101
1/1/2022 23:08,45.25745903,4,139.5256921,97.113,11.1129,-2.101
1/1/2022 23:08,45.25745903,4,139.5243686,96.6323,11.1149,-2.101
1/1/2022 23:09,45.01232224,3,139.5247684,87.6033,11.1035,-2.101
1/1/2022 23:09,45.01232224,3,139.525399,80.2498,11.1015,-2.101
1/1/2022 23:09,44.77604373,3,139.515895,67.5329,11.1014,-2.101
1/1/2022 23:09,44.77604373,4,139.5207802,56.4582,11.0989,-1.8059
1/1/2022 23:09,44.37363621,5,139.5197943,43.8518,11.1024,-1.0702
1/1/2022 23:09,44.37363621,6,139.5327535,53.1831,11.1221,-0.8749
1/1/2022 23:10,44.84476125,6,139.559951,87.2353,11.1475,-0.875
1/1/2022 23:10,44.84476125,6,139.5580591,105.0114,11.1431,-0.875
1/1/2022 23:10,45.35685904,5,139.5559629,128.2828,11.146,-0.875
1/1/2022 23:10,45.35685904,4,139.5519659,139.2534,11.1887,-0.875
1/1/2022 23:10,45.72567513,3,139.5434833,148.758,11.36,-0.875
1/1/2022 23:10,45.13983811,4,139.5395307,153.4711,11.6212,-1.9194
1/1/2022 23:11,45.13983811,4,139.5297691,110.3236,11.3219,-2.093
1/1/2022 23:11,44.5121627,5,139.5422753,51.0656,11.0886,-2.093
1/1/2022 23:11,44.5121627,5,139.5486617,47.9561,11.1079,-2.093
1/1/2022 23:11,44.935458,6,139.5446913,51.5408,11.1184,-2.093
1/1/2022 23:11,44.935458,6,139.5421065,53.6151,11.1151,-2.093
1/1/2022 23:11,45.3089871,6,139.5341303,57.646,11.1158,-2.093
1/1/2022 23:12,45.3089871,6,139.5350363,62.1634,11.1221,-1.7848
1/1/2022 23:12,45.09109623,6,139.5354448,94.1107,11.1491,-1.0324
1/1/2022 23:12,45.09109623,6,139.536413,122.0369,11.1573,-0.839
1/1/2022 23:12,45.01180296,6,139.5320873,139.0089,11.161,-0.839
1/1/2022 23:12,45.01180296,6,139.5325936,139.3657,11.1715,-0.839
1/1/2022 23:12,44.57251184,7,139.5399215,119.848,11.1252,-0.839
1/1/2022 23:13,44.57251184,7,139.544034,100.5924,11.0936,-0.839
1/1/2022 23:13,44.70207928,8,139.5319097,87.0039,11.1013,-0.839
1/1/2022 23:13,44.70207928,8,139.5228143,78.215,11.1016,-0.839
1/1/2022 23:13,44.87673325,9,139.5281259,61.554,11.0965,-0.839
1/1/2022 23:13,44.87673325,8,139.5328956,48.29,11.0955,-0.839
1/1/2022 23:13,44.45818178,8,139.5360133,27.499,11.093,-0.839
1/1/2022 23:14,44.45818178,9,139.5448334,30.6608,11.1126,-0.839
1/1/2022 23:14,44.97632952,9,139.5486439,80.0339,11.1699,-0.839
1/1/2022 23:14,44.97632952,8,139.5364841,121.1164,11.2223,-0.839
1/1/2022 23:14,46.25327143,8,139.5268646,159.7282,11.5795,-0.839
1/1/2022 23:14,46.25327143,8,139.5367417,183.1701,12.1026,-0.839
1/1/2022 23:14,48.22836055,7,139.5542131,224.1538,12.9732,-0.839
1/1/2022 23:15,48.22836055,8,139.5527297,251.5958,13.4789,-0.839
1/1/2022 23:15,50.20282533,8,139.5417157,300.8625,14.293,-1.015
1/1/2022 23:15,50.20282533,8,139.5328956,341.5065,14.9057,-1.506
1/1/2022 23:15,53.03294726,8,139.535809,435.3224,16.1155,-2.0823
1/1/2022 23:15,53.03294726,8,139.5364841,562.6146,17.1528,-2.0935
1/1/2022 23:15,55.37344837,9,139.5278683,802.722,18.178,-2.0941
1/1/2022 23:16,55.37344837,10,139.5268646,897.1576,18.3159,-2.0935
1/1/2022 23:16,56.78559956,11,139.5369548,994.5725,18.332,-2.093
1/1/2022 23:16,56.78559956,10,139.5454996,1111.2868,18.3747,-2.0493
1/1/2022 23:16,57.94544191,9,139.539353,1219.3983,18.3426,-1.9817
1/1/2022 23:16,57.94544191,8,139.5350451,1213.108,18.2817,-1.9748
1/1/2022 23:16,57.25405641,7,139.5366706,1168.6361,18.2453,-1.9649
1/1/2022 23:17,57.25405641,7,139.5323005,1162.1498,18.2554,-1.9632
1/1/2022 23:17,57.37012094,11,139.5192969,1171.6504,18.2637,-1.9627
1/1/2022 23:17,57.37012094,12,139.5188439,1136.3964,18.2387,-1.9633
1/1/2022 23:17,58.43808545,11,139.5314745,1123.4675,18.2787,-1.9602
1/1/2022 23:17,58.43808545,11,139.5354626,1271.7159,18.3899,-0.968
1/1/2022 23:17,55.48911717,8,139.533242,1484.8995,18.4837,1.5661
1/1/2022 23:18,55.48911717,5,139.5534137,1377.2043,18.3008,1.3866
1/1/2022 23:18,57.58764722,6,139.5793677,1096.542,18.109,-1.1709
1/1/2022 23:18,57.58764722,6,139.5786926,991.6437,18.1552,-1.9717
1/1/2022 23:18,56.15838992,6,139.5815083,815.9217,18.1394,-1.928
1/1/2022 23:18,56.15838992,6,139.5756282,679.5746,18.1096,-1.9213
1/1/2022 23:18,54.7786412,7,139.5736741,573.4257,17.8731,-1.9143
1/1/2022 23:19,54.7786412,9,139.5790213,525.4859,17.3797,-1.9122
1/1/2022 23:19,53.73984155,12,139.5934638,474.2316,16.737,-1.912
1/1/2022 23:19,53.73984155,14,139.5935082,581.4787,17.1234,-1.912
1/1/2022 23:19,57.12489673,15,139.5781863,1139.3574,18.3208,-0.5741
1/1/2022 23:19,57.12489673,14,139.5776712,1442.5556,18.6903,2.2927
1/1/2022 23:19,54.05925184,11,139.5817037,1497.4136,18.7492,7.4506
1/1/2022 23:20,54.05925184,11,139.5819258,1495.2427,18.5305,8.0815
1/1/2022 23:20,55.79326844,11,139.5765875,1478.3452,18.1036,4.699
1/1/2022 23:20,55.79326844,11,139.9193746,1477.3121,18.139,2.7389
1/1/2022 23:20,55.08441688,10,140.6484707,1498.2727,18.4031,3.3578
1/1/2022 23:20,55.08441688,11,140.8301514,1411.1409,18.2787,2.7326
1/1/2022 23:20,58.78577503,11,140.8618168,1303.2321,18.1407,-0.4443
1/1/2022 23:21,58.78577503,11,140.8286593,1352.7676,18.2392,-0.5036
1/1/2022 23:21,54.4794102,11,140.80386,1329.73,17.5822,1.4013
1/1/2022 23:21,54.4794102,11,140.8126979,1177.9333,16.6158,3.4969
1/1/2022 23:21,48.99674323,10,143.403754,863.9914,14.8517,7.3855
1/1/2022 23:21,48.99674323,10,147.5699632,661.5442,13.5175,9.1114
1/1/2022 23:21,47.13673682,10,153.3843081,406.9065,11.8293,11.0781
1/1/2022 23:22,47.13673682,10,154.7918495,276.1901,11.2452,11.5426
1/1/2022 23:22,47.12551676,9,154.8061678,165.3742,11.0377,10.6147
1/1/2022 23:22,47.12551676,10,154.8082995,145.0759,11.2359,11.3717
1/1/2022 23:22,46.88082744,10,154.7814306,89.4124,11.6883,15.6075
1/1/2022 23:22,46.88082744,10,154.7841308,91.404,11.8349,13.5015
1/1/2022 23:22,51.6943051,11,154.7846727,252.5368,13.4131,2.4655
1/1/2022 23:23,51.6943051,10,154.7819547,377.254,15.2419,-1.37
1/1/2022 23:23,54.52755568,9,154.7810931,497.3317,16.9355,-1.9958
1/1/2022 23:23,54.52755568,8,154.7808888,538.112,17.4294,-1.9729
1/1/2022 23:23,54.713473,9,154.7915564,557.2155,17.6583,-1.965
1/1/2022 23:23,54.713473,10,154.7963884,553.3642,17.6304,-1.9621
1/1/2022 23:23,54.40958131,11,154.7929509,533.2684,17.4339,-1.961
1/1/2022 23:24,54.40958131,12,154.791139,582.2625,17.5544,-1.961
1/1/2022 23:24,56.73804875,13,154.778233,759.7266,18.1408,-1.961
1/1/2022 23:24,56.73804875,12,154.7937415,825.2005,18.2846,-1.961
1/1/2022 23:24,57.15144109,11,154.8040182,903.722,18.3201,-1.961
1/1/2022 23:24,57.15144109,11,154.7760835,988.9912,18.3407,-1.961
1/1/2022 23:24,56.47686773,9,154.7602464,977.2956,18.2585,-1.961
1/1/2022 23:25,56.47686773,9,154.7598378,864.32,18.1839,-1.961
1/1/2022 23:25,54.74943357,8,154.7602908,650.886,18.0031,-1.961
1/1/2022 23:25,54.74943357,8,154.7617475,548.9099,17.6436,-1.961
1/1/2022 23:25,51.95304247,9,154.7629377,451.0061,16.5554,-1.961
1/1/2022 23:25,51.95304247,10,154.7617742,382.1262,15.6818,-1.961
1/1/2022 23:25,49.66856475,11,154.7592516,311.0055,14.6131,-1.961
1/1/2022 23:26,49.66856475,11,154.758692,285.524,14.1687,-1.961
1/1/2022 23:26,50.66620667,10,154.7592072,301.0639,14.3325,-1.961
1/1/2022 23:26,50.66620667,10,154.7629822,343.6326,14.9477,-1.961
1/1/2022 23:26,53.39249065,11,154.7628756,415.5433,15.9515,-1.961
1/1/2022 23:26,53.39249065,11,154.7610192,463.9961,16.532,-1.961
1/1/2022 23:26,55.211132,11,154.7615432,658.1066,17.6016,-1.961
1/1/2022 23:27,55.211132,11,154.7613212,807.1326,18.1403,-1.961
1/1/2022 23:27,56.12383475,11,154.7632042,881.5289,18.287,-1.961
1/1/2022 23:27,56.12383475,10,154.7619962,915.8656,18.2984,-1.961
1/1/2022 23:27,56.76273168,11,154.7596957,960.4816,18.2862,-1.961
1/1/2022 23:27,56.76273168,11,154.7608149,915.4888,18.2358,-1.961
1/1/2022 23:27,57.01789741,11,154.75696,1029.1424,18.3493,-1.9493
1/1/2022 23:28,57.01789741,11,154.7558497,1145.6645,18.3755,-1.9406
1/1/2022 23:28,57.39572552,11,154.7609659,1159.9298,18.2782,-1.985
1/1/2022 23:28,57.39572552,10,154.763222,1199.4213,18.3035,-2.0241
1/1/2022 23:28,58.27183897,8,154.7716157,1234.8471,18.2937,-2.0429
1/1/2022 23:28,58.27183897,9,154.7642079,1266.8379,18.3011,-1.8496
1/1/2022 23:28,56.81951155,11,154.7389556,1155.3283,18.183,-1.6674
1/1/2022 23:29,56.81951155,12,154.7414515,923.6349,18.0718,-1.8462
1/1/2022 23:29,56.86142847,13,154.7448623,899.6706,18.2701,-1.9801
1/1/2022 23:29,56.86142847,11,154.738476,1125.786,18.4389,-1.8513
1/1/2022 23:29,57.14994919,10,154.7310593,1295.2769,18.3599,-1.1094
1/1/2022 23:29,57.14994919,11,154.7315389,1271.6674,18.2747,-1.2419
1/1/2022 23:29,57.90521256,12,154.7359268,1249.5647,18.2676,-1.9873
1/1/2022 23:30,57.90521256,12,154.7400925,1262.055,18.2695,-1.8342
1/1/2022 23:30,57.27332738,11,154.7360422,1355.0459,18.363,-0.6394
1/1/2022 23:30,57.27332738,11,154.7370282,1383.6032,18.3561,0.3916
1/1/2022 23:30,55.15304967,10,154.7420378,1051.5221,18.0802,-0.6984
1/1/2022 23:30,55.15304967,10,154.7405544,812.437,18.0462,-1.8683
1/1/2022 23:30,56.24850515,9,154.7326225,706.4019,18.1901,-1.9669
1/1/2022 23:31,56.24850515,8,154.7276929,690.0962,18.2384,-1.9587
1/1/2022 23:31,54.9579919,7,154.7335197,645.7677,18.1846,-1.9523
1/1/2022 23:31,54.9579919,7,154.7289542,605.4545,18.1178,-1.9515
1/1/2022 23:31,54.66799509,7,154.7251792,606.2405,18.1272,-1.952
1/1/2022 23:31,54.66799509,7,154.7319653,601.2454,18.0813,-1.952
1/1/2022 23:31,54.13264176,5,154.738778,616.1754,18.1037,-1.952
1/1/2022 23:32,54.13264176,5,154.7324005,601.8403,18.0197,-1.952
1/1/2022 23:32,52.44121701,5,154.7288831,513.4458,17.2897,-1.952
1/1/2022 23:32,52.44121701,6,154.7288831,440.6592,16.4464,-1.952
1/1/2022 23:32,49.38737323,7,154.7249394,319.8605,14.8004,-1.952
1/1/2022 23:32,49.38737323,8,154.7242821,265.3832,13.9096,-1.952
1/1/2022 23:32,49.21385444,8,154.7266092,255.9355,13.6294,-1.952
1/1/2022 23:33,49.21385444,8,154.7315478,285.4174,14.0444,-1.952
1/1/2022 23:33,51.99279156,7,154.735456,371.2455,15.2837,-1.952
1/1/2022 23:33,51.99279156,8,154.7347632,427.476,16.1023,-1.952
1/1/2022 23:33,52.52228707,10,154.7329867,448.5295,16.4655,-1.952
1/1/2022 23:33,52.52228707,11,154.7340437,439.784,16.3514,-1.952
1/1/2022 23:33,52.39564241,11,154.7345589,442.8647,16.3522,-1.952
1/1/2022 23:34,52.39564241,11,154.7290075,463.2331,16.5796,-1.952
1/1/2022 23:34,55.34660203,11,154.7272932,602.5546,17.4543,-1.952
1/1/2022 23:34,55.34660203,10,154.7279682,837.7627,18.1118,-1.952
1/1/2022 23:34,56.66547678,10,154.7269379,1164.8622,18.4205,-1.9298
1/1/2022 23:34,56.66547678,10,154.7302776,1201.0073,18.3306,-1.9472
1/1/2022 23:34,56.26242777,9,154.7436188,1115.1548,18.2237,-2.037
1/1/2022 23:35,56.26242777,9,154.7453775,1054.8323,18.215,-2.0423
1/1/2022 23:35,55.65929755,9,154.7360866,1005.7378,18.2343,-1.9991
1/1/2022 23:35,55.65929755,9,154.7317077,948.4279,18.2186,-1.9898
1/1/2022 23:35,55.73473288,9,154.7245663,917.7654,18.2558,-1.9809
1/1/2022 23:35,55.73473288,9,154.7205515,940.4897,18.2825,-1.9767
1/1/2022 23:35,55.91132643,9,154.733342,928.5798,18.2606,-1.975
1/1/2022 23:36,55.91132643,8,154.7513464,921.1814,18.2627,-1.975
1/1/2022 23:36,55.49108947,7,154.7594648,848.9556,18.2286,-1.975
1/1/2022 23:36,55.49108947,7,154.7587897,819.2511,18.2364,-1.975
1/1/2022 23:36,55.33016602,9,154.8642489,807.0116,18.2463,-1.975
1/1/2022 23:36,55.33016602,9,154.9726572,721.7864,18.1774,-1.975
1/1/2022 23:36,54.64606818,8,155.0334029,596.4266,17.983,-1.975
1/1/2022 23:37,54.64606818,8,155.0350462,582.5025,17.9121,-1.975
1/1/2022 23:37,54.57810648,7,155.0308981,588.386,17.9835,-1.975
1/1/2022 23:37,54.57810648,7,155.0309248,571.8645,17.8567,-1.975
1/1/2022 23:37,53.49250734,7,155.0344599,532.7775,17.4474,-1.975
1/1/2022 23:37,53.49250734,6,155.0354015,522.322,17.3101,-1.975
1/1/2022 23:37,53.22063975,6,155.0319818,518.1016,17.2499,-1.975
1/1/2022 23:38,53.22063975,7,155.0255333,524.073,17.304,-1.975
1/1/2022 23:38,54.16867381,7,155.0272564,555.1638,17.5956,-1.975
1/1/2022 23:38,54.16867381,7,155.0328967,585.7754,17.8963,-1.975
1/1/2022 23:38,53.85580317,6,155.0307649,582.7854,17.9504,-1.975
1/1/2022 23:38,53.85580317,6,155.0293349,528.4933,17.425,-1.975
1/1/2022 23:38,51.35560908,7,155.0309958,421.7105,16.1835,-1.975
1/1/2022 23:39,51.35560908,8,155.0308182,377.6143,15.5838,-1.975
1/1/2022 23:39,50.29886313,9,155.030756,351.839,15.1994,-1.975
1/1/2022 23:39,50.29886313,9,155.0322571,332.0246,14.9241,-1.975
1/1/2022 23:39,50.1259119,10,155.0327634,320.9267,14.6997,-1.975
1/1/2022 23:39,50.1259119,10,155.0306228,343.3914,14.965,-1.975
1/1/2022 23:39,53.07963081,9,155.0277361,427.9464,16.0539,-1.975
1/1/2022 23:40,53.07963081,10,155.0305251,491.3192,16.8618,-1.975
1/1/2022 23:40,53.9185538,9,155.034753,545.9759,17.5241,-1.975
1/1/2022 23:40,53.9185538,9,155.0331809,563.6605,17.7352,-1.975
1/1/2022 23:40,53.55658941,9,155.0321505,544.0995,17.5835,-1.975
1/1/2022 23:40,53.55658941,10,155.0321239,507.9971,17.1924,-1.975
1/1/2022 23:40,52.8282251,10,155.0313334,475.9569,16.8005,-1.975
1/1/2022 23:41,52.8282251,10,155.0309248,456.2954,16.5668,-1.975
1/1/2022 23:41,52.80637052,10,155.0301254,438.4991,16.3014,-1.975
1/1/2022 23:41,52.80637052,10,155.0296369,466.7168,16.6043,-1.975
1/1/2022 23:41,54.64886092,9,155.0302675,545.4387,17.3995,-1.975
1/1/2022 23:41,54.64886092,10,155.0323193,672.7148,17.8986,-1.975
1/1/2022 23:41,56.12357725,12,155.0314577,885.0919,18.3316,-1.975
1/1/2022 23:42,56.12357725,11,155.0310136,996.8681,18.3671,-1.975
1/1/2022 23:42,56.83349503,10,155.0264659,1227.4851,18.4135,-1.4205
1/1/2022 23:42,56.83349503,11,155.0245651,1283.1731,18.3451,-1.1247
1/1/2022 23:42,57.31037245,11,155.0347086,1174.0053,18.2094,-1.7115
1/1/2022 23:42,57.31037245,10,155.0314577,1128.1064,18.2204,-2.0125
1/1/2022 23:42,56.58220175,9,155.0235703,994.7302,18.1699,-1.9819
1/1/2022 23:43,56.58220175,9,155.0293171,822.0172,18.1138,-1.9753
1/1/2022 23:43,54.92239814,8,155.0313067,647.84,18.1419,-1.9684
1/1/2022 23:43,54.92239814,8,155.0301609,589.8502,17.9712,-1.9667
1/1/2022 23:43,53.9990387,8,155.030685,535.5165,17.4865,-1.9671
1/1/2022 23:43,53.9990387,8,155.0301343,525.5453,17.3464,-1.967
1/1/2022 23:43,54.45623917,8,155.0204615,539.1109,17.4659,-1.967
1/1/2022 23:44,54.45623917,8,155.0204881,566.5995,17.7343,-1.967
1/1/2022 23:44,54.8444345,8,155.0259418,599.0188,18.0892,-1.967
1/1/2022 23:44,54.8444345,8,155.0165622,603.1816,18.1367,-1.967
1/1/2022 23:44,54.33829728,8,155.0228863,590.2444,18.0285,-1.967
1/1/2022 23:44,54.33829728,8,155.0288286,574.794,17.8798,-1.967
1/1/2022 23:44,54.79464572,10,155.0267857,579.9006,17.9025,-1.967
1/1/2022 23:45,54.79464572,12,155.0306139,592.606,18.0298,-1.967
1/1/2022 23:45,55.63472123,13,155.0264126,661.757,18.1898,-1.967
1/1/2022 23:45,55.63472123,13,155.0211898,856.5174,18.3697,-1.9664
1/1/2022 23:45,56.74038883,14,155.0259063,1307.9897,18.6431,0.3488
1/1/2022 23:45,56.74038883,14,155.0282423,1472.4522,18.6506,3.1369
1/1/2022 23:45,54.71985053,13,155.0236147,1496.9421,18.4103,4.3897
1/1/2022 23:46,54.71985053,13,155.0217228,1496.3797,18.3205,3.5961
1/1/2022 23:46,56.84599918,12,155.0225932,1350.4702,18.1538,1.1189
1/1/2022 23:46,56.84599918,12,155.0224067,1206.5409,18.0921,-0.909
1/1/2022 23:46,57.5640178,10,155.0272653,1148.15,18.2273,-2.0187
1/1/2022 23:46,57.5640178,9,155.0314488,1115.6471,18.2369,-1.9917
1/1/2022 23:46,57.73236932,9,155.0247516,1077.6822,18.2414,-1.9797
1/1/2022 23:47,57.73236932,9,155.0118901,1121.3465,18.2959,-1.9775
1/1/2022 23:47,57.06570018,9,155.0132668,1252.1695,18.3504,-1.6947
1/1/2022 23:47,57.06570018,10,155.0188982,1235.3358,18.2709,-1.6248
1/1/2022 23:47,57.10463759,10,155.0093497,1156.9242,18.2262,-1.9158
1/1/2022 23:47,57.10463759,9,155.0030522,1177.5409,18.2784,-1.983
1/1/2022 23:47,57.32042431,8,155.0005918,1133.6948,18.2281,-1.9643
1/1/2022 23:48,57.32042431,8,154.9961418,1107.2235,18.2384,-1.9589
1/1/2022 23:48,56.28563222,8,154.9946141,1056.3482,18.2224,-1.9548
1/1/2022 23:48,56.28563222,8,154.9983091,911.3459,18.1507,-1.9546
1/1/2022 23:48,56.06616022,8,155.0062321,764.0377,18.1908,-1.9539
1/1/2022 23:48,56.06616022,8,155.0062054,758.2697,18.2461,-1.9523
1/1/2022 23:48,54.73839494,9,154.9977495,644.0981,18.1099,-1.9502
1/1/2022 23:49,54.73839494,9,154.9961951,575.3294,17.8982,-1.9493
1/1/2022 23:49,53.65781398,8,154.9951292,555.6773,17.6709,-1.949
1/1/2022 23:49,53.65781398,8,154.9970656,544.2723,17.5451,-1.949
1/1/2022 23:49,53.88076684,8,155.0032654,535.0451,17.4378,-1.949
1/1/2022 23:49,53.88076684,8,155.0126362,550.6294,17.5726,-1.949
1/1/2022 23:49,54.5593955,7,155.0076532,572.7585,17.8315,-1.949
1/1/2022 23:50,54.5593955,7,155.0033098,574.2413,17.8815,-1.949
1/1/2022 23:50,54.44325032,8,155.0028923,563.193,17.7681,-1.949
1/1/2022 23:50,54.44325032,9,154.9925356,556.84,17.6914,-1.949
1/1/2022 23:50,54.69378586,10,154.9870908,566.7967,17.7765,-1.949
1/1/2022 23:50,54.69378586,10,154.9874549,612.699,17.9859,-1.949
1/1/2022 23:50,55.75093602,10,155.3371279,833.4515,18.3384,-1.949
1/1/2022 23:51,55.75093602,9,155.793996,1027.2856,18.4291,-1.949
1/1/2022 23:51,57.60751536,9,156.115548,1100.0015,18.3065,-1.949
1/1/2022 23:51,57.60751536,10,156.1129988,994.5718,18.1959,-1.949
1/1/2022 23:51,58.09198429,9,156.1143844,881.2733,18.2026,-1.949
1/1/2022 23:51,58.09198429,8,156.1137182,930.1493,18.2973,-1.949
1/1/2022 23:51,58.32256621,10,156.118719,1145.1609,18.3968,-1.9307
1/1/2022 23:52,58.32256621,11,156.1198026,1129.7702,18.2817,-1.9311
1/1/2022 23:52,57.48276421,12,156.1179107,1021.999,18.2273,-1.9609
1/1/2022 23:52,57.48276421,12,156.1180617,1151.6683,18.3574,-1.817
1/1/2022 23:52,57.82495512,11,156.1262334,1344.6477,18.3682,-1.1502
1/1/2022 23:52,57.82495512,11,156.1334813,1425.7484,18.413,0.3584
1/1/2022 23:52,55.0879359,10,156.1356841,1497.3531,18.4743,2.9501
1/1/2022 23:53,55.0879359,10,156.1328418,1401.7146,18.2753,2.183
1/1/2022 23:53,56.3078495,9,156.1322733,1142.7598,18.083,-1.0553
1/1/2022 23:53,56.3078495,9,156.1336412,1065.6463,18.1685,-1.9642
1/1/2022 23:53,55.15573972,7,156.6091803,697.9326,18.2389,-2.076
1/1/2022 23:53,55.15573972,6,156.6056984,622.9313,17.957,-2.076
1/1/2022 23:53,52.93782851,7,156.8540449,503.5382,17.144,-2.076
1/1/2022 23:54,52.93782851,6,160.7968395,454.2623,16.568,-2.076
1/1/2022 23:54,51.40098348,5,166.4502143,391.52,15.7817,-2.076
1/1/2022 23:54,51.40098348,5,166.438019,345.5365,15.1535,-2.076
1/1/2022 23:54,49.44900633,4,166.4358339,288.3031,14.2495,-2.076
1/1/2022 23:54,49.44900633,5,166.5445848,276.0904,14.0111,-2.076
1/1/2022 23:54,50.25101909,6,166.556727,288.2522,14.1952,-2.076
1/1/2022 23:55,50.25101909,7,166.44858,296.0252,14.3312,-2.076
1/1/2022 23:55,51.20183978,7,166.4329916,313.6775,14.5558,-2.076
1/1/2022 23:55,51.20183978,7,166.4556325,345.4564,14.9807,-2.076
1/1/2022 23:55,51.96608962,6,166.4607043,389.55,15.629,-2.076
1/1/2022 23:55,51.96608962,5,166.4394934,414.1479,15.9716,-2.076
1/1/2022 23:55,52.48688578,6,166.4474253,448.9299,16.4494,-2.076
1/1/2022 23:56,52.48688578,7,166.445711,450.0288,16.4925,-2.076
1/1/2022 23:56,56.50943764,6,166.4556236,1180.0068,18.3822,-1.2618
1/1/2022 23:56,56.50943764,6,166.4616458,1096.4616,18.216,-1.2962
1/1/2022 23:56,55.66317372,5,167.5543757,876.4744,18.119,-1.999
1/1/2022 23:56,55.66317372,5,168.9345954,697.2589,18.0498,-1.9563
1/1/2022 23:56,55.95151636,5,169.2188454,570.1223,17.817,-1.9439
1/1/2022 23:57,55.95151636,5,169.2045272,549.2324,17.6014,-1.9374
1/1/2022 23:57,53.71327173,5,169.1991711,527.9274,17.3992,-1.936
1/1/2022 23:57,53.71327173,4,169.1966219,481.5312,16.916,-1.936
1/1/2022 23:57,51.56671051,4,171.806339,408.9638,16.046,-1.936
1/1/2022 23:57,51.56671051,3,176.2702095,332.7503,14.9868,-1.936
1/1/2022 23:57,47.85125072,4,177.8963608,265.4249,13.8956,-1.936
1/1/2022 23:58,47.85125072,4,177.6935905,212.1595,12.9012,-1.936
1/1/2022 23:58,46.24418816,4,177.6997104,181.555,12.2216,-1.936
1/1/2022 23:58,46.24418816,4,177.6813241,176.3542,12.042,-1.936
1/1/2022 23:58,46.54325313,6,177.6560274,181.6178,12.1601,-1.936
1/1/2022 23:58,46.54325313,7,177.6491169,182.8408,12.2022,-1.936
1/1/2022 23:58,47.35412282,8,177.6685069,188.3648,12.2907,-1.936
1/1/2022 23:59,47.35412282,7,177.6757815,210.402,12.7148,-1.936
1/1/2022 23:59,50.12397007,7,177.6758881,249.4121,13.4298,-1.936
1/1/2022 23:59,50.12397007,8,177.682612,304.6941,14.3393,-1.936
1/1/2022 23:59,52.29478342,9,177.7180789,369.5699,15.3201,-1.936
1/1/2022 23:59,52.29478342,8,177.7778389,429.5192,16.1417,-1.936
1/1/2022 23:59,53.75814296,7,177.8011726,497.7953,16.9515,-1.936
1/2/2022 0:00,53.75814296,7,177.7976996,554.7287,17.6226,-1.936
1/2/2022 0:00,54.19898116,6,177.8002666,563.7956,17.7602,-1.936
1/2/2022 0:00,54.19898116,6,177.7977085,552.1732,17.6389,-1.936
1/2/2022 0:00,53.5133009,6,177.7951593,539.1269,17.5062,-1.936
1/2/2022 0:00,53.5133009,7,177.7972022,506.8138,17.1739,-1.936
1/2/2022 0:00,52.0348045,7,177.7968291,453.6204,16.5655,-1.936
1/2/2022 0:01,57.35259408,10,310.9598875,1131.6657,18.2836,-2.0279
1/2/2022 0:01,56.48928613,9,310.9488113,1134.5861,18.2698,-1.9172
1/2/2022 0:01,55.90244376,12,315.1227959,1136.9583,18.2433,-1.9046
1/2/2022 0:01,57.00209507,12,331.7457502,994.1024,18.2563,-1.9836
1/2/2022 0:01,58.07914927,11,333.8325496,1341.314,18.3856,-1.2614
1/2/2022 0:01,57.96780928,10,347.5263973,1089.2284,18.1209,-1.4453
1/2/2022 0:02,56.34881673,12,351.2469629,877.5221,18.2149,-1.9938
1/2/2022 0:02,57.32938064,11,351.205838,924.4021,18.3741,-2.0089
1/2/2022 0:02,57.06227374,10,351.2029601,1151.4974,18.2836,-1.9971
1/2/2022 0:02,54.75035825,9,19.16231154,506.6448,16.9955,-1.965
1/2/2022 0:02,55.97674031,10,19.16652174,949.9918,18.3826,-1.9594
1/2/2022 0:02,55.47521094,9,19.13814288,917.531,18.1994,-1.936
1/2/2022 0:03,54.95081891,9,24.48777643,813.5891,18.1847,-2.0733
1/2/2022 0:03,54.81063975,8,40.51081572,735.0191,18.2885,-2.0956
1/2/2022 0:03,55.85509136,7,44.0623329,715.1053,18.2735,-2.095
1/2/2022 0:03,54.93451132,6,44.05687918,808.6219,18.2495,-2.095
1/2/2022 0:03,54.39551164,6,44.04331595,589.4306,18.0589,-2.095
1/2/2022 0:03,53.82382222,6,44.05605313,488.1401,17.0308,-2.095
1/2/2022 0:04,51.49122256,6,44.06146243,371.5527,15.5628,-2.095
1/2/2022 0:04,49.57748105,6,44.05189623,314.3447,14.6539,-2.095
1/2/2022 0:04,48.7131709,5,44.05337957,275.668,14.0498,-2.095
1/2/2022 0:04,47.62084375,5,44.05107018,247.7803,13.5887,-2.095
1/2/2022 0:04,45.88195002,5,44.05017307,188.8299,12.4193,-2.095
1/2/2022 0:04,44.56644394,7,44.05745653,111.0781,11.322,-2.095
1/2/2022 0:05,44.14101046,7,44.05309533,44.9461,11.0973,-2.095
1/2/2022 0:05,44.54276252,7,44.05488067,97.7423,11.1534,-2.095
1/2/2022 0:05,45.02849441,5,44.05310422,111.9576,11.111,-2.095
1/2/2022 0:05,46.58533465,6,44.05590213,150.8662,11.4718,-2.095
1/2/2022 0:05,48.15128533,6,44.05062606,216.8375,12.8601,-2.095
1/2/2022 0:05,47.62561333,6,44.05281998,246.526,13.5009,-2.095
1/2/2022 0:06,46.94706785,6,44.05414344,219.5339,13.0247,-2.095
1/2/2022 0:06,46.76936435,5,44.05210052,202.3895,12.6678,-2.095
1/2/2022 0:06,47.34662561,5,44.05353056,208.3722,12.7486,-2.095
1/2/2022 0:06,48.35026874,6,44.05334404,244.8906,13.434,-2.095
1/2/2022 0:06,48.50754263,6,44.04858314,280.075,14.0865,-2.095
1/2/2022 0:06,48.39169977,6,44.05607978,253.931,13.6632,-2.095
1/2/2022 0:07,48.48893928,6,44.05013754,257.693,13.7217,-2.095
1/2/2022 0:07,47.86347084,6,44.05358386,247.6668,13.5729,-2.095
1/2/2022 0:07,47.9350732,6,44.04813903,230.1301,13.2317,-2.095
1/2/2022 0:07,48.39867226,6,44.05059053,255.4544,13.6401,-2.095
1/2/2022 0:07,48.52273302,5,44.04825449,284.3771,14.1761,-2.095
1/2/2022 0:07,48.35039205,6,44.05417009,264.7382,13.8678,-2.095
1/2/2022 0:08,47.98341485,6,44.05562678,259.105,13.7332,-2.095
1/2/2022 0:08,47.57026738,6,44.05367268,237.7436,13.4086,-2.095
1/2/2022 0:08,46.68044549,6,44.05177187,203.7851,12.7,-2.095
1/2/2022 0:08,47.64615198,6,44.05065271,219.9882,12.9992,-2.095
1/2/2022 0:08,48.36166993,6,44.05541361,247.9549,13.5347,-2.095
1/2/2022 0:08,48.72131755,5,44.05101688,265.5529,13.8534,-2.095
1/2/2022 0:09,49.38394981,5,44.05033295,272.1795,13.9863,-2.095
1/2/2022 0:09,50.27389026,4,44.04733962,242.7874,13.5154,-2.095
1/2/2022 0:09,49.56350965,4,44.04862755,206.8453,12.8153,-2.095
1/2/2022 0:09,46.41868005,4,44.05288216,167.4891,11.9434,-2.095
1/2/2022 0:09,46.73983498,5,44.04728633,98.8387,11.1597,-2.095
1/2/2022 0:09,45.55605687,5,44.05197617,84.0957,11.1183,-2.095
1/2/2022 0:10,44.5770301,5,44.05181629,81.9218,11.1063,-2.095
1/2/2022 0:10,44.55487639,4,44.05117676,59.2636,11.1021,-2.095
1/2/2022 0:10,44.55257288,4,44.07548754,51.602,11.1084,-1.9171
1/2/2022 0:10,43.95898182,3,44.06640985,44.4877,11.1161,-0.9592
1/2/2022 0:10,44.25444858,3,44.03102289,48.5367,11.1099,-0.958
1/2/2022 0:10,44.02699764,3,44.03707171,44.5481,11.116,-0.958
1/2/2022 0:11,43.92112442,3,44.03157359,-5.8104,11.0604,-0.958
1/2/2022 0:11,43.65166847,5,44.07530988,-9.1628,10.8419,-0.958
1/2/2022 0:11,44.81883126,5,86.06406354,-7.0702,11.0945,-0.979
1/2/2022 0:11,45.75632174,4,98.88225935,39.9406,11.1468,-0.979
1/2/2022 0:11,46.63538702,4,102.2172957,94.6103,11.1452,-0.979
1/2/2022 0:11,49.24808292,5,102.229873,143.8438,11.2988,-0.979
1/2/2022 0:12,49.23036559,6,102.2233978,160.8399,11.7123,-0.979
1/2/2022 0:12,49.44934768,6,102.2262935,188.1588,12.3481,-1.2539
1/2/2022 0:12,47.48897867,6,102.2267998,207.0284,12.7506,-2.0479
1/2/2022 0:12,48.49411254,6,102.2271373,233.2425,13.2319,-2.048
1/2/2022 0:12,48.71939622,5,102.2278745,263.2881,13.7814,-2.048
1/2/2022 0:12,48.97787336,6,102.2243216,283.9053,14.1685,-2.048
1/2/2022 0:13,48.26832653,5,102.2281765,261.6313,13.8278,-2.048
1/2/2022 0:13,47.50448656,5,102.2222432,233.8995,13.3005,-2.048
1/2/2022 0:13,47.16737859,6,102.2243127,223.1152,13.1296,-2.048
1/2/2022 0:13,45.29456507,5,102.2173313,181.2517,12.2664,-2.048
1/2/2022 0:13,44.32532226,3,102.226027,116.6015,11.2225,-2.048
1/2/2022 0:13,44.24526101,4,102.2189212,91.7169,11.108,-2.048
1/2/2022 0:14,43.82692262,4,102.2268797,39.3817,11.0775,-2.048
1/2/2022 0:14,43.87350448,3,107.8505175,14.5874,11.103,-2.048
1/2/2022 0:14,44.4404733,3,111.4247484,12.9791,11.1146,-2.048
1/2/2022 0:14,45.34567966,4,111.472384,-3.3953,11.0953,-1.2497
1/2/2022 0:14,46.69012658,4,111.4770294,14.7325,11.1285,-0.897
1/2/2022 0:14,47.23353653,4,111.476381,12.122,11.1049,-0.897
1/2/2022 0:15,49.73051437,3,111.4559785,8.7802,11.118,-0.897
1/2/2022 0:15,50.6188668,3,112.5556797,2.7318,11.1064,-0.897
1/2/2022 0:15,51.39052895,3,120.2065707,-6.0291,11.1055,-0.897
1/2/2022 0:15,50.19549287,3,120.9787873,-8.5728,11.1097,-0.897
1/2/2022 0:15,49.11647517,3,120.9832818,-9.1604,11.0525,-0.897
1/2/2022 0:15,48.65227929,3,120.9826689,-8.7677,11.0022,-0.897
1/2/2022 0:16,45.86229675,3,120.9964719,12.9745,11.1062,-0.897
1/2/2022 0:16,45.16200057,4,121.0016681,29.318,11.1263,-0.897
1/2/2022 0:16,44.49303643,4,121.0054786,37.9513,11.1212,-0.897
1/2/2022 0:16,45.25452449,3,120.9810701,31.7804,11.1045,-0.897
1/2/2022 0:16,44.79371185,3,120.9872255,9.702,11.1005,-0.897
1/2/2022 0:16,44.63486862,3,120.9838147,21.4789,11.1261,-0.897
1/2/2022 0:17,44.31956003,3,120.9817362,26.4605,11.1154,-0.897
1/2/2022 0:17,43.71406288,3,120.9801286,28.1892,11.1126,-0.897
1/2/2022 0:17,43.84959482,4,120.9761759,5.8625,11.102,-0.897
1/2/2022 0:17,44.80691696,3,120.9765401,0.1179,11.1111,-0.897
1/2/2022 0:17,45.25722927,7,190.6556775,114.8786,11.1114,-1.971
1/2/2022 0:17,45.41654241,7,190.6521601,122.2807,11.1198,-1.971
1/2/2022 0:18,46.37405695,8,190.6579247,160.9742,11.2628,-1.971
1/2/2022 0:18,46.16995213,6,190.6587863,194.3231,11.508,-1.971
1/2/2022 0:18,47.1221315,7,190.6793044,218.2061,11.7765,-1.971
1/2/2022 0:18,48.01552566,6,92.71115888,168.69,12.4413,6.6048
1/2/2022 0:18,50.80636568,6,92.69490432,379.1388,14.6422,-1.0066
1/2/2022 0:18,51.81521371,6,92.68734551,373.9698,15.6077,-1.0252
1/2/2022 0:19,50.40835063,6,92.71347715,314.7561,14.8093,-1.7193
1/2/2022 0:19,50.8348404,5,92.69795094,281.3548,14.2045,-2.0831
1/2/2022 0:19,51.66102381,6,92.70778362,316.3241,14.669,-2.0945
1/2/2022 0:19,52.66628577,7,92.72234166,406.3869,16.0299,-2.095
1/2/2022 0:19,52.53690929,8,92.7113987,401.8923,15.9818,-2.095
1/2/2022 0:19,52.49202904,6,92.70572293,403.8185,16.0139,-2.095
1/2/2022 0:20,53.19072208,5,92.7078902,471.1887,16.8178,-2.095
1/2/2022 0:20,53.76155682,6,92.69903458,537.2014,17.5908,-2.095
1/2/2022 0:20,53.7609612,6,92.72696045,514.9075,17.3763,-2.095
1/2/2022 0:20,52.39533864,10,92.71992568,454.7132,16.7155,-2.095
1/2/2022 0:20,50.05085728,10,92.72266143,354.3873,15.4076,-2.095
1/2/2022 0:20,54.12275455,9,92.73391526,374.0628,15.4946,-2.095
1/2/2022 0:21,54.94130321,10,92.69715154,556.8178,17.4652,-2.095
1/2/2022 0:21,54.52485032,9,92.69956752,724.0461,18.2572,-2.095
1/2/2022 0:21,53.53315319,8,92.70286284,553.667,17.8272,-2.095
1/2/2022 0:21,51.5731992,8,92.69653866,460.3843,16.797,-2.095
1/2/2022 0:21,50.31315035,7,92.69630772,374.23,15.6636,-2.095
1/2/2022 0:21,49.50269235,8,92.71236687,310.344,14.7025,-2.095
1/2/2022 0:22,49.7598415,8,92.74738967,293.1695,14.3785,-2.095
1/2/2022 0:22,51.46955284,5,92.7378057,460.1637,16.8336,-2.095
1/2/2022 0:22,48.9527653,5,92.73764582,307.9887,14.7423,-2.095
1/2/2022 0:22,46.4582091,5,92.72153338,203.7999,12.8695,-2.095
1/2/2022 0:22,45.3137668,4,92.72415365,153.2457,11.6342,-2.095
1/2/2022 0:22,47.93345653,6,92.72369177,176.5375,12.0368,-2.095
1/2/2022 0:23,51.74565979,8,92.73766358,295.7623,14.3426,-2.095
1/2/2022 0:23,54.7311615,8,92.72200414,489.3134,16.8694,-2.095
1/2/2022 0:23,54.11477798,8,92.73904922,598.4364,18.1347,-2.095
1/2/2022 0:23,52.51228935,8,92.7326451,483.5116,17.0643,-2.095
1/2/2022 0:23,52.61225571,7,92.73883604,461.546,16.754,-2.095
1/2/2022 0:23,53.81530546,7,92.73293821,516.423,17.3559,-2.095
1/2/2022 0:24,53.99406538,8,92.72489976,574.2725,17.993,-2.095
1/2/2022 0:24,51.89845004,8,92.74417429,489.7921,17.1372,-2.095
1/2/2022 0:24,49.76194493,7,92.80956553,362.54,15.5232,-2.095
1/2/2022 0:24,48.22827074,6,92.74083456,264.1584,13.9813,-2.095
1/2/2022 0:24,46.81839344,5,92.76508316,183.1885,12.3687,-2.095
1/2/2022 0:24,46.6598367,4,92.73366656,170.7847,12.0055,-2.095
1/2/2022 0:25,46.65831918,5,92.71917069,176.3842,12.1924,-2.095
1/2/2022 0:25,46.11320435,5,92.72241272,135.3546,11.4404,-2.095
1/2/2022 0:25,45.97747437,6,92.72628539,76.3146,11.1024,-2.095
1/2/2022 0:25,45.59394328,7,92.75929191,88.6539,11.1251,-2.095
1/2/2022 0:25,45.82729774,7,92.77554631,119.5908,11.1253,-2.095
1/2/2022 0:25,46.51109472,4,92.74197149,116.0612,11.1154,-2.095
1/2/2022 0:26,46.03923896,3,92.79992827,98.3276,11.1155,-2.095
1/2/2022 0:26,45.7376612,6,92.78620513,141.0267,11.1705,-2.095
1/2/2022 0:26,45.58270709,7,92.74205143,71.095,11.0471,-2.095
1/2/2022 0:26,45.40192663,7,92.74254883,12.2524,11.0864,-2.095
1/2/2022 0:26,45.35989533,8,92.74227348,37.9411,11.0978,-2.095
1/2/2022 0:26,45.29806376,6,92.85647192,16.7775,11.1067,-1.399
1/2/2022 0:27,45.67729936,5,92.81088015,45.6694,11.1253,-0.948
1/2/2022 0:27,47.42081055,6,92.80864181,36.6355,11.1013,-0.948
1/2/2022 0:27,47.64656713,6,92.78169301,67.254,11.1294,-0.948
1/2/2022 0:27,48.05226742,5,92.76099731,145.6901,11.206,-0.948
1/2/2022 0:27,47.39496523,6,92.73987527,176.7589,11.3956,-0.948
1/2/2022 0:27,45.96019951,6,92.74016838,155.0143,11.3658,-0.948
1/2/2022 0:28,45.99060855,6,92.74250442,103.6996,11.028,-1.9845
1/2/2022 0:28,46.61136668,5,92.84497717,101.7463,11.08,-2.079
1/2/2022 0:28,46.24961741,5,92.74358806,134.9092,11.1431,-2.079
1/2/2022 0:28,45.53888246,4,92.80649152,127.6129,11.1147,-2.079
1/2/2022 0:28,45.51198303,4,92.74053256,106.5913,11.1057,-2.079
1/2/2022 0:28,45.71400424,4,92.73477685,154.931,11.2336,-2.079
1/2/2022 0:29,45.37302333,4,92.73768135,173.2394,11.399,-2.079
1/2/2022 0:29,44.74220593,3,92.73441267,118.3233,11.1248,-2.079
1/2/2022 0:29,44.60054554,5,92.7418649,40.8606,11.0108,-2.079
1/2/2022 0:29,44.48174371,5,92.7419626,34.6165,11.0995,-2.079
1/2/2022 0:29,44.50261559,4,93.09265579,87.6658,11.1295,-2.0525
1/2/2022 0:29,44.43723987,4,92.81487619,67.5597,11.0902,-0.8741
1/2/2022 0:30,44.67268627,4,92.78573415,33.0451,11.0857,-0.817
1/2/2022 0:30,44.80878759,3,92.9811492,19.4435,11.1123,-0.817
1/2/2022 0:30,44.79546763,3,92.77535995,50.1008,11.1205,-0.817
1/2/2022 0:30,44.56617176,3,92.82756095,67.0897,11.1148,-0.817
1/2/2022 0:30,44.91496817,3,93.1157594,66.9815,11.1135,-0.817
1/2/2022 0:30,45.015354,4,92.87509796,81.1933,11.1023,-0.817
1/2/2022 0:31,44.91591846,5,92.73696188,58.6027,11.1023,-0.817
1/2/2022 0:31,45.61985176,6,92.72399377,70.3281,11.1112,-0.817
1/2/2022 0:31,45.28456985,6,92.71251787,128.1831,11.1912,-0.817
1/2/2022 0:31,45.39111512,6,92.73698853,214.8115,11.5852,-0.817
1/2/2022 0:31,46.87253194,8,92.7227236,241.978,11.9152,-0.817
1/2/2022 0:31,52.36553937,8,92.73477685,356.004,13.6626,-1.5289
1/2/2022 0:32,54.7089693,8,92.736953,663.4373,17.092,-1.9629
1/2/2022 0:32,54.77584582,8,92.72982054,812.2144,17.8449,-1.9417
1/2/2022 0:32,55.03434632,9,92.74019503,897.6973,18.0618,-1.94
1/2/2022 0:32,56.3479538,11,92.7341462,1052.425,18.2092,-1.94
1/2/2022 0:32,56.95791319,12,92.73101964,1188.705,18.3107,-1.6278
1/2/2022 0:32,55.27469568,12,92.73785899,1488.3979,18.4808,2.1495
1/2/2022 0:33,54.69188576,12,92.73203222,1496.5194,18.4095,4.6793
1/2/2022 0:33,55.95171963,11,92.73081535,1463.3694,18.2592,1.5325
1/2/2022 0:33,56.61960126,11,92.7353009,1246.6676,18.1891,-1.1845
1/2/2022 0:33,55.90958468,12,92.73052224,1327.7394,18.3089,-1.2147
1/2/2022 0:33,57.46762836,11,92.73351556,1315.6848,18.2608,-1.4797
1/2/2022 0:33,57.01623054,7,92.73062882,1333.0795,18.2482,-0.3145
1/2/2022 0:34,56.45810612,8,92.7291366,1186.4802,18.2655,-1.896
1/2/2022 0:34,54.86707732,7,92.72404706,937.3208,18.1006,-2.0206
1/2/2022 0:34,54.20453091,7,92.73748594,619.525,18.1764,-1.9458
1/2/2022 0:34,52.76425006,7,92.73013142,529.2731,17.5752,-1.9302
1/2/2022 0:34,51.83760907,6,92.73479461,447.8948,16.629,-1.929
1/2/2022 0:34,49.90284345,6,92.72259037,359.8632,15.47,-1.929
1/2/2022 0:35,48.12842725,6,92.72745785,267.8975,14.0385,-1.929
1/2/2022 0:35,46.11001075,8,92.72853261,185.7169,12.438,-1.929
1/2/2022 0:35,48.17109875,8,92.71822917,205.2304,12.3585,-1.929
1/2/2022 0:35,52.07925441,8,92.73106406,325.5434,14.4414,-1.929
1/2/2022 0:35,54.96217155,9,92.73331127,499.0946,17.0507,-1.929
1/2/2022 0:35,55.5280607,9,92.73269839,612.2119,17.9839,-1.929
1/2/2022 0:36,56.15405809,9,169.817451,1045.6062,18.2748,-2.001
1/2/2022 0:36,55.31501274,10,172.5773865,911.4863,18.2025,-2.001
1/2/2022 0:36,56.25924715,9,184.2311344,943.5374,18.3303,-2.001
1/2/2022 0:36,57.54963191,11,185.4360544,1252.7238,18.3555,-1.9392
1/2/2022 0:36,57.04952083,12,247.2411281,1462.7885,18.2073,1.0628
1/2/2022 0:36,56.99832654,11,247.2452317,1479.0696,18.3082,0.882
1/2/2022 0:37,56.8145724,13,247.2851043,1446.7008,18.3039,0.7298
1/2/2022 0:37,55.62868102,14,247.2744544,1491.5571,18.4181,2.1443
1/2/2022 0:37,52.25109301,7,266.6801861,436.4535,16.4043,-2.069
1/2/2022 0:37,52.50961947,8,266.6780988,445.8752,16.4918,-2.069
1/2/2022 0:37,54.61974437,9,266.6782054,573.9439,17.4831,-2.069
1/2/2022 0:37,55.82242121,8,266.7891094,927.2656,18.3503,-2.069
1/2/2022 0:38,56.08978026,8,266.8349597,959.8816,18.2249,-2.069
1/2/2022 0:38,55.34745674,10,266.8138022,754.8559,18.2167,-2.069
1/2/2022 0:38,55.11704742,10,266.8027437,672.1762,18.2622,-2.069
1/2/2022 0:38,55.88751665,9,266.7593982,1067.9479,18.4305,-2.0475
1/2/2022 0:38,55.25771582,10,266.7508535,953.2971,18.1641,-1.9295
1/2/2022 0:38,55.80680293,12,266.7874485,783.5609,18.2704,-1.9121
1/2/2022 0:39,56.65258349,12,267.1877439,1233.6215,18.4635,-1.1892
1/2/2022 0:39,54.85437355,13,271.0820983,1498.4534,18.5202,4.0067
1/2/2022 0:39,56.84144791,13,271.2483567,1420.4979,18.2518,0.9653
1/2/2022 0:39,54.42372721,11,271.4438822,1496.8931,18.4996,5.9932
1/2/2022 0:39,54.6562212,12,271.4946266,1501.3432,18.356,4.0738
1/2/2022 0:39,54.90854137,12,272.1505591,1501.1557,18.4335,5.1016
1/2/2022 0:40,54.73213132,11,275.8531366,1500.2732,18.3584,4.5388
1/2/2022 0:40,56.15099468,11,276.4486254,1431.0042,18.1942,1.0899
1/2/2022 0:40,57.5989348,11,276.4479237,1378.8123,18.2637,0.2735
1/2/2022 0:40,56.99448534,10,276.5218864,1334.6305,18.2656,-0.8541
1/2/2022 0:40,56.43869883,10,284.583286,904.351,18.3009,-1.939
1/2/2022 0:40,56.00873071,10,284.615804,871.403,18.2347,-1.939
1/2/2022 0:41,56.23172648,10,286.5509137,1069.4068,18.3244,-1.96
1/2/2022 0:41,56.14532672,10,287.7549946,825.4982,18.1796,-2.0572
1/2/2022 0:41,57.04277334,11,287.6839364,921.0982,18.3636,-2.0723
1/2/2022 0:41,57.02125166,10,287.6824975,992.2498,18.2497,-2.072
1/2/2022 0:41,56.41118888,10,287.6785626,907.9805,18.2441,-2.072
1/2/2022 0:41,57.13908008,10,287.5341458,1068.5552,18.3519,-2.072
1/2/2022 0:42,57.48652185,12,287.4660454,1178.8286,18.277,-1.9855
1/2/2022 0:42,57.02986727,12,287.3522279,1302.6997,18.381,-0.8858
1/2/2022 0:42,56.62219287,13,287.2918374,1492.7333,18.3763,1.1906
1/2/2022 0:42,56.44796882,16,287.1877815,1480.0835,18.4826,2.5278
1/2/2022 0:42,54.73531742,15,287.1650163,1500.4655,18.6745,9.2575
1/2/2022 0:42,55.74328664,15,287.1730725,1499.5291,18.3772,8.7846
1/2/2022 0:43,56.83712305,15,287.192125,1498.7549,18.3688,9.3392
1/2/2022 0:43,57.46428255,15,287.2365452,1499.7362,18.4214,8.7227
1/2/2022 0:43,55.91438946,15,289.1306852,1501.8216,18.4375,9.4541
1/2/2022 0:43,58.05570754,14,289.5751854,1501.7626,18.3449,9.2012
1/2/2022 0:43,54.90391688,13,289.6191792,1501.8523,18.3532,8.7584
1/2/2022 0:43,56.15769548,13,289.9339227,1500.3271,18.2931,6.4702
1/2/2022 0:44,55.86234667,13,290.6471729,1500.7651,18.4083,6.4121
1/2/2022 0:44,53.89175774,13,295.6883575,1498.791,18.3693,6.5137
1/2/2022 0:44,55.01843592,11,295.8553696,1497.1211,18.2645,4.3001
1/2/2022 0:44,56.83755575,10,299.6730513,1363.3962,18.1581,0.3226
1/2/2022 0:44,57.5493644,10,307.2755948,1346.4765,18.3021,-0.9788
1/2/2022 0:44,57.98399208,13,325.5282802,1225.9479,18.2689,-1.9929
1/2/2022 0:45,56.69348564,13,325.527623,1400.8089,18.3517,-0.2638
1/2/2022 0:45,56.31887384,12,325.5264949,1489.2785,18.4625,2.5142
1/2/2022 0:45,55.46235423,11,325.5376688,1499.6498,18.3823,3.2416
1/2/2022 0:45,56.02961399,12,325.5524844,1420.8355,18.2097,1.2984
1/2/2022 0:45,56.0405016,11,325.5446947,1404.2422,18.2649,0.1447
1/2/2022 0:45,56.75714284,11,325.5364164,1349.2099,18.2381,-0.6062
1/2/2022 0:46,57.6487468,10,325.5407065,1249.6788,18.2462,-1.9615
1/2/2022 0:46,57.00318758,9,325.5436022,1237.1703,18.2535,-1.9285
1/2/2022 0:46,56.77135877,9,325.5330056,1286.9625,18.2986,-1.5595
1/2/2022 0:46,55.81665382,10,325.5387524,990.8965,18.1287,-2.0151
1/2/2022 0:46,55.7084196,11,325.5130294,948.7236,18.2757,-2.0796
1/2/2022 0:46,56.16945612,11,325.5559752,999.1801,18.2997,-1.9941
1/2/2022 0:47,56.42365386,11,325.612653,1087.5384,18.2809,-1.994
1/2/2022 0:47,56.3859973,11,325.6475958,1217.9545,18.3269,-1.9341
1/2/2022 0:47,55.95252933,12,325.6381984,1379.3817,18.3449,-0.4999
1/2/2022 0:47,56.37394915,12,325.6187817,1385.3136,18.2742,-0.1086
1/2/2022 0:47,55.14986308,12,325.6267669,1495.8874,18.4073,2.2128
1/2/2022 0:47,55.45207315,12,325.5987078,1501.5578,18.3862,1.7617
1/2/2022 0:48,56.71119893,10,325.6355692,1454.9339,18.2923,0.8761
1/2/2022 0:48,58.3828222,11,325.6774225,1395.3199,18.2682,0.0276
1/2/2022 0:48,58.22729229,10,325.683951,1285.7297,18.1947,-0.4346
1/2/2022 0:48,55.70464043,7,36.78374485,659.304,18.0026,-2.063
1/2/2022 0:48,56.35878773,10,48.06829696,962.707,18.3309,-2.063
1/2/2022 0:48,56.20737612,10,51.08793767,734.4289,18.2062,-2.063
1/2/2022 0:49,57.18248822,9,52.95811601,1033.6147,18.4124,-2.0538
1/2/2022 0:49,56.32060746,9,53.07308684,1077.172,18.223,-1.9342
1/2/2022 0:49,56.87849983,8,92.91925766,992.7494,18.1892,-1.9263
1/2/2022 0:49,55.95611277,9,92.6385996,721.0552,18.1745,-1.953
1/2/2022 0:49,54.22096997,8,92.63437163,562.3648,17.8037,-2.0573
1/2/2022 0:49,52.03812581,8,92.63284388,435.0206,16.379,-2.062
1/2/2022 0:50,52.5845389,10,92.66717386,396.2236,15.8076,-2.062
1/2/2022 0:50,55.20628653,9,92.65719908,503.6601,16.966,-2.062
1/2/2022 0:50,56.45308961,10,92.68476077,844.998,18.237,-2.0517
1/2/2022 0:50,56.45308961,10,92.69140471,868.7788,18.2727,-2.0537
1/2/2022 0:50,56.79112002,9,92.70831655,1286.6947,18.4309,-1.1075
1/2/2022 0:50,56.79112002,9,92.71311298,1297.6882,18.3956,-1.0226
1/2/2022 0:51,56.47603459,8,92.71147864,1084.9623,18.1809,-1.9195
1/2/2022 0:51,56.47603459,8,92.70696645,1062.2669,18.1826,-1.9973
1/2/2022 0:51,55.88071669,7,92.73975969,820.8989,18.151,-1.9743
1/2/2022 0:51,55.88071669,6,92.73954652,794.6326,18.1541,-1.9724
1/2/2022 0:51,55.47404054,7,92.70975548,631.0388,18.1956,-1.9631
1/2/2022 0:51,55.47404054,7,92.70182362,621.5032,18.1916,-1.963
1/2/2022 0:52,54.45145888,8,92.69296799,565.0065,17.8375,-1.963
1/2/2022 0:52,54.45145888,8,92.70836096,559.1255,17.7761,-1.963
1/2/2022 0:52,54.38157234,10,92.71644383,527.8591,17.4297,-1.963
1/2/2022 0:52,54.38157234,10,92.70765927,527.7393,17.4278,-1.963
1/2/2022 0:52,54.97021861,9,92.69996722,568.3943,17.8101,-1.963
1/2/2022 0:52,54.97021861,9,92.70002051,578.9801,17.8758,-1.963
1/2/2022 0:53,55.81905188,9,92.71058152,791.8701,18.3136,-1.963
1/2/2022 0:53,55.81905188,9,92.71187834,807.1464,18.3202,-1.963
1/2/2022 0:53,55.73471844,10,92.77760495,750.2386,18.2419,-1.963
1/2/2022 0:53,55.73471844,10,92.78303207,754.2003,18.2532,-1.963
1/2/2022 0:53,56.00208712,11,92.68014199,867.1915,18.3177,-1.963
1/2/2022 0:53,56.00208712,11,92.67280523,878.1833,18.3182,-1.963
1/2/2022 0:54,56.27187769,11,92.68106574,978.088,18.3085,-1.963
1/2/2022 0:54,56.27187769,11,92.68306425,987.9202,18.3046,-1.963
1/2/2022 0:54,57.21168227,13,92.71232232,1120.3811,18.3323,-1.963
1/2/2022 0:54,57.21168227,13,92.71059027,1127.596,18.3258,-1.963
1/2/2022 0:54,57.86147751,13,92.64546559,1139.4751,18.2831,-1.959
1/2/2022 0:54,57.86147751,13,92.64034052,1159.422,18.2981,-1.9261
1/2/2022 0:55,56.65478738,13,92.63335906,1384.679,18.3382,-0.1514
1/2/2022 0:55,56.65478738,13,92.63307482,1381.6199,18.3188,-0.0427
1/2/2022 0:55,57.66032139,13,92.64018952,1317.5131,18.2506,-1.1225
1/2/2022 0:55,57.66032139,13,92.64023393,1318.7603,18.2542,-1.2316
1/2/2022 0:55,58.21179426,13,92.62889127,1255.8063,18.2382,-1.9244
1/2/2022 0:55,58.21179426,13,92.62927321,1241.3622,18.2295,-1.9686
1/2/2022 0:56,58.95330753,13,92.69628992,1245.8719,18.2942,-1.8147
1/2/2022 0:56,58.95330753,13,92.7036178,1269.4623,18.3111,-1.6559
1/2/2022 0:56,58.02388931,12,92.7469365,1430.7803,18.3158,0.2408
1/2/2022 0:56,58.02388931,12,92.7446271,1442.6635,18.3212,0.4067
1/2/2022 0:56,56.59773866,13,92.69155571,1483.7453,18.3575,1.5054
1/2/2022 0:56,56.59773866,13,92.69053424,1482.9054,18.3529,1.5044
1/2/2022 0:57,56.12324067,13,92.69737359,1498.296,18.4867,3.0684
1/2/2022 0:57,56.12324067,13,92.70064227,1498.2308,18.4938,3.3621
1/2/2022 0:57,56.38366389,12,92.70209008,1490.2539,18.2588,1.9118
1/2/2022 0:57,56.38366389,12,92.70229437,1488.8459,18.244,1.5987
1/2/2022 0:57,56.19725887,12,92.68934402,1450.812,18.2525,0.7575
1/2/2022 0:57,56.19725887,12,92.68832256,1449.7516,18.2561,0.6773
1/2/2022 0:58,58.43241482,11,92.684743,1440.2073,18.2673,0.5245
1/2/2022 0:58,58.43241482,11,92.6835439,1428.9818,18.2601,0.5091
1/2/2022 0:58,56.84316311,11,92.67309831,1237.6221,18.1723,-1.1083
1/2/2022 0:58,56.84316311,11,92.67231667,1210.3843,18.1651,-1.3071
1/2/2022 0:58,56.62508104,11,92.66035228,999.1732,18.1866,-1.9682
1/2/2022 0:58,56.62508104,11,92.66093851,987.315,18.2003,-1.9657
1/2/2022 0:59,56.31369701,10,92.69519744,955.6385,18.2626,-1.9537
1/2/2022 0:59,56.31369701,10,92.6899036,954.9953,18.2605,-1.9531
1/2/2022 0:59,57.12358168,10,92.66001476,1178.9373,18.388,-1.9162
1/2/2022 0:59,57.12358168,10,92.66501548,1206.5628,18.3889,-1.9132
1/2/2022 0:59,56.67337729,11,92.66912797,1067.4298,18.175,-2.0471
1/2/2022 0:59,56.67337729,11,92.66422495,1046.4184,18.1777,-2.0549
1/2/2022 1:00,56.70130413,10,92.63049008,1086.7657,18.2994,-1.9876
1/2/2022 1:00,56.70130413,10,92.63027691,1085.2745,18.2884,-1.9852
1/2/2022 1:00,56.09156208,11,92.62818957,915.8325,18.1869,-1.9725
1/2/2022 1:00,56.09156208,11,92.62823398,897.097,18.1895,-1.9722
1/2/2022 1:00,56.50958495,10,92.6311296,836.3814,18.2607,-1.971
1/2/2022 1:00,56.50958495,10,92.63062332,839.088,18.2682,-1.971
1/2/2022 1:01,56.9286336,12,92.6299305,850.5104,18.2683,-1.971
1/2/2022 1:01,56.9286336,12,92.63064996,855.2062,18.2689,-1.971
1/2/2022 1:01,57.57009556,10,92.63772913,988.1856,18.3358,-1.971
1/2/2022 1:01,57.57009556,10,92.64313844,998.698,18.3318,-1.971
1/2/2022 1:01,57.48002231,11,92.66947438,996.3639,18.2594,-1.971
1/2/2022 1:01,57.48002231,11,92.66863056,988.2837,18.2572,-1.971
1/2/2022 1:02,57.57875784,11,92.67470603,1050.7453,18.3232,-1.9618
1/2/2022 1:02,57.57875784,11,92.67009613,1079.9716,18.3349,-1.9568
1/2/2022 1:02,57.84506361,12,92.66967866,1171.9328,18.2641,-1.9926
1/2/2022 1:02,57.84506361,12,92.66963425,1157.7194,18.251,-2.0063
1/2/2022 1:02,57.81444585,12,92.63998523,1075.1693,18.2689,-2.0694
1/2/2022 1:02,57.81444585,11,92.63972764,1093.2728,18.2878,-2.0716
1/2/2022 1:03,57.70583131,11,92.66130269,1207.1778,18.2878,-2.0795
1/2/2022 1:03,57.70583131,10,92.66181786,1198.0946,18.2708,-2.0797
1/2/2022 1:03,57.34516012,11,92.66752027,1133.0409,18.2497,-2.0817
1/2/2022 1:03,57.34516012,11,92.66768904,1138.6131,18.2609,-2.0817
1/2/2022 1:03,56.63968266,9,92.67538109,1108.656,18.2416,-2.0832
1/2/2022 1:03,56.63968266,9,92.67968899,1097.6283,18.236,-2.0837
1/2/2022 1:04,56.09677823,10,92.66252844,1018.4971,18.2219,-2.0864
1/2/2022 1:04,56.09677823,10,92.66227974,996.9443,18.212,-2.0864
1/2/2022 1:04,56.68865299,9,92.68283332,869.0826,18.2439,-2.0847
1/2/2022 1:04,56.68865299,9,92.67866753,887.3691,18.2713,-2.0844
1/2/2022 1:04,57.28135324,8,92.69098724,1146.7681,18.3549,-2.0243
1/2/2022 1:04,57.28135324,8,92.69710713,1135.6309,18.321,-2.0105
1/2/2022 1:05,56.85538133,8,92.67704207,885.0157,18.1689,-1.9305
1/2/2022 1:05,56.85538133,8,92.67531891,870.2328,18.1789,-1.9278
1/2/2022 1:05,56.19290459,9,92.68508053,678.4911,18.1728,-1.9118
1/2/2022 1:05,56.19290459,9,92.68639511,661.3578,18.1699,-1.9105
1/2/2022 1:05,56.26304664,11,92.71528026,800.207,18.3492,-1.906
1/2/2022 1:05,56.26304664,11,92.71565331,833.1726,18.3657,-1.906
1/2/2022 1:06,57.0196042,12,92.70290725,1085.5839,18.3638,-1.906
1/2/2022 1:06,57.0196042,12,92.70821885,1101.6734,18.3555,-1.906
1/2/2022 1:06,57.29578727,10,92.72743121,1197.4532,18.2904,-1.9979
1/2/2022 1:06,57.29578727,9,92.72722691,1188.9666,18.2774,-2.0163
1/2/2022 1:06,57.24474331,9,92.71977469,1131.4897,18.2639,-2.0073
1/2/2022 1:06,57.24474331,9,92.71557337,1141.7119,18.273,-1.9934
1/2/2022 1:07,58.00957647,9,92.72815067,1098.375,18.2256,-1.9425
1/2/2022 1:07,58.00957647,9,92.73244969,1085.4162,18.2231,-1.9406
1/2/2022 1:07,56.43673092,10,92.71201158,1069.6906,18.266,-1.929
1/2/2022 1:07,56.43673092,10,92.7073928,1059.7685,18.2602,-1.9283
1/2/2022 1:07,56.49221953,10,92.71555561,964.3758,18.2639,-1.9236
1/2/2022 1:07,56.49221953,10,92.71544902,989.0886,18.2873,-1.9233
1/2/2022 1:08,56.59879098,10,92.71121218,1126.737,18.2968,-1.922
1/2/2022 1:08,56.59879098,10,92.71644383,1114.6991,18.2796,-1.922
1/2/2022 1:08,57.26948268,10,92.70153938,1124.9996,18.3021,-1.9169
1/2/2022 1:08,57.26948268,10,92.69641431,1142.8578,18.3129,-1.9185
1/2/2022 1:08,57.13256845,10,92.7145075,1141.6678,18.2325,-2.0371
1/2/2022 1:08,57.13256845,10,92.7143565,1129.5172,18.2248,-2.05
1/2/2022 1:09,56.98060391,9,92.72771544,1114.4312,18.2548,-2.076
1/2/2022 1:09,56.98060391,9,92.73182793,1100.5822,18.2444,-2.0779
1/2/2022 1:09,57.17495832,9,92.72834608,1088.2688,18.2879,-2.0914
1/2/2022 1:09,57.17495832,9,92.72463329,1097.2985,18.2941,-2.0922
1/2/2022 1:09,56.14103765,10,92.70460376,1031.4139,18.227,-2.094
1/2/2022 1:09,56.14103765,10,92.70429288,1014.6786,18.2195,-2.094
1/2/2022 1:10,56.17552985,9,92.70242761,915.2316,18.2397,-2.094
1/2/2022 1:10,56.17552985,9,92.70286284,925.0534,18.2605,-2.094
1/2/2022 1:10,56.15660519,9,92.7100486,1014.0485,18.2952,-2.094
1/2/2022 1:10,56.15660519,9,92.70908043,1007.3479,18.278,-2.094
1/2/2022 1:10,56.06489391,9,92.70396424,848.3753,18.1963,-2.094
1/2/2022 1:10,56.06489391,9,92.70264966,829.9141,18.195,-2.094
1/2/2022 1:11,55.44195409,10,92.71911739,670.9913,18.2074,-2.094
1/2/2022 1:11,55.44195409,10,92.72104484,665.8685,18.2211,-2.094
1/2/2022 1:11,55.88233858,9,92.69454015,682.5379,18.2785,-2.094
1/2/2022 1:11,55.88233858,9,92.69502867,687.4505,18.2807,-2.094
1/2/2022 1:11,55.84067487,10,92.70001163,726.7438,18.2763,-2.094
1/2/2022 1:11,55.84067487,10,92.70456824,717.1897,18.2626,-2.094
1/2/2022 1:12,54.54614831,8,92.71234911,580.251,17.9292,-2.094
1/2/2022 1:12,54.54614831,8,92.7073928,564.6146,17.8141,-2.094
1/2/2022 1:12,53.74932174,9,92.71323733,442.8998,16.4482,-2.094
1/2/2022 1:12,53.74932174,9,92.71304192,439.6,16.3936,-2.094
1/2/2022 1:12,55.98401657,11,92.72273248,535.6721,17.4066,-2.094
1/2/2022 1:12,55.98401657,11,92.76064187,554.3696,17.5743,-2.094
1/2/2022 1:13,57.08935088,10,93.91186744,844.9724,18.3477,-2.094
1/2/2022 1:13,57.08935088,10,94.18446232,886.6669,18.3718,-2.094
1/2/2022 1:13,57.46515857,9,98.34437179,1203.6931,18.3961,-1.9558
1/2/2022 1:13,57.46515857,9,99.18021184,1234.8336,18.3958,-1.8169
1/2/2022 1:13,56.39779156,10,104.6102692,1159.9468,18.2031,-1.479
1/2/2022 1:13,56.39779156,10,104.6748163,1131.15,18.19,-1.6075
1/2/2022 1:14,56.60810253,9,104.8145255,1096.3547,18.2727,-1.9751
1/2/2022 1:14,56.60810253,9,104.8136906,1089.2043,18.2635,-1.9728
1/2/2022 1:14,56.831329,9,104.8948835,970.3254,18.2283,-1.9645
1/2/2022 1:14,56.831329,9,104.9090685,972.6468,18.2405,-1.9642
1/2/2022 1:14,55.96469682,9,105.565895,943.399,18.2268,-1.964
1/2/2022 1:14,55.96469682,9,105.697057,911.3461,18.2044,-1.964
1/2/2022 1:15,56.70839555,9,106.4448312,817.9418,18.2651,-1.964
1/2/2022 1:15,56.70839555,9,106.4625779,843.4813,18.2934,-1.964
1/2/2022 1:15,56.20547425,9,106.4367305,1004.2108,18.3155,-1.964
1/2/2022 1:15,56.20547425,9,106.4371746,1002.9847,18.303,-1.964
1/2/2022 1:15,55.57046266,9,106.4416247,795.1956,18.1685,-1.964
1/2/2022 1:15,55.57046266,9,106.4434366,767.7093,18.1662,-1.964
1/2/2022 1:16,55.63768669,8,106.4342879,681.9802,18.2399,-1.964
1/2/2022 1:16,55.63768669,9,106.4346965,675.5435,18.2441,-1.964
1/2/2022 1:16,54.64127852,12,106.4342524,562.3341,17.7982,-1.964
1/2/2022 1:16,54.64127852,12,106.4341103,553.6243,17.7146,-1.964
1/2/2022 1:16,55.90717823,12,106.433906,570.6454,17.7657,-1.964
1/2/2022 1:16,55.90717823,12,106.4309393,581.5601,17.8413,-1.964
1/2/2022 1:17,56.78764703,13,106.4229275,774.098,18.3224,-1.964
1/2/2022 1:17,56.78764703,13,106.4265603,800.7048,18.3413,-1.964
1/2/2022 1:17,57.47859938,14,106.4282391,1170.1565,18.4274,-1.8372
1/2/2022 1:17,57.47859938,14,106.4277683,1201.356,18.4198,-1.8336
1/2/2022 1:17,58.6915459,14,106.4607482,1238.7569,18.2748,-1.9856
1/2/2022 1:17,58.6915459,13,106.465891,1236.265,18.2646,-1.9951
1/2/2022 1:18,57.75240185,13,106.4456039,1278.5027,18.3072,-1.5656
1/2/2022 1:18,57.75240185,13,106.4385869,1306.3463,18.3286,-1.2935
1/2/2022 1:18,57.76510907,14,106.4468563,1267.0842,18.2052,-0.5465
1/2/2022 1:18,57.76510907,14,106.4468386,1244.1386,18.1961,-0.8103
1/2/2022 1:18,58.00730352,14,106.4492279,1412.2788,18.3889,-0.0257
1/2/2022 1:18,58.00730352,14,106.4512086,1437.7943,18.3963,0.2844
1/2/2022 1:19,56.14226135,13,106.4345544,1498.4396,18.4311,2.5802
1/2/2022 1:19,56.14226135,13,106.4324937,1499.3425,18.4176,2.6118
1/2/2022 1:19,57.57797228,13,106.427795,1496.9371,18.3398,1.3266
1/2/2022 1:19,57.57797228,13,106.4290562,1496.0444,18.364,1.4169
1/2/2022 1:19,58.96958364,12,106.4453819,1498.2013,18.4176,1.9784
1/2/2022 1:19,58.96958364,12,106.4461191,1498.6576,18.4243,2.075
1/2/2022 1:20,59.77740657,11,106.4366062,1467.5688,18.326,1.9167
1/2/2022 1:20,59.77740657,11,106.4341191,1445.4467,18.2832,1.5948
1/2/2022 1:20,59.25246762,12,106.41957,1252.5445,18.1965,-1.2856
1/2/2022 1:20,59.25246762,13,106.4198809,1246.6427,18.2071,-1.4998
1/2/2022 1:20,59.05144861,13,106.4351584,1248.7047,18.2881,-1.8631
1/2/2022 1:20,59.05144861,13,106.435114,1268.4619,18.305,-1.6617
1/2/2022 1:21,58.03937556,12,106.4286921,1413.3505,18.3143,-0.0268
1/2/2022 1:21,58.03937556,12,106.4282746,1418.9228,18.3079,0.0458
1/2/2022 1:21,58.04543825,12,106.4246773,1455.1063,18.3122,0.9207
1/2/2022 1:21,58.04543825,12,106.4242598,1445.4349,18.2997,0.8632
1/2/2022 1:21,57.92339341,12,110.3696195,1292.6663,18.2079,-0.9812
1/2/2022 1:21,57.92339341,12,111.1713143,1280.8811,18.2162,-1.1971
1/2/2022 1:22,58.82876218,11,114.4734286,1279.3873,18.2811,-1.8989
1/2/2022 1:22,58.82876218,11,114.4788024,1289.3233,18.2829,-1.826
1/2/2022 1:22,56.96868516,11,114.6038815,1382.6647,18.3057,-0.463
1/2/2022 1:22,56.96868516,11,114.7892732,1377.413,18.2916,-0.3831
1/2/2022 1:22,56.45716232,10,118.5906522,1091.9067,18.1341,-1.6536
1/2/2022 1:22,56.45716232,10,118.8898131,1059.0481,18.1353,-1.8154
1/2/2022 1:23,56.83804059,10,119.4297723,949.9483,18.2316,-1.9793
1/2/2022 1:23,56.83804059,10,119.4459647,948.8574,18.2415,-1.9613
1/2/2022 1:23,57.00024809,9,122.8862518,1022.4882,18.3154,-1.913
1/2/2022 1:23,57.00024809,9,123.5939575,1036.8285,18.3214,-1.9123
1/2/2022 1:23,56.17736562,11,129.1188959,969.6095,18.2104,-1.912
1/2/2022 1:23,56.17736562,11,130.1880082,946.0478,18.198,-1.912
1/2/2022 1:24,54.51547725,10,140.5377116,1495.9486,18.3887,2.8631
1/2/2022 1:24,54.51547725,10,140.5378804,1482.9756,18.3779,2.8442
1/2/2022 1:24,56.59044907,13,140.528705,1343.7187,18.1567,-0.2687
1/2/2022 1:24,56.59044907,14,140.5373563,1343.0051,18.1832,-0.4589
1/2/2022 1:24,56.62393558,14,140.5446931,1364.5698,18.2858,-0.6014
1/2/2022 1:24,56.62393558,14,140.5352335,1378.1722,18.3244,-0.1614
1/2/2022 1:25,53.71680262,14,140.5319381,1498.2679,18.6521,6.2379
1/2/2022 1:25,53.71680262,14,140.5328619,1498.6688,18.6362,6.6423
1/2/2022 1:25,53.97392516,12,140.5427479,1503.7943,18.559,8.9969
1/2/2022 1:25,53.97392516,12,140.5495694,1501.9714,18.5249,9.0683
1/2/2022 1:25,53.97264012,13,140.5542504,1500.6806,18.1654,5.7935
1/2/2022 1:25,53.97264012,13,140.5497826,1501.2986,18.1633,5.3267
1/2/2022 1:26,56.19752393,12,140.5564621,1501.7086,18.4405,4.9586
1/2/2022 1:26,56.19752393,12,140.5608322,1502.2253,18.46,5.1608
1/2/2022 1:26,60.01706999,10,140.5728943,1495.9364,18.2081,2.472
1/2/2022 1:26,60.01706999,10,140.5726989,1494.2913,18.207,2.0315
1/2/2022 1:26,58.0679304,8,140.5771045,1310.3914,18.189,-0.21
1/2/2022 1:26,58.0679304,8,140.5884383,1271.9062,18.1711,-0.5123
1/2/2022 1:27,55.68634294,10,140.7058886,835.5424,18.0728,-1.9894
1/2/2022 1:27,55.68634294,10,140.7054178,796.1485,18.077,-1.973
1/2/2022 1:27,56.28673067,11,140.7161121,783.727,18.2997,-1.9254
1/2/2022 1:27,56.28673067,11,140.7167427,817.2744,18.3302,-1.923
1/2/2022 1:27,57.30249916,11,140.7051247,1144.4791,18.3897,-1.913
1/2/2022 1:27,57.30249916,10,140.7049737,1166.4524,18.3792,-1.9109
1/2/2022 1:28,55.69143034,11,140.7170092,1379.6667,18.3548,-0.168
1/2/2022 1:28,55.69143034,11,140.7186701,1390.7203,18.3441,-0.0211
1/2/2022 1:28,56.59125558,11,140.7108982,1356.5617,18.2594,-0.6229
1/2/2022 1:28,56.59125558,10,140.7096013,1347.5265,18.2511,-0.7109
1/2/2022 1:28,57.76443132,10,142.9274489,1270.2605,18.2475,-1.7903
1/2/2022 1:28,57.76443132,10,143.6674136,1270.6609,18.2537,-1.8652
1/2/2022 1:29,56.85374962,10,150.5266089,1204.9537,18.2232,-1.968
1/2/2022 1:29,56.85374962,10,151.0748592,1193.1201,18.225,-1.9568
1/2/2022 1:29,56.53053602,9,154.909174,1041.1619,18.2104,-1.9292
1/2/2022 1:29,56.53053602,9,155.2387549,1025.5635,18.2093,-1.927
1/2/2022 1:29,57.1280109,9,157.1121035,1018.6159,18.2729,-1.9097
1/2/2022 1:29,57.1280109,10,157.1435556,1021.558,18.2722,-1.9085
1/2/2022 1:30,56.50351922,14,287.6611978,1405.9578,18.3207,-0.2082
1/2/2022 1:30,56.50351922,14,287.6566678,1422.5964,18.3329,0.0117
1/2/2022 1:30,54.29687428,13,287.6107465,1499.9203,18.6575,5.4763
1/2/2022 1:30,54.29687428,13,287.610107,1499.6182,18.6674,6.0981
1/2/2022 1:30,54.57541249,13,287.5922181,1499.9426,18.3293,6.4815
1/2/2022 1:30,54.57541249,13,287.5918272,1500.4168,18.3142,6.281
1/2/2022 1:31,56.80807688,12,287.5679073,1499.0048,18.3994,6.2829
1/2/2022 1:31,56.80807688,12,287.5606505,1499.4973,18.3732,6.09
1/2/2022 1:31,54.50607967,13,287.5516883,1500.9325,18.342,4.1455
1/2/2022 1:31,54.50607967,13,287.5524344,1500.2913,18.3733,4.2476
1/2/2022 1:31,53.8712282,13,287.5528518,1502.3484,18.4515,5.8263
1/2/2022 1:31,53.8712282,13,287.5456572,1502.575,18.4367,5.8309
1/2/2022 1:32,54.44294205,14,287.5115315,1501.1787,18.3423,5.2395
1/2/2022 1:32,54.44294205,14,287.5194012,1501.48,18.3493,5.1921
1/2/2022 1:32,54.82966094,12,289.0140089,1501.2466,18.3942,4.5988
1/2/2022 1:32,54.82966094,12,289.406754,1501.0636,18.4201,4.7559
1/2/2022 1:32,55.59729984,12,302.0032092,1495.0702,18.3266,4.8496
1/2/2022 1:32,55.59729984,12,303.4511061,1492.5758,18.2731,4.3365
1/2/2022 1:33,57.25927479,11,306.0760854,1414.4286,18.2053,0.4922
1/2/2022 1:33,57.25927479,11,306.1037359,1416.6687,18.2405,0.5617
1/2/2022 1:33,55.54363415,10,308.4051562,1402.7409,18.298,1.0714
1/2/2022 1:33,55.54363415,10,308.6656676,1368.1347,18.2641,0.7979
1/2/2022 1:33,58.7419462,13,308.7301173,1192.0874,18.229,-1.8899
1/2/2022 1:33,58.7419462,13,308.7173357,1205.8614,18.2532,-1.9717
1/2/2022 1:34,56.32827256,14,308.7073787,1441.0779,18.5053,1.206
1/2/2022 1:34,56.32827256,14,308.7044209,1461.2619,18.5464,2.0174
1/2/2022 1:34,56.49399441,14,308.6725247,1497.5889,18.4755,5.9331
1/2/2022 1:34,56.49399441,14,308.6724802,1497.8635,18.4494,5.9302
1/2/2022 1:34,57.21956319,11,190.1101283,1306.2619,18.2041,-0.5197
1/2/2022 1:34,57.21956319,12,190.1152889,1299.7724,18.2053,-0.7275
1/2/2022 1:35,57.31308371,14,190.2410885,1404.8286,18.3312,-0.3145
1/2/2022 1:35,57.31308371,14,190.2445793,1418.5353,18.3643,0.1207
1/2/2022 1:35,54.57639858,16,194.2839112,1502.3742,18.837,8.236
1/2/2022 1:35,54.57639858,15,195.1965611,1500.4257,18.8149,8.9099
1/2/2022 1:35,54.7849034,15,215.6613426,1487.126,18.2465,8.6878
1/2/2022 1:35,54.7849034,15,218.9755547,1489.9999,18.1796,7.9593
1/2/2022 1:36,56.18139055,14,238.8259784,1497.2683,18.2739,3.7575
1/2/2022 1:36,56.18139055,14,240.2326148,1494.9161,18.3783,4.2047
1/2/2022 1:36,57.48736983,14,250.7891287,1497.1893,18.726,9.7181
1/2/2022 1:36,57.48736983,14,251.3723032,1497.8771,18.712,10.1575
1/2/2022 1:36,55.42415821,14,252.2368203,1499.7285,18.3775,10.7083
1/2/2022 1:36,55.42415821,14,252.2361186,1499.6232,18.3419,10.5103
1/2/2022 1:37,55.02139072,13,252.2208144,1501.0661,18.3836,9.6579
1/2/2022 1:37,55.02139072,14,252.2144192,1500.422,18.3886,9.6783
1/2/2022 1:37,55.37745845,14,252.1675563,1498.7378,18.3381,9.2541
1/2/2022 1:37,55.37745845,14,252.1699812,1500.042,18.3326,9.1227
1/2/2022 1:37,54.31511432,14,252.192329,1500.3574,18.3856,8.9125
1/2/2022 1:37,54.31511432,14,252.198662,1499.5309,18.398,8.9706
1/2/2022 1:38,55.45133389,12,253.3598197,1498.1645,18.3946,9.1024
1/2/2022 1:38,55.45133389,12,253.8177649,1498.6349,18.3693,8.9572
1/2/2022 1:38,57.32456906,11,260.6511116,1499.1985,18.1341,5.3097
1/2/2022 1:38,57.32456906,10,261.8895871,1495.0258,18.1178,4.637
1/2/2022 1:38,57.39792187,13,270.1469208,1419.9248,18.1624,0.4436
1/2/2022 1:38,57.39792187,13,270.2790284,1415.7934,18.1866,0.3561
1/2/2022 1:39,57.64866348,12,270.5064649,1441.4255,18.3032,0.382
1/2/2022 1:39,57.64866348,12,270.5062873,1450.0482,18.3199,0.5145
1/2/2022 1:39,54.82821014,13,270.85399,1498.9316,18.5271,3.431
1/2/2022 1:39,54.82821014,13,270.9697887,1498.1043,18.5428,3.8475
1/2/2022 1:39,54.54731884,12,273.0805231,1499.8429,18.5131,5.9865
1/2/2022 1:39,54.54731884,12,273.3255512,1500.3434,18.4948,6.1089
1/2/2022 1:40,54.76731127,12,274.3156084,1497.8251,18.2743,5.6467
1/2/2022 1:40,54.76731127,12,274.4122291,1498.211,18.2498,5.2473
1/2/2022 1:40,55.66317465,15,291.3833216,1501.4036,18.359,9.4243
1/2/2022 1:40,55.66317465,15,291.4542289,1500.3009,18.3837,9.4846
1/2/2022 1:40,55.13483688,13,291.8506905,1500.9123,18.4415,9.9212
1/2/2022 1:40,55.13483688,13,292.0908088,1501.614,18.4305,9.9276
1/2/2022 1:41,55.31955844,12,294.3181414,1498.6911,18.2202,7.9734
1/2/2022 1:41,55.31955844,12,294.3107158,1498.5366,18.2015,7.5687
1/2/2022 1:41,56.52667928,13,294.2629558,1501.6816,18.277,4.7074
1/2/2022 1:41,56.52667928,13,294.2609573,1501.414,18.3106,4.7039
1/2/2022 1:41,54.86470461,13,294.2553881,1497.7888,18.4051,5.3124
1/2/2022 1:41,54.86470461,13,294.2507161,1498.2139,18.392,5.2218
1/2/2022 1:42,55.0568769,13,294.358573,1501.0793,18.3455,4.1106
1/2/2022 1:42,55.0568769,13,294.4086869,1501.3238,18.3607,4.1227
1/2/2022 1:42,55.43211229,13,294.5756119,1500.7095,18.4278,5.4602
1/2/2022 1:42,55.43211229,13,294.5398696,1500.1163,18.3997,5.3329
1/2/2022 1:42,55.02473952,12,294.3183368,1498.4456,18.3858,4.1089
1/2/2022 1:42,55.02473952,12,294.3135937,1498.0569,18.4286,4.3846
1/2/2022 1:43,54.54558331,12,294.9225854,1493.4297,18.4473,5.6512
1/2/2022 1:43,54.54558331,12,295.133147,1493.6043,18.4199,5.5737
1/2/2022 1:43,56.19626732,12,296.5784134,1430.9483,18.1171,1.9439
1/2/2022 1:43,56.19626732,12,296.5917723,1424.5182,18.1066,1.3422
1/2/2022 1:43,54.4939246,12,296.5978388,1494.1547,18.5595,3.4634
1/2/2022 1:43,54.4939246,12,296.6031504,1500.5668,18.5895,4.1347
1/2/2022 1:44,55.20722807,12,298.8165797,1498.7078,18.377,5.3967
1/2/2022 1:44,55.20722807,12,299.1739545,1499.5271,18.3588,5.2366
1/2/2022 1:44,55.82186215,14,304.0985353,1494.2451,18.2477,2.8702
1/2/2022 1:44,55.82186215,14,304.5719219,1494.8696,18.2398,2.5512
1/2/2022 1:44,54.32969077,13,308.5746677,1499.29,18.7367,6.7707
1/2/2022 1:44,54.32969077,13,309.2016491,1498.5027,18.7557,7.5648
1/2/2022 1:45,54.18333713,13,311.1331806,1490.1296,18.1824,6.7849
1/2/2022 1:45,54.18333713,13,311.1199727,1490.1333,18.1572,6.2007
1/2/2022 1:45,54.89883487,12,313.3359248,1501.4512,18.4033,4.2078
1/2/2022 1:45,54.89883487,12,313.8125862,1501.4883,18.429,4.3802
1/2/2022 1:45,55.25432398,11,315.7590682,1499.9177,18.4069,5.542
1/2/2022 1:45,55.25432398,11,315.7525398,1499.3244,18.3958,5.4816
1/2/2022 1:46,54.6252699,11,315.7618928,1498.2465,18.4218,5.3182
1/2/2022 1:46,54.6252699,11,315.7775434,1498.4637,18.4177,5.3651
1/2/2022 1:46,54.4253295,11,315.8617384,1498.8864,18.3258,4.3193
1/2/2022 1:46,54.4253295,11,315.8570308,1498.661,18.3283,4.1812
1/2/2022 1:46,55.54937973,12,315.8064641,1495.8228,18.3021,2.4576
1/2/2022 1:46,55.54937973,12,315.7928386,1494.7553,18.2921,2.1611
1/2/2022 1:47,55.99258035,11,315.7368537,1498.6472,18.3857,1.6145
1/2/2022 1:47,55.99258035,11,315.7386923,1499.8374,18.4118,1.825
1/2/2022 1:47,55.74926982,10,315.7361964,1497.0149,18.4282,3.2875
1/2/2022 1:47,55.74926982,10,315.7416235,1494.4944,18.394,3.0755
1/2/2022 1:47,56.93310527,10,317.5115751,1400.3768,18.1969,0.3676
1/2/2022 1:47,56.93310527,10,318.2172928,1385.0694,18.2006,0.2101
1/2/2022 1:48,56.85953965,11,324.3497596,1357.3673,18.2709,-0.8002
1/2/2022 1:48,56.85953965,11,324.5375021,1360.1152,18.2747,-0.7824
1/2/2022 1:48,56.0777225,12,324.8477561,1409.6651,18.2952,-0.141
1/2/2022 1:48,56.0777225,12,324.8679455,1422.2259,18.2968,-0.0075
1/2/2022 1:48,55.26386189,11,324.8865449,1497.6611,18.4149,2.1378
1/2/2022 1:48,55.26386189,11,324.871525,1497.7039,18.4118,2.1855
1/2/2022 1:49,55.90195027,11,324.4560119,1421.0942,18.2277,0.4778
1/2/2022 1:49,55.90195027,12,324.4062001,1417.464,18.2313,0.3945
1/2/2022 1:49,56.904955,14,142.2647978,1350.8179,18.4376,-0.3423
1/2/2022 1:49,56.904955,14,142.3238916,1401.3311,18.4624,0.0778
1/2/2022 1:49,55.13285448,15,142.7662472,1500.8097,18.7602,7.7587
1/2/2022 1:49,55.13285448,15,142.7747742,1500.2146,18.7617,8.4991
1/2/2022 1:50,54.48726756,15,142.7807164,1499.4934,18.4958,10.247
1/2/2022 1:50,54.48726756,15,142.7816579,1499.2584,18.5023,10.4097
1/2/2022 1:50,54.12021892,14,142.9758297,1500.6182,18.3857,10.4929
1/2/2022 1:50,54.12021892,14,143.067726,1500.7074,18.3883,10.4963
1/2/2022 1:50,56.58635066,12,143.6854825,1501.6443,18.3634,10.7978
1/2/2022 1:50,56.58635066,12,143.682347,1501.4103,18.3314,10.6051
1/2/2022 1:51,58.1199766,12,144.722163,1499.7723,18.1728,7.2582
1/2/2022 1:51,58.1199766,12,144.891229,1500.8679,18.1862,6.9549
1/2/2022 1:51,55.40808228,12,145.3955242,1499.7531,18.5452,8.1597
1/2/2022 1:51,55.40808228,12,145.3974162,1498.5647,18.5387,8.3692
1/2/2022 1:51,55.85342195,13,145.3983932,1497.2453,18.0958,5.0731
1/2/2022 1:51,55.85342195,13,145.3960838,1489.7071,18.0667,4.3142
1/2/2022 1:52,56.52736668,11,145.3849899,1467.8434,18.2495,0.8804
1/2/2022 1:52,56.52736668,11,145.3855228,1473.9398,18.283,0.9061
1/2/2022 1:52,56.10817195,10,147.3472405,1386.0455,18.2577,0.3025
1/2/2022 1:52,56.10817195,10,147.6745626,1375.0741,18.2507,0.1649
1/2/2022 1:52,56.95545293,11,148.6715995,1373.8963,18.2776,-0.5956
1/2/2022 1:52,56.95545293,11,148.6752412,1383.1927,18.2818,-0.5245
1/2/2022 1:53,55.89722219,11,152.1338692,1460.4631,18.3026,0.684
1/2/2022 1:53,55.89722219,11,153.0342068,1459.5369,18.2991,0.7475
1/2/2022 1:53,55.43178509,12,158.4546897,1487.2576,18.3893,1.8123
1/2/2022 1:53,55.43178509,12,158.5479969,1492.1994,18.3997,1.9091
1/2/2022 1:53,54.62720465,13,162.4501741,1500.8067,18.5897,5.1086
1/2/2022 1:53,54.62720465,13,162.9824715,1499.9071,18.5958,5.6169
1/2/2022 1:54,55.29258019,13,166.4997942,1499.8872,18.3134,4.8412
1/2/2022 1:54,55.29258019,13,166.9044842,1499.9734,18.3374,4.812
1/2/2022 1:54,54.51785861,15,171.4092193,1498.3778,18.4612,7.0702
1/2/2022 1:54,54.51785861,15,172.4332912,1499.0055,18.4222,6.9796
1/2/2022 1:54,54.217356,14,178.4343188,1502.0479,18.6771,9.7248
1/2/2022 1:54,54.217356,15,178.4572972,1501.1869,18.6538,10.0759
1/2/2022 1:55,54.37372395,15,180.081471,1497.7339,18.4412,10.7589
1/2/2022 1:55,54.37372395,14,180.8902954,1498.1509,18.457,10.9027
1/2/2022 1:55,55.0218105,15,187.2585899,1504.0925,18.2125,9.4609
1/2/2022 1:55,55.0218105,14,187.9354244,1504.4793,18.2603,9.4229
1/2/2022 1:55,57.24785921,14,194.5947906,1497.3757,18.4289,9.5473
1/2/2022 1:55,57.24785921,14,194.744911,1495.8551,18.3914,9.3871
1/2/2022 1:56,55.07034993,13,194.8396543,1499.2584,18.3411,7.9557
1/2/2022 1:56,55.07034993,13,194.8394944,1500.4723,18.3808,8.0928
1/2/2022 1:56,53.89989006,14,194.7949676,1501.2609,18.3992,9.1327
1/2/2022 1:56,53.89989006,14,194.7876841,1501.7552,18.3645,8.9516
1/2/2022 1:56,56.36732689,13,194.7729129,1502.0251,18.1787,5.7515
1/2/2022 1:56,56.36732689,13,194.7736679,1502.4877,18.2169,5.6144
1/2/2022 1:57,55.60305237,13,194.8106181,1497.6677,18.5657,8.0178
1/2/2022 1:57,55.60305237,13,194.8165337,1496.9588,18.5115,7.9915
1/2/2022 1:57,54.7379113,13,196.9839801,1497.379,18.3693,7.4796
1/2/2022 1:57,54.7379113,13,197.6586704,1497.2797,18.3503,7.3309
1/2/2022 1:57,58.21624004,13,202.0497952,1502.807,18.2092,4.1187
1/2/2022 1:57,58.21624004,13,202.1139426,1502.8948,18.2467,3.957
1/2/2022 1:58,55.93890394,13,205.2904648,1501.2551,18.5036,5.6988
1/2/2022 1:58,55.93890394,13,205.7613495,1500.6904,18.4859,5.7984
1/2/2022 1:58,55.00924442,12,207.8208501,1500.3152,18.4606,6.1971
1/2/2022 1:58,55.00924442,13,208.329149,1500.7269,18.4944,6.5083
1/2/2022 1:58,54.92479285,14,218.0597409,1499.862,18.335,6.1
1/2/2022 1:58,54.92479285,14,219.1420043,1499.571,18.3597,6.1562
1/2/2022 1:59,56.22781865,15,223.7153777,1502.0234,18.6334,9.1179
1/2/2022 1:59,59.47789957,16,318.2015173,1498.7319,18.42,13.1443
1/2/2022 1:59,56.6786194,14,318.7057622,1498.5912,18.3965,12.7558
1/2/2022 1:59,58.22821388,14,322.2551803,1495.895,18.2335,11.9549
1/2/2022 1:59,56.43385636,15,327.0413334,1501.9644,18.3371,9.7763
1/2/2022 1:59,56.32852654,13,332.2019783,1499.6178,18.4929,11.0329
1/2/2022 2:00,54.96861498,13,336.0085359,1504.1096,18.23,9.102
1/2/2022 2:00,54.24012531,13,338.0519214,1501.8015,18.3459,8.3973
1/2/2022 2:00,55.72800198,16,344.8076488,1499.5863,18.5049,8.6831
1/2/2022 2:00,54.98966214,15,347.6282629,1500.7042,18.4595,10.7879
1/2/2022 2:00,55.72680597,16,347.6095923,1502.0096,18.5146,11.529
1/2/2022 2:00,57.295265,16,359.7245495,1497.7554,18.2959,13.2765
1/2/2022 2:01,54.52696264,15,4.127736715,1501.3387,18.3808,12.3678
1/2/2022 2:01,54.39783855,16,5.279630252,1499.2689,18.3539,12.0245
1/2/2022 2:01,53.7208638,14,9.065721126,1498.3067,18.3959,12.0302
1/2/2022 2:01,54.25588761,14,14.13295681,1500.7212,18.1196,7.7018
1/2/2022 2:01,55.92707856,15,25.22345355,1499.5353,18.4594,7.031
1/2/2022 2:01,55.90779766,11,92.72937642,1503.5934,18.2589,4.1183
1/2/2022 2:02,54.57186745,15,92.73027353,1499.0313,18.4949,7.048
1/2/2022 2:02,54.79612126,14,92.73276057,1505.3372,18.5273,8.2415
1/2/2022 2:02,57.689372,13,92.73119729,1151.0337,18.3051,-2.0839
1/2/2022 2:02,57.43187857,11,92.70860967,1380.4784,18.4064,-0.317
1/2/2022 2:02,55.67413921,11,92.72465105,1489.27,18.4833,5.3356
1/2/2022 2:02,56.92689736,12,92.73586936,1489.7752,18.332,2.5295
1/2/2022 2:03,57.12625456,11,92.73231646,1368.1314,18.2144,-0.0153
1/2/2022 2:03,56.79870807,15,92.72532611,1359.178,18.266,0.2157
1/2/2022 2:03,56.83787164,13,92.72821285,1427.9994,18.5304,1.8069
1/2/2022 2:03,55.93784946,12,92.69201758,1500.0707,18.3542,4.5375
1/2/2022 2:03,56.06382534,11,92.71055489,1321.5142,18.1224,0.2961
1/2/2022 2:03,57.54153717,11,92.7219242,1180.6645,18.2671,-1.8216
1/2/2022 2:04,57.43244576,11,92.71897528,1054.3823,18.2514,-1.7984
1/2/2022 2:04,56.98363687,11,92.74094109,1312.8129,18.3124,-0.8837
1/2/2022 2:04,57.55665119,11,92.70631804,1105.6334,18.1892,-1.985
1/2/2022 2:04,56.94488962,11,92.70137062,1093.1736,18.2658,-2.0046
1/2/2022 2:04,57.17233859,12,92.69984287,1040.4337,18.2492,-1.9632
1/2/2022 2:04,57.84309231,10,92.70701974,1075.8123,18.2948,-1.963
1/2/2022 2:05,56.40686106,9,92.69700054,1120.5829,18.2305,-1.9225
1/2/2022 2:05,55.27707144,9,92.70675327,753.8794,18.1658,-2.0005
1/2/2022 2:05,55.09454948,11,92.71369033,636.4073,18.188,-2.0826
1/2/2022 2:05,57.14583469,12,92.70360007,1114.6576,18.4885,-1.6312
1/2/2022 2:05,57.9120784,13,92.70451494,1114.46,18.2145,-1.9199
1/2/2022 2:05,56.09950659,12,92.70249867,1421.5289,18.3857,0.4551
1/2/2022 2:06,56.70754553,12,92.70924919,1433.7693,18.3496,0.5227
1/2/2022 2:06,57.56079113,12,92.70789021,1366.8705,18.2726,-0.2506
1/2/2022 2:06,56.43029948,14,92.7181137,1436.2669,18.3167,0.6508
1/2/2022 2:06,54.5433159,14,92.69787988,1500.4806,18.6391,6.0966
1/2/2022 2:06,54.77951412,13,92.70365336,1498.9142,18.3443,6.1935
1/2/2022 2:06,56.48176897,13,92.68221156,1501.8638,18.2517,2.6105
1/2/2022 2:07,55.04305623,12,92.68407683,1483.0283,18.3555,3.4744
1/2/2022 2:07,56.97276514,12,92.68293102,1182.8674,18.1015,-1.0762
1/2/2022 2:07,57.77736179,11,92.69134253,1157.1179,18.2712,-1.9345
1/2/2022 2:07,57.87037229,10,92.69681401,1242.1832,18.2989,-1.8132
1/2/2022 2:07,56.21728578,9,92.6985727,1048.3196,18.1892,-1.9978
1/2/2022 2:07,55.89365138,10,92.69730254,723.1211,18.1471,-1.9788
1/2/2022 2:08,55.84605039,10,92.69612119,671.7778,18.2629,-1.9708
1/2/2022 2:08,56.02545642,10,92.69617449,738.6175,18.2699,-1.97
1/2/2022 2:08,56.05772633,10,92.70493241,797.1423,18.3301,-1.97
1/2/2022 2:08,56.06421467,9,92.6909073,857.4132,18.2802,-1.97
1/2/2022 2:08,56.12685282,8,92.68317972,979.4177,18.3087,-1.97
1/2/2022 2:08,56.1950796,9,92.68524929,918.9565,18.2482,-1.97
1/2/2022 2:09,55.66934295,10,92.68384589,795.9661,18.2144,-1.97
1/2/2022 2:09,55.31027446,10,92.68468083,662.1621,18.2028,-1.97
1/2/2022 2:09,56.32943351,11,92.68597764,707.5301,18.2863,-1.97
1/2/2022 2:09,56.77473493,10,92.69708936,934.9843,18.3558,-1.97
1/2/2022 2:09,56.466321,11,92.69744465,808.562,18.2035,-1.97
1/2/2022 2:09,57.15423595,13,92.68595099,1157.6329,18.4699,-1.6788
1/2/2022 2:10,56.53873206,13,92.68311755,1363.3441,18.2885,-0.1177
1/2/2022 2:10,57.24100148,13,92.67994658,1375.1523,18.3476,-0.325
1/2/2022 2:10,55.16326852,13,92.69851941,1498.1174,18.4558,3.5554
1/2/2022 2:10,54.46598642,14,92.698324,1496.4558,18.548,5.3695
1/2/2022 2:10,54.23475201,10,92.69535732,1498.3006,18.2845,4.3065
1/2/2022 2:10,55.31254024,10,92.69068524,1254.0485,18.0504,-0.2003
1/2/2022 2:11,55.34330251,10,92.68212273,919.1574,18.1652,-2.0589
1/2/2022 2:11,55.19770551,13,92.68105686,722.6655,18.2228,-1.9947
1/2/2022 2:11,57.28124268,11,92.67788589,1104.5363,18.4158,-1.9678
1/2/2022 2:11,57.98847147,11,92.68857126,1149.5645,18.2893,-1.9399
1/2/2022 2:11,56.57614378,10,92.70032251,1043.4633,18.1829,-1.9982
1/2/2022 2:11,56.73344515,9,92.69677848,1064.4705,18.2772,-2.0306
1/2/2022 2:12,56.29907632,9,92.68554241,1126.3875,18.2996,-2.0125
1/2/2022 2:12,56.5159863,8,92.6818385,932.0713,18.1965,-1.9275
1/2/2022 2:12,54.78906804,9,92.68120786,663.3199,18.1357,-1.9108
1/2/2022 2:12,54.82888024,10,92.68686587,672.3054,18.2575,-1.903
1/2/2022 2:12,55.79367231,10,92.68517823,848.1078,18.3431,-1.903
1/2/2022 2:12,56.91335303,10,92.68244249,1150.5707,18.3727,-1.9405
1/2/2022 2:13,56.72771315,10,92.68630628,978.2369,18.1782,-2.0149
1/2/2022 2:13,55.98907945,10,92.68658163,966.8795,18.257,-1.9737
1/2/2022 2:13,55.65189461,9,92.68350837,825.0109,18.244,-1.9625
1/2/2022 2:13,56.07539337,10,92.68271784,937.16,18.2864,-1.962
1/2/2022 2:13,56.80529273,10,92.68450318,1062.3448,18.3331,-1.962
1/2/2022 2:13,57.3901343,11,92.68182962,1133.2917,18.3056,-1.9568
1/2/2022 2:14,56.52405043,10,92.67638478,1127.8485,18.2452,-1.9118
1/2/2022 2:14,56.28880103,9,92.67267199,986.6677,18.2218,-1.9975
1/2/2022 2:14,55.23381004,10,92.67446621,854.1706,18.1922,-2.046
1/2/2022 2:14,55.48465117,8,92.68181185,822.2754,18.2789,-2.053
1/2/2022 2:14,55.30552786,8,92.68222932,773.749,18.2409,-2.053
1/2/2022 2:14,54.00294219,9,92.67615385,598.3816,18.1048,-2.053
1/2/2022 2:15,53.14974301,9,92.68518712,514.1668,17.3014,-2.053
1/2/2022 2:15,51.40093043,9,92.67891623,411.2442,16.0473,-2.053
1/2/2022 2:15,55.95036521,10,92.69147577,962.0858,18.1643,-2.0037
1/2/2022 2:15,55.36835575,10,92.68502724,691.8543,18.1822,-1.9715
1/2/2022 2:15,55.83539803,10,92.68897985,882.4356,18.3659,-1.966
1/2/2022 2:15,55.02537444,9,92.69072965,795.0922,18.1944,-1.966
1/2/2022 2:16,55.88442393,8,92.68835809,834.1365,18.2699,-1.966
1/2/2022 2:16,54.65449555,9,92.68425448,622.764,18.1916,-1.966
1/2/2022 2:16,53.829469,8,92.68686587,554.6578,17.731,-1.966
1/2/2022 2:16,53.64250205,7,92.68021304,512.4677,17.2405,-1.966
1/2/2022 2:16,51.79420518,7,92.68004428,444.0463,16.4909,-1.966
1/2/2022 2:16,49.02181852,8,92.68288661,309.3505,14.6351,-1.966
1/2/2022 2:17,47.68400352,9,92.68964602,240.7165,13.4117,-1.966
1/2/2022 2:17,49.40565636,10,92.67761942,257.5198,13.6744,-1.966
1/2/2022 2:17,50.27899377,10,92.68092363,305.8438,14.4694,-1.966
1/2/2022 2:17,52.0876831,9,92.67836553,367.4025,15.3368,-1.966
1/2/2022 2:17,54.03620659,8,92.67886294,467.0556,16.6683,-1.966
1/2/2022 2:17,55.76650708,9,92.68683034,685.774,17.9859,-1.966
1/2/2022 2:18,55.5901957,10,92.68542694,703.7681,18.2412,-1.966
1/2/2022 2:18,56.88519411,10,92.68136774,970.1854,18.399,-1.9647
1/2/2022 2:18,56.19610098,9,92.68923743,1348.1584,18.3735,-0.5656
1/2/2022 2:18,49.08324762,7,196.4961182,339.8259,15.0862,-1.93
1/2/2022 2:18,49.08324762,7,196.5002573,328.5478,14.9221,-1.93
1/2/2022 2:18,47.75507338,7,196.5199316,261.5103,13.8208,-1.93
1/2/2022 2:19,47.75507338,7,196.5151973,255.8184,13.7194,-1.93
1/2/2022 2:19,46.48130037,7,196.5141936,205.9192,12.7567,-1.93
1/2/2022 2:19,46.48130037,7,196.5190345,200.5939,12.6489,-1.93
1/2/2022 2:19,45.95996544,6,196.5218235,173.1743,12.0144,-1.93
1/2/2022 2:19,45.95996544,6,196.5177998,172.54,11.9925,-1.93
1/2/2022 2:19,46.96333944,7,196.5208109,186.2412,12.2429,-1.93
1/2/2022 2:20,46.96333944,7,196.5248701,190.1485,12.3169,-1.93
1/2/2022 2:20,47.36256348,7,196.5311854,219.4558,12.9725,-1.93
1/2/2022 2:20,47.36256348,7,196.5314341,219.7648,12.9908,-1.93
1/2/2022 2:20,52.0634285,7,280.3390874,480.2888,16.921,-1.952
1/2/2022 2:20,52.0634285,6,280.3354013,463.3837,16.7262,-1.952
1/2/2022 2:20,48.62833916,7,280.3331541,320.3165,14.8116,-1.952
1/2/2022 2:21,48.62833916,7,280.335499,307.0734,14.6067,-1.952
1/2/2022 2:21,46.04169,8,280.7981698,214.9445,12.9783,-1.952
1/2/2022 2:21,46.04169,8,281.3646308,206.7309,12.8155,-1.952
1/2/2022 2:21,44.76246248,7,290.967297,149.0634,11.5549,-1.952
1/2/2022 2:21,44.76246248,7,291.534253,143.3733,11.4603,-1.952
1/2/2022 2:21,44.76882791,9,291.663239,104.7604,11.1109,-1.952
1/2/2022 2:22,44.76882791,9,291.6609651,105.0048,11.1102,-1.952
1/2/2022 2:22,44.84902278,9,291.6350555,123.7847,11.1287,-1.952
1/2/2022 2:22,44.84902278,9,291.6345404,123.604,11.1271,-1.952
1/2/2022 2:22,45.20931168,8,291.6370007,134.2889,11.1515,-1.4907
1/2/2022 2:22,45.20931168,8,291.6331458,136.9962,11.1593,-1.3857
1/2/2022 2:22,45.84795878,7,291.6443109,155.7213,11.523,-0.446
1/2/2022 2:23,45.84795878,7,291.6487253,159.4842,11.6052,-0.4949
1/2/2022 2:23,47.0067678,6,291.6434493,192.0588,12.377,-2.0104
1/2/2022 2:23,47.0067678,7,291.6428275,194.1675,12.4309,-2.0822
1/2/2022 2:23,46.8287644,8,291.6416106,195.1395,12.4798,-2.109
1/2/2022 2:23,46.8287644,8,291.6372228,193.9438,12.459,-2.109
1/2/2022 2:23,46.67351981,8,291.6380133,188.7348,12.335,-2.109
1/2/2022 2:24,46.67351981,8,291.6388927,190.0023,12.3594,-2.109
1/2/2022 2:24,49.00375426,7,291.6382976,238.4978,13.2276,-2.109
1/2/2022 2:24,49.00375426,7,291.6375159,248.2997,13.3916,-2.109
1/2/2022 2:24,50.37021944,6,291.6283761,322.1465,14.718,-2.109
1/2/2022 2:24,50.37021944,6,291.628456,324.0443,14.7716,-2.109
1/2/2022 2:24,53.38596694,7,341.4497362,477.8258,16.7601,-2.109
1/2/2022 2:25,53.38596694,7,341.4498695,487.8187,16.8735,-2.109
1/2/2022 2:25,53.35937739,7,341.4459968,531.4367,17.4236,-2.109
1/2/2022 2:25,53.35937739,7,341.4459879,529.4828,17.4051,-2.109
1/2/2022 2:25,52.61923062,7,341.4388199,477.1976,16.8435,-2.109
1/2/2022 2:25,52.61923062,7,341.433233,470.0068,16.7716,-2.109
1/2/2022 2:25,52.1816809,8,341.4521344,415.7516,16.1008,-2.109
1/2/2022 2:26,52.1816809,8,341.4535556,410.2142,16.0264,-2.109
1/2/2022 2:26,52.22941698,7,341.4477288,378.4335,15.575,-2.109
1/2/2022 2:26,52.22941698,7,341.4524542,378.6584,15.5685,-2.109
1/2/2022 2:26,54.31237431,7,341.4483062,417.2337,16.0322,-2.109
1/2/2022 2:26,54.31237431,7,341.4471248,424.0052,16.12,-2.109
1/2/2022 2:26,53.2311639,5,341.4509886,453.3777,16.5493,-2.109
1/2/2022 2:27,53.2311639,5,341.4516193,451.5592,16.5294,-2.109
1/2/2022 2:27,51.44018385,6,341.4504557,414.9456,16.0794,-2.109
1/2/2022 2:27,51.44018385,6,341.4511574,408.1556,16.0042,-2.109
1/2/2022 2:27,50.05906224,7,341.4493987,327.7234,14.9076,-2.109
1/2/2022 2:27,50.05906224,7,341.4432966,319.1382,14.7701,-2.109
1/2/2022 2:27,49.31347471,7,341.4512018,264.2443,13.8533,-2.109
1/2/2022 2:28,49.31347471,7,341.4565578,260.471,13.781,-2.109
1/2/2022 2:28,48.39006045,7,341.4588761,237.7131,13.3654,-2.109
1/2/2022 2:28,48.39006045,6,341.4592225,236.4006,13.346,-2.109
1/2/2022 2:28,47.8024028,5,341.4551722,230.2284,13.2099,-2.109
1/2/2022 2:28,47.8024028,5,341.4499938,230.4643,13.208,-2.109
1/2/2022 2:28,48.30766005,5,341.4428525,239.6588,13.3605,-2.109
1/2/2022 2:29,48.30766005,5,341.4478532,239.7193,13.365,-2.109
1/2/2022 2:29,47.66986297,5,341.4536178,232.8688,13.2547,-2.109
1/2/2022 2:29,47.66986297,5,341.4529338,232.7158,13.2537,-2.109
1/2/2022 2:29,47.86776086,4,341.4672609,238.0032,13.341,-2.109
1/2/2022 2:29,47.86776086,4,341.3170301,238.6322,13.343,-2.109
1/2/2022 2:29,47.53143322,4,344.1197133,235.6625,13.2996,-2.109
1/2/2022 2:30,47.53143322,4,344.9095632,233.8248,13.274,-2.109
1/2/2022 2:30,45.90978789,5,350.6288175,195.791,12.5749,-2.109
1/2/2022 2:30,45.90978789,5,351.042679,189.742,12.4485,-2.109
1/2/2022 2:30,44.08703746,3,358.0019327,89.639,11.288,-2.109
1/2/2022 2:30,44.08703746,3,359.0377321,75.8121,11.2138,-2.109
1/2/2022 2:30,43.99013844,4,2.316246507,16.8621,11.0964,-2.109
1/2/2022 2:31,43.99013844,4,2.316468564,16.1189,11.0973,-2.109
1/2/2022 2:31,44.21468401,5,2.322757213,26.157,11.1276,-2.109
1/2/2022 2:31,44.21468401,5,2.323361208,29.9811,11.135,-2.109
1/2/2022 2:31,44.26669164,5,2.325546247,57.6462,11.1267,-2.109
1/2/2022 2:31,44.26669164,5,2.325182073,60.6345,11.1292,-2.109
1/2/2022 2:31,44.52833943,5,2.321478166,117.9634,11.1637,-2.109
1/2/2022 2:32,44.52833943,5,2.321264991,122.8817,11.1617,-2.109
1/2/2022 2:32,44.51347361,5,2.322499627,135.6865,11.1309,-2.109
1/2/2022 2:32,44.51347361,5,2.322801624,136.0513,11.1298,-2.109
1/2/2022 2:32,44.45025577,5,2.321984455,133.5312,11.1331,-2.109
1/2/2022 2:32,44.45025577,5,2.322170983,130.3008,11.1278,-2.109
1/2/2022 2:32,44.44722665,8,2.312418248,89.4081,11.0895,-2.109
1/2/2022 2:33,44.44722665,9,2.312915655,88.7951,11.0947,-2.109
1/2/2022 2:33,45.21483735,9,2.301244349,127.209,11.1764,-2.109
1/2/2022 2:33,45.21483735,9,2.300782471,132.7226,11.2017,-2.109
1/2/2022 2:33,47.94721243,8,2.318547016,187.2093,12.1946,-2.109
1/2/2022 2:33,47.94721243,8,2.318973366,195.1729,12.3698,-2.109
1/2/2022 2:33,51.07324766,9,2.304459732,285.5479,14.014,-2.109
1/2/2022 2:34,51.07324766,9,2.303784679,299.4854,14.2342,-2.109
1/2/2022 2:34,53.2612632,8,2.316237625,431.7233,16.1677,-2.109
1/2/2022 2:34,53.2612632,8,2.311458963,446.2007,16.3527,-2.109
1/2/2022 2:34,54.14628408,8,2.308989691,566.9848,17.7684,-2.109
1/2/2022 2:34,54.14628408,8,2.313439709,570.986,17.8252,-2.109
1/2/2022 2:34,52.61325737,8,2.316717268,500.748,17.1385,-2.109
1/2/2022 2:35,52.61325737,8,2.316344212,487.4409,16.9909,-2.109
1/2/2022 2:35,50.30752379,7,2.315686924,392.4604,15.8148,-2.109
1/2/2022 2:35,50.30752379,7,2.316655092,386.0592,15.7187,-2.109
1/2/2022 2:35,48.76463296,5,2.305072609,325.6642,14.8602,-2.109
1/2/2022 2:35,48.76463296,5,2.305010433,318.6216,14.7568,-2.109
1/2/2022 2:35,48.19700103,4,2.308012641,267.8299,13.9013,-2.109
1/2/2022 2:36,48.19700103,4,2.308918633,263.6604,13.8241,-2.109
1/2/2022 2:36,48.73994597,4,2.32345003,248.7869,13.5442,-2.109
1/2/2022 2:36,48.73994597,4,2.322108807,251.7869,13.5896,-2.109
1/2/2022 2:36,50.30222095,5,2.315491514,320.3587,14.6627,-2.109
1/2/2022 2:36,50.30222095,5,2.315074047,327.6085,14.7735,-2.109
1/2/2022 2:36,50.92923035,4,2.31817396,357.8255,15.2537,-2.109
1/2/2022 2:37,50.92923035,4,2.319497419,359.1355,15.2796,-2.109
1/2/2022 2:37,50.49574261,5,2.317223557,356.4234,15.2806,-2.109
1/2/2022 2:37,50.49574261,5,2.316219861,354.1765,15.254,-2.109
1/2/2022 2:37,49.39029833,6,2.319728358,307.4133,14.5794,-2.109
1/2/2022 2:37,49.39029833,6,2.31899113,300.0833,14.462,-2.109
1/2/2022 2:37,48.69246233,6,2.304060029,253.8684,13.6582,-2.109
1/2/2022 2:38,48.69246233,6,2.300995645,251.9957,13.6211,-2.109
1/2/2022 2:38,49.36989973,6,2.306236186,272.3906,13.8657,-2.109
1/2/2022 2:38,49.36989973,6,2.305294665,278.1256,13.9566,-2.109
1/2/2022 2:38,49.84268833,6,2.306937886,330.9782,14.8569,-2.109
1/2/2022 2:38,49.84268833,6,2.307088884,334.1014,14.9175,-2.109
1/2/2022 2:38,49.72347631,6,2.289546395,333.1307,14.9214,-2.109
1/2/2022 2:39,49.72347631,6,2.294973464,332.7179,14.9095,-2.109
1/2/2022 2:39,49.72347631,7,2.314159173,380.8546,15.6247,-2.109
1/2/2022 2:39,50.21805264,7,2.308963044,375.5481,15.5486,-2.109
1/2/2022 2:39,50.21805264,6,2.311787607,344.1712,15.0737,-2.109
1/2/2022 2:39,49.79045255,6,2.316131038,343.8637,15.0662,-2.109
1/2/2022 2:39,49.79045255,5,2.315713571,343.6347,15.073,-2.109
1/2/2022 2:40,50.281963,5,2.311219141,344.632,15.0811,-2.109
1/2/2022 2:40,50.281963,5,2.316095509,361.9492,15.3424,-2.109
1/2/2022 2:40,50.39980807,5,2.321247227,361.3043,15.3476,-2.109
1/2/2022 2:40,50.39980807,5,2.318227254,314.0037,14.6989,-2.109
1/2/2022 2:40,48.88220966,5,2.313421945,305.5451,14.5662,-2.109
1/2/2022 2:40,48.88220966,3,2.24381156,240.4796,13.4233,-2.109
1/2/2022 2:41,47.63211357,3,2.23714097,235.4641,13.3275,-2.109
1/2/2022 2:41,47.63211357,3,2.207500843,195.1358,12.5306,-2.109
1/2/2022 2:41,46.4445991,3,2.207873898,190.2344,12.4326,-2.109
1/2/2022 2:41,46.4445991,4,2.212519327,112.1264,11.4071,-2.109
1/2/2022 2:41,45.53596824,4,2.211675511,98.3295,11.3187,-2.109
1/2/2022 2:41,45.53596824,3,2.207563019,24.5766,11.0909,-2.109
1/2/2022 2:42,45.39662682,3,2.208477893,23.4952,11.0923,-2.109
1/2/2022 2:42,45.39662682,3,2.21221733,17.6846,11.1103,-2.109
1/2/2022 2:42,44.80353202,3,2.225087735,18.0126,11.1136,-2.109
1/2/2022 2:42,44.80353202,5,2.227672477,17.7331,11.1144,-2.109
1/2/2022 2:42,44.89652142,5,2.214153665,16.7878,11.113,-2.109
1/2/2022 2:42,44.89652142,4,2.21104487,7.0616,11.1053,-2.109
1/2/2022 2:43,45.24588903,4,2.217946395,5.4348,11.1059,-2.109
1/2/2022 2:43,45.24588903,3,2.531879806,-7.2243,11.0948,-1.5449
1/2/2022 2:43,44.82089676,3,2.536818358,-7.6828,11.0866,-1.4241
1/2/2022 2:43,44.82089676,6,7.560663946,-7.5269,11.0514,-0.901
1/2/2022 2:43,44.94253386,6,9.261322182,-6.9491,11.0614,-0.901
1/2/2022 2:43,44.94253386,6,24.64525319,2.8984,11.1166,-0.901
1/2/2022 2:44,43.91083004,6,26.01061965,3.9889,11.1161,-0.901
1/2/2022 2:44,43.91083004,7,32.98423808,33.9702,11.1474,-0.901
1/2/2022 2:44,44.26562754,7,32.98294127,41.6871,11.1464,-0.901
1/2/2022 2:44,44.26562754,8,32.97893537,114.7588,11.1661,-0.901
1/2/2022 2:44,44.53097465,8,32.9789176,120.7272,11.18,-0.901
1/2/2022 2:44,44.53097465,8,32.98191093,157.2967,11.5674,-0.901
1/2/2022 2:45,45.59121673,8,32.98068517,160.6154,11.6454,-0.901
1/2/2022 2:45,45.59121673,8,32.96983992,210.5223,12.6938,-0.901
1/2/2022 2:45,47.89482401,8,32.97097685,219.0527,12.8574,-0.901
1/2/2022 2:45,47.89482401,8,32.96790358,324.0571,14.6492,-1.5052
1/2/2022 2:45,50.92068983,8,32.96827664,336.6,14.8456,-1.6207
1/2/2022 2:45,50.92068983,7,32.97449423,447.3847,16.3925,-2.0643
1/2/2022 2:46,52.9415941,7,32.9715009,458.1649,16.527,-2.0657
1/2/2022 2:46,52.9415941,8,32.97437876,543.8067,17.4958,-2.0721
1/2/2022 2:46,54.09496212,8,32.97597757,553.1645,17.5987,-2.0724
1/2/2022 2:46,54.09496212,8,32.97139432,599.1815,18.0665,-2.073
1/2/2022 2:46,54.1191891,8,32.9697511,607.4096,18.0909,-2.073
1/2/2022 2:46,54.1191891,7,32.97828696,626.5586,18.1615,-2.073
1/2/2022 2:47,54.35180683,7,32.97818037,616.4721,18.1225,-2.073
1/2/2022 2:47,54.35180683,8,32.97748756,569.7203,17.7924,-2.073
1/2/2022 2:47,54.17718075,8,32.980019,577.566,17.8163,-2.073
1/2/2022 2:47,54.17718075,7,32.9768658,646.9712,18.2163,-2.073
1/2/2022 2:47,54.42128422,7,32.97617298,652.8126,18.2356,-2.073
1/2/2022 2:47,54.42128422,7,32.96803682,741.7513,18.3076,-2.073
1/2/2022 2:48,54.89570185,7,32.96890728,744.8442,18.3044,-2.073
1/2/2022 2:48,54.89570185,7,32.97379253,711.7831,18.2469,-2.073
1/2/2022 2:48,54.72206116,6,32.97318854,700.4244,18.2412,-2.073
1/2/2022 2:48,44.98005798,6,23.59364184,142.2273,11.2245,-2.073
1/2/2022 2:48,44.98005798,7,23.61907178,157.4682,11.5707,-2.073
1/2/2022 2:48,45.80730328,7,23.62605325,159.6417,11.6228,-2.073
1/2/2022 2:49,45.80730328,7,23.61967578,200.6646,12.4948,-2.073
1/2/2022 2:49,48.1989579,7,23.61304961,208.6943,12.6599,-2.073
1/2/2022 2:49,48.1989579,7,15.90620648,270.2421,13.8752,-2.073
1/2/2022 2:49,49.27376742,7,14.61817252,273.9253,13.9375,-2.073
1/2/2022 2:49,49.27376742,7,10.76166235,295.9285,14.3045,-2.073
1/2/2022 2:49,49.78229237,7,10.7663966,298.5251,14.3537,-2.073
1/2/2022 2:50,49.78229237,7,5.542092254,324.0817,14.7721,-2.073
1/2/2022 2:50,50.24591311,7,4.927414077,325.6096,14.7951,-2.073
1/2/2022 2:50,50.24591311,6,3.54372231,316.9571,14.6925,-2.073
1/2/2022 2:50,49.67694129,6,3.065473016,314.8156,14.6561,-2.073
1/2/2022 2:50,49.67694129,7,359.8768991,310.8986,14.5639,-2.073
1/2/2022 2:50,50.8144989,7,359.8776452,313.3091,14.5994,-2.073
1/2/2022 2:51,50.8144989,6,359.8752736,360.2276,15.2522,-2.073
1/2/2022 2:51,52.11036792,6,359.8745364,366.6989,15.3449,-2.073
1/2/2022 2:51,52.11036792,6,359.8712944,417.7322,16.0542,-2.073
1/2/2022 2:51,52.51419168,6,359.8731596,422.598,16.1215,-2.073
1/2/2022 2:51,52.51419168,5,0.063724042,437.1974,16.3481,-2.073
1/2/2022 2:51,51.92985022,5,0.054681246,435.1425,16.3191,-2.073
1/2/2022 2:52,51.92985022,4,359.753773,417.3183,16.0888,-2.073
1/2/2022 2:52,51.87305785,4,359.2796604,415.307,16.0668,-2.073
1/2/2022 2:52,51.87305785,5,353.5542141,369.4448,15.5025,-2.073
1/2/2022 2:52,50.59014363,5,353.3891628,360.3611,15.3777,-2.073
1/2/2022 2:52,50.59014363,5,353.3546552,250.8572,13.6696,-2.073
1/2/2022 2:52,50.59014363,4,353.380467,82.8432,11.12,-0.984
1/2/2022 2:53,44.54768336,4,353.3809911,82.7207,11.1189,-0.984
1/2/2022 2:53,44.54768336,5,353.3812931,89.5461,11.1224,-0.984
1/2/2022 2:53,44.17977882,5,353.3806358,91.7531,11.1225,-0.984
1/2/2022 2:53,44.17977882,5,353.3797387,114.4624,11.1322,-0.984
1/2/2022 2:53,44.39096594,5,353.3793568,118.1111,11.134,-0.984
1/2/2022 2:53,44.39096594,6,353.37647,142.8787,11.2268,-0.984
1/2/2022 2:54,44.90004525,5,353.3763901,144.3771,11.2595,-0.984
1/2/2022 2:54,44.90004525,6,353.3777668,164.7273,11.7788,-0.984
1/2/2022 2:54,45.27049699,6,353.3785307,166.4164,11.8201,-0.984
1/2/2022 2:54,45.27049699,6,353.3805381,160.5769,11.7233,-1.6755
1/2/2022 2:54,44.63879627,6,353.380618,158.2951,11.6737,-1.7784
1/2/2022 2:54,44.63879627,6,353.3814796,140.6311,11.2331,-2.013
1/2/2022 2:55,44.77671034,6,353.3809911,139.9948,11.2196,-2.013
1/2/2022 2:55,44.77671034,6,353.3835581,159.352,11.6039,-2.013
1/2/2022 2:55,46.0298896,6,353.3836647,164.0612,11.7039,-2.013
1/2/2022 2:55,46.0298896,6,353.3778645,224.8384,12.9849,-2.013
1/2/2022 2:55,48.59530966,6,353.3778112,233.763,13.1507,-2.013
1/2/2022 2:55,48.59530966,7,353.3823057,329.292,14.7402,-2.013
1/2/2022 2:56,50.52787738,7,353.3831051,341.3204,14.9255,-2.013
1/2/2022 2:56,50.52787738,7,353.3799607,421.7391,16.1011,-2.013
1/2/2022 2:56,51.92853211,7,353.379259,426.509,16.1689,-2.013
1/2/2022 2:56,51.92853211,6,353.381,454.0037,16.5458,-2.013
1/2/2022 2:56,51.78996654,6,353.3810533,453.4213,16.5406,-2.013
1/2/2022 2:56,51.78996654,6,353.3806358,401.4227,15.9274,-2.013
1/2/2022 2:57,50.45922389,6,353.3812043,393.2452,15.814,-2.013
1/2/2022 2:57,50.45922389,6,353.384544,325.5206,14.848,-2.013
1/2/2022 2:57,48.95615388,6,353.3830251,319.6765,14.7664,-2.013
1/2/2022 2:57,48.95615388,7,353.3807513,282.786,14.1687,-2.013
1/2/2022 2:57,48.40365182,7,353.3821991,278.7445,14.0999,-2.013
1/2/2022 2:57,48.40365182,6,353.3843042,246.3937,13.5166,-2.013
1/2/2022 2:58,47.83884729,6,353.383638,244.0104,13.4708,-2.013
1/2/2022 2:58,47.83884729,7,353.3810533,237.5332,13.3308,-2.013
1/2/2022 2:58,48.01314336,7,353.3817283,238.2091,13.3438,-2.013
1/2/2022 2:58,48.01314336,7,353.3773494,239.1606,13.3928,-2.013
1/2/2022 2:58,48.06929781,7,353.3768342,237.6258,13.3685,-2.013
1/2/2022 2:58,48.06929781,6,353.3768164,215.2557,12.9381,-2.013
1/2/2022 2:59,47.19299335,6,353.3772517,213.0997,12.8896,-2.013
1/2/2022 2:59,47.19299335,7,353.3818349,208.8955,12.7608,-2.013
1/2/2022 2:59,47.73832992,7,353.381151,211.3009,12.8026,-2.013
1/2/2022 2:59,47.73832992,5,353.3799785,260.3261,13.6696,-2.013
1/2/2022 2:59,49.00066319,5,353.3801739,266.5088,13.7806,-2.013
1/2/2022 2:59,49.00066319,5,25.94978901,162.5642,11.7783,-2.013
1/2/2022 3:00,45.4686333,5,25.95431009,160.8122,11.7304,-2.013
1/2/2022 3:00,45.4686333,5,25.99834835,151.5802,11.4842,-2.013
1/2/2022 3:00,45.251743,5,26.00540976,150.6821,11.4618,-2.013
1/2/2022 3:00,45.251743,5,25.97257204,112.6672,11.1815,-2.013
1/2/2022 3:00,44.77288646,6,25.9612205,106.8159,11.1526,-2.013
1/2/2022 3:00,44.77288646,6,25.92435019,98.6674,11.1202,-2.013
1/2/2022 3:01,45.1246302,6,25.92157892,101.6685,11.1275,-2.013
1/2/2022 3:01,45.1246302,6,25.91441092,138.3317,11.2128,-2.013
1/2/2022 3:01,45.25454079,6,25.91704008,141.5501,11.2338,-2.013
1/2/2022 3:01,45.25454079,6,25.92270697,162.0724,11.6876,-2.013
1/2/2022 3:01,45.97802612,6,25.92291126,164.7704,11.7546,-2.013
1/2/2022 3:01,45.97802612,6,25.92349749,186.4113,12.2667,-2.013
1/2/2022 3:02,46.73574241,6,25.92231615,188.6408,12.3164,-2.013
1/2/2022 3:02,46.73574241,5,25.9227425,195.4872,12.4958,-2.013
1/2/2022 3:02,46.59609255,5,25.92242273,194.49,12.4804,-2.013
1/2/2022 3:02,46.59609255,5,25.9240926,182.6925,12.2205,-2.013
1/2/2022 3:02,45.95980454,5,25.92576247,181.3638,12.1915,-2.013
1/2/2022 3:02,45.95980454,4,25.9194827,168.5057,11.9112,-2.013
1/2/2022 3:03,45.81120831,4,25.91958929,166.6827,11.8673,-2.013
1/2/2022 3:03,45.81120831,5,25.92569141,152.433,11.5032,-2.013
1/2/2022 3:03,45.6254531,5,25.92470548,151.8178,11.4827,-2.013
1/2/2022 3:03,45.6254531,5,25.92076175,149.8053,11.4411,-2.013
1/2/2022 3:03,45.26913824,5,25.92207633,149.2985,11.4332,-2.013
1/2/2022 3:03,45.26913824,5,25.92160557,124.1494,11.1831,-2.013
1/2/2022 3:04,45.02157453,5,25.92126804,122.2971,11.1571,-2.013
1/2/2022 3:04,45.02157453,6,25.92428801,132.6487,11.1331,-2.013
1/2/2022 3:04,47.31588131,6,25.92437683,132.3985,11.1341,-2.013
1/2/2022 3:04,47.31588131,7,25.92077951,133.6043,11.125,-2.013
1/2/2022 3:04,49.24798672,7,25.91832801,135.0338,11.1325,-2.013
1/2/2022 3:04,49.24798672,8,25.9246433,140.1123,11.1852,-2.013
1/2/2022 3:05,50.85514265,8,25.92435019,140.9464,11.2016,-2.013
1/2/2022 3:05,50.85514265,7,25.91475733,175.8945,11.9359,-2.013
1/2/2022 3:05,54.13843509,7,25.91520145,183.7725,12.1007,-2.013
1/2/2022 3:05,54.13843509,6,25.97458832,277.5352,13.9354,-2.013
1/2/2022 3:05,56.29805057,7,26.29835545,288.858,14.1303,-2.013
1/2/2022 3:05,56.29805057,7,29.07106404,386.9191,15.6064,-2.013
1/2/2022 3:06,53.98619023,7,29.06263476,397.2365,15.7435,-2.013
1/2/2022 3:06,53.98619023,8,29.06488188,546.6956,17.548,-2.013
1/2/2022 3:06,54.65695181,8,29.06530823,553.5014,17.6263,-2.013
1/2/2022 3:06,54.65695181,7,29.07436824,650.3812,18.1497,-2.013
1/2/2022 3:06,55.04865773,7,29.07507883,667.6954,18.1839,-2.013
1/2/2022 3:06,55.04865773,6,29.04590056,648.7081,18.1715,-2.013
1/2/2022 3:07,54.80984862,6,29.04148607,629.3647,18.1234,-2.013
1/2/2022 3:07,54.80984862,6,29.03206198,504.241,17.1933,-2.013
1/2/2022 3:07,53.06612728,6,29.03100499,492.6832,17.0542,-2.013
1/2/2022 3:07,53.06612728,6,29.01298286,411.4607,16.0396,-2.013
1/2/2022 3:07,51.68017853,6,29.01429744,404.9137,15.956,-2.013
1/2/2022 3:07,51.68017853,6,29.01674006,378.8305,15.5718,-2.013
1/2/2022 3:08,51.02590788,6,29.01545213,379.0043,15.5718,-2.013
1/2/2022 3:08,51.02590788,5,29.0155676,372.423,15.5001,-2.013
1/2/2022 3:08,50.47902889,5,29.01988439,370.3104,15.4645,-2.013
1/2/2022 3:08,50.47902889,6,29.01257427,335.0899,14.9839,-2.013
1/2/2022 3:08,49.43026094,6,29.00857725,329.0376,14.9071,-2.013
1/2/2022 3:08,49.43026094,5,29.01521231,275.353,14.0435,-2.013
1/2/2022 3:09,48.79425225,5,29.01558536,270.9532,13.9579,-2.013
1/2/2022 3:09,48.79425225,6,29.01793917,246.695,13.5115,-2.013
1/2/2022 3:09,48.18990596,6,29.01685553,244.7656,13.4823,-2.013
1/2/2022 3:09,48.18990596,6,29.01030041,222.3258,13.0516,-2.013
1/2/2022 3:09,47.43163325,6,29.010709,220.0005,12.9965,-2.013
1/2/2022 3:09,47.43163325,6,29.01434185,211.9213,12.8081,-2.013
1/2/2022 3:10,48.30323242,6,29.01940474,213.6001,12.8428,-2.013
1/2/2022 3:10,48.30323242,6,29.02671485,267.0277,13.77,-2.013
1/2/2022 3:10,49.16091958,6,29.02182072,274.202,13.8979,-2.013
1/2/2022 3:10,49.16091958,7,29.01111758,310.5883,14.5625,-2.013
1/2/2022 3:10,49.32136361,7,29.01169493,312.1142,14.5897,-2.013
1/2/2022 3:10,49.32136361,6,29.01808128,311.9134,14.5961,-2.013
1/2/2022 3:11,49.42172285,6,29.0184721,311.352,14.5827,-2.013
1/2/2022 3:11,49.42172285,6,29.01761052,318.7555,14.6837,-2.013
1/2/2022 3:11,49.80156013,6,29.01619824,320.1839,14.7045,-2.013
1/2/2022 3:11,49.80156013,7,29.01332927,317.176,14.6878,-2.013
1/2/2022 3:11,49.45576222,7,29.01399544,315.4812,14.6663,-2.013
1/2/2022 3:11,49.45576222,8,29.86322762,290.616,14.2835,-2.013
1/2/2022 3:12,49.36604422,8,30.37845158,287.1325,14.2262,-2.013
1/2/2022 3:12,49.36604422,6,34.19158764,265.2471,13.8438,-2.013
1/2/2022 3:12,49.65735176,6,34.19832041,263.8929,13.8203,-2.013
1/2/2022 3:12,49.65735176,7,34.25522021,260.062,13.7493,-2.013
1/2/2022 3:12,50.29417593,8,34.25027278,260.227,13.7507,-2.013
1/2/2022 3:12,50.29417593,8,34.18102662,253.9413,13.6331,-2.013
1/2/2022 3:13,49.88650849,8,34.18616945,252.7699,13.6131,-2.013
1/2/2022 3:13,49.88650849,7,34.19476749,250.6043,13.5719,-2.013
1/2/2022 3:13,49.78721966,7,34.18912725,252.4407,13.5996,-2.013
1/2/2022 3:13,49.78721966,8,34.17470244,299.5301,14.3438,-2.013
1/2/2022 3:13,50.96970025,8,34.17314804,306.9959,14.4595,-2.013
1/2/2022 3:13,50.96970025,9,34.22608628,370.904,15.4059,-2.013
1/2/2022 3:14,51.83916844,9,34.22848449,377.4455,15.4959,-2.013
1/2/2022 3:14,51.83916844,9,34.18168391,470.6255,16.6398,-2.013
1/2/2022 3:14,54.18143946,9,34.18096444,484.8238,16.8102,-2.013
1/2/2022 3:14,54.18143946,8,34.1694619,587.7894,17.9567,-2.013
1/2/2022 3:14,54.65166113,7,34.16738345,597.853,18.0234,-2.013
1/2/2022 3:14,54.65166113,7,34.16348413,723.3263,18.2934,-2.013
1/2/2022 3:15,54.81285566,7,34.16442565,727.5639,18.2903,-2.013
1/2/2022 3:15,54.81285566,7,34.16895561,670.2329,18.2341,-2.013
1/2/2022 3:15,54.45194685,7,34.16842267,662.0926,18.2314,-2.013
1/2/2022 3:15,54.45194685,6,34.16222285,588.7492,18.0264,-2.013
1/2/2022 3:15,54.03696495,6,34.1643013,582.3762,17.9711,-2.013
1/2/2022 3:15,54.03696495,6,34.17292599,499.0303,17.1121,-2.013
1/2/2022 3:16,52.08316707,6,34.17243746,488.5048,16.9925,-2.013
1/2/2022 3:16,52.08316707,5,34.18350477,400.2134,15.9105,-2.013
1/2/2022 3:16,50.56467786,5,34.18153291,391.6539,15.7966,-2.013
1/2/2022 3:16,50.56467786,5,34.17184235,328.9486,14.8979,-2.013
1/2/2022 3:16,49.0809324,5,34.17427609,323.1911,14.8128,-2.013
1/2/2022 3:16,49.0809324,6,34.18358471,269.443,13.9469,-2.013
1/2/2022 3:17,47.98913108,6,34.18167503,263.514,13.844,-2.013
1/2/2022 3:17,47.98913108,5,34.16943525,216.8346,12.9618,-2.013
1/2/2022 3:17,46.63955553,5,34.16974613,211.5063,12.855,-2.013
1/2/2022 3:17,46.63955553,5,34.1732724,171.3759,11.9963,-2.013
1/2/2022 3:17,45.42973626,5,34.1729704,168.6545,11.9265,-2.013
1/2/2022 3:17,45.42973626,6,34.16653963,152.4759,11.51,-2.013
1/2/2022 3:18,44.76902742,6,34.16842267,151.3185,11.4835,-2.013
1/2/2022 3:18,44.76902742,6,34.16995931,149.3277,11.4207,-2.013
1/2/2022 3:18,45.05048411,6,34.16754333,150.0931,11.4357,-2.013
1/2/2022 3:18,45.05048411,7,34.17145153,159.1413,11.6438,-2.013
1/2/2022 3:18,45.81304851,7,34.17259734,160.6619,11.6754,-2.013
1/2/2022 3:18,45.81304851,7,34.17446262,181.9991,12.1639,-2.013
1/2/2022 3:19,51.97735796,7,34.17346781,183.8874,12.214,-2.013
1/2/2022 3:19,51.97735796,7,34.16896449,187.5181,12.3223,-2.013
1/2/2022 3:19,57.36649888,7,34.16888455,187.52,12.3255,-2.013
1/2/2022 3:19,57.36649888,7,34.1690089,199.45,12.5435,-2.013
1/2/2022 3:19,55.94329709,7,34.1692132,202.3599,12.5979,-2.013
1/2/2022 3:19,55.94329709,7,34.16697486,226.4118,13.1086,-2.013
1/2/2022 3:20,54.24394545,6,34.16613993,227.9691,13.1362,-2.013
1/2/2022 3:20,54.24394545,6,34.16873355,250.9161,13.5461,-2.013
1/2/2022 3:20,55.40602083,6,34.16952408,254.6233,13.6151,-2.013
1/2/2022 3:20,55.40602083,4,34.17002148,268.0119,13.8773,-2.013
1/2/2022 3:20,55.8587361,4,34.17014584,267.8443,13.8728,-2.013
1/2/2022 3:20,55.8587361,5,34.16686828,261.7036,13.7915,-2.013
1/2/2022 3:21,54.56164928,5,34.16630869,259.9239,13.7668,-2.013
1/2/2022 3:21,54.56164928,6,34.16692157,233.3911,13.2846,-2.013
1/2/2022 3:21,51.49409783,6,34.16693933,229.5989,13.2115,-2.013
1/2/2022 3:21,51.49409783,6,34.16521617,201.4404,12.6437,-2.013
1/2/2022 3:21,50.02196905,6,34.16664622,198.5417,12.584,-2.013
1/2/2022 3:21,50.02196905,6,34.17719836,170.2478,11.966,-2.013
1/2/2022 3:22,47.80368429,6,34.17605255,168.354,11.9144,-2.013
1/2/2022 3:22,47.80368429,6,34.1613968,167.4355,11.8254,-2.013
1/2/2022 3:22,47.61214646,6,34.1611925,167.9388,11.8424,-2.013
1/2/2022 3:22,47.61214646,5,34.1638483,184.2708,12.2252,-2.013
1/2/2022 3:22,48.53418369,5,34.1637506,186.8008,12.2808,-2.013
1/2/2022 3:22,48.53418369,5,34.16283573,188.316,12.3578,-2.013
1/2/2022 3:23,48.07254614,5,34.16279131,186.8325,12.3248,-2.013
1/2/2022 3:23,48.07254614,5,34.16122803,169.339,11.9352,-2.013
1/2/2022 3:23,46.27060056,5,34.16245379,166.3644,11.868,-2.013
1/2/2022 3:23,46.27060056,6,34.16043751,122.1932,11.2342,-2.013
1/2/2022 3:23,46.09533564,6,34.15998452,117.2066,11.199,-2.013
1/2/2022 3:23,46.09533564,6,34.15304746,115.8379,11.1316,-2.013
1/2/2022 3:24,45.71082303,6,34.15155524,118.867,11.1297,-2.013
1/2/2022 3:24,45.71082303,7,34.16294231,137.2947,11.1592,-2.013
1/2/2022 3:24,47.10246466,7,34.16356407,138.3809,11.1746,-2.013
1/2/2022 3:24,47.10246466,6,34.16440789,149.4285,11.391,-2.013
1/2/2022 3:24,52.12682835,6,34.16494082,151.7992,11.4441,-2.013
1/2/2022 3:24,52.12682835,7,34.21416623,185.9986,12.2221,-2.013
1/2/2022 3:25,57.2348919,7,34.21680427,190.2679,12.3167,-2.013
1/2/2022 3:25,57.2348919,6,34.19143664,213.6921,12.8575,-2.013
1/2/2022 3:25,59.15976522,6,34.19063724,214.4913,12.8753,-2.013
1/2/2022 3:25,59.15976522,5,34.17824647,222.2634,13.0228,-2.013
1/2/2022 3:25,59.2188726,5,34.18305178,223.9208,13.0515,-2.013
1/2/2022 3:25,59.2188726,6,34.17259734,251.7443,13.5275,-2.013
1/2/2022 3:26,55.01339535,6,34.16566029,255.9344,13.6028,-2.013
1/2/2022 3:26,55.01339535,6,34.16197414,272.6956,13.9791,-2.013
1/2/2022 3:26,51.21724908,6,34.1622495,270.2637,13.9458,-2.013
1/2/2022 3:26,51.21724908,5,36.50057859,224.119,13.1238,-2.013
1/2/2022 3:26,50.28158488,5,36.96408074,218.5784,13.0172,-2.013
1/2/2022 3:26,50.28158488,5,38.84996659,185.6165,12.3118,-2.013
1/2/2022 3:27,48.15179275,5,38.84887407,183.7602,12.2661,-2.013
1/2/2022 3:27,48.15179275,5,38.83023907,177.4862,12.099,-2.013
1/2/2022 3:27,46.83586884,5,38.83054106,177.7696,12.1023,-2.013
1/2/2022 3:27,46.83586884,7,38.79458563,188.7319,12.3276,-2.013
1/2/2022 3:27,48.07969146,7,38.79457674,190.3231,12.3633,-2.013
1/2/2022 3:27,48.07969146,7,38.78490395,193.8031,12.4604,-2.013
1/2/2022 3:28,48.01432795,7,38.78259456,193.4621,12.4514,-2.013
1/2/2022 3:28,48.01432795,7,38.78032958,205.2473,12.6412,-2.013
1/2/2022 3:28,49.90119925,7,38.78204386,208.8615,12.713,-2.013
1/2/2022 3:28,49.90119925,8,39.20754952,254.5566,13.5788,-2.013
1/2/2022 3:28,50.16004136,8,39.28114889,259.824,13.6755,-2.013
1/2/2022 3:28,50.16004136,8,39.51877508,294.6515,14.2874,-2.013
1/2/2022 3:29,51.1271746,8,39.51795791,299.194,14.3487,-2.013
1/2/2022 3:29,51.1271746,7,39.5086937,375.2456,15.4263,-2.013
1/2/2022 3:29,52.59719874,7,39.50898682,386.1429,15.5833,-2.013
1/2/2022 3:29,52.59719874,9,39.50913782,467.9604,16.6616,-2.013
1/2/2022 3:29,54.02190977,9,39.50887135,477.4484,16.7679,-2.013
1/2/2022 3:29,54.02190977,10,39.51694533,641.3972,17.9089,-2.013
1/2/2022 3:30,54.9327668,10,39.51774474,673.4279,18.0108,-2.013
1/2/2022 3:30,54.9327668,10,39.51523994,856.8664,18.2971,-2.013
1/2/2022 3:30,55.99077393,10,39.51884614,849.5443,18.2828,-2.013
1/2/2022 3:30,55.99077393,12,39.4847915,763.3294,18.2332,-2.013
1/2/2022 3:30,56.32979572,11,39.47649546,767.0236,18.2456,-2.013
1/2/2022 3:30,56.32979572,11,39.48993434,1042.5849,18.4105,-2.0125
1/2/2022 3:31,56.72687882,11,39.49033404,1084.8319,18.4176,-2.0092
1/2/2022 3:31,56.72687882,12,39.49114233,1131.5151,18.2554,-1.9495
1/2/2022 3:31,55.9734275,12,39.49508606,1109.8936,18.2352,-1.9536
1/2/2022 3:31,55.9734275,11,39.47684187,1114.6386,18.307,-2.044
1/2/2022 3:31,56.73895343,11,39.4721165,1139.5243,18.3225,-2.0489
1/2/2022 3:31,56.73895343,10,39.47117498,1217.5998,18.2837,-2.0807
1/2/2022 3:32,56.87235315,10,39.47636223,1207.028,18.2713,-2.0775
1/2/2022 3:32,56.87235315,7,39.48073231,947.4309,18.1344,-1.9483
1/2/2022 3:32,55.94903461,7,39.47544735,901.2277,18.1182,-1.9362
1/2/2022 3:32,55.94903461,7,39.4665562,607.1006,17.9921,-1.9243
1/2/2022 3:32,54.12240283,7,39.46734672,591.3755,17.9437,-1.9344
1/2/2022 3:32,54.12240283,7,39.46825271,516.6032,17.3037,-2.0259
1/2/2022 3:33,53.10551733,8,39.46762207,510.7014,17.2367,-2.0268
1/2/2022 3:33,53.10551733,8,39.4773304,472.4311,16.7673,-2.027
1/2/2022 3:33,53.01440512,8,39.47759686,472.1022,16.7581,-2.027
1/2/2022 3:33,53.01440512,9,39.46699143,509.8986,17.1562,-2.027
1/2/2022 3:33,53.62167462,8,39.46683155,515.506,17.2218,-2.027
1/2/2022 3:33,53.62167462,8,39.47744587,550.392,17.6247,-2.027
1/2/2022 3:34,54.03312732,7,39.47749916,552.2204,17.6489,-2.027
1/2/2022 3:34,54.03312732,8,39.47509206,555.1819,17.7096,-2.027
1/2/2022 3:34,53.74597747,8,39.47516312,557.2917,17.7147,-2.027
1/2/2022 3:34,53.74597747,9,39.47650435,585.2191,17.9617,-2.027
1/2/2022 3:34,54.19643637,9,39.47618458,586.0331,17.9841,-2.027
1/2/2022 3:34,54.19643637,10,39.47708169,605.4289,18.057,-2.027
1/2/2022 3:35,54.34417502,10,39.48162053,616.1018,18.0857,-2.027
1/2/2022 3:35,54.34417502,10,39.48720748,623.5889,18.1287,-2.027
1/2/2022 3:35,54.21476025,10,39.48281076,609.7524,18.0704,-2.027
1/2/2022 3:35,54.21476025,10,39.48443621,583.5521,17.7614,-2.027
1/2/2022 3:35,55.0892577,10,39.48430298,605.8251,17.822,-2.027
1/2/2022 3:35,55.0892577,8,39.47102398,725.6915,18.2606,-2.027
1/2/2022 3:36,54.92151063,8,39.47065981,711.8097,18.2507,-2.027
1/2/2022 3:36,54.92151063,9,39.4660055,668.3445,18.2162,-2.027
1/2/2022 3:36,55.0752088,9,39.46652067,673.1518,18.2186,-2.027
1/2/2022 3:36,55.0752088,8,39.46485969,593.1033,18.0069,-2.027
1/2/2022 3:36,54.11152894,8,39.4657035,580.8125,17.9602,-2.027
1/2/2022 3:36,54.11152894,8,39.4829884,608.4387,17.9924,-2.027
1/2/2022 3:37,54.8008955,8,39.48696766,621.7168,18.043,-2.027
1/2/2022 3:37,54.8008955,9,39.47948879,750.778,18.3076,-2.027
1/2/2022 3:37,55.11591276,9,39.47445254,757.7964,18.3055,-2.027
1/2/2022 3:37,55.11591276,8,39.46958505,882.2504,18.3321,-2.027
1/2/2022 3:37,55.55803578,8,39.46960282,912.6564,18.3453,-2.027
1/2/2022 3:37,55.55803578,9,39.46914982,1070.1228,18.3102,-2.027
1/2/2022 3:38,55.42589484,9,39.47372419,1066.8889,18.2948,-2.027
1/2/2022 3:38,55.42589484,7,39.48189588,918.7099,18.1922,-2.027
1/2/2022 3:38,55.4386453,7,39.47738369,898.3256,18.192,-2.027
1/2/2022 3:38,55.4386453,6,39.46942517,786.5864,18.2272,-2.027
1/2/2022 3:38,54.88492267,6,39.46955841,771.5596,18.223,-2.027
1/2/2022 3:38,54.88492267,6,39.47941773,658.4615,18.225,-2.027
1/2/2022 3:39,54.23369345,6,39.47915126,652.1054,18.2301,-2.027
1/2/2022 3:39,54.23369345,7,39.47697511,587.2011,18.0274,-2.027
1/2/2022 3:39,53.58649065,7,39.47728598,577.902,17.9474,-2.027
1/2/2022 3:39,53.58649065,8,40.16472457,471.0209,16.806,-2.027
1/2/2022 3:39,51.59776196,8,40.26066242,460.0998,16.6762,-2.027
1/2/2022 3:39,51.59776196,7,40.39582845,178.534,12.1365,-2.027
1/2/2022 3:40,46.0642414,7,40.39541986,178.6207,12.1324,-2.027
1/2/2022 3:40,46.0642414,8,40.39832437,192.2106,12.3741,-2.027
1/2/2022 3:40,46.93026755,7,40.39331476,194.7945,12.4368,-2.027
1/2/2022 3:40,46.93026755,6,40.41233171,228.2108,13.0947,-2.027
1/2/2022 3:40,48.76754362,6,40.41210077,233.1216,13.1804,-2.027
1/2/2022 3:40,48.76754362,6,40.40078476,291.5682,14.2052,-2.027
1/2/2022 3:41,50.75143903,6,40.405821,298.4236,14.318,-2.027
1/2/2022 3:41,50.75143903,6,40.41196754,338.9627,14.9854,-2.027
1/2/2022 3:41,52.64036611,6,40.41139907,340.5623,15.0177,-2.027
1/2/2022 3:41,52.64036611,5,40.41229618,325.5789,14.8359,-2.027
1/2/2022 3:41,52.66967776,5,40.41256265,320.892,14.7679,-2.027
1/2/2022 3:41,52.66967776,5,40.41929541,262.091,13.8287,-2.027
1/2/2022 3:42,52.41346428,5,40.41908224,255.2628,13.7084,-2.027
1/2/2022 3:42,52.41346428,5,40.42573506,204.0134,12.7198,-2.027
1/2/2022 3:42,50.13692224,5,40.42689864,199.6502,12.6255,-2.027
1/2/2022 3:42,50.13692224,5,40.40167298,177.8728,12.114,-2.027
1/2/2022 3:42,48.67356557,5,40.39648574,176.5775,12.0848,-2.027
1/2/2022 3:42,48.67356557,5,40.41918882,163.2631,11.7845,-2.027
1/2/2022 3:43,47.91275226,5,40.42429613,161.9893,11.7485,-2.027
1/2/2022 3:43,47.91275226,5,40.4213561,153.8582,11.5324,-2.027
1/2/2022 3:43,46.68640002,5,40.42060999,153.1571,11.5218,-2.027
1/2/2022 3:43,46.68640002,5,40.41614221,143.5355,11.3414,-2.027
1/2/2022 3:43,45.28024466,5,40.41680838,140.4704,11.3049,-2.027
1/2/2022 3:43,45.28024466,5,40.41957965,109.5115,11.106,-2.027
1/2/2022 3:44,45.47923177,5,40.41944641,108.2569,11.1065,-2.027
1/2/2022 3:44,45.47923177,5,40.42053893,103.0429,11.1084,-2.027
1/2/2022 3:44,44.87875081,5,40.42053005,101.1591,11.1093,-2.027
1/2/2022 3:44,44.87875081,5,40.42242197,91.5466,11.1119,-2.027
1/2/2022 3:44,44.46026238,5,40.42206668,92.376,11.1118,-2.027
1/2/2022 3:44,44.46026238,6,40.41742125,103.6315,11.1239,-2.027
1/2/2022 3:45,44.53700505,6,40.41755449,105.4732,11.1255,-2.027
1/2/2022 3:45,44.53700505,7,40.41953523,116.326,11.1203,-2.027
1/2/2022 3:45,44.7753231,7,40.41974841,116.97,11.119,-2.027
1/2/2022 3:45,44.7753231,7,40.42024582,123.273,11.1199,-2.027
1/2/2022 3:45,45.18510794,7,40.42029911,125.0335,11.1215,-2.027
1/2/2022 3:45,45.18510794,6,40.4202547,143.6641,11.2534,-2.027
1/2/2022 3:46,45.94496267,6,40.41938424,145.4194,11.2909,-2.027
1/2/2022 3:46,45.94496267,6,40.41035096,178.499,12.0551,-2.027
1/2/2022 3:46,47.66432275,6,40.41107931,183.1695,12.1662,-2.027
1/2/2022 3:46,47.66432275,6,40.41570697,212.3668,12.8231,-2.027
1/2/2022 3:46,48.12125593,6,40.41025326,214.2502,12.8594,-2.027
1/2/2022 3:46,48.12125593,6,40.41312223,219.0695,12.9762,-2.027
1/2/2022 3:47,47.85567331,6,40.41758113,218.3835,12.9671,-2.027
1/2/2022 3:47,47.85567331,6,40.41346864,215.7487,12.8959,-2.027
1/2/2022 3:47,47.84182506,6,40.41401046,216.0005,12.8969,-2.027
1/2/2022 3:47,47.84182506,6,40.41588462,221.9887,13.0272,-2.027
1/2/2022 3:47,48.11747527,6,40.41584021,222.4773,13.04,-2.027
1/2/2022 3:47,48.11747527,6,40.41363741,220.3889,12.9964,-2.027
1/2/2022 3:48,48.14776534,6,40.4139927,219.5155,12.9841,-2.027
1/2/2022 3:48,48.14776534,6,40.41663961,203.0598,12.6806,-2.027
1/2/2022 3:48,46.74162294,6,40.4117366,200.8434,12.6305,-2.027
1/2/2022 3:48,46.74162294,6,40.41535168,184.2152,12.2592,-2.027
1/2/2022 3:48,46.92014413,6,40.41951747,182.8263,12.2305,-2.027
1/2/2022 3:48,46.92014413,7,40.41596456,176.1324,12.0705,-2.027
1/2/2022 3:49,46.26376059,7,40.41655967,175.6134,12.0561,-2.027
1/2/2022 3:49,46.26376059,7,40.42070769,167.2169,11.8627,-2.027
1/2/2022 3:49,45.72648133,7,40.42071658,165.9333,11.8332,-2.027
1/2/2022 3:49,45.72648133,8,40.4171992,163.3138,11.7404,-2.027
1/2/2022 3:49,46.07624096,8,40.41683502,165.0916,11.7719,-2.027
1/2/2022 3:49,46.07624096,9,40.42152486,199.3027,12.5114,-2.027
1/2/2022 3:50,47.73663582,8,40.42226209,203.9823,12.6112,-2.027
1/2/2022 3:50,47.73663582,8,40.41964182,246.5459,13.4452,-2.027
1/2/2022 3:50,49.57011918,8,40.419402,252.7764,13.5505,-2.027
1/2/2022 3:50,49.57011918,8,40.41901118,334.6725,14.8297,-2.027
1/2/2022 3:50,52.16311632,8,40.41873583,348.0144,15.028,-2.027
1/2/2022 3:50,52.16311632,8,40.41858483,513.4166,17.071,-2.027
1/2/2022 3:51,54.433148,8,40.41402823,538.3782,17.2801,-2.027
1/2/2022 3:51,54.433148,8,40.41663961,726.7078,18.2602,-2.027
1/2/2022 3:51,55.27351119,8,40.42119622,731.5477,18.274,-2.027
1/2/2022 3:51,55.27351119,8,40.42063664,691.8308,18.2454,-2.027
1/2/2022 3:51,55.19566664,8,40.42092087,684.5535,18.2419,-2.027
1/2/2022 3:51,55.19566664,7,40.42229762,653.6444,18.2592,-2.027
1/2/2022 3:52,55.28064908,7,40.42207556,656.0189,18.2678,-2.027
1/2/2022 3:52,55.28064908,6,40.41216295,655.3933,18.2683,-2.027
1/2/2022 3:52,54.89821558,6,40.41222512,651.9118,18.2638,-2.027
1/2/2022 3:52,54.89821558,5,40.42054781,604.3723,18.162,-2.027
1/2/2022 3:52,54.12191208,5,40.42061887,597.8876,18.1218,-2.027
1/2/2022 3:52,54.12191208,6,40.41931318,528.1305,17.438,-2.027
1/2/2022 3:53,52.80206468,6,40.41937535,518.2646,17.3321,-2.027
1/2/2022 3:53,52.80206468,7,40.42181798,427.6057,16.2629,-2.027
1/2/2022 3:53,51.25147116,7,40.42171139,418.232,16.1457,-2.027
1/2/2022 3:53,51.25147116,6,40.42097416,345.5923,15.1493,-2.027
1/2/2022 3:53,49.87945523,6,40.42156039,339.3057,15.0512,-2.027
1/2/2022 3:53,49.87945523,6,40.41711926,309.7175,14.5611,-2.027
1/2/2022 3:54,49.4336279,6,40.41625768,309.0239,14.5469,-2.027
1/2/2022 3:54,49.4336279,5,40.41553821,303.2229,14.4728,-2.027
1/2/2022 3:54,49.34536444,5,40.41171883,301.3944,14.4529,-2.027
1/2/2022 3:54,49.34536444,6,40.41161225,261.6615,13.8271,-2.027
1/2/2022 3:54,48.30359656,6,40.41583133,255.7973,13.7235,-2.027
1/2/2022 3:54,48.06896604,4,40.41460557,241.2352,13.4292,-2.027
1/2/2022 3:55,47.59079701,4,40.4157425,225.4365,13.1247,-2.027
1/2/2022 3:55,46.88724762,4,40.42116957,210.8527,12.8286,-2.027
1/2/2022 3:55,45.62391031,4,40.41387723,176.8166,12.1247,-2.027
1/2/2022 3:55,44.66577645,4,40.42208445,140.5879,11.3645,-2.027
1/2/2022 3:55,44.4017661,4,40.42383425,95.3697,11.0934,-2.027
1/2/2022 3:55,43.90260423,5,40.42609923,66.9507,11.0979,-2.027
1/2/2022 3:56,43.70200797,5,40.41709261,48.6115,11.1053,-2.027
1/2/2022 3:56,43.91067295,5,40.41745678,55.1293,11.122,-2.0039
1/2/2022 3:56,44.23979523,5,40.42221768,74.8303,11.1313,-0.881
1/2/2022 3:56,44.56902133,5,40.42405631,88.6193,11.1159,-0.826
1/2/2022 3:56,45.695333,5,40.41678173,109.9985,11.1322,-0.826
1/2/2022 3:56,45.90033794,5,40.42655223,126.2768,11.1216,-0.826
1/2/2022 3:57,46.2533228,5,40.41945529,124.734,11.111,-0.826
1/2/2022 3:57,46.18284752,5,40.4236122,118.7613,11.1142,-1.6704
1/2/2022 3:57,45.68418951,5,40.42086757,135.3708,11.1495,-2.061
1/2/2022 3:57,45.80710308,5,40.42181798,135.9892,11.1722,-2.061
1/2/2022 3:57,45.19625676,5,40.42274173,107.5119,11.0998,-2.061
1/2/2022 3:57,45.13984226,5,40.42001488,105.1608,11.1132,-2.061
1/2/2022 3:58,44.74647337,5,40.42302597,103.9546,11.113,-2.061
1/2/2022 3:58,45.41459171,5,40.4158935,97.938,11.1082,-2.061
1/2/2022 3:58,45.06026337,5,40.41663961,85.5885,11.1052,-2.061
1/2/2022 3:58,45.35253363,5,40.42167586,81.5069,11.1143,-2.061
1/2/2022 3:58,45.65328703,4,40.4213561,99.2964,11.1286,-1.5147
1/2/2022 3:58,46.30212349,4,40.41112372,112.1648,11.1211,-0.957
1/2/2022 3:59,46.15919745,4,40.41136354,90.7006,11.0942,-0.957
1/2/2022 3:59,47.91346812,5,40.41633762,53.1029,11.0933,-0.957
1/2/2022 3:59,48.83723326,6,40.43057589,51.9727,11.1217,-0.957
1/2/2022 3:59,50.734436,6,40.42834645,97.3138,11.139,-0.957
1/2/2022 3:59,50.31016956,6,40.42045011,141.649,11.2464,-0.957
1/2/2022 3:59,52.49858409,6,40.42091199,166.2415,11.7916,-0.957
1/2/2022 4:00,50.01909283,6,40.41850489,189.9992,12.3519,-1.2503
1/2/2022 4:00,49.33031012,7,40.41647085,202.1375,12.6157,-2.067
1/2/2022 4:00,48.99885718,7,40.42411849,206.1001,12.713,-2.067
1/2/2022 4:00,49.37084328,6,40.42366549,213.7797,12.8503,-2.067
1/2/2022 4:00,49.50663368,6,40.42159592,248.9495,13.4331,-2.067
1/2/2022 4:00,50.40909338,7,40.42209333,317.9815,14.6357,-2.067
1/2/2022 4:01,50.6605038,6,40.4220578,352.5575,15.1796,-2.067
1/2/2022 4:01,50.59833278,7,40.42595712,368.8581,15.4474,-2.067
1/2/2022 4:01,50.24703248,7,40.42819545,343.8225,15.0975,-2.067
1/2/2022 4:01,49.63105893,6,40.42438495,317.9171,14.7068,-2.067
1/2/2022 4:01,50.28364375,6,40.41716366,323.8217,14.7535,-2.067
1/2/2022 4:01,49.82211025,6,40.41557374,330.3645,14.8954,-2.067
1/2/2022 4:02,49.27625486,5,40.40726882,301.301,14.4525,-2.067
1/2/2022 4:02,48.5949541,5,40.41330876,263.577,13.8356,-2.067
1/2/2022 4:02,47.61414196,6,40.39679662,228.8418,13.2019,-2.067
1/2/2022 4:02,46.42085312,5,40.38789658,187.8271,12.3658,-2.067
1/2/2022 4:02,46.29403389,6,40.38430814,175.0988,12.0325,-2.067
1/2/2022 4:02,47.16663663,6,40.39363453,192.0059,12.3787,-2.067
1/2/2022 4:02,48.19311784,6,40.39981659,211.3998,12.7985,-2.067
1/2/2022 4:03,48.70128483,7,40.39511787,231.058,13.1665,-2.067
1/2/2022 4:03,49.57207961,7,40.39366117,273.7654,13.9307,-2.067
1/2/2022 4:03,50.52800514,7,40.41255377,340.9203,14.9509,-2.067
1/2/2022 4:03,51.96504103,6,40.41979282,413.1818,15.9857,-2.067
1/2/2022 4:03,52.40184881,7,40.4081304,448.098,16.453,-2.067
1/2/2022 4:03,51.81172039,7,40.40693129,428.0827,16.2381,-2.067
1/2/2022 4:04,50.99565894,7,40.41745678,381.8285,15.6407,-2.067
1/2/2022 4:04,50.82185954,7,40.41778543,370.3645,15.4327,-2.067
1/2/2022 4:04,50.60695656,7,40.41691496,373.0517,15.4995,-2.067
1/2/2022 4:04,51.05687374,7,40.42418954,372.3941,15.4616,-2.067
1/2/2022 4:04,50.35120742,7,40.40924068,366.4558,15.4092,-2.067
1/2/2022 4:04,50.56222406,5,40.41752784,357.54,15.2712,-2.067
1/2/2022 4:05,50.22038614,5,40.4208054,347.8371,15.1426,-2.067
1/2/2022 4:05,48.88479701,6,40.41726137,316.2802,14.6895,-2.067
1/2/2022 4:05,47.45174482,6,40.42309703,252.2024,13.6397,-2.067
1/2/2022 4:05,46.39797072,6,40.41835389,204.0877,12.7078,-2.067
1/2/2022 4:05,46.18843993,6,40.42322138,189.8593,12.3676,-2.067
1/2/2022 4:05,46.9293096,5,40.40906303,197.0993,12.5013,-2.067
1/2/2022 4:06,47.49590177,5,40.41967735,218.1108,12.928,-2.067
1/2/2022 4:06,47.31063605,5,40.41857595,216.8162,12.9369,-2.067
1/2/2022 4:06,46.10725147,5,40.42669435,197.0906,12.5479,-2.067
1/2/2022 4:06,45.31496478,5,40.41892236,167.1676,11.8846,-2.067
1/2/2022 4:06,45.21860046,6,40.42077875,148.6241,11.4172,-2.067
1/2/2022 4:06,47.16050554,6,40.41214518,145.9021,11.3327,-2.067
1/2/2022 4:07,49.262666,5,40.42051228,123.9929,11.1565,-2.067
1/2/2022 4:07,51.97896447,5,40.41227842,102.7779,11.1071,-2.067
1/2/2022 4:07,52.25996502,6,40.40702011,97.9547,11.1133,-2.067
1/2/2022 4:07,51.47553082,5,40.4251133,104.0607,11.1207,-2.067
1/2/2022 4:07,47.957276,6,40.41692385,117.1047,11.1204,-2.067
1/2/2022 4:07,47.51181292,5,40.41330876,114.9402,11.1093,-2.067
1/2/2022 4:08,47.82854753,5,40.42006817,134.8628,11.1581,-2.067
1/2/2022 4:08,47.19672323,5,40.41528951,141.5385,11.2112,-2.067
1/2/2022 4:08,46.31661892,5,40.40835245,141.2164,11.2202,-2.067
1/2/2022 4:08,45.83624831,5,40.41771437,137.5469,11.1516,-2.067
1/2/2022 4:08,45.9815363,5,40.41092831,126.5584,11.1134,-2.067
1/2/2022 4:08,45.49332141,5,40.41309559,125.9161,11.115,-2.067
1/2/2022 4:09,45.21960356,5,40.41247383,110.658,11.1005,-2.067
1/2/2022 4:09,44.81626622,5,40.4209031,90.0474,11.103,-2.067
1/2/2022 4:09,45.1593982,5,40.40505713,78.5658,11.1095,-2.067
1/2/2022 4:09,44.99643356,5,40.41600897,84.7637,11.1179,-2.067
1/2/2022 4:09,45.25386082,4,40.40730434,113.6667,11.1375,-1.0932
1/2/2022 4:09,45.19724775,4,40.41234948,108.6505,11.1037,-0.957
1/2/2022 4:10,45.34826359,4,40.40283656,96.6613,11.1067,-0.957
1/2/2022 4:10,45.94491553,4,40.4175989,81.6356,11.1066,-0.957
1/2/2022 4:10,47.24140811,4,40.40360044,77.7286,11.1143,-0.957
1/2/2022 4:10,46.22582761,5,40.41446346,70.0957,11.1061,-0.957
1/2/2022 4:10,46.4153901,5,40.41202971,77.3477,11.1182,-0.957
1/2/2022 4:10,45.37822953,5,40.40586542,85.3264,11.1231,-0.957
1/2/2022 4:11,45.31853712,6,40.41641756,97.2197,11.1182,-0.957
1/2/2022 4:11,45.27142892,5,40.44127904,99.4377,11.1166,-0.957
1/2/2022 4:11,44.96599126,6,40.39728514,131.338,11.1558,-0.957
1/2/2022 4:11,57.09329108,10,43.73884052,1079.0406,18.2365,-1.993
1/2/2022 4:11,56.42861041,9,44.61834037,1041.0124,18.2576,-1.993
1/2/2022 4:11,56.17697918,10,53.68156341,968.7582,18.2406,-1.993
1/2/2022 4:12,55.89779946,9,54.84224093,726.7048,18.1637,-1.993
1/2/2022 4:12,56.38921563,10,54.85659469,955.1612,18.4019,-1.993
1/2/2022 4:12,56.92671972,9,54.85591075,1170.7642,18.3328,-1.9767
1/2/2022 4:12,55.56051564,10,54.84970204,940.4806,18.1242,-1.9158
1/2/2022 4:12,55.71262484,11,54.85327272,668.6787,18.1939,-1.9812
1/2/2022 4:12,57.55285838,12,54.86451767,917.5785,18.4275,-2.0605
1/2/2022 4:13,58.66905139,12,54.87741473,1190.2464,18.3304,-1.9743
1/2/2022 4:13,57.92057421,14,54.87852502,1266.5135,18.3009,-1.651
1/2/2022 4:13,56.91676084,13,54.85809579,1432.4995,18.403,0.5088
1/2/2022 4:13,57.00179733,14,54.84866282,1049.0773,18.0718,-1.2264
1/2/2022 4:13,58.55678667,14,54.84989745,1189.7659,18.3791,-1.9434
1/2/2022 4:13,56.2399815,13,54.85341483,1478.908,18.5682,3.032
1/2/2022 4:14,56.19686407,14,54.86259022,1495.1555,18.2747,2.1047
1/2/2022 4:14,54.69962537,14,55.01214107,1501.3903,18.6219,6.0088
1/2/2022 4:14,55.0466131,14,55.07469001,1501.9839,18.3727,6.6509
1/2/2022 4:14,55.87861538,15,55.05799134,1497.1328,18.3396,4.8743
1/2/2022 4:14,56.07225836,14,55.05702317,1504.3106,18.426,5.4521
1/2/2022 4:14,56.55671316,12,55.06413787,1500.7276,18.2623,3.193
1/2/2022 4:15,57.53854006,12,55.1489014,1360.3631,18.1947,0.3449
1/2/2022 4:15,56.1355823,11,55.19100337,1480.8504,18.5459,3.4659
1/2/2022 4:15,57.58616596,12,55.21808542,1211.3264,18.0383,-0.8624
1/2/2022 4:15,58.06975038,14,63.79614854,1103.7485,18.2653,-1.9167
1/2/2022 4:15,54.98273776,13,70.69366908,1486.7236,18.6849,3.7532
1/2/2022 4:15,56.81793691,12,70.65506672,1365.9863,18.0977,1.0923
1/2/2022 4:16,57.41471954,12,70.67005111,1369.5377,18.2712,-0.6761
1/2/2022 4:16,58.21769308,13,70.67138345,1378.5247,18.2709,-0.7171
1/2/2022 4:16,56.53635055,14,70.7244728,1432.3656,18.3049,0.4476
1/2/2022 4:16,54.90586609,13,71.61306058,1500.3344,18.6187,5.5209
1/2/2022 4:16,57.69865444,13,72.23783441,1419.2371,18.0893,1.3381
1/2/2022 4:16,56.1606382,14,72.24453165,1499.0984,18.4625,2.3788
1/2/2022 4:17,55.66293218,13,72.2239603,1500.0118,18.5164,4.2837
1/2/2022 4:17,56.40811346,13,72.22533706,1487.7219,18.1816,2.5154
1/2/2022 4:17,55.68458279,12,72.22507947,1499.3044,18.436,2.1777
1/2/2022 4:17,56.78394209,12,72.22298325,1490.3648,18.3841,3.6614
1/2/2022 4:17,58.63799393,13,72.21292852,1258.1646,18.1298,-0.8267
1/2/2022 4:17,58.91190441,13,73.23876267,1218.1023,18.3032,-1.7424
1/2/2022 4:18,58.84943567,13,73.92032338,1351.4559,18.3039,-0.6241
1/2/2022 4:18,56.32682886,12,76.05704565,1496.5643,18.5874,5.5021
1/2/2022 4:18,56.00176138,11,77.01470475,1496.3767,18.3386,4.2464
1/2/2022 4:18,57.14469752,11,77.10110963,1289.5375,18.1056,-0.5261
1/2/2022 4:18,58.04654512,12,77.10099416,1187.7584,18.2473,-2.0145
1/2/2022 4:18,58.22226098,11,77.10010594,1157.2168,18.2538,-1.9589
1/2/2022 4:19,57.0845806,12,77.09735243,1375.6831,18.385,-0.5621
1/2/2022 4:19,56.60983166,13,77.09174772,1408.1436,18.2687,0.187
1/2/2022 4:19,56.35350896,16,77.08640947,1497.6664,18.4256,1.6149
1/2/2022 4:19,55.68443586,14,77.11337605,1498.5346,18.7522,8.063
1/2/2022 4:19,55.66354404,13,77.11108443,1488.1506,18.2387,6.1649
1/2/2022 4:19,55.11628563,15,78.53117334,1498.9597,18.3657,6.3453
1/2/2022 4:20,55.43588834,15,78.5780717,1500.237,18.4524,6.042
1/2/2022 4:20,59.08597946,13,78.58509757,1448.3972,18.0586,1.7545
1/2/2022 4:20,57.18402008,12,79.21673173,1457.118,18.422,2.0703
1/2/2022 4:20,58.18224395,10,81.50858199,1264.2168,18.132,-0.943
1/2/2022 4:20,58.8543967,11,84.71902631,1255.9701,18.2325,-1.556
1/2/2022 4:20,59.54060774,12,84.75522157,1164.8568,18.2506,-2.0512
1/2/2022 4:21,55.80585335,14,85.7683619,1427.3431,18.5893,2.1784
1/2/2022 4:21,55.54184606,13,92.7817996,1500.7345,18.4938,5.0951
1/2/2022 4:21,56.03009739,13,92.77702093,1497.7421,18.2009,3.4701
1/2/2022 4:21,55.24898353,12,92.79951085,1496.9571,18.4906,5.7847
1/2/2022 4:21,57.60430484,14,92.7556413,1451.8785,18.1113,0.9616
1/2/2022 4:21,57.30657186,12,92.76628227,1489.0919,18.3993,2.0626
1/2/2022 4:22,57.82332642,11,92.76139702,1432.1985,18.2859,0.973
1/2/2022 4:22,58.05009112,14,92.75658282,1394.4483,18.2679,-0.2304
1/2/2022 4:22,55.84636284,14,92.75367832,1498.399,18.605,10.1251
1/2/2022 4:22,54.76075987,14,92.7608552,1501.9285,18.2379,7.8226
1/2/2022 4:22,57.70436728,14,92.74206031,1499.2879,18.3584,6.8849
1/2/2022 4:22,58.11990148,14,92.75597883,1500.9173,18.3505,5.2784
1/2/2022 4:23,55.60987824,14,92.762756,1499.5006,18.3364,4.8271
1/2/2022 4:23,56.30990693,14,92.76954206,1499.0534,18.4402,6.1167
1/2/2022 4:23,58.81964125,15,92.76467457,1499.5354,18.3653,5.0204
1/2/2022 4:23,57.2179158,14,92.74273536,1500.8158,18.5939,8.1133
1/2/2022 4:23,59.63957255,13,92.74869537,1499.6686,18.2163,6.9428
1/2/2022 4:23,59.48895208,12,92.76111278,1464.742,18.1284,1.1261
1/2/2022 4:24,56.77708033,13,92.74875754,1492.5163,18.5081,3.8807
1/2/2022 4:24,56.99369965,14,92.75252363,1501.3689,18.35,3.2677
1/2/2022 4:24,55.95285093,16,92.76457687,1499.5776,18.6904,8.4394
1/2/2022 4:24,56.19609048,15,92.76373305,1502.2238,18.5305,10.0078
1/2/2022 4:24,54.72657399,15,92.76653985,1495.9054,18.3215,11.5846
1/2/2022 4:24,55.68313487,15,92.75143111,1501.4293,18.3426,9.7923
1/2/2022 4:25,56.25047709,15,92.76054432,1503.5612,18.5187,11.6931
1/2/2022 4:25,57.02688927,12,92.7850949,1500.1286,18.1661,8.8179
1/2/2022 4:25,57.01442008,11,92.74848219,1499.9802,18.2182,5.3572
1/2/2022 4:25,58.33562974,11,92.74786043,1495.7193,18.2887,1.64
1/2/2022 4:25,57.20701609,11,92.75864351,1476.7303,18.2876,0.8924
1/2/2022 4:25,56.67403149,11,92.75375826,1377.3272,18.2558,0.6248
1/2/2022 4:26,57.58719915,13,92.7622586,1370.8744,18.32,-0.6993
1/2/2022 4:26,56.80663112,12,92.74025721,1490.9877,18.3783,1.4436
1/2/2022 4:26,56.81589427,13,92.75646735,1465.7729,18.3645,1.827
1/2/2022 4:26,55.63294262,15,92.76212536,1503.6552,18.5781,6.0051
1/2/2022 4:26,55.11117984,13,92.76279153,1499.3828,18.6049,9.3826
1/2/2022 4:26,55.6339893,13,92.76149472,1496.0103,18.236,7.7027
1/2/2022 4:27,56.816154,13,92.76309353,1501.7125,18.3638,6.2175
1/2/2022 4:27,57.54184641,11,121.2849415,1329.804,18.2886,-1.391
1/2/2022 4:27,57.94549359,11,121.3385993,1277.8867,18.2317,-1.5296
1/2/2022 4:27,57.53432538,13,121.3315734,1209.0045,18.2435,-1.9761
1/2/2022 4:27,57.06530428,12,121.3144395,1338.1015,18.3491,-0.9874
1/2/2022 4:27,56.96500978,12,121.3081953,1364.1956,18.2495,-0.3927
1/2/2022 4:28,56.15463478,12,121.3118015,1412.7198,18.2937,-0.0275
1/2/2022 4:28,57.00428879,11,121.3060103,1348.8344,18.2335,-0.5802
1/2/2022 4:28,57.51786735,11,121.3186586,1265.5253,18.2428,-1.8996
1/2/2022 4:28,57.45610338,11,121.306028,1234.7708,18.2584,-2.0161
1/2/2022 4:28,57.15095899,11,121.3222648,1188.4345,18.2403,-1.9984
1/2/2022 4:28,57.36389817,11,121.3232596,1165.4676,18.273,-1.9911
1/2/2022 4:29,56.96467488,11,121.3240146,1156.8983,18.259,-1.9871
1/2/2022 4:29,57.02717277,11,121.3365209,1200.2344,18.293,-1.9828
1/2/2022 4:29,57.46179975,11,121.3427207,1225.0463,18.271,-1.9798
1/2/2022 4:29,57.54635106,11,121.3292374,1238.0628,18.2713,-1.977
1/2/2022 4:29,57.81896243,11,121.3408465,1232.4892,18.2638,-1.9748
1/2/2022 4:29,57.98985637,11,121.3461048,1257.4216,18.2846,-1.9466
1/2/2022 4:30,57.07153641,11,121.3442307,1270.0409,18.2556,-1.8067
1/2/2022 4:30,57.39525138,10,121.3488761,1184.089,18.2449,-2.0334
1/2/2022 4:30,57.23311139,10,121.3616577,1185.2769,18.2667,-2.0574
1/2/2022 4:30,57.08845007,10,121.3919018,1131.5829,18.2494,-2.069
1/2/2022 4:30,56.99777359,10,121.505737,1155.3981,18.2745,-2.0765
1/2/2022 4:30,56.8871806,10,121.5452187,1137.0623,18.2624,-2.0822
1/2/2022 4:31,56.82441421,10,121.536674,1189.6439,18.2968,-2.0888
1/2/2022 4:31,56.68848054,9,121.5222137,1124.7489,18.2399,-2.0887
1/2/2022 4:31,56.4496258,10,121.5359634,1143.5056,18.2665,-1.9543
1/2/2022 4:31,56.22913526,9,121.9402721,1042.0623,18.2248,-1.9279
1/2/2022 4:31,56.29523206,8,125.7104564,853.0208,18.1886,-1.9147
1/2/2022 4:31,56.32795524,9,133.0268788,775.3792,18.2792,-1.9057
1/2/2022 4:32,56.16159056,9,133.5883192,756.4495,18.2399,-1.904
1/2/2022 4:32,56.29180079,9,133.6115374,819.8444,18.2949,-1.904
1/2/2022 4:32,56.04155898,10,139.0785442,851.1445,18.2762,-1.904
1/2/2022 4:32,56.47031544,10,140.7483282,858.8124,18.2828,-1.904
1/2/2022 4:32,56.2705651,10,143.2333582,893.3085,18.2636,-1.904
1/2/2022 4:32,56.45629618,10,148.6855626,928.947,18.2862,-1.904
1/2/2022 4:33,56.45629618,9,153.794983,615.2477,18.1904,-1.904
1/2/2022 4:33,55.41807116,9,153.9126003,609.3397,18.1606,-1.904
1/2/2022 4:33,55.41807116,9,154.0503276,602.9376,18.125,-1.904
1/2/2022 4:33,55.41807116,8,268.6472454,746.1641,18.2783,-1.904
1/2/2022 4:33,54.76081899,8,268.6484178,752.9872,18.2857,-1.904
1/2/2022 4:33,54.76081899,8,268.6486932,754.8713,18.2815,-1.904
1/2/2022 4:34,54.76081899,8,268.6449537,745.6623,18.2726,-1.904
1/2/2022 4:34,54.73563042,8,268.6452202,752.3438,18.2793,-1.904
1/2/2022 4:34,54.73563042,8,268.6444119,756.3538,18.2814,-1.904
1/2/2022 4:34,54.73563042,8,268.6473964,695.3406,18.2251,-1.904
1/2/2022 4:34,54.36060412,8,268.647725,676.8641,18.2136,-1.904
1/2/2022 4:34,54.36060412,8,268.6485244,649.4134,18.195,-1.904
1/2/2022 4:35,54.36060412,8,268.6420581,587.9342,18.04,-1.904
1/2/2022 4:35,54.16727671,8,268.6414186,583.7763,17.9985,-1.904
1/2/2022 4:35,54.16727671,8,268.637013,573.8272,17.9021,-1.904
1/2/2022 4:35,54.16727671,8,268.6392691,560.8079,17.7249,-1.904
1/2/2022 4:35,53.91581464,8,268.640104,564.2362,17.7479,-1.904
1/2/2022 4:35,53.91581464,8,268.6439056,574.4089,17.8285,-1.904
1/2/2022 4:36,53.91581464,8,268.6435859,629.0559,18.179,-1.904
1/2/2022 4:36,54.65152561,8,268.6429197,633.4158,18.2037,-1.904
1/2/2022 4:36,54.65152561,8,268.6431417,640.0202,18.2417,-1.904
1/2/2022 4:36,54.65152561,8,268.6085186,645.0672,18.2675,-1.904
1/2/2022 4:36,54.81115639,7,268.6037933,643.2892,18.2688,-1.904
1/2/2022 4:36,54.81115639,7,268.6001871,643.1878,18.2685,-1.904
1/2/2022 4:37,54.81115639,7,268.6276777,636.0812,18.2675,-1.904
1/2/2022 4:37,54.53103082,7,268.6322432,636.9866,18.2671,-1.904
1/2/2022 4:37,54.53103082,7,268.6362313,633.5599,18.2638,-1.904
1/2/2022 4:37,54.53103082,7,268.6570425,609.9209,18.2016,-1.904
1/2/2022 4:37,54.57725723,7,268.6572113,605.6025,18.1771,-1.904
1/2/2022 4:37,54.57725723,7,268.6588012,597.5672,18.1137,-1.904
1/2/2022 4:38,54.57725723,8,268.6479026,556.1472,17.7134,-1.904
1/2/2022 4:38,53.42548723,8,268.6478227,548.6477,17.6377,-1.904
1/2/2022 4:38,53.42548723,7,268.645389,532.893,17.4762,-1.904
1/2/2022 4:38,53.42548723,7,268.6460374,488.3265,16.9679,-1.904
1/2/2022 4:38,52.89855241,8,268.6460462,484.9608,16.9272,-1.904
1/2/2022 4:38,52.89855241,8,268.6463038,482.3458,16.8776,-1.904
1/2/2022 4:39,52.89855241,7,268.6336288,506.6668,17.1312,-1.904
1/2/2022 4:39,53.27045314,7,268.6334334,511.8047,17.1875,-1.904
1/2/2022 4:39,53.27045314,7,268.6384963,519.8604,17.2913,-1.904
1/2/2022 4:39,53.27045314,6,268.6524859,512.272,17.2327,-1.904
1/2/2022 4:39,52.64584446,6,268.6486043,508.1762,17.1864,-1.904
1/2/2022 4:39,52.64584446,6,268.6394823,499.8706,17.0876,-1.904
1/2/2022 4:40,52.64584446,6,268.6311151,472.6818,16.7722,-1.904
1/2/2022 4:40,52.0105874,6,268.6349967,468.0692,16.7227,-1.904
1/2/2022 4:40,52.0105874,6,268.6388694,457.307,16.5998,-1.904
1/2/2022 4:40,52.0105874,6,268.6505851,405.1193,15.9602,-1.904
1/2/2022 4:40,50.58637169,6,268.6508782,396.4713,15.8473,-1.904
1/2/2022 4:40,50.58637169,5,268.6505584,379.7692,15.6245,-1.904
1/2/2022 4:41,50.58637169,5,268.6796479,323.6684,14.8237,-1.904
1/2/2022 4:41,49.29810763,4,268.6870202,316.8153,14.7183,-1.904
1/2/2022 4:41,49.29810763,4,268.6962222,303.4754,14.5109,-1.904
1/2/2022 4:41,49.29810763,4,268.7864839,270.1963,13.9379,-1.904
1/2/2022 4:41,48.34231669,4,268.8268715,266.7961,13.8762,-1.904
1/2/2022 4:41,48.34231669,4,269.0685081,261.065,13.7697,-1.904
1/2/2022 4:42,48.34231669,5,270.1193535,244.0588,13.4743,-1.904
1/2/2022 4:42,47.44621873,5,270.2609328,241.2825,13.4239,-1.904
1/2/2022 4:42,47.44621873,5,270.378889,235.0938,13.316,-1.904
1/2/2022 4:42,47.44621873,5,270.4022492,212.8492,12.8793,-1.904
1/2/2022 4:42,46.50801208,5,270.384076,210.1605,12.8225,-1.904
1/2/2022 4:42,46.50801208,6,270.3742789,205.0565,12.7126,-1.904
1/2/2022 4:43,46.50801208,6,270.4040434,185.5087,12.3053,-1.904
1/2/2022 4:43,45.40425628,6,270.3983232,182.4849,12.2394,-1.904
1/2/2022 4:43,45.40425628,6,270.3868473,176.1818,12.0973,-1.904
1/2/2022 4:43,45.40425628,6,270.3469748,158.5354,11.659,-1.904
1/2/2022 4:43,44.96285628,6,270.3497372,156.8777,11.6143,-1.904
1/2/2022 4:43,44.96285628,6,270.3543027,154.5849,11.5493,-1.904
1/2/2022 4:44,44.96285628,6,270.3679814,156.8821,11.573,-1.904
1/2/2022 4:44,45.12597957,6,270.3881086,158.088,11.6002,-1.904
1/2/2022 4:44,45.12597957,6,270.387096,160.9141,11.6635,-1.904
1/2/2022 4:44,45.12597957,6,270.413352,171.4947,11.9283,-1.904
1/2/2022 4:44,45.92543207,6,270.397586,173.6044,11.9721,-1.904
1/2/2022 4:44,45.92543207,6,270.3775742,177.5716,12.0711,-1.904
1/2/2022 4:45,45.92543207,8,270.2381759,302.9638,14.4344,-1.904
1/2/2022 4:45,49.50677742,8,270.2384779,303.6304,14.4451,-1.904
1/2/2022 4:45,49.50677742,8,270.2380337,304.6932,14.4624,-1.904
1/2/2022 4:45,49.50677742,8,270.2338235,546.6745,17.5647,-1.904
1/2/2022 4:45,53.40226777,8,270.23417,548.7297,17.5986,-1.904
1/2/2022 4:45,53.40226777,8,270.2338857,550.345,17.6195,-1.904
1/2/2022 4:46,53.40226777,7,270.2360885,527.8783,17.3951,-1.904
1/2/2022 4:46,52.9703416,7,270.2357332,523.9262,17.3467,-1.904
1/2/2022 4:46,52.9703416,7,270.2372343,516.7747,17.2706,-1.904
1/2/2022 4:46,52.9703416,7,270.2356355,500.918,17.0828,-1.904
1/2/2022 4:46,52.61954475,7,270.2355556,499.7077,17.0666,-1.904
1/2/2022 4:46,52.61954475,7,270.2331307,498.2901,17.0501,-1.904
1/2/2022 4:47,52.61954475,6,270.2329442,509.3857,17.1663,-1.904
1/2/2022 4:47,52.79467005,6,270.2334061,510.863,17.1852,-1.904
1/2/2022 4:47,52.79467005,6,270.234321,511.1802,17.197,-1.904
1/2/2022 4:47,52.79467005,6,270.2348539,466.0873,16.7262,-1.904
1/2/2022 4:47,51.41835792,5,270.2355734,454.9721,16.5974,-1.904
1/2/2022 4:47,51.41835792,5,270.235147,432.3411,16.3184,-1.904
1/2/2022 4:48,51.41835792,5,270.2342943,378.8378,15.5844,-1.904
1/2/2022 4:48,50.7500235,5,270.2344275,375.6902,15.5358,-1.904
1/2/2022 4:48,50.7500235,5,270.2355023,371.1865,15.4658,-1.904
1/2/2022 4:48,50.7500235,6,270.2352181,364.7956,15.3696,-1.904
1/2/2022 4:48,50.36372101,6,270.2315941,362.8739,15.346,-1.904
1/2/2022 4:48,50.36372101,6,270.2315319,358.2014,15.283,-1.904
1/2/2022 4:49,50.36372101,6,270.2307947,328.5509,14.8666,-1.904
1/2/2022 4:49,49.03979493,6,270.2342232,324.1043,14.801,-1.904
1/2/2022 4:49,49.03979493,6,270.2333794,315.9329,14.6732,-1.904
1/2/2022 4:49,49.03979493,6,270.2325445,296.5925,14.3574,-1.904
1/2/2022 4:49,49.04870664,6,270.2324646,294.9066,14.3257,-1.904
1/2/2022 4:49,49.04870664,6,270.2338147,292.066,14.2808,-1.904
1/2/2022 4:50,49.04870664,6,270.2363816,289.3239,14.2263,-1.904
1/2/2022 4:50,49.24458911,6,270.2349605,289.9568,14.2284,-1.904
1/2/2022 4:50,49.24458911,6,270.2346674,292.0583,14.2551,-1.904
1/2/2022 4:50,49.24458911,6,270.2357244,298.6317,14.3645,-1.904
1/2/2022 4:50,49.10892013,6,270.2371633,297.8816,14.3623,-1.904
1/2/2022 4:50,49.10892013,6,270.2388953,294.9075,14.3241,-1.904
1/2/2022 4:51,49.10892013,6,270.2383002,283.7409,14.1296,-1.904
1/2/2022 4:51,48.47626258,6,270.2374031,283.0202,14.1103,-1.904
1/2/2022 4:51,48.47626258,6,270.2373942,281.3036,14.0792,-1.904
1/2/2022 4:51,48.47626258,5,270.2059687,270.7613,13.9207,-1.904
1/2/2022 4:51,48.28154483,5,270.2081005,268.5414,13.8887,-1.904
1/2/2022 4:51,48.28154483,5,270.2105609,264.2676,13.8246,-1.904
1/2/2022 4:52,48.28154483,5,270.250238,246.6337,13.5213,-1.904
1/2/2022 4:52,47.57136295,5,270.2465341,243.9247,13.4733,-1.904
1/2/2022 4:52,47.57136295,5,270.2389131,238.6017,13.3676,-1.904
1/2/2022 4:52,47.57136295,6,270.2186082,222.9713,13.0658,-1.904
1/2/2022 4:52,47.24702293,6,270.2182885,221.5354,13.0344,-1.904
1/2/2022 4:52,47.24702293,5,270.215304,219.7204,12.9953,-1.904
1/2/2022 4:53,47.24702293,5,270.2164765,215.2348,12.8949,-1.904
1/2/2022 4:53,46.89378947,5,270.2160501,214.2907,12.8769,-1.904
1/2/2022 4:53,46.89378947,5,270.2166008,211.633,12.823,-1.904
1/2/2022 4:53,46.89378947,5,270.2103388,200.6176,12.602,-1.904
1/2/2022 4:53,46.58821118,5,270.2124439,199.1947,12.5698,-1.904
1/2/2022 4:53,46.58821118,5,270.2150464,196.5068,12.5136,-1.904
1/2/2022 4:54,46.58821118,5,270.2161034,191.6033,12.3977,-1.904
1/2/2022 4:54,46.17732445,6,270.2184927,191.4714,12.3977,-1.904
1/2/2022 4:54,46.17732445,6,270.2256696,191.5025,12.3944,-1.904
1/2/2022 4:54,46.17732445,6,270.2660484,191.0382,12.3843,-1.904
1/2/2022 4:54,46.33819612,6,270.2711024,191.1315,12.3829,-1.904
1/2/2022 4:54,46.33819612,6,270.2757212,191.5361,12.3952,-1.904
1/2/2022 4:55,46.33819612,6,270.2867264,196.3002,12.4875,-1.904
1/2/2022 4:55,46.6646777,6,270.2822941,197.4679,12.5096,-1.904
1/2/2022 4:55,46.6646777,6,270.2778086,200.3412,12.5641,-1.904
1/2/2022 4:55,46.6646777,5,270.2573882,211.5973,12.798,-1.904
1/2/2022 4:55,47.49878794,5,270.2579478,212.8496,12.8244,-1.904
1/2/2022 4:55,47.49878794,5,270.2626288,215.4379,12.8748,-1.904
1/2/2022 4:56,47.49878794,6,270.2615274,230.6868,13.1527,-1.904
1/2/2022 4:56,48.1956661,6,270.2601861,234.11,13.2168,-1.904
1/2/2022 4:56,48.1956661,5,270.2559138,241.3385,13.3471,-1.904
1/2/2022 4:56,48.1956661,5,270.2611277,265.5667,13.8004,-1.904
1/2/2022 4:56,48.9228208,5,270.2612698,267.836,13.8439,-1.904
1/2/2022 4:56,48.9228208,5,270.2612431,270.8233,13.9026,-1.904
1/2/2022 4:57,48.9228208,5,270.2592979,267.7696,13.8574,-1.904
1/2/2022 4:57,48.78618845,5,270.2593601,266.8028,13.8412,-1.904
1/2/2022 4:57,48.78618845,5,270.2587472,265.1249,13.8115,-1.904
1/2/2022 4:57,48.78618845,6,270.2552565,258.0378,13.708,-1.904
1/2/2022 4:57,48.11251198,6,270.2548212,255.4428,13.6696,-1.904
1/2/2022 4:57,48.11251198,6,270.2544659,249.0509,13.5732,-1.904
1/2/2022 4:58,48.11251198,5,270.2556295,217.0783,12.9943,-1.904
1/2/2022 4:58,46.52364066,5,270.2563845,212.2815,12.8949,-1.904
1/2/2022 4:58,46.52364066,5,270.2582054,202.7546,12.6971,-1.904
1/2/2022 4:58,46.52364066,5,270.259218,173.2732,12.0445,-1.904
1/2/2022 4:58,45.78094299,5,270.2592446,169.6112,11.9593,-1.904
1/2/2022 4:58,45.78094299,5,270.2558693,163.0609,11.7931,-1.904
1/2/2022 4:59,45.78094299,5,270.2550699,147.8782,11.3876,-1.904
1/2/2022 4:59,45.2732339,5,270.2516325,147.0338,11.3621,-1.904
1/2/2022 4:59,45.2732339,5,270.2533912,145.8347,11.3287,-1.904
1/2/2022 4:59,45.2732339,4,270.2539241,145.7225,11.3165,-1.904
1/2/2022 4:59,45.4327584,4,270.2573882,145.6945,11.3105,-1.904
1/2/2022 4:59,45.4327584,3,270.2572106,145.7888,11.3086,-1.904
1/2/2022 5:00,45.4327584,5,270.9966717,145.937,11.307,-1.904
1/2/2022 5:00,45.11944825,5,271.3668263,146.2326,11.3059,-1.904
1/2/2022 5:00,45.11944825,5,272.3867536,145.4999,11.3032,-1.904
1/2/2022 5:00,45.11944825,7,291.3620944,76.0919,12.7318,13.0217
1/2/2022 5:00,45.99993482,7,291.3651233,95.2239,12.7178,12.3922
1/2/2022 5:00,45.99993482,7,291.3674859,136.8706,12.7119,10.6448
1/2/2022 5:01,45.99993482,7,291.3659404,300.5534,13.6172,2.7078
1/2/2022 5:01,49.27522907,7,291.3667487,329.3619,13.8384,1.7086
1/2/2022 5:01,49.27522907,7,291.3910594,385.4859,14.2876,0.3476
1/2/2022 5:01,49.27522907,7,291.4107603,425.4356,15.2735,-0.984
1/2/2022 5:01,50.79410841,7,291.4101386,415.7998,15.3631,-0.9617
1/2/2022 5:01,50.79410841,7,291.3996575,396.9026,15.5312,-0.9318
1/2/2022 5:02,50.79410841,6,291.4052534,390.4912,15.7354,-1.1558
1/2/2022 5:02,50.75480193,6,291.403166,389.2158,15.7183,-1.2736
1/2/2022 5:02,50.75480193,7,291.3899314,385.4892,15.6747,-1.4914
1/2/2022 5:02,50.75480193,9,293.5287827,504.3333,17.0536,-1.945
1/2/2022 5:02,53.87226291,9,293.5285873,514.8612,17.1654,-1.945
1/2/2022 5:02,53.87226291,9,293.5275836,538.5841,17.4173,-1.945
1/2/2022 5:03,53.87226291,9,293.5266065,636.0754,18.1387,-1.945
1/2/2022 5:03,54.67617811,9,293.5265,645.3779,18.1871,-1.945
1/2/2022 5:03,54.67617811,9,293.5289515,661.6065,18.2448,-1.945
1/2/2022 5:03,54.67617811,10,293.5252831,673.523,18.2669,-1.945
1/2/2022 5:03,54.71312797,10,293.5230092,675.6977,18.2673,-1.945
1/2/2022 5:03,54.71312797,9,293.5209485,678.4248,18.2717,-1.945
1/2/2022 5:04,54.71312797,7,293.5241906,687.9663,18.2712,-1.945
1/2/2022 5:04,54.65804144,7,293.5242172,685.6776,18.2679,-1.945
1/2/2022 5:04,54.65804144,7,293.5242883,680.4033,18.2634,-1.945
1/2/2022 5:04,54.65804144,6,293.5289337,626.7074,18.1876,-1.945
1/2/2022 5:04,54.52069617,6,293.5325754,618.1142,18.1584,-1.945
1/2/2022 5:04,54.52069617,6,293.5331972,599.8506,18.0761,-1.945
1/2/2022 5:05,54.52069617,6,293.5250521,517.5175,17.3471,-1.945
1/2/2022 5:05,52.08885954,6,293.5212861,501.5442,17.1704,-1.945
1/2/2022 5:05,52.08885954,6,293.5202557,466.4208,16.766,-1.945
1/2/2022 5:05,52.08885954,6,293.5186747,344.0706,15.1652,-1.945
1/2/2022 5:05,49.0855306,6,293.5193142,329.7995,14.953,-1.945
1/2/2022 5:05,49.0855306,6,293.5196695,304.4497,14.5646,-1.945
1/2/2022 5:06,49.0855306,6,293.5239063,247.0299,13.5605,-1.945
1/2/2022 5:06,47.60162789,6,293.5232046,241.7721,13.4663,-1.945
1/2/2022 5:06,47.60162789,6,293.524386,232.7239,13.289,-1.945
1/2/2022 5:06,47.60162789,7,293.5194386,212.6715,12.8814,-1.945
1/2/2022 5:06,47.01023145,7,293.5190566,211.3857,12.8451,-1.945
1/2/2022 5:06,47.01023145,7,293.5195007,210.2032,12.8095,-1.945
1/2/2022 5:07,47.01023145,8,293.5223963,223.8036,13.0303,-1.945
1/2/2022 5:07,48.035212,8,293.5238353,227.9482,13.1098,-1.945
1/2/2022 5:07,48.035212,8,293.5231513,237.5539,13.2782,-1.945
1/2/2022 5:07,48.035212,9,293.5235599,278.9966,14.0041,-1.945
1/2/2022 5:07,49.56532788,9,293.5226362,285.6526,14.1115,-1.945
1/2/2022 5:07,49.56532788,9,293.521517,299.6437,14.3396,-1.945
1/2/2022 5:08,49.56532788,8,293.5222454,365.1208,15.3013,-1.945
1/2/2022 5:08,51.89248287,8,293.5221743,375.9769,15.452,-1.945
1/2/2022 5:08,51.89248287,8,293.5239241,398.3424,15.7569,-1.945
1/2/2022 5:08,51.89248287,8,293.5268197,486.6834,16.8269,-1.945
1/2/2022 5:08,53.59349155,8,293.5273171,505.0583,17.0029,-1.945
1/2/2022 5:08,53.59349155,8,293.526571,552.3966,17.3681,-1.945
1/2/2022 5:09,53.59349155,7,293.5265444,704.4759,18.2061,-1.945
1/2/2022 5:09,54.3524737,7,293.5270418,712.6021,18.2407,-1.945
1/2/2022 5:09,54.3524737,7,293.529289,713.1113,18.2558,-1.945
1/2/2022 5:09,54.3524737,7,293.5218812,647.831,18.2205,-1.945
1/2/2022 5:09,54.0439982,7,293.520913,638.1149,18.2081,-1.945
1/2/2022 5:09,54.0439982,7,293.5170759,619.2403,18.1678,-1.945
1/2/2022 5:10,54.0439982,7,293.5209041,575.2119,17.9272,-1.945
1/2/2022 5:10,53.48937446,7,293.5205311,571.8086,17.8912,-1.945
1/2/2022 5:10,53.48937446,7,293.5237553,564.5572,17.8203,-1.945
1/2/2022 5:10,53.48937446,7,293.5234445,532.7104,17.483,-1.945
1/2/2022 5:10,52.53061962,7,293.5236043,525.2677,17.4078,-1.945
1/2/2022 5:10,52.53061962,7,293.521517,508.308,17.2268,-1.945
1/2/2022 5:11,52.53061962,8,293.5241284,444.7326,16.4629,-1.945
1/2/2022 5:11,51.78483909,8,293.5241195,439.6315,16.3886,-1.945
1/2/2022 5:11,51.78483909,8,293.524839,436.7685,16.3271,-1.945
1/2/2022 5:11,51.78483909,9,293.5236576,494.7756,16.9483,-1.945
1/2/2022 5:11,53.52801516,9,293.5236932,507.5899,17.0967,-1.945
1/2/2022 5:11,53.52801516,9,293.5213127,532.2843,17.3769,-1.945
1/2/2022 5:12,53.52801516,9,293.5130788,611.0436,18.0428,-1.945
1/2/2022 5:12,54.77460479,9,293.513674,626.9062,18.1014,-1.945
1/2/2022 5:12,54.77460479,9,293.5156547,662.4114,18.1939,-1.945
1/2/2022 5:12,54.77460479,10,293.5226539,769.1166,18.3119,-1.945
1/2/2022 5:12,55.00803664,10,293.5225562,780.2116,18.3142,-1.945
1/2/2022 5:12,55.00803664,10,293.5209485,800.2377,18.3105,-1.945
1/2/2022 5:13,55.00803664,9,293.5177154,857.3273,18.295,-1.945
1/2/2022 5:13,55.00312739,9,293.517289,859.5244,18.287,-1.945
1/2/2022 5:13,55.00312739,9,293.5180707,865.8753,18.2835,-1.945
1/2/2022 5:13,55.00312739,8,293.5169249,836.9053,18.246,-1.945
1/2/2022 5:13,54.65658141,8,293.5170848,824.5839,18.236,-1.945
1/2/2022 5:13,54.65658141,8,293.5172002,787.3687,18.2158,-1.945
1/2/2022 5:14,54.65658141,8,293.5238797,722.7329,18.2426,-1.945
1/2/2022 5:14,54.64906585,8,293.52348,718.0018,18.2464,-1.945
1/2/2022 5:14,54.64906585,8,293.5230714,710.1141,18.2502,-1.945
1/2/2022 5:14,54.64906585,8,293.5168893,661.043,18.2404,-1.945
1/2/2022 5:14,54.62507603,8,293.5172713,658.4341,18.2471,-1.945
1/2/2022 5:14,54.62507603,9,293.5174667,655.4518,18.2553,-1.945
1/2/2022 5:15,54.62507603,9,293.5182483,635.5321,18.2564,-1.945
1/2/2022 5:15,54.4245697,9,293.5212683,637.7135,18.2589,-1.945
1/2/2022 5:15,54.4245697,9,293.5209841,641.7334,18.2658,-1.945
1/2/2022 5:15,54.4245697,9,293.5216946,702.9391,18.3045,-1.945
1/2/2022 5:15,54.79010861,9,293.5189234,711.4607,18.3039,-1.945
1/2/2022 5:15,54.79010861,9,293.5195185,737.2036,18.3076,-1.945
1/2/2022 5:16,54.79010861,9,293.5206377,789.9568,18.2871,-1.945
1/2/2022 5:16,55.13148796,10,293.519705,787.3043,18.2778,-1.945
1/2/2022 5:16,55.13148796,10,293.5201758,768.9077,18.2602,-1.945
1/2/2022 5:16,55.13148796,10,293.5189145,644.6623,18.1799,-1.945
1/2/2022 5:16,54.60772944,10,293.5206021,635.3348,18.1829,-1.945
1/2/2022 5:16,54.60772944,9,293.5213394,632.2936,18.1975,-1.945
1/2/2022 5:17,54.60772944,11,293.5209752,701.3211,18.2862,-1.945
1/2/2022 5:17,55.0312416,11,293.520309,718.6736,18.3011,-1.945
1/2/2022 5:17,55.0312416,11,293.5228138,765.0603,18.3323,-1.945
1/2/2022 5:17,55.0312416,10,293.5248034,1064.8479,18.4363,-1.9387
1/2/2022 5:17,56.89642233,10,293.5252031,1111.8316,18.4386,-1.9346
1/2/2022 5:17,56.89642233,10,293.5215348,1204.1599,18.4383,-1.7504
1/2/2022 5:18,56.89642233,9,293.5235955,1318.0605,18.3152,-0.6461
1/2/2022 5:18,56.50216627,9,293.5227339,1307.7238,18.2956,-0.6409
1/2/2022 5:18,56.50216627,9,293.5222365,1258.3482,18.2391,-0.8437
1/2/2022 5:18,56.50216627,11,293.5196517,1167.7187,18.2424,-2.0388
1/2/2022 5:18,57.5725145,11,293.5207087,1179.7136,18.2586,-2.0549
1/2/2022 5:18,57.5725145,12,293.5220233,1216.0699,18.2958,-2.0349
1/2/2022 5:19,57.5725145,12,293.5212949,1228.8927,18.256,-1.8687
1/2/2022 5:19,57.73698151,12,293.5213482,1217.8375,18.2422,-1.8764
1/2/2022 5:19,57.73698151,12,293.5205133,1213.9825,18.2501,-1.896
1/2/2022 5:19,57.73698151,11,293.5230803,1341.0434,18.3545,-1.1609
1/2/2022 5:19,56.57755016,11,293.5225562,1367.6317,18.3707,-0.8257
1/2/2022 5:19,56.57755016,12,293.5228493,1397.8876,18.3611,-0.2202
1/2/2022 5:20,56.57755016,12,293.5189323,1458.6831,18.3104,0.8855
1/2/2022 5:20,55.4845157,12,293.5191188,1459.9247,18.3002,0.8562
1/2/2022 5:20,55.4845157,12,293.5184526,1470.8912,18.3125,0.9933
1/2/2022 5:20,55.4845157,11,293.5193231,1484.6205,18.3695,1.9393
1/2/2022 5:20,54.49183553,11,293.5196606,1481.045,18.3588,1.9197
1/2/2022 5:20,54.49183553,10,293.5198471,1458.7958,18.3151,1.6794
1/2/2022 5:21,54.49183553,10,293.5186658,1418.5357,18.2436,0.2589
1/2/2022 5:21,55.80558925,10,293.5174223,1425.1072,18.2621,0.3071
1/2/2022 5:21,55.80558925,10,293.5169782,1446.3348,18.3039,0.4419
1/2/2022 5:21,55.80558925,11,293.5178397,1495.4683,18.457,2.2208
1/2/2022 5:21,55.60309957,11,293.5186658,1494.9371,18.4597,2.3901
1/2/2022 5:21,55.60309957,12,293.5197494,1496.2339,18.4777,2.8681
1/2/2022 5:22,55.60309957,12,293.5199182,1498.2342,18.3945,3.3332
1/2/2022 5:22,55.58557791,12,293.5195096,1482.486,18.3556,3.1135
1/2/2022 5:22,55.58557791,11,293.5186924,1444.8816,18.2763,2.4521
1/2/2022 5:22,55.58557791,10,293.5197761,1371.1935,18.1845,0.2818
1/2/2022 5:22,56.43781293,10,293.5196251,1359.69,18.1966,0.1603
1/2/2022 5:22,56.43781293,10,293.5190122,1338.0712,18.2052,-0.1417
1/2/2022 5:23,56.43781293,9,293.518728,1217.7222,18.21,-1.684
1/2/2022 5:23,57.14299111,9,293.5151839,1220.8785,18.23,-1.8341
1/2/2022 5:23,57.14299111,9,293.5163475,1223.6291,18.2555,-1.9701
1/2/2022 5:23,57.14299111,9,293.5106096,1176.1592,18.236,-1.9553
1/2/2022 5:23,56.89449866,9,293.5136029,1157.2405,18.2226,-1.9541
1/2/2022 5:23,56.89449866,10,293.5135674,1116.0101,18.2069,-1.9531
1/2/2022 5:24,56.89449866,10,293.5169959,1098.3627,18.2685,-1.954
1/2/2022 5:24,56.67303123,10,293.5178842,1105.4499,18.2726,-1.954
1/2/2022 5:24,56.67303123,9,293.513372,1119.9818,18.2863,-1.954
1/2/2022 5:24,56.67303123,9,293.5129367,1005.525,18.2003,-1.9521
1/2/2022 5:24,56.04291689,9,293.5131854,994.4073,18.2093,-1.9518
1/2/2022 5:24,56.04291689,8,293.5170936,975.3505,18.2178,-1.9507
1/2/2022 5:25,51.15003668,6,293.5828491,402.5151,15.9592,-1.948
1/2/2022 5:25,51.15003668,5,293.58467,379.0286,15.6436,-1.948
1/2/2022 5:25,50.18142096,6,293.5618692,323.5166,14.8126,-1.948
1/2/2022 5:25,50.18142096,6,293.5527027,315.1079,14.6809,-1.948
1/2/2022 5:25,49.77495214,8,293.5710534,272.3629,14.0076,-1.948
1/2/2022 5:25,49.77495214,9,293.5805752,263.5349,13.8474,-1.948
1/2/2022 5:26,51.17363877,11,293.5826182,270.0004,13.8436,-1.948
1/2/2022 5:26,51.17363877,12,293.5788876,288.3896,14.1128,-1.948
1/2/2022 5:26,55.6504155,15,293.5703695,455.1899,16.2464,-1.948
1/2/2022 5:26,55.6504155,14,293.569499,549.4729,16.8884,-1.948
1/2/2022 5:26,56.61372566,14,293.5657507,1241.1277,18.5754,0.2722
1/2/2022 5:26,56.61372566,13,293.5696323,1376.5485,18.6863,1.7639
1/2/2022 5:27,54.23669256,14,293.5694635,1498.4243,18.4992,5.1586
1/2/2022 5:27,54.23669256,14,293.5617715,1499.2014,18.418,4.9663
1/2/2022 5:27,56.46822079,13,293.5567263,1349.8585,18.089,1.3794
1/2/2022 5:27,56.46822079,13,293.5613806,1282.3023,18.0589,0.0731
1/2/2022 5:27,57.50536437,12,293.5567619,1195.1939,18.2422,-1.9729
1/2/2022 5:27,57.50536437,11,293.5610786,1192.8437,18.2531,-1.9621
1/2/2022 5:28,57.76222523,12,293.5680779,1218.6137,18.2928,-1.7499
1/2/2022 5:28,57.76222523,12,293.5629795,1245.4734,18.308,-1.6386
1/2/2022 5:28,58.02319755,10,293.5573481,1257.429,18.2631,-1.8008
1/2/2022 5:28,55.407456,12,314.414985,611.1137,18.0226,-2.084
1/2/2022 5:28,55.407456,11,314.4159265,637.133,18.1544,-2.084
1/2/2022 5:28,55.63294313,10,314.4122226,652.065,18.2614,-2.084
1/2/2022 5:29,55.63294313,11,314.4147008,640.965,18.2448,-2.084
1/2/2022 5:29,54.73102694,11,314.4203676,605.8252,18.1342,-2.084
1/2/2022 5:29,54.73102694,11,314.423734,613.1055,18.1343,-2.084
1/2/2022 5:29,55.97266997,10,314.3786032,741.2542,18.3122,-2.084
1/2/2022 5:29,55.97266997,9,314.3594264,792.3167,18.3324,-2.084
1/2/2022 5:29,56.12322501,9,314.3633257,781.7394,18.2507,-2.084
1/2/2022 5:30,56.12322501,9,314.3624641,790.741,18.2679,-2.084
1/2/2022 5:30,55.32765711,10,314.3617891,798.2041,18.2564,-2.084
1/2/2022 5:30,55.32765711,10,314.3623753,746.2022,18.2216,-2.084
1/2/2022 5:30,55.48388479,10,314.3640452,676.8053,18.2451,-2.084
1/2/2022 5:30,55.48388479,10,314.3639919,683.3606,18.2651,-2.084
1/2/2022 5:30,55.76807609,10,314.3647024,750.4133,18.3049,-2.084
1/2/2022 5:31,55.76807609,10,314.3638586,741.1329,18.2673,-2.084
1/2/2022 5:31,54.84468023,11,314.3649067,612.7375,18.0752,-2.084
1/2/2022 5:31,54.84468023,12,314.365493,584.0657,17.9837,-2.084
1/2/2022 5:31,54.30981627,12,314.3692679,543.2021,17.5597,-2.084
1/2/2022 5:31,54.30981627,12,314.3706713,579.6855,17.6007,-2.084
1/2/2022 5:31,55.33763384,12,314.3657683,707.4631,18.1456,-2.084
1/2/2022 5:32,55.33763384,13,314.3698986,675.9351,18.1613,-2.084
1/2/2022 5:32,54.59976101,12,314.3990502,575.6,17.8906,-2.084
1/2/2022 5:32,54.59976101,12,314.4071686,563.2842,17.7442,-2.084
1/2/2022 5:32,55.10749222,13,314.4086253,555.7162,17.6702,-2.084
1/2/2022 5:32,55.10749222,13,314.4061649,547.9874,17.645,-2.084
1/2/2022 5:32,54.36342501,12,314.4103751,471.204,16.8242,-2.084
1/2/2022 5:33,54.36342501,12,314.4142122,452.1199,16.5338,-2.084
1/2/2022 5:33,56.68705169,13,314.4128888,530.6807,17.1472,-2.084
1/2/2022 5:33,56.68705169,13,314.4126312,665.1357,17.7096,-2.084
1/2/2022 5:33,57.87553293,13,314.4131197,1088.3537,18.4172,-2.0672
1/2/2022 5:33,57.87553293,13,314.4149583,1257.9025,18.4627,-1.3456
1/2/2022 5:33,55.19063266,9,314.3639652,742.2118,18.3031,-1.954
1/2/2022 5:34,55.19063266,9,314.3684952,765.4546,18.2997,-1.954
1/2/2022 5:34,54.50535332,10,314.3808859,678.6729,18.1622,-1.954
1/2/2022 5:34,54.50535332,10,314.3763293,609.3283,18.0633,-1.954
1/2/2022 5:34,54.76327135,10,314.3741354,610.3949,18.1082,-1.954
1/2/2022 5:34,54.76327135,10,314.3787808,627.7308,18.188,-1.954
1/2/2022 5:34,54.62960829,10,314.3859666,627.9492,18.2448,-1.954
1/2/2022 5:35,54.62960829,10,314.3956394,621.7636,18.2386,-1.954
1/2/2022 5:35,54.80078056,9,314.3987393,627.5692,18.2321,-1.954
1/2/2022 5:35,54.80078056,8,314.3929836,611.8342,18.121,-1.954
1/2/2022 5:35,53.39265477,8,314.3788075,529.255,17.4326,-1.954
1/2/2022 5:35,53.39265477,8,314.3803619,504.3773,17.1411,-1.954
1/2/2022 5:35,53.07389378,8,314.3795891,491.903,16.9611,-1.954
1/2/2022 5:36,53.07389378,8,314.3745262,500.6987,17.0649,-1.954
1/2/2022 5:36,53.07389378,10,314.3945558,454.2068,16.4047,-1.954
1/2/2022 5:36,53.96557401,10,314.3951065,473.2906,16.6144,-1.954
1/2/2022 5:36,53.96557401,11,314.3947245,525.7824,17.0723,-1.954
1/2/2022 5:36,53.96557401,11,314.389031,795.1826,18.1889,-1.954
1/2/2022 5:36,55.2861203,11,314.3895994,827.7262,18.253,-1.954
1/2/2022 5:37,55.2861203,10,314.3886757,882.2128,18.3173,-1.954
1/2/2022 5:37,55.2861203,10,314.3896439,872.9297,18.2547,-1.954
1/2/2022 5:37,55.15767399,10,314.3881694,866.2045,18.2511,-1.954
1/2/2022 5:37,55.15767399,10,314.3898037,854.9555,18.2497,-1.954
1/2/2022 5:37,55.15767399,9,314.3941738,974.3134,18.3458,-1.954
1/2/2022 5:37,55.91605175,9,314.3951242,995.0535,18.3508,-1.954
1/2/2022 5:38,55.91605175,9,314.398384,1023.8519,18.3415,-1.954
1/2/2022 5:38,55.91605175,9,314.3816853,1046.6823,18.2816,-1.954
1/2/2022 5:38,55.84305844,9,314.3808682,1039.5289,18.2718,-1.954
1/2/2022 5:38,55.84305844,9,314.3732561,1008.498,18.2416,-1.954
1/2/2022 5:38,55.84305844,10,314.3854159,813.6104,18.1621,-1.954
1/2/2022 5:38,55.32184887,10,314.390612,804.3999,18.1787,-1.954
1/2/2022 5:39,55.32184887,10,314.3952042,816.2969,18.228,-1.954
1/2/2022 5:39,55.32184887,11,314.4074084,983.5266,18.3508,-1.954
1/2/2022 5:39,56.2982995,11,314.4072574,999.8311,18.3481,-1.954
1/2/2022 5:39,56.2982995,11,314.4070087,1026.2596,18.3368,-1.954
1/2/2022 5:39,56.2982995,11,314.4000184,1009.8961,18.2524,-1.954
1/2/2022 5:39,56.01231467,10,314.3952752,1001.0505,18.2401,-1.954
1/2/2022 5:40,56.01231467,10,314.3987837,987.0223,18.2403,-1.954
1/2/2022 5:40,56.01231467,9,314.3909496,952.8949,18.2383,-1.954
1/2/2022 5:40,55.56185268,9,314.3955861,934.5261,18.2295,-1.954
1/2/2022 5:40,55.56185268,9,314.3957105,883.2735,18.2002,-1.954
1/2/2022 5:40,55.56185268,8,314.3964921,705.2101,18.1864,-1.954
1/2/2022 5:40,54.46583158,8,314.3923263,693.0189,18.1961,-1.954
1/2/2022 5:41,54.46583158,8,314.3866949,673.4438,18.2118,-1.954
1/2/2022 5:41,54.46583158,11,314.3766669,626.738,18.2313,-1.954
1/2/2022 5:41,55.009615,12,314.3813301,622.1713,18.2205,-1.954
1/2/2022 5:41,55.009615,12,314.3874144,612.7153,18.1715,-1.954
1/2/2022 5:41,55.009615,13,314.4137859,683.5615,18.136,-1.954
1/2/2022 5:41,55.89258682,13,314.4136082,728.5203,18.1764,-1.954
1/2/2022 5:42,55.89258682,13,314.4134839,844.7118,18.289,-1.954
1/2/2022 5:42,55.89258682,15,314.4112189,1229.9109,18.4456,-1.8863
1/2/2022 5:42,57.83968376,15,314.4116008,1251.1116,18.4203,-1.8891
1/2/2022 5:42,57.83968376,15,314.4118851,1273.3504,18.3681,-1.9004
1/2/2022 5:42,57.83968376,14,314.4067866,1246.8596,18.2728,-1.8024
1/2/2022 5:42,58.26891878,14,314.4068755,1272.0886,18.2998,-1.4908
1/2/2022 5:43,58.26891878,14,314.4057208,1316.7566,18.3947,-0.3174
1/2/2022 5:43,58.26891878,13,314.4134661,1494.2376,18.6042,5.3702
1/2/2022 5:43,54.58610728,13,314.4126489,1493.5567,18.5523,5.497
1/2/2022 5:43,54.58610728,13,314.4136526,1480.6732,18.4004,4.9171
1/2/2022 5:43,54.58610728,12,314.4121515,1390.1351,18.0927,0.3893
1/2/2022 5:43,57.31718736,11,314.4132174,1377.0674,18.1165,0.0707
1/2/2022 5:44,57.31718736,12,314.4125335,1362.1205,18.1731,-0.2412
1/2/2022 5:44,57.31718736,11,314.4087763,1308.7955,18.2209,-0.8464
1/2/2022 5:44,57.93973495,11,314.4084032,1282.2524,18.2086,-0.98
1/2/2022 5:44,57.93973495,12,314.409176,1223.4321,18.1772,-1.2659
1/2/2022 5:44,57.93973495,13,314.4154291,1024.1631,18.171,-1.9681
1/2/2022 5:44,58.2513774,13,314.415136,1026.1403,18.1999,-1.9479
1/2/2022 5:45,58.2513774,13,314.4145231,1058.6254,18.2633,-1.9239
1/2/2022 5:45,58.2513774,12,314.4062359,1248.0754,18.3556,-1.2418
1/2/2022 5:45,57.83103654,12,314.4068399,1247.7381,18.328,-1.2638
1/2/2022 5:45,57.83103654,12,314.4080568,1236.6937,18.287,-1.2768
1/2/2022 5:45,57.83103654,13,314.4035713,1272.59,18.309,-1.5226
1/2/2022 5:45,57.88581574,13,314.4034291,1287.0736,18.3196,-1.4171
1/2/2022 5:46,57.88581574,12,314.4033048,1296.3312,18.3084,-1.2945
1/2/2022 5:46,57.88581574,10,314.4082167,1202.49,18.2215,-1.8177
1/2/2022 5:46,59.23874048,10,314.4069465,1204.5114,18.2316,-1.9117
1/2/2022 5:46,59.23874048,10,314.4065735,1225.9303,18.2682,-1.9736
1/2/2022 5:46,59.23874048,8,314.4335223,950.8936,18.2913,-1.9471
1/2/2022 5:46,55.98545082,8,314.4386474,935.0402,18.2674,-1.947
1/2/2022 5:47,55.98545082,8,314.4531166,881.7845,18.218,-1.947
1/2/2022 5:47,55.98545082,9,314.3946179,695.4934,18.1785,-1.947
1/2/2022 5:47,55.09857565,9,314.3903989,692.5803,18.2034,-1.947
1/2/2022 5:47,55.09857565,9,314.375903,701.9445,18.2417,-1.947
1/2/2022 5:47,55.09857565,9,314.3766935,750.5711,18.2834,-1.947
1/2/2022 5:47,55.22432031,9,314.3809748,742.9196,18.2736,-1.947
1/2/2022 5:48,55.22432031,9,314.3873789,712.5541,18.2431,-1.947
1/2/2022 5:48,55.22432031,9,314.3973181,601.953,18.108,-1.947
1/2/2022 5:48,54.34346633,9,314.3980731,592.6844,18.0679,-1.947
1/2/2022 5:48,54.34346633,9,314.3934455,580.8971,17.9588,-1.947
1/2/2022 5:48,54.34346633,8,314.3957371,530.4908,17.4353,-1.947
1/2/2022 5:48,52.903006,8,314.3959769,524.8755,17.3697,-1.947
1/2/2022 5:49,52.903006,8,314.4066534,515.4997,17.2699,-1.947
1/2/2022 5:49,52.903006,9,314.4000894,482.7233,16.8979,-1.947
1/2/2022 5:49,52.96924553,9,314.3954973,476.191,16.8208,-1.947
1/2/2022 5:49,52.96924553,9,314.3930724,462.5569,16.6647,-1.947
1/2/2022 5:49,52.96924553,8,314.3978955,419.9761,16.1416,-1.947
1/2/2022 5:49,51.2850392,8,314.4019369,416.2306,16.09,-1.947
1/2/2022 5:50,51.2850392,8,314.4017504,410.2136,16.0026,-1.947
1/2/2022 5:50,51.2850392,7,314.4117874,391.3435,15.7554,-1.947
1/2/2022 5:50,50.62339179,7,314.4116808,384.9996,15.6853,-1.947
1/2/2022 5:50,50.62339179,7,314.4063958,368.3724,15.4742,-1.947
1/2/2022 5:50,50.62339179,7,314.4004536,278.1116,14.1296,-1.947
1/2/2022 5:50,47.47959453,7,314.3999828,265.614,13.9111,-1.947
1/2/2022 5:51,47.47959453,7,314.4054721,243.2767,13.5017,-1.947
1/2/2022 5:51,47.47959453,8,314.4077193,203.1795,12.6685,-1.947
1/2/2022 5:51,46.42501205,7,314.4089095,201.581,12.622,-1.947
1/2/2022 5:51,46.42501205,7,314.4006401,200.3404,12.5859,-1.947
1/2/2022 5:51,46.42501205,6,314.4008622,214.9472,12.8238,-1.947
1/2/2022 5:51,48.08415493,6,314.4000805,219.6157,12.91,-1.947
1/2/2022 5:52,48.08415493,6,314.4092293,230.9557,13.1146,-1.947
1/2/2022 5:52,48.08415493,6,314.4121071,253.3554,13.6249,-1.947
1/2/2022 5:52,48.39176058,6,314.4117785,251.184,13.6027,-1.947
1/2/2022 5:52,48.39176058,6,314.4123914,242.8668,13.4737,-1.947
1/2/2022 5:52,48.39176058,7,314.4074084,208.4058,12.7918,-1.947
1/2/2022 5:52,46.48959713,7,314.4089006,205.8111,12.7315,-1.947
1/2/2022 5:53,46.48959713,7,314.4090161,201.5972,12.6351,-1.947
1/2/2022 5:53,46.48959713,8,314.4151626,191.1476,12.4099,-1.947
1/2/2022 5:53,46.45737583,8,314.4137326,190.1029,12.3846,-1.947
1/2/2022 5:53,46.45737583,8,314.4118051,189.2781,12.3544,-1.947
1/2/2022 5:53,46.45737583,9,314.4032071,204.7973,12.6246,-1.947
1/2/2022 5:53,47.70156174,9,314.400951,208.3465,12.6951,-1.947
1/2/2022 5:54,47.70156174,9,314.401404,215.4534,12.8419,-1.947
1/2/2022 5:54,47.70156174,10,314.4082256,240.9951,13.3459,-1.947
1/2/2022 5:54,49.24089391,10,314.4115031,245.4215,13.425,-1.947
1/2/2022 5:54,49.24089391,10,314.4111212,254.7905,13.6004,-1.947
1/2/2022 5:54,49.24089391,8,314.4135727,314.3796,14.5068,-1.947
1/2/2022 5:54,51.41534692,7,314.4140346,327.8932,14.7028,-1.947
1/2/2022 5:55,51.41534692,7,314.4147807,360.5699,15.1467,-1.947
1/2/2022 5:55,51.41534692,7,314.711875,268.236,13.7936,-1.947
1/2/2022 5:55,48.89724593,7,314.7192117,273.6804,13.8999,-1.947
1/2/2022 5:55,48.89724593,7,314.7162983,282.5899,14.0739,-1.947
1/2/2022 5:55,48.89724593,7,314.702211,296.3061,14.3398,-1.947
1/2/2022 5:55,49.59600796,7,314.699875,297.4099,14.3549,-1.947
1/2/2022 5:56,49.59600796,7,314.695043,299.0164,14.3815,-1.947
1/2/2022 5:56,49.59600796,7,314.6862762,305.8216,14.4832,-1.947
1/2/2022 5:56,49.4413087,7,314.6865605,306.4362,14.4969,-1.947
1/2/2022 5:56,49.4413087,7,314.6861874,307.5479,14.51,-1.947
1/2/2022 5:56,49.4413087,7,314.6905575,300.5284,14.4059,-1.947
1/2/2022 5:56,49.24372568,7,314.6855479,298.5672,14.3736,-1.947
1/2/2022 5:57,49.24372568,7,314.6817552,294.4047,14.3131,-1.947
1/2/2022 5:57,49.24372568,7,314.635896,281.0208,14.0984,-1.947
1/2/2022 5:57,48.67121529,7,314.6499921,278.9601,14.0624,-1.947
1/2/2022 5:57,48.67121529,7,314.6584214,275.1695,14.0013,-1.947
1/2/2022 5:57,48.67121529,7,314.7108268,267.644,13.8508,-1.947
1/2/2022 5:57,48.29457816,6,314.7032947,267.9535,13.8583,-1.947
1/2/2022 5:58,48.29457816,6,314.7018557,269.8393,13.8766,-1.947
1/2/2022 5:58,48.29457816,6,314.7035078,281.115,14.0727,-1.947
1/2/2022 5:58,49.30667233,6,314.7037121,282.719,14.0998,-1.947
1/2/2022 5:58,49.30667233,6,314.705533,285.2526,14.1481,-1.947
1/2/2022 5:58,49.30667233,6,314.7050889,284.9854,14.1612,-1.947
1/2/2022 5:58,48.8912211,6,314.7045204,283.8679,14.1396,-1.947
1/2/2022 5:59,48.8912211,6,314.704174,281.1748,14.0988,-1.947
1/2/2022 5:59,48.8912211,6,314.6993154,275.3947,13.9867,-1.947
1/2/2022 5:59,48.34224097,6,314.6995908,274.7739,13.9798,-1.947
1/2/2022 5:59,48.34224097,6,314.7002303,272.9867,13.9532,-1.947
1/2/2022 5:59,48.34224097,5,314.7072473,263.3328,13.7873,-1.947
1/2/2022 5:59,48.38703349,5,314.7077713,262.5199,13.772,-1.947
1/2/2022 6:00,48.38703349,5,314.7098676,261.9432,13.7517,-1.947
1/2/2022 6:00,48.38703349,5,314.7372516,268.2298,13.8713,-1.947
1/2/2022 6:00,48.68073771,5,314.7444285,269.1004,13.8883,-1.947
1/2/2022 6:00,48.68073771,5,314.7513655,270.1936,13.9114,-1.947
1/2/2022 6:00,48.68073771,5,314.7355107,259.7873,13.7522,-1.947
1/2/2022 6:00,48.21322454,5,314.7298083,256.8475,13.7025,-1.947
1/2/2022 6:01,48.21322454,5,314.7250207,250.2284,13.5867,-1.947
1/2/2022 6:01,48.21322454,4,314.7139268,224.5361,13.109,-1.947
1/2/2022 6:01,47.39760187,4,314.714513,220.5946,13.0291,-1.947
1/2/2022 6:01,47.39760187,4,314.7130474,212.3566,12.8727,-1.947
1/2/2022 6:01,47.39760187,5,314.7239993,181.4915,12.2206,-1.947
1/2/2022 6:01,45.42933767,5,314.7224004,176.9954,12.1188,-1.947
1/2/2022 6:02,45.42933767,5,314.723644,168.0075,11.915,-1.947
1/2/2022 6:02,45.42933767,5,314.7152857,119.6801,11.2847,-1.947
1/2/2022 6:02,44.27293574,5,314.7161118,111.6124,11.2339,-1.947
1/2/2022 6:02,44.27293574,5,314.7163605,96.6131,11.1473,-1.947
1/2/2022 6:02,44.27293574,5,314.7193449,72.7091,11.1037,-1.947
1/2/2022 6:02,44.31610803,5,314.7185455,71.7961,11.1034,-1.947
1/2/2022 6:03,44.31610803,5,314.7133405,70.6379,11.1073,-1.947
1/2/2022 6:03,44.31610803,5,314.7033657,69.7363,11.1156,-1.947
1/2/2022 6:03,44.01250585,5,314.7029127,69.6401,11.1093,-1.947
1/2/2022 6:03,44.01250585,6,314.7044494,68.9257,11.1115,-1.947
1/2/2022 6:03,44.01250585,4,314.6963754,112.9995,11.1061,-1.947
1/2/2022 6:03,44.23465967,4,314.6932666,110.9148,11.1073,-1.947
1/2/2022 6:04,44.23465967,4,314.691046,109.842,11.1074,-1.947
1/2/2022 6:04,44.23465967,4,314.6844554,120.8443,11.1283,-1.947
1/2/2022 6:04,44.47977391,4,314.6865072,123.9091,11.1282,-1.947
1/2/2022 6:04,44.47977391,4,314.6889942,128.0861,11.1286,-1.947
1/2/2022 6:04,44.47977391,4,314.7031348,123.3959,11.1076,-1.947
1/2/2022 6:04,44.23891674,4,314.70365,120.5553,11.1046,-1.947
1/2/2022 6:05,44.23891674,4,314.7019268,112.5582,11.1008,-1.947
1/2/2022 6:05,44.23891674,4,314.6909483,75.8648,11.081,-1.947
1/2/2022 6:05,43.88381883,3,314.6896249,70.5064,11.0803,-1.947
1/2/2022 6:05,43.88381883,3,314.689234,61.5363,11.0794,-1.947
1/2/2022 6:05,43.88381883,4,314.6881859,44.2878,11.0999,-1.947
1/2/2022 6:05,43.89034301,4,314.6873865,43.1113,11.1024,-1.947
1/2/2022 6:06,43.89034301,4,314.6897226,41.1453,11.1035,-1.947
1/2/2022 6:06,43.89034301,4,314.6930801,37.9293,11.1139,-1.947
1/2/2022 6:06,43.91176079,4,314.6935952,37.7948,11.1121,-1.947
1/2/2022 6:06,43.91176079,4,314.6943591,37.6038,11.1164,-1.8791
1/2/2022 6:06,43.91176079,4,314.69173,33.3349,11.1092,-1.1985
1/2/2022 6:06,44.01984203,4,314.6932311,33.0154,11.1125,-1.1011
1/2/2022 6:07,44.01984203,4,314.6933909,32.4736,11.109,-0.9742
1/2/2022 6:07,44.01984203,4,314.6909483,35.7805,11.1153,-0.973
1/2/2022 6:07,43.80815462,4,314.6890031,36.6284,11.1151,-0.973
1/2/2022 6:07,43.80815462,4,314.6870934,38.9502,11.1231,-0.973
1/2/2022 6:07,43.80815462,4,314.6961889,52.9981,11.1312,-0.973
1/2/2022 6:07,43.77931424,4,314.6958336,54.9108,11.1261,-0.973
1/2/2022 6:08,43.77931424,4,314.6965441,57.9864,11.1224,-0.973
1/2/2022 6:08,43.77931424,4,314.6977255,61.7753,11.1151,-0.973
1/2/2022 6:08,43.78522324,4,314.6983117,62.0722,11.1199,-0.973
1/2/2022 6:08,43.78522324,4,314.6946522,63.2437,11.1198,-0.973
1/2/2022 6:08,43.78522324,5,314.6863029,69.2931,11.1232,-0.973
1/2/2022 6:08,43.74808321,5,314.6888965,69.5912,11.1177,-0.973
1/2/2022 6:09,43.74808321,5,314.6934886,69.991,11.1154,-0.973
1/2/2022 6:09,43.74808321,5,314.6945101,70.2945,11.1101,-0.973
1/2/2022 6:09,43.97200689,6,314.6922451,70.847,11.1156,-0.973
1/2/2022 6:09,43.97200689,6,314.690371,70.0743,11.1157,-0.973
1/2/2022 6:09,43.97200689,6,314.6870756,64.0657,11.1109,-0.973
1/2/2022 6:09,43.92925017,6,314.6887011,63.2943,11.1085,-0.973
1/2/2022 6:10,43.92925017,5,314.6879283,64.3472,11.1134,-0.973
1/2/2022 6:10,43.92925017,5,314.6909128,86.5501,11.1347,-0.973
1/2/2022 6:10,43.84860344,5,314.6898913,91.3076,11.1426,-0.973
1/2/2022 6:10,43.84860344,5,314.6910815,102.0502,11.1425,-0.973
1/2/2022 6:10,43.84860344,5,314.6896959,133.894,11.1793,-0.973
1/2/2022 6:10,44.1763345,5,314.6875997,137.2889,11.1943,-0.973
1/2/2022 6:11,44.1763345,5,314.6899624,142.1629,11.2423,-0.973
1/2/2022 6:11,44.1763345,5,314.6901311,150.187,11.4204,-0.973
1/2/2022 6:11,44.46587084,5,314.6932755,150.6337,11.4326,-0.973
1/2/2022 6:11,44.46587084,5,314.6884169,151.0553,11.4458,-0.973
1/2/2022 6:11,44.46587084,4,314.6930623,146.3535,11.3468,-1.1095
1/2/2022 6:11,44.28122725,4,314.6906818,145.1685,11.3219,-1.2193
1/2/2022 6:12,44.28122725,4,314.6931866,142.8492,11.2717,-1.4458
1/2/2022 6:12,44.28122725,3,314.6928935,125.949,11.1369,-2.1052
1/2/2022 6:12,44.03156223,3,314.694741,121.872,11.1262,-2.1091
1/2/2022 6:12,44.03156223,3,314.6942348,112.983,11.104,-2.11
1/2/2022 6:12,44.03156223,4,314.6880438,81.1765,11.0884,-2.11
1/2/2022 6:12,43.72073438,4,314.6864272,77.0486,11.087,-2.11
1/2/2022 6:13,43.72073438,4,314.6877063,68.4869,11.0851,-2.11
1/2/2022 6:13,43.72073438,4,314.6869335,40.6868,11.0895,-2.11
1/2/2022 6:13,43.71828133,4,314.6870401,36.7002,11.0876,-2.11
1/2/2022 6:13,43.71828133,4,314.6838336,30.5763,11.0946,-2.11
1/2/2022 6:13,43.71828133,4,314.6906907,25.4412,11.1096,-2.11
1/2/2022 6:13,44.20667324,4,314.6902821,26.835,11.1151,-2.11
1/2/2022 6:14,44.20667324,4,314.6909483,30.5059,11.1181,-1.9574
1/2/2022 6:14,44.20667324,5,314.6862407,43.7819,11.1239,-1.1556
1/2/2022 6:14,43.82570972,5,314.6866226,46.8729,11.1274,-1.041
1/2/2022 6:14,43.82570972,5,314.6884346,52.9086,11.1326,-0.9644
1/2/2022 6:14,43.82570972,6,314.6897048,86.8681,11.1477,-0.964
1/2/2022 6:14,43.97012839,6,314.6893939,90.8748,11.1439,-0.964
1/2/2022 6:15,43.97012839,6,314.6879816,97.8121,11.1393,-0.964
1/2/2022 6:15,43.97012839,6,314.6882037,99.689,11.1132,-0.964
1/2/2022 6:15,44.05596518,6,314.6880793,99.4943,11.1136,-0.964
1/2/2022 6:15,44.05596518,7,314.6893406,99.9616,11.1168,-0.964
1/2/2022 6:15,44.05596518,6,314.6933732,122.8931,11.1413,-0.964
1/2/2022 6:15,44.09754461,6,314.6945989,126.7945,11.1451,-0.964
1/2/2022 6:16,44.09754461,6,314.6996885,133.326,11.1494,-0.964
1/2/2022 6:16,44.09754461,5,314.7080378,142.8735,11.2293,-0.964
1/2/2022 6:16,44.21905897,5,314.7100097,143.9803,11.2551,-0.964
1/2/2022 6:16,44.21905897,5,314.7082155,147.0851,11.3223,-0.964
1/2/2022 6:16,44.21905897,6,314.709308,162.793,11.7018,-1.0631
1/2/2022 6:16,45.19722517,6,314.7103827,165.3791,11.7651,-1.1705
1/2/2022 6:17,45.19722517,6,314.7103294,170.4305,11.8844,-1.3863
1/2/2022 6:17,45.19722517,6,314.6962244,179.9301,12.1286,-2.0432
1/2/2022 6:17,45.50925877,6,314.6918277,180.1114,12.1373,-2.0438
1/2/2022 6:17,45.50925877,6,314.686445,179.4539,12.1338,-2.044
1/2/2022 6:17,45.50925877,6,314.6833362,169.0486,11.9196,-2.044
1/2/2022 6:17,45.02333867,6,314.6841178,166.5709,11.8633,-2.044
1/2/2022 6:18,45.02333867,6,314.6835938,161.5539,11.7436,-2.044
1/2/2022 6:18,45.02333867,5,314.6825723,148.5659,11.4122,-2.044
1/2/2022 6:18,44.7475936,5,314.6821371,147.6826,11.3809,-2.044
1/2/2022 6:18,44.7475936,5,314.6831674,145.9357,11.3435,-2.044
1/2/2022 6:18,44.7475936,6,314.6879461,146.5434,11.3245,-2.044
1/2/2022 6:18,45.40368041,5,314.6901311,147.4595,11.3494,-2.044
1/2/2022 6:19,45.40368041,5,314.6943769,151.0276,11.4146,-2.044
1/2/2022 6:19,45.40368041,5,314.6949809,163.566,11.7222,-2.044
1/2/2022 6:19,45.63400234,5,314.692858,165.1505,11.7581,-2.044
1/2/2022 6:19,45.63400234,5,314.6890209,166.9565,11.8145,-2.044
1/2/2022 6:19,45.63400234,5,314.6845353,168.9746,11.8862,-2.044
1/2/2022 6:19,45.33086021,5,314.6842955,168.4771,11.8809,-2.044
1/2/2022 6:20,45.33086021,5,314.6820039,166.8969,11.8466,-2.044
1/2/2022 6:20,45.33086021,5,314.6830164,140.5169,11.4908,-2.044
1/2/2022 6:20,44.56455506,5,314.683576,130.7552,11.4189,-2.044
1/2/2022 6:20,44.56455506,5,314.6844021,110.7825,11.2871,-2.044
1/2/2022 6:20,44.56455506,5,314.6865605,83.9234,11.1183,-2.044
1/2/2022 6:20,44.2713345,5,314.6856989,90.3669,11.1272,-2.044
1/2/2022 6:21,44.2713345,5,314.6870756,105.8842,11.1487,-2.044
1/2/2022 6:21,44.2713345,4,314.6848728,138.2387,11.1715,-2.044
1/2/2022 6:21,44.38311381,4,314.6851393,137.7304,11.1649,-2.044
1/2/2022 6:21,44.38311381,5,314.6842777,133.9965,11.1513,-2.044
1/2/2022 6:21,44.38311381,5,314.7098409,120.8086,11.111,-2.044
1/2/2022 6:21,44.44645786,5,314.7043161,121.6094,11.1121,-2.044
1/2/2022 6:22,44.44645786,5,314.7091125,124.1957,11.1143,-2.044
1/2/2022 6:22,44.44645786,5,314.6961977,124.0889,11.111,-2.044
1/2/2022 6:22,44.45411647,5,314.7017492,121.0979,11.1081,-2.044
1/2/2022 6:22,44.45411647,5,314.6999549,115.3309,11.1003,-2.044
1/2/2022 6:22,44.45411647,5,314.6979387,110.2372,11.1131,-2.044
1/2/2022 6:22,44.50380972,5,314.7004701,111.9333,11.1117,-2.044
1/2/2022 6:23,44.50380972,5,314.6995819,115.0166,11.1224,-2.044
1/2/2022 6:23,44.50380972,5,314.6976455,116.3547,11.1117,-2.044
1/2/2022 6:23,44.89592933,5,314.6970682,114.9446,11.1135,-2.044
1/2/2022 6:23,44.89592933,5,314.6954872,111.5053,11.1064,-2.044
1/2/2022 6:23,44.89592933,5,314.7117772,105.0231,11.1075,-2.044
1/2/2022 6:23,44.72885588,5,314.7140156,104.6348,11.1105,-2.044
1/2/2022 6:24,44.72885588,4,314.7321621,105.2363,11.1143,-2.044
1/2/2022 6:24,44.72885588,4,314.7374115,102.6148,11.1135,-2.044
1/2/2022 6:24,44.23997504,4,314.7376602,101.3067,11.1085,-2.044
1/2/2022 6:24,44.23997504,4,314.7262109,97.9992,11.1051,-2.044
1/2/2022 6:24,44.23997504,4,314.7288312,84.6977,11.1004,-2.044
1/2/2022 6:24,44.1852472,4,314.7341872,83.8606,11.1038,-2.044
1/2/2022 6:25,44.1852472,4,314.7449881,82.2013,11.1094,-2.044
1/2/2022 6:25,44.1852472,4,314.7716882,77.217,11.111,-2.044
1/2/2022 6:25,44.09268762,4,314.7642359,75.5333,11.1096,-2.044
1/2/2022 6:25,44.09268762,4,314.7484433,72.157,11.103,-2.044
1/2/2022 6:25,44.09268762,4,314.7260777,63.6318,11.1059,-1.9266
1/2/2022 6:25,43.8555847,4,314.733823,62.2126,11.1054,-1.8093
1/2/2022 6:26,43.8555847,4,314.7502997,58.1411,11.1034,-1.5761
1/2/2022 6:26,43.8555847,3,314.704325,41.5077,11.1105,-0.879
1/2/2022 6:26,43.66433605,3,314.7041207,41.5037,11.1091,-0.879
1/2/2022 6:26,43.66433605,3,314.7050001,42.2958,11.1088,-0.879
1/2/2022 6:26,43.66433605,3,314.7059238,46.4945,11.1149,-0.879
1/2/2022 6:26,43.70178882,4,314.7095567,44.4759,11.1126,-0.879
1/2/2022 6:27,43.70178882,4,314.7117328,42.686,11.1128,-0.879
1/2/2022 6:27,43.70178882,4,314.7394011,31.5556,11.1076,-0.879
1/2/2022 6:27,43.63413827,4,314.7363278,29.984,11.1069,-0.879
1/2/2022 6:27,43.63413827,4,314.7333168,29.2917,11.1075,-0.879
1/2/2022 6:27,43.63413827,3,314.7085707,27.3792,11.1091,-0.879
1/2/2022 6:27,43.53472751,3,314.707647,26.4098,11.1141,-0.879
1/2/2022 6:28,43.53472751,3,314.7090149,25.6383,11.1135,-0.879
1/2/2022 6:28,43.53472751,3,314.708251,18.7617,11.1103,-0.879
1/2/2022 6:28,43.656372,3,314.7124256,17.7086,11.1089,-0.879
1/2/2022 6:28,43.656372,3,314.718208,17.3008,11.1089,-0.879
1/2/2022 6:28,43.656372,3,314.7477149,12.0346,11.1087,-0.879
1/2/2022 6:28,43.87761941,3,314.7484877,10.1391,11.1089,-0.879
1/2/2022 6:29,43.87761941,3,314.741595,9.3072,11.1085,-0.879
1/2/2022 6:29,43.87761941,3,314.7130474,5.9156,11.1126,-0.879
1/2/2022 6:29,43.92318889,3,314.7087217,3.7072,11.1108,-0.879
1/2/2022 6:29,43.92318889,3,314.7080911,2.4216,11.1065,-0.879
1/2/2022 6:29,43.92318889,4,314.7462849,-6.9293,11.1023,-0.879
1/2/2022 6:29,44.02239867,4,314.7682951,-8.1167,11.1021,-0.879
1/2/2022 6:30,44.02239867,4,314.7888931,-8.4982,11.1046,-0.879
1/2/2022 6:30,44.02239867,4,314.8628558,-7.8703,11.1058,-0.879
1/2/2022 6:30,43.81993077,4,314.8686471,-7.5545,11.1037,-0.879
1/2/2022 6:30,43.81993077,4,314.8613814,-7.3905,11.107,-0.879
1/2/2022 6:30,43.81993077,4,314.8030604,-6.7947,11.1117,-0.879
1/2/2022 6:30,43.53817152,4,314.7936718,-6.3534,11.1169,-0.879
1/2/2022 6:31,43.53817152,4,314.7899945,-6.2718,11.1127,-0.879
1/2/2022 6:31,43.53817152,4,314.8012128,-2.775,11.1183,-0.879
1/2/2022 6:31,43.56874488,4,314.7939294,-0.4927,11.1174,-0.879
1/2/2022 6:31,43.56874488,4,314.7861307,1.056,11.1212,-0.879
1/2/2022 6:31,43.56874488,4,314.7586224,11.1632,11.1221,-0.879
1/2/2022 6:31,43.86131426,4,314.7610383,14.1105,11.1262,-0.879
1/2/2022 6:32,43.86131426,4,314.766945,15.6691,11.1261,-0.879
1/2/2022 6:32,43.86131426,4,314.7804727,29.6143,11.1275,-0.879
1/2/2022 6:32,43.8465425,4,314.775774,33.4099,11.1258,-0.879
1/2/2022 6:32,43.8465425,4,314.7816008,35.0145,11.1266,-0.879
1/2/2022 6:32,43.8465425,4,314.809802,35.7176,11.1128,-0.879
1/2/2022 6:32,44.30733114,4,314.8372393,33.9394,11.1133,-0.879
1/2/2022 6:33,44.30733114,4,314.8655737,33.044,11.1105,-0.879
1/2/2022 6:33,44.30733114,4,314.8692066,40.4745,11.1257,-0.879
1/2/2022 6:33,44.12752469,4,314.8533606,45.069,11.1244,-0.879
1/2/2022 6:33,44.12752469,4,314.8213756,47.6888,11.1289,-0.879
1/2/2022 6:33,44.12752469,5,327.2785587,205.6648,12.7303,-2.1
1/2/2022 6:33,46.49166339,5,327.2743841,197.7492,12.5662,-2.1
1/2/2022 6:34,46.49166339,5,327.2723322,194.0884,12.4866,-2.1
1/2/2022 6:34,46.49166339,6,327.2708223,171.0993,11.9553,-2.1
1/2/2022 6:34,46.04469899,6,327.2768267,166.3754,11.8298,-2.1
1/2/2022 6:34,46.04469899,6,327.2795624,164.3849,11.7767,-2.1
1/2/2022 6:34,46.04469899,6,327.2829554,156.0409,11.5591,-2.1
1/2/2022 6:34,45.32504863,6,327.2736291,155.1897,11.5418,-2.1
1/2/2022 6:35,45.32504863,6,327.2725365,155.0966,11.5378,-2.1
1/2/2022 6:35,45.32504863,5,327.2798022,164.4302,11.7334,-2.1
1/2/2022 6:35,46.22033909,5,327.2896083,170.5555,11.8747,-2.1
1/2/2022 6:35,46.22033909,5,327.2942981,174.0915,11.9565,-2.1
1/2/2022 6:35,46.22033909,7,327.2874321,170.8618,11.9359,-2.1
1/2/2022 6:35,46.11471102,7,327.2889154,171.171,11.9353,-2.1
1/2/2022 6:36,46.11471102,7,327.2952752,171.9009,11.9444,-2.1
1/2/2022 6:36,46.11471102,7,327.3162462,202.6347,12.5426,-2.1
1/2/2022 6:36,48.49675782,7,327.3164238,209.7888,12.6771,-2.1
1/2/2022 6:36,48.49675782,7,327.3098598,217.3893,12.8303,-2.1
1/2/2022 6:36,48.49675782,6,327.309771,295.0217,14.2229,-2.1
1/2/2022 6:36,50.24555058,6,327.3103839,304.7284,14.3867,-2.1
1/2/2022 6:37,50.24555058,6,327.3087851,313.6903,14.5359,-2.1
1/2/2022 6:37,50.24555058,5,327.2609008,360.2323,15.2708,-2.1
1/2/2022 6:37,51.18412603,5,327.2521162,363.729,15.3254,-2.1
1/2/2022 6:37,51.18412603,5,327.2465115,367.2624,15.3679,-2.1
1/2/2022 6:37,51.18412603,5,327.2118084,372.2799,15.4824,-2.1
1/2/2022 6:37,50.48345404,5,327.2180438,369.3716,15.4469,-2.1
1/2/2022 6:38,50.48345404,5,327.2182659,365.6412,15.4039,-2.1
1/2/2022 6:38,50.48345404,5,327.2608031,309.714,14.6023,-2.1
1/2/2022 6:38,48.61006096,5,327.2563353,300.5639,14.4645,-2.1
1/2/2022 6:38,48.61006096,5,327.2569304,291.2822,14.3197,-2.1
1/2/2022 6:38,48.61006096,5,327.2276011,230.7842,13.2313,-2.1
1/2/2022 6:38,46.9902216,5,327.2276633,225.5995,13.126,-2.1
1/2/2022 6:39,46.9902216,5,327.2268461,221.0041,13.033,-2.1
1/2/2022 6:39,46.9902216,4,327.227308,193.2446,12.4723,-2.1
1/2/2022 6:39,45.86110846,4,327.2266241,190.1704,12.4051,-2.1
1/2/2022 6:39,45.86110846,4,327.2273347,187.137,12.3353,-2.1
1/2/2022 6:39,45.86110846,4,327.2292088,169.6801,11.923,-2.1
1/2/2022 6:39,45.47556616,5,327.2290223,168.0091,11.8871,-2.1
1/2/2022 6:40,45.47556616,5,327.2294042,166.4467,11.8494,-2.1
1/2/2022 6:40,45.47556616,5,327.2257625,147.5504,11.4722,-2.1
1/2/2022 6:40,44.24148184,5,327.226553,142.1548,11.411,-2.1
1/2/2022 6:40,44.24148184,5,327.2259934,136.0568,11.3577,-2.1
1/2/2022 6:40,44.24148184,4,327.2351599,77.7933,11.0889,-2.1
1/2/2022 6:40,44.28124894,4,327.2361103,72.8505,11.0875,-2.1
1/2/2022 6:41,44.28124894,4,327.2359238,68.5044,11.087,-2.1
1/2/2022 6:41,44.28124894,4,327.2306122,43.7335,11.097,-2.1
1/2/2022 6:41,44.04683009,4,327.2297417,39.9742,11.0941,-2.1
1/2/2022 6:41,44.04683009,4,327.2296352,35.3793,11.0927,-2.1
1/2/2022 6:41,44.04683009,4,327.2274857,-0.8304,11.0818,-2.1
1/2/2022 6:41,43.76381653,4,327.2283117,-3.629,11.0843,-2.1
1/2/2022 6:42,43.76381653,4,327.2289157,-5.3362,11.0812,-2.1
1/2/2022 6:42,43.76381653,3,327.2345915,-9.1129,10.9554,-1.4463
1/2/2022 6:42,43.39978318,3,327.2344138,-9.1551,10.9183,-1.326
1/2/2022 6:42,43.39978318,3,327.2344938,-9.2611,10.8846,-1.2057
1/2/2022 6:42,43.39978318,6,330.446519,184.8648,12.7999,4.5494
1/2/2022 6:42,47.30991731,6,330.4469364,199.1433,12.8216,3.3839
1/2/2022 6:43,47.30991731,6,330.4470519,210.9691,12.8646,2.275
1/2/2022 6:43,47.30991731,6,330.4459949,266.3954,13.7616,-0.924
1/2/2022 6:43,48.51223382,6,330.4460216,271.8247,13.8599,-0.9197
1/2/2022 6:43,48.51223382,5,330.4438454,276.6409,13.9548,-0.9173
1/2/2022 6:43,48.51223382,6,330.4454264,288.3422,14.2267,-0.9036
1/2/2022 6:43,48.23671474,6,330.4453199,286.4394,14.2064,-0.903
1/2/2022 6:44,48.23671474,6,330.4476293,283.9212,14.1701,-0.9188
1/2/2022 6:44,48.23671474,5,330.447425,263.6978,13.8142,-1.777
1/2/2022 6:44,47.84955151,5,330.4471763,262.0981,13.7831,-1.8778
1/2/2022 6:44,47.84955151,5,330.4469453,260.9929,13.7549,-1.9616
1/2/2022 6:44,47.84955151,5,330.4479845,255.0717,13.6612,-1.96
1/2/2022 6:44,47.7923606,5,330.4485797,253.9092,13.6414,-1.9744
1/2/2022 6:45,47.7923606,5,330.4492636,252.5147,13.6178,-1.9906
1/2/2022 6:45,47.7923606,6,330.4471318,228.5022,13.1688,-2.0672
1/2/2022 6:45,46.69288449,6,330.4466167,225.5183,13.1058,-2.0687
1/2/2022 6:45,46.69288449,6,330.4459416,222.598,13.0519,-2.069
1/2/2022 6:45,46.69288449,6,330.446741,211.5555,12.8277,-2.069
1/2/2022 6:45,46.38852285,6,330.4468654,210.7636,12.8173,-2.069
1/2/2022 6:46,46.38852285,6,330.446821,209.8178,12.7988,-2.069
1/2/2022 6:46,46.38852285,5,330.4465012,194.5641,12.5026,-2.069
1/2/2022 6:46,45.28917628,5,330.4468831,191.8425,12.4437,-2.069
1/2/2022 6:46,45.28917628,5,330.4473184,189.0747,12.3781,-2.069
1/2/2022 6:46,45.28917628,4,330.4477803,168.1256,11.9145,-2.069
1/2/2022 6:46,44.6807445,4,330.4469453,165.7735,11.8619,-2.069
1/2/2022 6:47,44.6807445,4,330.4457462,163.6462,11.8143,-2.069
1/2/2022 6:47,44.6807445,4,330.4471585,150.641,11.463,-2.069
1/2/2022 6:47,44.08083946,4,330.4473539,148.978,11.4252,-2.069
1/2/2022 6:47,44.08083946,5,330.4483221,147.382,11.3895,-2.069
1/2/2022 6:47,44.08083946,6,330.4501873,99.0381,11.1285,-2.069
1/2/2022 6:47,43.49722115,6,330.4505338,91.0959,11.1052,-2.069
1/2/2022 6:48,43.49722115,6,330.4513065,82.5571,11.0941,-2.069
1/2/2022 6:48,43.49722115,7,330.4466078,46.2907,11.0883,-2.069
1/2/2022 6:48,43.41196562,7,330.4466078,44.8528,11.096,-2.069
1/2/2022 6:48,43.41196562,7,330.4464568,44.718,11.0984,-2.069
1/2/2022 6:48,43.41196562,8,330.4492725,48.521,11.1204,-2.069
1/2/2022 6:48,43.43672157,8,330.4425664,48.7314,11.1154,-2.069
1/2/2022 6:49,43.43672157,8,330.4348921,47.4849,11.1147,-2.069
1/2/2022 6:49,43.43672157,7,330.3733024,66.5916,11.1256,-1.6031
1/2/2022 6:49,43.88343428,7,330.3728316,72.9989,11.1354,-1.4943
1/2/2022 6:49,43.88343428,7,330.3738353,81.2051,11.138,-1.3855
1/2/2022 6:49,43.88343428,6,330.3781255,168.593,11.3056,-0.981
1/2/2022 6:49,45.32972674,5,330.3784097,181.9691,11.3515,-0.981
1/2/2022 6:50,45.32972674,5,330.3783653,196.2069,11.4129,-0.981
1/2/2022 6:50,45.32972674,6,330.3716592,290.9302,12.0059,-0.981
1/2/2022 6:50,46.43217135,7,330.3721743,297.229,12.0685,-0.981
1/2/2022 6:50,46.43217135,7,330.3717125,301.5813,12.1245,-0.981
1/2/2022 6:50,46.43217135,6,330.380648,287.1139,12.4257,-0.981
1/2/2022 6:50,46.39998294,6,330.3782942,280.7563,12.443,-0.9951
1/2/2022 6:51,46.39998294,6,330.3785163,273.4144,12.4475,-1.0819
1/2/2022 6:51,46.39998294,6,330.3776458,207.8654,12.2946,-1.9762
1/2/2022 6:51,46.03707842,6,330.3796887,201.3547,12.2709,-2.0744
1/2/2022 6:51,46.03707842,6,330.3776547,195.8521,12.2513,-2.0999
1/2/2022 6:51,46.03707842,5,330.4034044,178.5579,12.1345,-2.104
1/2/2022 6:51,46.26318839,5,330.4077301,178.5091,12.127,-2.104
1/2/2022 6:52,46.26318839,5,330.4101549,177.9719,12.1196,-2.104
1/2/2022 6:52,46.26318839,5,330.3989278,187.0355,12.1651,-2.104
1/2/2022 6:52,46.2396638,5,330.3947353,189.6216,12.1772,-2.104
1/2/2022 6:52,46.2396638,5,330.3949663,192.999,12.1957,-2.104
1/2/2022 6:52,46.2396638,6,330.3814386,210.1109,12.5183,-2.104
1/2/2022 6:52,47.35505427,6,330.3804526,212.7475,12.606,-2.104
1/2/2022 6:53,47.35505427,6,330.3793956,215.7295,12.7026,-2.104
1/2/2022 6:53,47.35505427,6,330.3818205,249.1203,13.537,-2.104
1/2/2022 6:53,48.12969638,6,330.3824423,250.3321,13.5741,-2.104
1/2/2022 6:53,48.12969638,6,330.3835259,250.7279,13.5947,-2.104
1/2/2022 6:53,48.12969638,7,330.3829752,236.0326,13.2839,-2.104
1/2/2022 6:53,47.78940396,7,330.3833749,235.8647,13.2778,-2.104
1/2/2022 6:54,47.78940396,7,330.3829841,236.4436,13.2792,-2.104
1/2/2022 6:54,47.78940396,6,330.7388586,250.7362,13.5785,-2.104
1/2/2022 6:54,48.06587626,6,330.9772837,251.3264,13.5858,-2.104
1/2/2022 6:54,48.06587626,6,331.3874392,251.1129,13.5906,-2.104
1/2/2022 6:54,48.06587626,5,345.5424861,240.885,13.3878,-2.104
1/2/2022 6:54,47.94215304,5,348.4049911,240.7714,13.3809,-2.104
1/2/2022 6:55,47.94215304,5,352.0072465,241.1957,13.3788,-2.104
1/2/2022 6:55,47.94215304,7,9.850830102,250.1791,13.5652,-2.104
1/2/2022 6:55,47.67165462,7,10.7779702,249.5078,13.5612,-2.104
1/2/2022 6:55,47.67165462,8,10.77758827,248.3957,13.553,-2.104
1/2/2022 6:55,47.67165462,8,12.81667673,230.1785,13.2077,-2.104
1/2/2022 6:55,47.17316,8,13.73079401,228.0079,13.1672,-2.104
1/2/2022 6:56,47.17316,8,14.77948967,225.9465,13.1222,-2.104
1/2/2022 6:56,47.17316,7,21.11838326,216.49,12.9356,-2.104
1/2/2022 6:56,46.63575795,7,21.24984991,215.2925,12.9126,-2.104
1/2/2022 6:56,46.63575795,7,21.24526666,213.9252,12.8852,-2.104
1/2/2022 6:56,46.63575795,9,23.84711381,192.6817,12.4501,-2.104
1/2/2022 6:56,46.6058137,9,24.34461502,190.2775,12.3919,-2.104
1/2/2022 6:57,46.6058137,9,24.83870214,187.9338,12.3407,-2.104
1/2/2022 6:57,46.6058137,8,26.21877088,181.171,12.1696,-2.104
1/2/2022 6:57,46.10175919,8,26.22117797,181.451,12.1769,-2.104
1/2/2022 6:57,46.10175919,8,26.22224385,182.5078,12.1936,-2.104
1/2/2022 6:57,46.10175919,9,34.89226048,204.2011,12.6187,-2.104
1/2/2022 6:57,47.39858735,9,36.20038663,208.4718,12.7052,-2.104
1/2/2022 6:58,47.39858735,9,37.50617132,212.5985,12.7895,-2.104
1/2/2022 6:58,47.39858735,8,40.26886514,235.8117,13.2871,-2.104
1/2/2022 6:58,47.49571208,8,40.85368437,236.98,13.3108,-2.104
1/2/2022 6:58,47.49571208,8,41.4653684,237.785,13.3278,-2.104
1/2/2022 6:58,47.49571208,8,37.49377899,248.3529,13.5239,-2.104
1/2/2022 6:58,47.80476933,9,36.2067176,249.8371,13.5509,-2.104
1/2/2022 6:59,47.80476933,9,34.90581672,251.3349,13.5829,-2.104
1/2/2022 6:59,47.80476933,9,45.13786783,254.8157,13.6381,-2.104
1/2/2022 6:59,48.08935684,9,48.83330004,254.7171,13.6359,-2.104
1/2/2022 6:59,48.08935684,9,52.53323745,254.5545,13.625,-2.104
1/2/2022 6:59,48.08935684,8,69.08025754,266.3405,13.8129,-2.104
1/2/2022 6:59,49.42554399,9,69.08119906,269.973,13.8782,-2.104
1/2/2022 7:00,49.42554399,9,69.64055236,273.8844,13.9492,-2.104
1/2/2022 7:00,49.42554399,10,86.70195718,300.9772,14.3985,-2.104
1/2/2022 7:00,50.69433651,10,89.2274629,305.89,14.4615,-2.104
1/2/2022 7:00,50.69433651,10,91.19689432,311.5008,14.5461,-2.104
1/2/2022 7:00,50.69433651,6,216.0889994,328.4896,14.8494,-2.084
1/2/2022 7:00,49.26301201,6,216.1008483,325.6815,14.8174,-2.084
1/2/2022 7:01,49.26301201,6,216.0972954,322.7661,14.7779,-2.084
1/2/2022 7:01,49.26301201,6,216.0209434,270.0772,13.9633,-2.084
1/2/2022 7:01,48.09656553,6,216.0094409,262.273,13.8232,-2.084
1/2/2022 7:01,48.09656553,6,215.9968281,254.5984,13.6792,-2.084
1/2/2022 7:01,48.09656553,7,215.9657046,209.0913,12.7641,-2.084
1/2/2022 7:01,46.35478415,7,215.9654381,206.0154,12.7004,-2.084
1/2/2022 7:02,46.35478415,7,215.9707941,203.2489,12.6424,-2.084
1/2/2022 7:02,46.35478415,7,215.9647275,198.1401,12.5209,-2.084
1/2/2022 7:02,46.53311582,7,215.9651805,198.2609,12.5281,-2.084
1/2/2022 7:02,46.53311582,7,215.9605351,198.9638,12.5417,-2.084
1/2/2022 7:02,46.53311582,7,215.962205,201.4284,12.5954,-2.084
1/2/2022 7:02,46.59820075,7,215.9628267,201.1889,12.5852,-2.084
1/2/2022 7:03,46.59820075,7,215.9626668,200.4632,12.5739,-2.084
1/2/2022 7:03,46.59820075,6,215.9568223,189.0219,12.3569,-2.084
1/2/2022 7:03,45.75037362,6,215.9570088,187.7698,12.3271,-2.084
1/2/2022 7:03,45.75037362,6,215.9570177,186.6952,12.3036,-2.084
1/2/2022 7:03,45.75037362,6,215.9573552,182.0928,12.1941,-2.084
1/2/2022 7:03,45.75842147,6,215.9566269,180.7995,12.1761,-2.084
1/2/2022 7:04,45.75842147,6,215.9570976,179.4358,12.1469,-2.084
1/2/2022 7:04,45.75842147,6,215.9562183,163.0735,11.7817,-2.084
1/2/2022 7:04,45.15896978,6,215.9568578,161.2163,11.7311,-2.084
1/2/2022 7:04,45.15896978,6,215.9562449,159.646,11.6918,-2.084
1/2/2022 7:04,45.15896978,7,215.9544507,158.6596,11.6285,-2.084
1/2/2022 7:04,45.24967017,7,215.9539889,159.3474,11.6494,-2.084
1/2/2022 7:05,45.24967017,7,215.9540066,160.0504,11.6658,-2.084
1/2/2022 7:05,45.24967017,7,215.954806,161.1826,11.7107,-2.084
1/2/2022 7:05,45.27319491,7,215.9552945,161.2905,11.7101,-2.084
1/2/2022 7:05,45.27319491,7,215.954806,161.0359,11.7044,-2.084
1/2/2022 7:05,45.27319491,7,215.9543086,155.8042,11.5972,-2.084
1/2/2022 7:05,44.82648672,7,215.9528519,154.1742,11.5637,-2.084
1/2/2022 7:06,44.82648672,8,215.953749,152.472,11.5247,-2.084
1/2/2022 7:06,44.82648672,8,215.9623915,141.623,11.2628,-2.084
1/2/2022 7:06,44.85502672,8,215.9630665,140.3669,11.2377,-2.084
1/2/2022 7:06,44.85502672,8,215.9628356,138.8434,11.2221,-2.084
1/2/2022 7:06,44.85502672,7,215.9559874,128.4619,11.1223,-2.084
1/2/2022 7:06,45.02944004,7,215.9558808,128.4214,11.1241,-2.084
1/2/2022 7:07,45.02944004,7,215.9554988,129.3528,11.1232,-2.084
1/2/2022 7:07,45.02944004,7,215.9555432,144.6466,11.1835,-2.084
1/2/2022 7:07,45.52202529,7,215.9552235,146.1604,11.1882,-2.084
1/2/2022 7:07,45.52202529,7,215.9560051,147.1854,11.1985,-2.084
1/2/2022 7:07,45.52202529,6,215.9577993,149.3191,11.2249,-2.084
1/2/2022 7:07,45.28101281,6,215.9587675,150.2945,11.238,-2.084
1/2/2022 7:08,45.28101281,6,215.9582079,151.7633,11.2426,-2.084
1/2/2022 7:08,45.28101281,6,215.9573108,173.2157,11.372,-2.084
1/2/2022 7:08,45.4515028,6,215.9568578,176.1086,11.3896,-2.084
1/2/2022 7:08,45.4515028,6,215.9574973,178.6237,11.4103,-2.084
1/2/2022 7:08,45.4515028,6,215.9568223,187.009,11.5357,-2.084
1/2/2022 7:08,45.4597731,6,215.9572398,185.7799,11.5364,-2.084
1/2/2022 7:09,45.4597731,6,215.9571776,184.1087,11.545,-2.084
1/2/2022 7:09,45.4597731,5,215.9568934,161.7247,11.5071,-2.084
1/2/2022 7:09,44.8251763,5,215.9564137,159.0194,11.4927,-2.084
1/2/2022 7:09,44.8251763,4,215.9561117,156.5441,11.4725,-2.084
1/2/2022 7:09,44.8251763,4,215.9533937,63.897,11.1064,-2.0829
1/2/2022 7:09,43.95025064,4,215.9528075,62.4857,11.1035,-2.0059
1/2/2022 7:10,43.95025064,4,215.9526032,59.7075,11.1023,-1.8838
1/2/2022 7:10,43.95025064,4,215.9544863,35.9863,11.0928,-0.9819
1/2/2022 7:10,43.67398777,4,215.9558541,33.5812,11.0976,-0.9465
1/2/2022 7:10,43.67398777,4,215.9598867,32.607,11.0977,-0.9562
1/2/2022 7:10,43.67398777,3,215.9613345,25.1718,11.1083,-0.96
1/2/2022 7:10,43.66377757,3,215.9609437,24.6718,11.1054,-0.96
1/2/2022 7:11,43.66377757,3,215.9569911,23.6796,11.1079,-0.96
1/2/2022 7:11,43.66377757,3,215.9575773,21.8662,11.1118,-0.96
1/2/2022 7:11,43.36674537,3,215.957826,20.7019,11.1078,-0.96
1/2/2022 7:11,43.36674537,3,215.9570088,19.3824,11.1066,-0.96
1/2/2022 7:11,43.36674537,3,215.9537668,-1.043,11.0927,-0.96
1/2/2022 7:11,44.33081983,3,215.9535181,-3.1366,11.0953,-0.96
1/2/2022 7:12,44.33081983,3,215.9545573,-5.0051,11.0873,-0.96
1/2/2022 7:12,44.33081983,5,266.5365864,128.1765,12.5651,1.5789
1/2/2022 7:12,46.01875898,5,266.5339662,143.8804,12.5403,0.9333
1/2/2022 7:12,46.01875898,5,266.5315235,157.744,12.4965,0.3397
1/2/2022 7:12,46.01875898,5,266.5492437,167.3417,11.9182,-0.91
1/2/2022 7:12,44.81850745,5,266.5559498,163.1574,11.8253,-0.91
1/2/2022 7:13,44.81850745,5,266.5567403,158.7952,11.7355,-0.91
1/2/2022 7:13,44.81850745,4,266.6354905,107.2528,11.172,-0.91
1/2/2022 7:13,44.29631,4,266.6426941,101.9807,11.1431,-0.91
1/2/2022 7:13,44.29631,4,266.6566836,97.3946,11.1255,-0.91
1/2/2022 7:13,44.29631,3,266.8721408,71.8157,11.0985,-0.91
1/2/2022 7:13,44.13768757,4,266.8947462,68.0784,11.0922,-0.91
1/2/2022 7:14,44.13768757,4,266.9156906,63.9698,11.0894,-0.91
1/2/2022 7:14,44.13768757,5,266.8676376,37.9753,11.0906,-0.91
1/2/2022 7:14,44.07100943,5,266.8654792,34.793,11.0938,-0.91
1/2/2022 7:14,44.07100943,5,266.8768574,31.4088,11.092,-0.91
1/2/2022 7:14,44.07100943,4,268.5823271,15.242,11.0997,-0.91
1/2/2022 7:14,44.15637482,4,268.8153339,14.51,11.1024,-0.91
1/2/2022 7:15,44.15637482,4,269.0373448,14.2727,11.1069,-0.91
1/2/2022 7:15,44.15637482,3,270.0184961,12.1575,11.1137,-0.91
1/2/2022 7:15,43.4546831,3,270.06224,11.3212,11.1094,-0.91
1/2/2022 7:15,43.4546831,3,270.105015,10.4584,11.1106,-0.91
1/2/2022 7:15,43.70110145,3,269.5369826,-0.6259,11.1069,-0.91
1/2/2022 7:15,43.70110145,3,269.5209323,-2.0185,11.1025,-0.91
1/2/2022 7:16,43.70110145,3,269.6138498,-9.2479,11.0148,-0.91
1/2/2022 7:16,43.50176451,3,269.6246951,-9.2192,10.987,-0.91
1/2/2022 7:16,43.50176451,3,269.641145,-9.2168,10.9605,-0.91
1/2/2022 7:16,43.50176451,4,79.63125165,-2.7111,11.103,-1.9961
1/2/2022 7:16,44.65353576,4,79.63966316,-2.0946,11.1085,-1.7663
1/2/2022 7:16,44.65353576,4,79.64350918,-2.1817,11.1066,-1.6414
1/2/2022 7:17,44.65353576,4,79.64152844,14.3741,11.1252,-0.867
1/2/2022 7:17,44.42939574,3,79.64187485,19.4902,11.1292,-0.847
1/2/2022 7:17,44.42939574,3,79.64186596,21.494,11.1335,-0.847
1/2/2022 7:17,44.42939574,3,79.65493179,10.2652,11.1072,-0.847
1/2/2022 7:17,44.227737,3,79.66011903,6.4984,11.1055,-0.847
1/2/2022 7:17,44.227737,3,79.6659458,5.3575,11.1012,-0.847
1/2/2022 7:18,44.227737,3,79.6939072,9.8436,11.1144,-0.847
1/2/2022 7:18,44.04937403,3,79.69716699,9.1846,11.1139,-0.847
1/2/2022 7:18,44.04937403,3,79.68773402,9.2272,11.1156,-0.847
1/2/2022 7:18,44.04937403,3,79.65648618,5.7476,11.1143,-0.847
1/2/2022 7:18,44.29064507,4,79.65424785,5.4098,11.1131,-0.847
1/2/2022 7:18,44.29064507,4,79.66245507,4.4517,11.1091,-0.847
1/2/2022 7:19,44.29064507,4,79.7054275,1.0504,11.1068,-0.847
1/2/2022 7:19,43.86586432,4,79.70975317,-1.7234,11.1057,-0.847
1/2/2022 7:19,43.86586432,4,79.71091675,-2.7193,11.1065,-0.847
1/2/2022 7:19,43.86586432,4,79.69933427,-7.6983,11.102,-0.847
1/2/2022 7:19,44.15251086,4,79.70537421,-5.028,11.1051,-0.847
1/2/2022 7:19,44.15251086,4,79.70463698,-3.4885,11.1107,-0.847
1/2/2022 7:20,44.15251086,4,79.74303505,9.9812,11.1208,-0.847
1/2/2022 7:20,44.11721225,4,79.75054057,10.6672,11.1193,-0.847
1/2/2022 7:20,44.11721225,4,79.79539583,11.2241,11.1166,-0.847
1/2/2022 7:20,44.11721225,4,79.86400261,8.2568,11.114,-0.847
1/2/2022 7:20,44.01489226,4,79.88619055,9.1798,11.1158,-0.847
1/2/2022 7:20,44.01489226,4,79.85362823,9.6005,11.1161,-0.847
1/2/2022 7:21,44.01489226,5,79.82150104,14.3044,11.121,-0.847
1/2/2022 7:21,44.38702301,5,79.80249298,14.3918,11.1143,-0.847
1/2/2022 7:21,44.38702301,5,79.80187122,14.0014,11.1147,-0.847
1/2/2022 7:21,44.38702301,5,79.81176608,5.5573,11.1039,-0.847
1/2/2022 7:21,44.78660308,5,79.81533675,1.2935,11.1029,-0.847
1/2/2022 7:21,44.78660308,5,79.81498146,-0.8401,11.1025,-0.847
1/2/2022 7:22,44.78660308,4,79.81691779,-7.0874,11.0953,-0.847
1/2/2022 7:22,44.42885438,4,79.81795702,-4.3993,11.1012,-0.847
1/2/2022 7:22,44.42885438,5,79.81904954,-4.933,11.1051,-0.847
1/2/2022 7:22,44.42885438,5,79.81971571,26.6021,11.1421,-0.847
1/2/2022 7:22,44.44125267,4,79.81935154,38.5928,11.1497,-0.847
1/2/2022 7:22,44.44125267,4,79.81928936,46.7421,11.15,-0.847
1/2/2022 7:23,44.44125267,4,79.83859054,71.3012,11.1353,-0.847
1/2/2022 7:23,44.12226086,5,79.84512789,73.0828,11.1267,-0.847
1/2/2022 7:23,44.12226086,5,79.84472819,74.5149,11.1239,-0.847
1/2/2022 7:23,44.12226086,6,79.82384597,83.577,11.123,-0.847
1/2/2022 7:23,44.2483505,6,79.82310874,86.2791,11.1228,-0.847
1/2/2022 7:23,44.2483505,6,79.82697253,86.6549,11.1211,-0.847
1/2/2022 7:24,44.2483505,5,79.83531298,71.9047,11.0988,-0.847
1/2/2022 7:24,43.68022965,5,79.84138845,61.5774,11.0908,-0.847
1/2/2022 7:24,43.68022965,5,79.84460384,56.4581,11.0856,-0.847
1/2/2022 7:24,43.68022965,5,79.85337952,35.9195,11.101,-0.847
1/2/2022 7:24,43.88898435,4,79.84763269,41.6449,11.1169,-0.847
1/2/2022 7:24,43.88898435,4,79.8408644,45.378,11.1248,-0.847
1/2/2022 7:25,43.88898435,4,79.85199389,77.2759,11.1398,-0.847
1/2/2022 7:25,44.23759713,4,79.85777625,81.3768,11.1288,-0.847
1/2/2022 7:25,44.23759713,4,79.88865096,82.1901,11.1287,-0.847
1/2/2022 7:25,44.23759713,3,79.94207779,69.578,11.1001,-0.847
1/2/2022 7:25,44.08640322,3,79.94199786,62.4568,11.1009,-0.847
1/2/2022 7:25,44.08640322,3,79.91120301,58.8263,11.0934,-0.847
1/2/2022 7:26,44.08640322,4,79.81089561,-8.9915,10.897,-0.847
1/2/2022 7:26,43.48410799,4,79.80813323,-8.9676,10.8887,-0.847
1/2/2022 7:26,43.48410799,4,79.80791117,-8.9173,10.8914,-0.847
1/2/2022 7:26,43.48410799,4,79.80799999,-8.698,10.9441,-0.847
1/2/2022 7:26,43.70031182,4,79.81057585,-8.563,10.9788,-0.847
1/2/2022 7:26,43.70031182,4,79.81054032,-7.9267,10.9969,-0.847
1/2/2022 7:27,43.70031182,4,79.80948333,9.9132,11.113,-0.847
1/2/2022 7:27,43.73731836,5,79.80788452,18.9302,11.1287,-0.847
1/2/2022 7:27,43.73731836,5,79.80546854,23.6279,11.1341,-0.847
1/2/2022 7:27,43.73731836,5,79.80381644,43.9687,11.1328,-0.847
1/2/2022 7:27,43.86835991,5,79.80863952,47.0239,11.1284,-0.847
1/2/2022 7:27,43.86835991,5,79.80876387,47.7323,11.1258,-0.847
1/2/2022 7:28,43.86835991,5,79.80577942,54.1685,11.1204,-0.847
1/2/2022 7:28,44.03609984,5,79.80506884,56.5143,11.1206,-0.847
1/2/2022 7:28,44.03609984,5,79.80422503,57.4299,11.1211,-0.847
1/2/2022 7:28,44.03609984,5,79.80426944,63.6165,11.1197,-0.847
1/2/2022 7:28,43.62162325,5,79.80128499,63.3734,11.1209,-0.847
1/2/2022 7:28,43.62162325,5,79.80384309,63.5733,11.1169,-0.847
1/2/2022 7:29,43.62162325,5,79.8032835,61.1748,11.1127,-0.847
1/2/2022 7:29,43.9629486,5,79.80320356,61.0625,11.1116,-0.847
1/2/2022 7:29,43.9629486,5,79.80368321,61.467,11.1145,-0.847
1/2/2022 7:29,43.9629486,4,79.80272392,66.9512,11.1185,-0.847
1/2/2022 7:29,43.56158988,4,79.80329239,67.4353,11.1129,-0.847
1/2/2022 7:29,43.56158988,4,79.80305257,66.5006,11.1121,-0.847
1/2/2022 7:30,43.56158988,4,79.80381644,51.9109,11.1008,-0.847
1/2/2022 7:30,43.57242747,4,79.80394079,46.2346,11.102,-0.847
1/2/2022 7:30,43.57242747,4,79.80330127,43.5855,11.0969,-0.847
1/2/2022 7:30,43.57242747,4,79.80964321,28.3602,11.101,-0.847
1/2/2022 7:30,43.69316811,4,79.8090481,25.3561,11.0996,-0.847
1/2/2022 7:30,43.69316811,4,79.80718282,23.9463,11.1045,-0.847
1/2/2022 7:31,43.69316811,4,79.80380756,11.714,11.0997,-0.847
1/2/2022 7:31,43.69630421,4,79.80314139,7.3906,11.1058,-0.847
1/2/2022 7:31,43.69630421,4,79.8065433,5.4097,11.1013,-0.847
1/2/2022 7:31,43.69630421,3,79.80235975,-5.4517,11.1029,-0.847
1/2/2022 7:31,43.77978197,3,79.80102741,-6.878,11.1003,-0.847
1/2/2022 7:31,43.77978197,3,79.80023689,-7.4936,11.1061,-0.847
1/2/2022 7:32,43.77978197,3,79.80661436,-8.9618,11.0971,-0.847
1/2/2022 7:32,44.31815861,3,79.80860399,-9.1045,11.0902,-0.847
1/2/2022 7:32,44.31815861,3,79.80941227,-9.1801,11.0834,-0.847
1/2/2022 7:32,44.31815861,3,79.80768023,-8.8199,11.0644,-0.847
1/2/2022 7:32,44.36421214,3,79.80817764,-9.0606,11.0625,-0.847
1/2/2022 7:32,44.36421214,3,79.80580607,-9.1399,11.0631,-0.847
